index,time,sleep,duration,overruns,count
0,1711892157758363,0,0,0,0
1,1711892157768369,9972,27,0,1
2,1711892157778372,9995,4,0,2
3,1711892157788375,9996,3,0,3
4,1711892157798378,9996,3,0,4
5,1711892157808380,9996,3,0,5
6,1711892157818382,9997,2,0,6
7,1711892157828385,9996,3,0,7
8,1711892157838387,9996,3,0,8
9,1711892157848389,9997,2,0,9
10,1711892157858392,9996,3,0,10
11,1711892157868394,9997,2,0,11
12,1711892157878396,9997,2,0,12
13,1711892157888399,9997,2,0,13
14,1711892157898401,9996,3,0,14
15,1711892157908404,9996,3,0,15
16,1711892157918406,9997,2,0,16
17,1711892157928408,9997,2,0,17
18,1711892157938411,9997,2,0,18
19,1711892157948413,9997,2,0,19
20,1711892157958416,9997,2,0,20
21,1711892157968418,9997,2,0,21
22,1711892157978420,9997,2,0,22
23,1711892157988423,9997,2,0,23
24,1711892157998425,9997,2,0,24
25,1711892158008427,9997,2,0,25
26,1711892158018430,9997,2,0,26
27,1711892158028432,9997,2,0,27
28,1711892158038434,9997,2,0,28
29,1711892158048437,9997,2,0,29
30,1711892158058439,9997,2,0,30
31,1711892158068442,9997,2,0,31
32,1711892158078444,9997,2,0,32
33,1711892158088446,9997,2,0,33
34,1711892158098449,9997,2,0,34
35,1711892158108451,9997,2,0,35
36,1711892158118453,9997,2,0,36
37,1711892158128456,9997,2,0,37
38,1711892158138460,9997,2,0,38
39,1711892158148464,9996,4,0,39
40,1711892158158466,9997,2,0,40
41,1711892158168468,9997,2,0,41
42,1711892158178470,9997,2,0,42
43,1711892158188472,9997,2,0,43
44,1711892158198474,9997,2,0,44
45,1711892158208476,9997,2,0,45
46,1711892158218478,9997,2,0,46
47,1711892158228481,9997,2,0,47
48,1711892158238483,9997,2,0,48
49,1711892158248485,9997,2,0,49
50,1711892158258487,9997,2,0,50
51,1711892158268489,9997,2,0,51
52,1711892158278491,9997,2,0,52
53,1711892158288493,9996,3,0,53
54,1711892158298495,9997,2,0,54
55,1711892158308497,9997,2,0,55
56,1711892158318499,9997,2,0,56
57,1711892158328501,9997,2,0,57
58,1711892158338506,9997,2,0,58
59,1711892158348514,9997,2,0,59
60,1711892158358519,9990,9,0,60
61,1711892158368521,9997,2,0,61
62,1711892158378524,9997,2,0,62
63,1711892158388526,9997,2,0,63
64,1711892158398528,9997,2,0,64
65,1711892158408530,9996,3,0,65
66,1711892158418533,9997,2,0,66
67,1711892158428535,9996,3,0,67
68,1711892158438537,9997,2,0,68
69,1711892158448539,9997,2,0,69
70,1711892158458542,9997,2,0,70
71,1711892158468544,9997,2,0,71
72,1711892158478546,9997,2,0,72
73,1711892158488548,9997,2,0,73
74,1711892158498551,9997,2,0,74
75,1711892158508553,9997,2,0,75
76,1711892158518555,9997,2,0,76
77,1711892158528558,9997,2,0,77
78,1711892158538560,9997,2,0,78
79,1711892158548562,9997,3,0,79
80,1711892158558564,9997,2,0,80
81,1711892158568567,9997,2,0,81
82,1711892158578569,9997,2,0,82
83,1711892158588571,9997,2,0,83
84,1711892158598574,9997,2,0,84
85,1711892158608576,9997,2,0,85
86,1711892158618578,9997,2,0,86
87,1711892158628580,9997,2,0,87
88,1711892158638583,9997,2,0,88
89,1711892158648585,9997,2,0,89
90,1711892158658587,9997,2,0,90
91,1711892158668590,9997,2,0,91
92,1711892158678592,9997,2,0,92
93,1711892158688594,9997,2,0,93
94,1711892158698597,9997,2,0,94
95,1711892158708599,9997,2,0,95
96,1711892158718601,9997,2,0,96
97,1711892158728604,9997,2,0,97
98,1711892158738606,9997,2,0,98
99,1711892158748609,9997,2,0,99
100,1711892158758611,9997,2,0,100
101,1711892158768613,9997,2,0,101
102,1711892158778616,9997,2,0,102
103,1711892158788618,9997,2,0,103
104,1711892158798621,9997,2,0,104
105,1711892158808623,9996,3,0,105
106,1711892158818625,9997,2,0,106
107,1711892158828628,9997,2,0,107
108,1711892158838630,9997,2,0,108
109,1711892158848632,9997,2,0,109
110,1711892158858635,9997,2,0,110
111,1711892158868637,9997,2,0,111
112,1711892158878639,9997,2,0,112
113,1711892158888642,9997,2,0,113
114,1711892158898644,9997,2,0,114
115,1711892158908647,9997,2,0,115
116,1711892158918649,9997,2,0,116
117,1711892158928652,9997,2,0,117
118,1711892158938654,9997,2,0,118
119,1711892158948656,9997,2,0,119
120,1711892158958659,9997,2,0,120
121,1711892158968661,9997,2,0,121
122,1711892158978664,9997,2,0,122
123,1711892158988666,9997,2,0,123
124,1711892158998668,9997,2,0,124
125,1711892159008671,9997,2,0,125
126,1711892159018673,9997,2,0,126
127,1711892159028676,9997,2,0,127
128,1711892159038678,9997,2,0,128
129,1711892159048680,9997,2,0,129
130,1711892159058683,9997,2,0,130
131,1711892159068685,9997,2,0,131
132,1711892159078687,9997,2,0,132
133,1711892159088690,9997,2,0,133
134,1711892159098692,9997,2,0,134
135,1711892159108695,9997,2,0,135
136,1711892159118697,9997,2,0,136
137,1711892159128699,9997,2,0,137
138,1711892159138702,9997,2,0,138
139,1711892159148704,9996,3,0,139
140,1711892159158707,9997,2,0,140
141,1711892159168709,9997,2,0,141
142,1711892159178711,9997,2,0,142
143,1711892159188714,9997,2,0,143
144,1711892159198716,9997,2,0,144
145,1711892159208719,9997,2,0,145
146,1711892159218721,9997,2,0,146
147,1711892159228723,9997,2,0,147
148,1711892159238726,9997,2,0,148
149,1711892159248728,9997,2,0,149
150,1711892159258731,9997,2,0,150
151,1711892159268733,9997,2,0,151
152,1711892159278735,9997,2,0,152
153,1711892159288738,9997,2,0,153
154,1711892159298740,9997,2,0,154
155,1711892159308743,9997,2,0,155
156,1711892159318745,9997,2,0,156
157,1711892159328747,9997,2,0,157
158,1711892159338750,9997,2,0,158
159,1711892159348752,9997,2,0,159
160,1711892159358754,9997,2,0,160
161,1711892159368757,9997,2,0,161
162,1711892159378759,9997,2,0,162
163,1711892159388762,9997,2,0,163
164,1711892159398764,9997,2,0,164
165,1711892159408766,9997,2,0,165
166,1711892159418769,9997,2,0,166
167,1711892159428771,9997,2,0,167
168,1711892159438773,9997,2,0,168
169,1711892159448776,9997,2,0,169
170,1711892159458778,9997,2,0,170
171,1711892159468780,9997,2,0,171
172,1711892159478782,9997,2,0,172
173,1711892159488785,9997,2,0,173
174,1711892159498787,9997,2,0,174
175,1711892159508789,9997,2,0,175
176,1711892159518791,9997,2,0,176
177,1711892159528794,9997,2,0,177
178,1711892159538796,9997,2,0,178
179,1711892159548798,9997,2,0,179
180,1711892159558800,9997,2,0,180
181,1711892159568803,9997,2,0,181
182,1711892159578805,9997,2,0,182
183,1711892159588807,9997,2,0,183
184,1711892159598810,9997,2,0,184
185,1711892159608812,9997,2,0,185
186,1711892159657559,0,48739,1,186
187,1711892159667565,9997,2,1,187
188,1711892159677569,9995,4,1,188
189,1711892159687571,9997,2,1,189
190,1711892159697573,9997,2,1,190
191,1711892159707575,9997,2,1,191
192,1711892159717578,9997,2,1,192
193,1711892159727580,9997,2,1,193
194,1711892159737582,9997,2,1,194
195,1711892159747584,9997,2,1,195
196,1711892159757587,9997,2,1,196
197,1711892159767589,9997,2,1,197
198,1711892159777591,9997,2,1,198
199,1711892159787593,9997,2,1,199
200,1711892159797596,9997,2,1,200
201,1711892159807598,9997,2,1,201
202,1711892159817600,9997,2,1,202
203,1711892159827602,9997,2,1,203
204,1711892159837604,9997,2,1,204
205,1711892159847612,9997,2,1,205
206,1711892159857615,9992,7,1,206
207,1711892159867618,9996,3,1,207
208,1711892159877620,9997,2,1,208
209,1711892159887623,9997,2,1,209
210,1711892159897625,9997,2,1,210
211,1711892159907627,9997,2,1,211
212,1711892159917629,9997,2,1,212
213,1711892159927632,9997,2,1,213
214,1711892159937634,9997,2,1,214
215,1711892159947636,9997,2,1,215
216,1711892159957638,9997,2,1,216
217,1711892159967640,9997,2,1,217
218,1711892159977642,9997,2,1,218
219,1711892159987644,9997,2,1,219
220,1711892159997646,9997,2,1,220
221,1711892160007648,9997,2,1,221
222,1711892160017650,9997,2,1,222
223,1711892160027653,9997,2,1,223
224,1711892160037655,9997,2,1,224
225,1711892160047657,9997,2,1,225
226,1711892160057659,9997,2,1,226
227,1711892160067661,9997,2,1,227
228,1711892160077663,9997,2,1,228
229,1711892160087665,9997,2,1,229
230,1711892160097667,9997,2,1,230
231,1711892160107669,9997,2,1,231
232,1711892160117671,9997,2,1,232
233,1711892160127674,9997,2,1,233
234,1711892160137678,9997,2,1,234
235,1711892160147681,9996,3,1,235
236,1711892160157683,9997,2,1,236
237,1711892160167686,9997,2,1,237
238,1711892160177688,9997,2,1,238
239,1711892160187690,9997,2,1,239
240,1711892160197692,9997,2,1,240
241,1711892160207694,9997,2,1,241
242,1711892160217697,9997,2,1,242
243,1711892160227699,9997,2,1,243
244,1711892160237701,9997,2,1,244
245,1711892160247703,9997,2,1,245
246,1711892160257706,9997,2,1,246
247,1711892160267708,9997,2,1,247
248,1711892160277710,9997,2,1,248
249,1711892160287712,9997,2,1,249
250,1711892160297715,9997,2,1,250
251,1711892160307717,9997,2,1,251
252,1711892160317719,9997,2,1,252
253,1711892160327721,9997,2,1,253
254,1711892160337724,9997,2,1,254
255,1711892160347726,9997,2,1,255
256,1711892160357728,9997,2,1,0
257,1711892160367731,9987,12,1,1
258,1711892160377733,9997,2,1,2
259,1711892160387735,9997,2,1,3
260,1711892160397737,9997,2,1,4
261,1711892160407739,9997,2,1,5
262,1711892160417742,9997,2,1,6
263,1711892160427744,9997,2,1,7
264,1711892160437746,9997,2,1,8
265,1711892160447748,9997,2,1,9
266,1711892160457750,9997,2,1,10
267,1711892160467752,9997,2,1,11
268,1711892160477754,9997,2,1,12
269,1711892160487756,9997,2,1,13
270,1711892160497759,9997,2,1,14
271,1711892160507761,9997,2,1,15
272,1711892160517763,9997,2,1,16
273,1711892160527765,9997,2,1,17
274,1711892160537767,9997,2,1,18
275,1711892160547769,9997,2,1,19
276,1711892160557771,9997,2,1,20
277,1711892160567773,9997,2,1,21
278,1711892160577775,9997,2,1,22
279,1711892160587778,9997,2,1,23
280,1711892160597780,9997,2,1,24
281,1711892160607782,9997,2,1,25
282,1711892160657558,0,49769,2,26
283,1711892160667561,9997,2,2,27
284,1711892160677563,9997,2,2,28
285,1711892160687566,9997,2,2,29
286,1711892160697568,9997,2,2,30
287,1711892160707570,9997,2,2,31
288,1711892160717572,9997,2,2,32
289,1711892160727575,9997,2,2,33
290,1711892160737577,9997,2,2,34
291,1711892160747579,9997,2,2,35
292,1711892160757581,9997,2,2,36
293,1711892160767584,9997,2,2,37
294,1711892160777586,9997,2,2,38
295,1711892160787588,9997,2,2,39
296,1711892160797590,9997,2,2,40
297,1711892160807592,9997,2,2,41
298,1711892160817595,9997,2,2,42
299,1711892160827597,9997,2,2,43
300,1711892160837599,9997,2,2,44
301,1711892160847601,9997,2,2,45
302,1711892160857604,9997,2,2,46
303,1711892160867606,9997,2,2,47
304,1711892160877608,9997,2,2,48
305,1711892160887610,9997,2,2,49
306,1711892160897613,9997,2,2,50
307,1711892160907615,9997,2,2,51
308,1711892160917617,9997,2,2,52
309,1711892160927619,9997,2,2,53
310,1711892160937622,9997,2,2,54
311,1711892160947624,9997,2,2,55
312,1711892160957627,9997,2,2,56
313,1711892160967629,9997,2,2,57
314,1711892160977631,9997,2,2,58
315,1711892160987633,9997,2,2,59
316,1711892160997635,9997,2,2,60
317,1711892161007637,9997,2,2,61
318,1711892161017640,9997,2,2,62
319,1711892161027642,9997,2,2,63
320,1711892161037644,9997,2,2,64
321,1711892161047646,9997,2,2,65
322,1711892161057648,9997,2,2,66
323,1711892161067651,9997,2,2,67
324,1711892161077653,9997,2,2,68
325,1711892161087655,9997,2,2,69
326,1711892161097657,9997,2,2,70
327,1711892161107660,9997,2,2,71
328,1711892161117662,9997,2,2,72
329,1711892161127664,9997,2,2,73
330,1711892161137666,9997,2,2,74
331,1711892161147668,9997,2,2,75
332,1711892161157671,9997,2,2,76
333,1711892161167673,9997,2,2,77
334,1711892161177675,9997,2,2,78
335,1711892161187677,9997,2,2,79
336,1711892161197679,9997,2,2,80
337,1711892161207682,9997,2,2,81
338,1711892161217685,9996,3,2,82
339,1711892161227687,9997,2,2,83
340,1711892161237689,9997,2,2,84
341,1711892161247692,9997,2,2,85
342,1711892161257694,9997,2,2,86
343,1711892161267697,9997,2,2,87
344,1711892161277699,9997,2,2,88
345,1711892161287702,9997,2,2,89
346,1711892161297704,9997,2,2,90
347,1711892161307706,9997,2,2,91
348,1711892161317708,9997,2,2,92
349,1711892161327711,9997,2,2,93
350,1711892161337713,9997,2,2,94
351,1711892161347721,9997,2,2,95
352,1711892161357727,9995,4,2,96
353,1711892161367731,9993,6,2,97
354,1711892161377733,9997,2,2,98
355,1711892161387736,9997,2,2,99
356,1711892161397738,9997,2,2,100
357,1711892161407740,9997,2,2,101
358,1711892161417743,9997,2,2,102
359,1711892161427745,9997,2,2,103
360,1711892161437749,9997,2,2,104
361,1711892161447752,9996,3,2,105
362,1711892161457755,9997,2,2,106
363,1711892161467757,9997,2,2,107
364,1711892161477759,9997,2,2,108
365,1711892161487761,9997,2,2,109
366,1711892161497764,9997,2,2,110
367,1711892161507766,9997,2,2,111
368,1711892161517768,9997,2,2,112
369,1711892161527770,9997,2,2,113
370,1711892161537772,9997,2,2,114
371,1711892161547775,9997,2,2,115
372,1711892161557777,9997,2,2,116
373,1711892161567779,9997,2,2,117
374,1711892161577781,9997,2,2,118
375,1711892161587784,9997,2,2,119
376,1711892161597786,9997,2,2,120
377,1711892161607788,9997,2,2,121
378,1711892161617791,9997,2,2,122
379,1711892161657558,0,39760,3,123
380,1711892161667561,9997,2,3,124
381,1711892161677563,9997,2,3,125
382,1711892161687566,9997,2,3,126
383,1711892161697568,9997,2,3,127
384,1711892161707570,9997,2,3,128
385,1711892161717573,9997,2,3,129
386,1711892161727575,9997,2,3,130
387,1711892161737577,9997,2,3,131
388,1711892161747580,9997,2,3,132
389,1711892161757582,9997,2,3,133
390,1711892161767584,9997,2,3,134
391,1711892161777587,9997,2,3,135
392,1711892161787589,9997,2,3,136
393,1711892161797592,9997,2,3,137
394,1711892161807594,9997,2,3,138
395,1711892161817596,9997,2,3,139
396,1711892161827599,9997,2,3,140
397,1711892161837601,9997,2,3,141
398,1711892161847604,9997,2,3,142
399,1711892161857606,9997,2,3,143
400,1711892161867608,9997,2,3,144
401,1711892161877611,9997,2,3,145
402,1711892161887613,9997,2,3,146
403,1711892161897616,9996,3,3,147
404,1711892161907618,9997,2,3,148
405,1711892161917620,9997,2,3,149
406,1711892161927623,9997,2,3,150
407,1711892161937625,9997,2,3,151
408,1711892161947627,9997,2,3,152
409,1711892161957630,9997,2,3,153
410,1711892161967632,9997,2,3,154
411,1711892161977635,9997,2,3,155
412,1711892161987637,9997,2,3,156
413,1711892161997639,9997,2,3,157
414,1711892162007642,9997,2,3,158
415,1711892162017644,9997,2,3,159
416,1711892162027647,9997,2,3,160
417,1711892162037649,9997,2,3,161
418,1711892162047651,9997,2,3,162
419,1711892162057654,9997,2,3,163
420,1711892162067656,9997,2,3,164
421,1711892162077659,9997,2,3,165
422,1711892162087661,9997,2,3,166
423,1711892162097663,9997,2,3,167
424,1711892162107666,9997,2,3,168
425,1711892162117668,9997,2,3,169
426,1711892162127670,9997,2,3,170
427,1711892162137673,9997,2,3,171
428,1711892162147675,9997,2,3,172
429,1711892162157678,9997,2,3,173
430,1711892162167680,9997,2,3,174
431,1711892162177682,9997,2,3,175
432,1711892162187685,9997,2,3,176
433,1711892162197687,9997,2,3,177
434,1711892162207690,9997,2,3,178
435,1711892162217692,9997,2,3,179
436,1711892162227694,9997,2,3,180
437,1711892162237697,9997,2,3,181
438,1711892162247699,9997,2,3,182
439,1711892162257701,9997,2,3,183
440,1711892162267704,9997,2,3,184
441,1711892162277706,9997,2,3,185
442,1711892162287708,9997,2,3,186
443,1711892162297711,9997,2,3,187
444,1711892162307713,9997,2,3,188
445,1711892162317716,9997,2,3,189
446,1711892162327718,9997,2,3,190
447,1711892162337720,9997,2,3,191
448,1711892162347723,9997,2,3,192
449,1711892162357725,9997,2,3,193
450,1711892162367727,9997,2,3,194
451,1711892162377730,9997,2,3,195
452,1711892162387732,9997,2,3,196
453,1711892162397735,9997,2,3,197
454,1711892162407737,9997,2,3,198
455,1711892162417739,9997,2,3,199
456,1711892162427742,9997,2,3,200
457,1711892162437744,9997,2,3,201
458,1711892162447746,9997,2,3,202
459,1711892162457749,9997,2,3,203
460,1711892162467751,9997,2,3,204
461,1711892162477753,9997,2,3,205
462,1711892162487755,9997,2,3,206
463,1711892162497758,9997,2,3,207
464,1711892162507760,9997,2,3,208
465,1711892162517762,9997,2,3,209
466,1711892162527764,9997,2,3,210
467,1711892162537767,9997,2,3,211
468,1711892162547769,9997,2,3,212
469,1711892162557771,9997,2,3,213
470,1711892162567773,9997,2,3,214
471,1711892162577776,9997,2,3,215
472,1711892162587778,9997,2,3,216
473,1711892162597780,9997,2,3,217
474,1711892162607782,9997,2,3,218
475,1711892162657553,0,49767,4,219
476,1711892162667555,9997,2,4,220
477,1711892162677557,9997,2,4,221
478,1711892162687559,9997,2,4,222
479,1711892162697562,9997,2,4,223
480,1711892162707564,9997,2,4,224
481,1711892162717566,9997,2,4,225
482,1711892162727568,9997,2,4,226
483,1711892162737570,9997,2,4,227
484,1711892162747572,9997,2,4,228
485,1711892162757574,9997,2,4,229
486,1711892162767576,9997,2,4,230
487,1711892162777578,9997,2,4,231
488,1711892162787582,9997,2,4,232
489,1711892162797584,9997,2,4,233
490,1711892162807587,9997,2,4,234
491,1711892162817589,9997,2,4,235
492,1711892162827591,9997,2,4,236
493,1711892162837593,9997,2,4,237
494,1711892162847595,9997,2,4,238
495,1711892162857602,9997,2,4,239
496,1711892162867606,9992,7,4,240
497,1711892162877608,9997,2,4,241
498,1711892162887611,9997,2,4,242
499,1711892162897613,9997,2,4,243
500,1711892162907615,9997,2,4,244
501,1711892162917617,9997,2,4,245
502,1711892162927619,9997,2,4,246
503,1711892162937622,9997,2,4,247
504,1711892162947624,9997,2,4,248
505,1711892162957626,9997,2,4,249
506,1711892162967628,9997,2,4,250
507,1711892162977631,9997,2,4,251
508,1711892162987633,9997,2,4,252
509,1711892162997635,9997,2,4,253
510,1711892163007638,9997,2,4,254
511,1711892163017640,9997,2,4,255
512,1711892163027642,9997,2,4,0
513,1711892163037645,9982,17,4,1
514,1711892163047647,9997,2,4,2
515,1711892163057650,9997,2,4,3
516,1711892163067652,9997,2,4,4
517,1711892163077654,9997,2,4,5
518,1711892163087657,9997,2,4,6
519,1711892163097659,9997,2,4,7
520,1711892163107661,9997,2,4,8
521,1711892163117664,9997,2,4,9
522,1711892163127666,9997,2,4,10
523,1711892163137668,9997,2,4,11
524,1711892163147671,9997,2,4,12
525,1711892163157673,9997,2,4,13
526,1711892163167675,9997,2,4,14
527,1711892163177678,9997,2,4,15
528,1711892163187680,9997,2,4,16
529,1711892163197682,9997,2,4,17
530,1711892163207685,9997,2,4,18
531,1711892163217687,9997,2,4,19
532,1711892163227689,9997,2,4,20
533,1711892163237691,9997,2,4,21
534,1711892163247694,9997,2,4,22
535,1711892163257696,9997,2,4,23
536,1711892163267698,9997,2,4,24
537,1711892163277701,9997,2,4,25
538,1711892163287703,9997,2,4,26
539,1711892163297705,9997,2,4,27
540,1711892163307708,9997,2,4,28
541,1711892163317710,9997,2,4,29
542,1711892163327712,9997,2,4,30
543,1711892163337715,9997,2,4,31
544,1711892163347717,9997,2,4,32
545,1711892163357719,9997,2,4,33
546,1711892163367722,9997,2,4,34
547,1711892163377724,9997,2,4,35
548,1711892163387726,9997,2,4,36
549,1711892163397729,9997,2,4,37
550,1711892163407731,9997,2,4,38
551,1711892163417733,9997,2,4,39
552,1711892163427736,9997,2,4,40
553,1711892163437738,9997,2,4,41
554,1711892163447740,9997,2,4,42
555,1711892163457743,9997,2,4,43
556,1711892163467745,9997,2,4,44
557,1711892163477747,9997,2,4,45
558,1711892163487750,9997,2,4,46
559,1711892163497752,9997,2,4,47
560,1711892163507754,9997,2,4,48
561,1711892163517758,9997,2,4,49
562,1711892163527760,9996,3,4,50
563,1711892163537763,9997,2,4,51
564,1711892163547765,9997,2,4,52
565,1711892163557767,9997,2,4,53
566,1711892163567769,9997,2,4,54
567,1711892163577775,9997,2,4,55
568,1711892163587778,9995,4,4,56
569,1711892163597780,9997,2,4,57
570,1711892163607782,9997,2,4,58
571,1711892163657559,0,49769,5,59
572,1711892163667562,9997,2,5,60
573,1711892163677564,9997,2,5,61
574,1711892163687566,9997,2,5,62
575,1711892163697569,9997,2,5,63
576,1711892163707571,9997,2,5,64
577,1711892163717573,9997,2,5,65
578,1711892163727575,9997,2,5,66
579,1711892163737577,9997,2,5,67
580,1711892163747580,9997,2,5,68
581,1711892163757582,9997,2,5,69
582,1711892163767584,9997,2,5,70
583,1711892163777586,9997,2,5,71
584,1711892163787589,9997,2,5,72
585,1711892163797591,9997,2,5,73
586,1711892163807593,9997,2,5,74
587,1711892163817595,9997,2,5,75
588,1711892163827598,9997,2,5,76
589,1711892163837600,9997,2,5,77
590,1711892163847602,9997,2,5,78
591,1711892163857605,9997,2,5,79
592,1711892163867607,9997,2,5,80
593,1711892163877609,9997,2,5,81
594,1711892163887611,9997,2,5,82
595,1711892163897614,9997,2,5,83
596,1711892163907616,9997,2,5,84
597,1711892163917618,9997,2,5,85
598,1711892163927621,9997,2,5,86
599,1711892163937623,9997,2,5,87
600,1711892163947625,9997,2,5,88
601,1711892163957627,9997,2,5,89
602,1711892163967630,9997,2,5,90
603,1711892163977632,9997,2,5,91
604,1711892163987634,9997,2,5,92
605,1711892163997636,9996,3,5,93
606,1711892164007639,9997,2,5,94
607,1711892164017641,9997,2,5,95
608,1711892164027643,9997,2,5,96
609,1711892164037646,9997,2,5,97
610,1711892164047648,9997,2,5,98
611,1711892164057650,9997,2,5,99
612,1711892164067653,9996,3,5,100
613,1711892164077655,9997,2,5,101
614,1711892164087657,9997,2,5,102
615,1711892164097659,9997,2,5,103
616,1711892164107662,9997,2,5,104
617,1711892164117664,9997,2,5,105
618,1711892164127666,9997,2,5,106
619,1711892164137668,9997,2,5,107
620,1711892164147671,9997,2,5,108
621,1711892164157673,9997,2,5,109
622,1711892164167675,9997,2,5,110
623,1711892164177678,9997,2,5,111
624,1711892164187680,9997,2,5,112
625,1711892164197682,9997,2,5,113
626,1711892164207684,9997,2,5,114
627,1711892164217687,9997,2,5,115
628,1711892164227689,9997,2,5,116
629,1711892164237691,9997,2,5,117
630,1711892164247694,9997,2,5,118
631,1711892164257696,9997,2,5,119
632,1711892164267698,9997,2,5,120
633,1711892164277700,9997,2,5,121
634,1711892164287703,9997,2,5,122
635,1711892164297705,9997,2,5,123
636,1711892164307707,9997,2,5,124
637,1711892164317709,9997,2,5,125
638,1711892164327712,9997,2,5,126
639,1711892164337714,9997,2,5,127
640,1711892164347716,9997,2,5,128
641,1711892164357719,9997,2,5,129
642,1711892164367721,9997,2,5,130
643,1711892164377723,9997,2,5,131
644,1711892164387725,9997,2,5,132
645,1711892164397727,9997,2,5,133
646,1711892164407730,9997,2,5,134
647,1711892164417732,9997,2,5,135
648,1711892164427734,9997,2,5,136
649,1711892164437737,9997,2,5,137
650,1711892164447739,9997,2,5,138
651,1711892164457741,9997,2,5,139
652,1711892164467743,9997,2,5,140
653,1711892164477746,9997,2,5,141
654,1711892164487748,9997,2,5,142
655,1711892164497750,9997,2,5,143
656,1711892164507752,9997,2,5,144
657,1711892164517755,9997,2,5,145
658,1711892164527757,9997,2,5,146
659,1711892164537759,9997,2,5,147
660,1711892164547761,9997,2,5,148
661,1711892164557763,9997,2,5,149
662,1711892164567766,9997,2,5,150
663,1711892164577768,9997,2,5,151
664,1711892164587770,9997,2,5,152
665,1711892164597772,9997,2,5,153
666,1711892164607774,9997,2,5,154
667,1711892164617776,9997,2,5,155
668,1711892164657553,0,39774,6,156
669,1711892164667557,9997,2,6,157
670,1711892164677560,9996,3,6,158
671,1711892164687562,9997,2,6,159
672,1711892164697565,9997,2,6,160
673,1711892164707567,9997,2,6,161
674,1711892164717569,9997,2,6,162
675,1711892164727571,9997,2,6,163
676,1711892164737579,9997,2,6,164
677,1711892164747585,9995,4,6,165
678,1711892164757588,9993,6,6,166
679,1711892164767590,9997,2,6,167
680,1711892164777593,9997,2,6,168
681,1711892164787595,9997,2,6,169
682,1711892164797597,9997,2,6,170
683,1711892164807599,9997,2,6,171
684,1711892164817602,9997,2,6,172
685,1711892164827604,9997,2,6,173
686,1711892164837606,9997,2,6,174
687,1711892164847608,9997,2,6,175
688,1711892164857611,9997,2,6,176
689,1711892164867613,9997,2,6,177
690,1711892164877615,9997,2,6,178
691,1711892164887617,9997,2,6,179
692,1711892164897619,9997,2,6,180
693,1711892164907622,9996,3,6,181
694,1711892164917624,9997,2,6,182
695,1711892164927626,9997,2,6,183
696,1711892164937628,9997,2,6,184
697,1711892164947631,9997,2,6,185
698,1711892164957633,9997,2,6,186
699,1711892164967635,9997,2,6,187
700,1711892164977637,9997,2,6,188
701,1711892164987640,9997,2,6,189
702,1711892164997642,9997,2,6,190
703,1711892165007644,9997,2,6,191
704,1711892165017646,9997,2,6,192
705,1711892165027649,9997,2,6,193
706,1711892165037651,9997,2,6,194
707,1711892165047653,9997,2,6,195
708,1711892165057655,9997,2,6,196
709,1711892165067658,9997,2,6,197
710,1711892165077660,9997,2,6,198
711,1711892165087662,9996,3,6,199
712,1711892165097664,9997,2,6,200
713,1711892165107667,9997,2,6,201
714,1711892165117669,9997,2,6,202
715,1711892165127671,9997,2,6,203
716,1711892165137673,9997,2,6,204
717,1711892165147675,9996,3,6,205
718,1711892165157678,9997,2,6,206
719,1711892165167680,9997,2,6,207
720,1711892165177682,9997,2,6,208
721,1711892165187684,9997,2,6,209
722,1711892165197687,9997,2,6,210
723,1711892165207689,9997,2,6,211
724,1711892165217691,9997,2,6,212
725,1711892165227693,9997,2,6,213
726,1711892165237695,9997,2,6,214
727,1711892165247698,9997,2,6,215
728,1711892165257700,9997,2,6,216
729,1711892165267702,9997,2,6,217
730,1711892165277704,9997,2,6,218
731,1711892165287706,9997,2,6,219
732,1711892165297709,9997,2,6,220
733,1711892165307711,9997,2,6,221
734,1711892165317713,9997,2,6,222
735,1711892165327715,9997,2,6,223
736,1711892165337718,9997,2,6,224
737,1711892165347720,9997,2,6,225
738,1711892165357722,9997,2,6,226
739,1711892165367724,9997,2,6,227
740,1711892165377727,9997,2,6,228
741,1711892165387729,9997,2,6,229
742,1711892165397731,9997,2,6,230
743,1711892165407733,9997,2,6,231
744,1711892165417735,9997,2,6,232
745,1711892165427738,9997,2,6,233
746,1711892165437740,9997,2,6,234
747,1711892165447742,9997,2,6,235
748,1711892165457744,9997,2,6,236
749,1711892165467746,9997,2,6,237
750,1711892165477749,9997,2,6,238
751,1711892165487751,9997,2,6,239
752,1711892165497753,9997,2,6,240
753,1711892165507755,9997,2,6,241
754,1711892165517758,9997,2,6,242
755,1711892165527760,9997,2,6,243
756,1711892165537762,9997,2,6,244
757,1711892165547764,9997,2,6,245
758,1711892165557766,9997,2,6,246
759,1711892165567769,9997,2,6,247
760,1711892165577771,9997,2,6,248
761,1711892165587773,9997,2,6,249
762,1711892165597775,9997,2,6,250
763,1711892165607777,9997,2,6,251
764,1711892165657558,0,49773,7,252
765,1711892165667560,9997,2,7,253
766,1711892165677563,9997,2,7,254
767,1711892165687565,9997,2,7,255
768,1711892165697568,9997,2,7,0
769,1711892165707570,9997,2,7,1
770,1711892165717572,9997,2,7,2
771,1711892165727575,9997,2,7,3
772,1711892165737577,9997,2,7,4
773,1711892165747579,9997,2,7,5
774,1711892165757582,9997,2,7,6
775,1711892165767584,9997,2,7,7
776,1711892165777587,9997,2,7,8
777,1711892165787589,9997,2,7,9
778,1711892165797591,9997,2,7,10
779,1711892165807594,9997,2,7,11
780,1711892165817596,9997,2,7,12
781,1711892165827598,9997,2,7,13
782,1711892165837601,9997,2,7,14
783,1711892165847603,9997,2,7,15
784,1711892165857606,9997,2,7,16
785,1711892165867608,9997,2,7,17
786,1711892165877610,9997,2,7,18
787,1711892165887613,9997,2,7,19
788,1711892165897615,9997,2,7,20
789,1711892165907617,9997,2,7,21
790,1711892165917620,9997,2,7,22
791,1711892165927622,9997,2,7,23
792,1711892165937624,9997,2,7,24
793,1711892165947627,9997,2,7,25
794,1711892165957629,9997,2,7,26
795,1711892165967631,9997,2,7,27
796,1711892165977634,9997,2,7,28
797,1711892165987636,9997,2,7,29
798,1711892165997639,9997,2,7,30
799,1711892166007641,9997,2,7,31
800,1711892166017643,9997,2,7,32
801,1711892166027646,9997,2,7,33
802,1711892166037648,9997,2,7,34
803,1711892166047650,9997,2,7,35
804,1711892166057653,9997,2,7,36
805,1711892166067655,9997,2,7,37
806,1711892166077657,9997,2,7,38
807,1711892166087659,9997,2,7,39
808,1711892166097662,9997,2,7,40
809,1711892166107664,9997,2,7,41
810,1711892166117666,9997,2,7,42
811,1711892166127669,9997,2,7,43
812,1711892166137671,9997,2,7,44
813,1711892166147673,9997,2,7,45
814,1711892166157675,9997,2,7,46
815,1711892166167677,9997,2,7,47
816,1711892166177680,9997,2,7,48
817,1711892166187682,9997,2,7,49
818,1711892166197684,9997,2,7,50
819,1711892166207686,9997,2,7,51
820,1711892166217689,9997,2,7,52
821,1711892166227691,9997,2,7,53
822,1711892166237693,9997,2,7,54
823,1711892166247697,9997,2,7,55
824,1711892166257699,9996,3,7,56
825,1711892166267701,9997,2,7,57
826,1711892166277703,9997,2,7,58
827,1711892166287706,9997,2,7,59
828,1711892166297708,9997,2,7,60
829,1711892166307710,9997,2,7,61
830,1711892166317712,9997,2,7,62
831,1711892166327715,9997,2,7,63
832,1711892166337717,9997,2,7,64
833,1711892166347719,9997,2,7,65
834,1711892166357721,9997,2,7,66
835,1711892166367724,9997,2,7,67
836,1711892166377726,9997,2,7,68
837,1711892166387728,9997,2,7,69
838,1711892166397730,9997,2,7,70
839,1711892166407732,9997,2,7,71
840,1711892166417735,9997,2,7,72
841,1711892166427737,9997,2,7,73
842,1711892166437741,9997,2,7,74
843,1711892166447744,9996,3,7,75
844,1711892166457747,9997,2,7,76
845,1711892166467749,9997,2,7,77
846,1711892166477751,9997,2,7,78
847,1711892166487754,9997,2,7,79
848,1711892166497756,9997,2,7,80
849,1711892166507759,9997,2,7,81
850,1711892166517761,9997,2,7,82
851,1711892166527763,9997,2,7,83
852,1711892166537766,9997,2,7,84
853,1711892166547768,9997,2,7,85
854,1711892166557770,9997,2,7,86
855,1711892166567773,9997,2,7,87
856,1711892166577775,9997,2,7,88
857,1711892166587777,9996,3,7,89
858,1711892166597780,9997,2,7,90
859,1711892166607782,9997,2,7,91
860,1711892166657556,0,49768,8,92
861,1711892166667558,9997,2,8,93
862,1711892166677561,9997,2,8,94
863,1711892166687563,9997,2,8,95
864,1711892166697565,9997,2,8,96
865,1711892166707567,9997,2,8,97
866,1711892166717570,9997,2,8,98
867,1711892166727572,9997,2,8,99
868,1711892166737574,9997,2,8,100
869,1711892166747576,9997,2,8,101
870,1711892166757578,9997,2,8,102
871,1711892166767581,9997,2,8,103
872,1711892166777583,9997,2,8,104
873,1711892166787585,9997,2,8,105
874,1711892166797587,9997,2,8,106
875,1711892166807590,9997,2,8,107
876,1711892166817592,9997,2,8,108
877,1711892166827594,9997,2,8,109
878,1711892166837596,9997,2,8,110
879,1711892166847598,9997,2,8,111
880,1711892166857600,9997,2,8,112
881,1711892166867603,9997,2,8,113
882,1711892166877605,9997,2,8,114
883,1711892166887607,9997,2,8,115
884,1711892166897609,9997,2,8,116
885,1711892166907611,9997,2,8,117
886,1711892166917614,9997,2,8,118
887,1711892166927616,9997,2,8,119
888,1711892166937618,9997,2,8,120
889,1711892166947620,9997,2,8,121
890,1711892166957622,9997,2,8,122
891,1711892166967624,9997,2,8,123
892,1711892166977627,9997,2,8,124
893,1711892166987629,9997,2,8,125
894,1711892166997631,9997,2,8,126
895,1711892167007633,9997,2,8,127
896,1711892167017635,9997,2,8,128
897,1711892167027638,9997,2,8,129
898,1711892167037640,9997,2,8,130
899,1711892167047642,9997,2,8,131
900,1711892167057645,9997,2,8,132
901,1711892167067647,9997,2,8,133
902,1711892167077649,9997,2,8,134
903,1711892167087652,9997,2,8,135
904,1711892167097654,9997,2,8,136
905,1711892167107656,9997,2,8,137
906,1711892167117658,9997,2,8,138
907,1711892167127660,9997,2,8,139
908,1711892167137662,9997,2,8,140
909,1711892167147665,9997,2,8,141
910,1711892167157667,9997,2,8,142
911,1711892167167669,9997,2,8,143
912,1711892167177671,9997,2,8,144
913,1711892167187673,9997,2,8,145
914,1711892167197675,9997,2,8,146
915,1711892167207677,9997,2,8,147
916,1711892167217679,9997,2,8,148
917,1711892167227681,9997,2,8,149
918,1711892167237683,9997,2,8,150
919,1711892167247685,9997,2,8,151
920,1711892167257687,9997,2,8,152
921,1711892167267689,9997,2,8,153
922,1711892167277692,9997,2,8,154
923,1711892167287694,9997,2,8,155
924,1711892167297696,9997,2,8,156
925,1711892167307698,9997,2,8,157
926,1711892167317700,9997,2,8,158
927,1711892167327702,9997,2,8,159
928,1711892167337704,9997,2,8,160
929,1711892167347706,9997,2,8,161
930,1711892167357708,9997,2,8,162
931,1711892167367710,9997,2,8,163
932,1711892167377712,9997,2,8,164
933,1711892167387714,9997,2,8,165
934,1711892167397716,9997,2,8,166
935,1711892167407719,9997,2,8,167
936,1711892167417721,9997,2,8,168
937,1711892167427723,9997,2,8,169
938,1711892167437725,9997,2,8,170
939,1711892167447727,9997,2,8,171
940,1711892167457729,9997,2,8,172
941,1711892167467731,9997,2,8,173
942,1711892167477733,9997,2,8,174
943,1711892167487735,9997,2,8,175
944,1711892167497737,9997,2,8,176
945,1711892167507739,9997,2,8,177
946,1711892167517742,9997,2,8,178
947,1711892167527744,9997,2,8,179
948,1711892167537746,9997,2,8,180
949,1711892167547748,9997,2,8,181
950,1711892167557750,9997,2,8,182
951,1711892167567752,9997,2,8,183
952,1711892167577754,9997,2,8,184
953,1711892167587756,9997,2,8,185
954,1711892167597758,9997,2,8,186
955,1711892167607760,9997,2,8,187
956,1711892167657554,0,49790,9,188
957,1711892167667556,9997,2,9,189
958,1711892167677559,9997,2,9,190
959,1711892167687561,9997,2,9,191
960,1711892167697563,9997,2,9,192
961,1711892167707565,9997,2,9,193
962,1711892167717568,9997,2,9,194
963,1711892167727570,9997,3,9,195
964,1711892167737572,9997,2,9,196
965,1711892167747574,9997,2,9,197
966,1711892167757576,9997,2,9,198
967,1711892167767579,9997,2,9,199
968,1711892167777581,9997,2,9,200
969,1711892167787583,9997,2,9,201
970,1711892167797587,9997,2,9,202
971,1711892167807590,9997,2,9,203
972,1711892167817592,9997,2,9,204
973,1711892167827594,9997,2,9,205
974,1711892167837596,9997,2,9,206
975,1711892167847599,9997,2,9,207
976,1711892167857601,9997,2,9,208
977,1711892167867603,9996,3,9,209
978,1711892167877605,9997,2,9,210
979,1711892167887607,9997,2,9,211
980,1711892167897611,9997,2,9,212
981,1711892167907614,9995,4,9,213
982,1711892167917616,9996,3,9,214
983,1711892167927618,9997,2,9,215
984,1711892167937621,9997,2,9,216
985,1711892167947623,9997,2,9,217
986,1711892167957625,9997,2,9,218
987,1711892167967627,9997,2,9,219
988,1711892167977629,9997,2,9,220
989,1711892167987631,9997,2,9,221
990,1711892167997633,9997,2,9,222
991,1711892168007635,9997,2,9,223
992,1711892168017637,9997,2,9,224
993,1711892168027639,9997,2,9,225
994,1711892168037641,9997,2,9,226
995,1711892168047644,9997,2,9,227
996,1711892168057646,9997,2,9,228
997,1711892168067648,9997,2,9,229
998,1711892168077650,9997,2,9,230
999,1711892168087652,9997,2,9,231
1000,1711892168097654,9997,2,9,232
1001,1711892168107656,9997,2,9,233
1002,1711892168117658,9997,2,9,234
1003,1711892168127660,9997,2,9,235
1004,1711892168137662,9997,2,9,236
1005,1711892168147664,9997,2,9,237
1006,1711892168157667,9997,2,9,238
1007,1711892168167669,9997,2,9,239
1008,1711892168177671,9997,2,9,240
1009,1711892168187673,9997,2,9,241
1010,1711892168197675,9997,2,9,242
1011,1711892168207677,9996,3,9,243
1012,1711892168217679,9997,2,9,244
1013,1711892168227681,9997,2,9,245
1014,1711892168237683,9997,2,9,246
1015,1711892168247685,9997,2,9,247
1016,1711892168257687,9997,2,9,248
1017,1711892168267690,9997,2,9,249
1018,1711892168277692,9997,2,9,250
1019,1711892168287694,9997,2,9,251
1020,1711892168297696,9997,2,9,252
1021,1711892168307698,9997,2,9,253
1022,1711892168317700,9997,2,9,254
1023,1711892168327702,9997,2,9,255
1024,1711892168337704,9997,2,9,0
1025,1711892168347706,9984,15,9,1
1026,1711892168357708,9997,2,9,2
1027,1711892168367711,9997,2,9,3
1028,1711892168377713,9997,2,9,4
1029,1711892168387715,9997,2,9,5
1030,1711892168397717,9997,2,9,6
1031,1711892168407719,9997,2,9,7
1032,1711892168417721,9997,2,9,8
1033,1711892168427723,9997,2,9,9
1034,1711892168437725,9997,2,9,10
1035,1711892168447727,9997,2,9,11
1036,1711892168457729,9997,2,9,12
1037,1711892168467731,9997,2,9,13
1038,1711892168477733,9997,2,9,14
1039,1711892168487735,9997,2,9,15
1040,1711892168497737,9997,2,9,16
1041,1711892168507739,9997,2,9,17
1042,1711892168517741,9997,2,9,18
1043,1711892168527744,9997,2,9,19
1044,1711892168537746,9997,2,9,20
1045,1711892168547748,9997,2,9,21
1046,1711892168557750,9997,2,9,22
1047,1711892168567752,9997,2,9,23
1048,1711892168577754,9997,2,9,24
1049,1711892168587756,9997,2,9,25
1050,1711892168597758,9997,2,9,26
1051,1711892168607760,9997,2,9,27
1052,1711892168617763,9997,2,9,28
1053,1711892168657556,0,39789,10,29
1054,1711892168667559,9997,2,10,30
1055,1711892168677561,9996,3,10,31
1056,1711892168687563,9997,2,10,32
1057,1711892168697565,9997,2,10,33
1058,1711892168707567,9997,2,10,34
1059,1711892168717569,9997,2,10,35
1060,1711892168727571,9997,2,10,36
1061,1711892168737573,9997,2,10,37
1062,1711892168747576,9997,2,10,38
1063,1711892168757578,9997,2,10,39
1064,1711892168767580,9997,2,10,40
1065,1711892168777582,9997,2,10,41
1066,1711892168787584,9997,2,10,42
1067,1711892168797586,9997,2,10,43
1068,1711892168807588,9997,2,10,44
1069,1711892168817590,9997,2,10,45
1070,1711892168827592,9997,2,10,46
1071,1711892168837594,9997,2,10,47
1072,1711892168847596,9997,2,10,48
1073,1711892168857599,9997,2,10,49
1074,1711892168867601,9997,2,10,50
1075,1711892168877603,9997,2,10,51
1076,1711892168887605,9997,2,10,52
1077,1711892168897607,9997,2,10,53
1078,1711892168907609,9997,2,10,54
1079,1711892168917611,9997,2,10,55
1080,1711892168927613,9997,2,10,56
1081,1711892168937615,9997,2,10,57
1082,1711892168947617,9997,2,10,58
1083,1711892168957619,9997,2,10,59
1084,1711892168967621,9997,2,10,60
1085,1711892168977624,9997,2,10,61
1086,1711892168987626,9997,2,10,62
1087,1711892168997628,9997,2,10,63
1088,1711892169007630,9997,2,10,64
1089,1711892169017632,9997,2,10,65
1090,1711892169027634,9997,2,10,66
1091,1711892169037636,9997,2,10,67
1092,1711892169047638,9997,2,10,68
1093,1711892169057640,9997,2,10,69
1094,1711892169067642,9997,2,10,70
1095,1711892169077644,9997,2,10,71
1096,1711892169087646,9997,2,10,72
1097,1711892169097648,9997,2,10,73
1098,1711892169107650,9997,2,10,74
1099,1711892169117652,9997,2,10,75
1100,1711892169127654,9997,2,10,76
1101,1711892169137657,9997,2,10,77
1102,1711892169147659,9997,2,10,78
1103,1711892169157661,9997,2,10,79
1104,1711892169167663,9997,2,10,80
1105,1711892169177665,9997,2,10,81
1106,1711892169187668,9997,2,10,82
1107,1711892169197670,9997,2,10,83
1108,1711892169207672,9997,2,10,84
1109,1711892169217674,9997,2,10,85
1110,1711892169227676,9997,2,10,86
1111,1711892169237679,9997,2,10,87
1112,1711892169247681,9997,2,10,88
1113,1711892169257683,9997,2,10,89
1114,1711892169267685,9997,2,10,90
1115,1711892169277687,9997,2,10,91
1116,1711892169287690,9997,2,10,92
1117,1711892169297692,9997,2,10,93
1118,1711892169307694,9997,2,10,94
1119,1711892169317696,9997,2,10,95
1120,1711892169327698,9997,2,10,96
1121,1711892169337701,9996,3,10,97
1122,1711892169347703,9997,2,10,98
1123,1711892169357705,9997,2,10,99
1124,1711892169367707,9997,2,10,100
1125,1711892169377709,9997,2,10,101
1126,1711892169387712,9997,2,10,102
1127,1711892169397714,9997,2,10,103
1128,1711892169407718,9997,2,10,104
1129,1711892169417720,9996,3,10,105
1130,1711892169427723,9997,2,10,106
1131,1711892169437725,9996,3,10,107
1132,1711892169447727,9997,2,10,108
1133,1711892169457729,9997,2,10,109
1134,1711892169467731,9997,2,10,110
1135,1711892169477734,9997,2,10,111
1136,1711892169487736,9997,2,10,112
1137,1711892169497738,9997,2,10,113
1138,1711892169507740,9997,2,10,114
1139,1711892169517742,9997,2,10,115
1140,1711892169527744,9997,2,10,116
1141,1711892169537747,9997,2,10,117
1142,1711892169547749,9997,2,10,118
1143,1711892169557751,9997,2,10,119
1144,1711892169567753,9997,2,10,120
1145,1711892169577755,9997,2,10,121
1146,1711892169587758,9997,2,10,122
1147,1711892169597760,9997,2,10,123
1148,1711892169607762,9997,2,10,124
1149,1711892169657553,0,49788,11,125
1150,1711892169667555,9997,2,11,126
1151,1711892169677558,9997,2,11,127
1152,1711892169687560,9997,2,11,128
1153,1711892169697562,9997,2,11,129
1154,1711892169707564,9997,2,11,130
1155,1711892169717567,9997,2,11,131
1156,1711892169727569,9997,2,11,132
1157,1711892169737571,9997,2,11,133
1158,1711892169747574,9997,2,11,134
1159,1711892169757576,9997,2,11,135
1160,1711892169767578,9997,2,11,136
1161,1711892169777581,9997,2,11,137
1162,1711892169787583,9997,2,11,138
1163,1711892169797585,9997,2,11,139
1164,1711892169807588,9997,2,11,140
1165,1711892169817590,9997,2,11,141
1166,1711892169827592,9997,2,11,142
1167,1711892169837595,9997,2,11,143
1168,1711892169847597,9997,2,11,144
1169,1711892169857599,9997,2,11,145
1170,1711892169867602,9997,2,11,146
1171,1711892169877604,9997,2,11,147
1172,1711892169887606,9997,2,11,148
1173,1711892169897608,9997,2,11,149
1174,1711892169907611,9997,2,11,150
1175,1711892169917613,9997,2,11,151
1176,1711892169927615,9997,2,11,152
1177,1711892169937617,9997,2,11,153
1178,1711892169947619,9997,2,11,154
1179,1711892169957622,9997,2,11,155
1180,1711892169967624,9997,2,11,156
1181,1711892169977626,9997,2,11,157
1182,1711892169987628,9997,2,11,158
1183,1711892169997630,9997,2,11,159
1184,1711892170007633,9997,2,11,160
1185,1711892170017635,9997,2,11,161
1186,1711892170027637,9997,2,11,162
1187,1711892170037639,9997,2,11,163
1188,1711892170047641,9997,2,11,164
1189,1711892170057644,9997,2,11,165
1190,1711892170067646,9997,2,11,166
1191,1711892170077648,9997,2,11,167
1192,1711892170087650,9997,2,11,168
1193,1711892170097652,9997,2,11,169
1194,1711892170107655,9997,2,11,170
1195,1711892170117657,9997,2,11,171
1196,1711892170127659,9997,2,11,172
1197,1711892170137661,9997,2,11,173
1198,1711892170147663,9997,2,11,174
1199,1711892170157666,9997,2,11,175
1200,1711892170167668,9997,2,11,176
1201,1711892170177670,9997,2,11,177
1202,1711892170187672,9997,2,11,178
1203,1711892170197674,9997,2,11,179
1204,1711892170207676,9997,2,11,180
1205,1711892170217679,9997,2,11,181
1206,1711892170227681,9997,2,11,182
1207,1711892170237683,9997,2,11,183
1208,1711892170247685,9997,2,11,184
1209,1711892170257687,9997,2,11,185
1210,1711892170267690,9997,2,11,186
1211,1711892170277692,9997,2,11,187
1212,1711892170287694,9997,2,11,188
1213,1711892170297696,9997,2,11,189
1214,1711892170307698,9997,2,11,190
1215,1711892170317701,9997,2,11,191
1216,1711892170327703,9997,2,11,192
1217,1711892170337705,9997,2,11,193
1218,1711892170347707,9997,2,11,194
1219,1711892170357710,9997,2,11,195
1220,1711892170367712,9997,2,11,196
1221,1711892170377714,9997,2,11,197
1222,1711892170387716,9997,2,11,198
1223,1711892170397718,9997,2,11,199
1224,1711892170407721,9997,2,11,200
1225,1711892170417723,9997,2,11,201
1226,1711892170427725,9997,2,11,202
1227,1711892170437727,9997,2,11,203
1228,1711892170447729,9997,2,11,204
1229,1711892170457732,9997,2,11,205
1230,1711892170467734,9997,2,11,206
1231,1711892170477736,9997,2,11,207
1232,1711892170487738,9997,2,11,208
1233,1711892170497740,9997,2,11,209
1234,1711892170507743,9997,2,11,210
1235,1711892170517745,9997,2,11,211
1236,1711892170527747,9997,2,11,212
1237,1711892170537749,9997,2,11,213
1238,1711892170547751,9997,2,11,214
1239,1711892170557754,9997,2,11,215
1240,1711892170567756,9997,2,11,216
1241,1711892170577758,9997,2,11,217
1242,1711892170587760,9997,2,11,218
1243,1711892170597762,9996,3,11,219
1244,1711892170607765,9997,2,11,220
1245,1711892170657552,0,49785,12,221
1246,1711892170667555,9997,2,12,222
1247,1711892170677557,9997,2,12,223
1248,1711892170687559,9997,2,12,224
1249,1711892170697561,9997,2,12,225
1250,1711892170707563,9997,2,12,226
1251,1711892170717565,9997,2,12,227
1252,1711892170727567,9997,2,12,228
1253,1711892170737570,9997,2,12,229
1254,1711892170747572,9997,2,12,230
1255,1711892170757574,9997,2,12,231
1256,1711892170767576,9997,2,12,232
1257,1711892170777578,9997,2,12,233
1258,1711892170787580,9997,2,12,234
1259,1711892170797582,9996,3,12,235
1260,1711892170807584,9997,2,12,236
1261,1711892170817589,9997,2,12,237
1262,1711892170827592,9996,3,12,238
1263,1711892170837594,9997,2,12,239
1264,1711892170847596,9997,2,12,240
1265,1711892170857598,9997,2,12,241
1266,1711892170867600,9997,2,12,242
1267,1711892170877602,9997,2,12,243
1268,1711892170887605,9997,2,12,244
1269,1711892170897607,9997,2,12,245
1270,1711892170907611,9997,2,12,246
1271,1711892170917613,9996,3,12,247
1272,1711892170927615,9997,2,12,248
1273,1711892170937617,9997,2,12,249
1274,1711892170947620,9997,2,12,250
1275,1711892170957622,9997,2,12,251
1276,1711892170967624,9997,2,12,252
1277,1711892170977626,9997,2,12,253
1278,1711892170987628,9997,2,12,254
1279,1711892170997631,9997,2,12,255
1280,1711892171007633,9997,2,12,0
1281,1711892171017635,9997,2,12,1
1282,1711892171027637,9997,2,12,2
1283,1711892171037640,9997,2,12,3
1284,1711892171047642,9997,2,12,4
1285,1711892171057644,9997,2,12,5
1286,1711892171067646,9997,2,12,6
1287,1711892171077649,9997,2,12,7
1288,1711892171087651,9997,2,12,8
1289,1711892171097653,9997,2,12,9
1290,1711892171107655,9997,2,12,10
1291,1711892171117657,9997,2,12,11
1292,1711892171127660,9997,2,12,12
1293,1711892171137662,9997,2,12,13
1294,1711892171147664,9997,2,12,14
1295,1711892171157666,9997,2,12,15
1296,1711892171167668,9997,2,12,16
1297,1711892171177671,9997,2,12,17
1298,1711892171187673,9997,2,12,18
1299,1711892171197675,9997,2,12,19
1300,1711892171207677,9997,2,12,20
1301,1711892171217680,9997,2,12,21
1302,1711892171227682,9997,2,12,22
1303,1711892171237684,9997,2,12,23
1304,1711892171247686,9997,2,12,24
1305,1711892171257688,9997,2,12,25
1306,1711892171267691,9997,2,12,26
1307,1711892171277693,9997,2,12,27
1308,1711892171287695,9997,2,12,28
1309,1711892171297697,9997,2,12,29
1310,1711892171307699,9997,2,12,30
1311,1711892171317702,9997,2,12,31
1312,1711892171327704,9997,2,12,32
1313,1711892171337706,9997,2,12,33
1314,1711892171347708,9997,2,12,34
1315,1711892171357711,9997,2,12,35
1316,1711892171367713,9997,2,12,36
1317,1711892171377715,9997,2,12,37
1318,1711892171387717,9997,2,12,38
1319,1711892171397720,9997,2,12,39
1320,1711892171407722,9997,2,12,40
1321,1711892171417724,9997,2,12,41
1322,1711892171427726,9997,2,12,42
1323,1711892171437730,9997,2,12,43
1324,1711892171447734,9997,2,12,44
1325,1711892171457737,9996,3,12,45
1326,1711892171467739,9997,2,12,46
1327,1711892171477741,9997,2,12,47
1328,1711892171487743,9997,2,12,48
1329,1711892171497745,9997,2,12,49
1330,1711892171507748,9997,2,12,50
1331,1711892171517750,9997,2,12,51
1332,1711892171527752,9997,2,12,52
1333,1711892171537754,9997,2,12,53
1334,1711892171547757,9997,2,12,54
1335,1711892171557759,9997,2,12,55
1336,1711892171567761,9997,2,12,56
1337,1711892171577763,9997,2,12,57
1338,1711892171587766,9997,2,12,58
1339,1711892171597768,9997,2,12,59
1340,1711892171607770,9997,2,12,60
1341,1711892171617773,9997,2,12,61
1342,1711892171657556,0,39777,13,62
1343,1711892171667559,9997,2,13,63
1344,1711892171677561,9997,2,13,64
1345,1711892171687563,9997,2,13,65
1346,1711892171697565,9997,2,13,66
1347,1711892171707568,9997,2,13,67
1348,1711892171717570,9997,2,13,68
1349,1711892171727572,9997,2,13,69
1350,1711892171737574,9997,2,13,70
1351,1711892171747576,9997,2,13,71
1352,1711892171757579,9997,2,13,72
1353,1711892171767581,9997,2,13,73
1354,1711892171777583,9997,2,13,74
1355,1711892171787585,9997,2,13,75
1356,1711892171797587,9997,2,13,76
1357,1711892171807590,9997,2,13,77
1358,1711892171817592,9997,2,13,78
1359,1711892171827594,9996,3,13,79
1360,1711892171837596,9997,2,13,80
1361,1711892171847598,9997,2,13,81
1362,1711892171857601,9997,2,13,82
1363,1711892171867603,9997,2,13,83
1364,1711892171877605,9997,2,13,84
1365,1711892171887607,9997,2,13,85
1366,1711892171897609,9997,2,13,86
1367,1711892171907612,9997,2,13,87
1368,1711892171917614,9997,2,13,88
1369,1711892171927616,9997,2,13,89
1370,1711892171937618,9997,2,13,90
1371,1711892171947620,9997,2,13,91
1372,1711892171957622,9997,2,13,92
1373,1711892171967624,9997,2,13,93
1374,1711892171977626,9997,2,13,94
1375,1711892171987628,9997,2,13,95
1376,1711892171997630,9997,2,13,96
1377,1711892172007632,9997,2,13,97
1378,1711892172017634,9997,2,13,98
1379,1711892172027636,9997,2,13,99
1380,1711892172037639,9997,2,13,100
1381,1711892172047641,9997,2,13,101
1382,1711892172057643,9997,2,13,102
1383,1711892172067645,9997,2,13,103
1384,1711892172077647,9997,2,13,104
1385,1711892172087649,9997,2,13,105
1386,1711892172097651,9997,2,13,106
1387,1711892172107653,9997,2,13,107
1388,1711892172117655,9997,2,13,108
1389,1711892172127657,9997,2,13,109
1390,1711892172137659,9997,2,13,110
1391,1711892172147661,9997,2,13,111
1392,1711892172157663,9997,2,13,112
1393,1711892172167666,9997,2,13,113
1394,1711892172177668,9997,2,13,114
1395,1711892172187670,9997,2,13,115
1396,1711892172197672,9997,2,13,116
1397,1711892172207674,9997,2,13,117
1398,1711892172217676,9997,2,13,118
1399,1711892172227678,9997,2,13,119
1400,1711892172237680,9997,2,13,120
1401,1711892172247682,9997,2,13,121
1402,1711892172257684,9997,2,13,122
1403,1711892172267686,9997,2,13,123
1404,1711892172277688,9997,2,13,124
1405,1711892172287691,9997,2,13,125
1406,1711892172297693,9997,2,13,126
1407,1711892172307695,9997,2,13,127
1408,1711892172317697,9997,2,13,128
1409,1711892172327699,9997,2,13,129
1410,1711892172337701,9997,2,13,130
1411,1711892172347703,9997,2,13,131
1412,1711892172357705,9997,2,13,132
1413,1711892172367707,9997,2,13,133
1414,1711892172377709,9997,2,13,134
1415,1711892172387711,9997,2,13,135
1416,1711892172397714,9997,2,13,136
1417,1711892172407716,9997,2,13,137
1418,1711892172417719,9997,2,13,138
1419,1711892172427721,9996,3,13,139
1420,1711892172437723,9997,2,13,140
1421,1711892172447725,9997,2,13,141
1422,1711892172457728,9997,2,13,142
1423,1711892172467730,9997,2,13,143
1424,1711892172477732,9997,2,13,144
1425,1711892172487734,9997,2,13,145
1426,1711892172497736,9997,2,13,146
1427,1711892172507738,9997,2,13,147
1428,1711892172517740,9997,2,13,148
1429,1711892172527742,9997,2,13,149
1430,1711892172537744,9997,2,13,150
1431,1711892172547747,9997,2,13,151
1432,1711892172557749,9997,2,13,152
1433,1711892172567751,9991,8,13,153
1434,1711892172577753,9997,2,13,154
1435,1711892172587755,9997,2,13,155
1436,1711892172597757,9997,2,13,156
1437,1711892172607760,9997,2,13,157
1438,1711892172657555,0,49791,14,158
1439,1711892172667557,9997,2,14,159
1440,1711892172677559,9997,2,14,160
1441,1711892172687562,9997,2,14,161
1442,1711892172697564,9997,2,14,162
1443,1711892172707566,9997,2,14,163
1444,1711892172717568,9997,2,14,164
1445,1711892172727570,9997,2,14,165
1446,1711892172737572,9997,2,14,166
1447,1711892172747574,9997,2,14,167
1448,1711892172757576,9997,2,14,168
1449,1711892172767578,9997,2,14,169
1450,1711892172777580,9997,2,14,170
1451,1711892172787582,9997,2,14,171
1452,1711892172797585,9997,2,14,172
1453,1711892172807588,9997,2,14,173
1454,1711892172817591,9997,2,14,174
1455,1711892172827593,9997,2,14,175
1456,1711892172837595,9997,2,14,176
1457,1711892172847597,9997,2,14,177
1458,1711892172857599,9997,2,14,178
1459,1711892172867601,9997,2,14,179
1460,1711892172877603,9997,2,14,180
1461,1711892172887605,9997,2,14,181
1462,1711892172897607,9997,2,14,182
1463,1711892172907609,9997,2,14,183
1464,1711892172917611,9997,2,14,184
1465,1711892172927613,9997,2,14,185
1466,1711892172937616,9997,2,14,186
1467,1711892172947618,9997,2,14,187
1468,1711892172957620,9997,2,14,188
1469,1711892172967622,9997,2,14,189
1470,1711892172977624,9997,2,14,190
1471,1711892172987626,9997,2,14,191
1472,1711892172997628,9997,2,14,192
1473,1711892173007630,9997,2,14,193
1474,1711892173017632,9997,2,14,194
1475,1711892173027634,9997,2,14,195
1476,1711892173037636,9997,2,14,196
1477,1711892173047639,9997,2,14,197
1478,1711892173057641,9997,2,14,198
1479,1711892173067643,9997,2,14,199
1480,1711892173077645,9997,2,14,200
1481,1711892173087647,9997,2,14,201
1482,1711892173097649,9997,2,14,202
1483,1711892173107651,9997,2,14,203
1484,1711892173117653,9997,2,14,204
1485,1711892173127655,9997,2,14,205
1486,1711892173137658,9997,2,14,206
1487,1711892173147660,9997,2,14,207
1488,1711892173157662,9997,2,14,208
1489,1711892173167664,9997,2,14,209
1490,1711892173177666,9997,2,14,210
1491,1711892173187668,9997,2,14,211
1492,1711892173197670,9997,2,14,212
1493,1711892173207672,9997,2,14,213
1494,1711892173217674,9997,2,14,214
1495,1711892173227676,9997,2,14,215
1496,1711892173237678,9997,2,14,216
1497,1711892173247680,9997,2,14,217
1498,1711892173257682,9997,2,14,218
1499,1711892173267684,9997,2,14,219
1500,1711892173277687,9997,2,14,220
1501,1711892173287689,9997,2,14,221
1502,1711892173297691,9997,2,14,222
1503,1711892173307693,9997,2,14,223
1504,1711892173317695,9997,2,14,224
1505,1711892173327697,9997,2,14,225
1506,1711892173337699,9997,2,14,226
1507,1711892173347701,9997,2,14,227
1508,1711892173357703,9997,2,14,228
1509,1711892173367705,9997,2,14,229
1510,1711892173377707,9997,2,14,230
1511,1711892173387709,9997,2,14,231
1512,1711892173397712,9997,2,14,232
1513,1711892173407714,9997,2,14,233
1514,1711892173417716,9997,2,14,234
1515,1711892173427718,9997,2,14,235
1516,1711892173437720,9997,2,14,236
1517,1711892173447722,9997,2,14,237
1518,1711892173457724,9997,2,14,238
1519,1711892173467726,9997,2,14,239
1520,1711892173477728,9997,2,14,240
1521,1711892173487730,9997,2,14,241
1522,1711892173497732,9997,2,14,242
1523,1711892173507734,9997,2,14,243
1524,1711892173517736,9997,2,14,244
1525,1711892173527739,9997,2,14,245
1526,1711892173537741,9997,2,14,246
1527,1711892173547743,9997,2,14,247
1528,1711892173557745,9997,2,14,248
1529,1711892173567747,9997,2,14,249
1530,1711892173577749,9997,2,14,250
1531,1711892173587751,9997,2,14,251
1532,1711892173597753,9997,2,14,252
1533,1711892173607755,9997,2,14,253
1534,1711892173657552,0,49794,15,254
1535,1711892173667555,9997,2,15,255
1536,1711892173677557,9997,2,15,0
1537,1711892173687560,9997,2,15,1
1538,1711892173697562,9997,2,15,2
1539,1711892173707564,9997,2,15,3
1540,1711892173717567,9997,2,15,4
1541,1711892173727569,9997,2,15,5
1542,1711892173737571,9997,2,15,6
1543,1711892173747574,9997,2,15,7
1544,1711892173757576,9997,2,15,8
1545,1711892173767578,9997,2,15,9
1546,1711892173777580,9997,2,15,10
1547,1711892173787583,9997,2,15,11
1548,1711892173797585,9997,2,15,12
1549,1711892173807587,9997,2,15,13
1550,1711892173817589,9997,2,15,14
1551,1711892173827592,9997,2,15,15
1552,1711892173837594,9997,2,15,16
1553,1711892173847596,9997,2,15,17
1554,1711892173857599,9997,2,15,18
1555,1711892173867601,9997,2,15,19
1556,1711892173877603,9997,2,15,20
1557,1711892173887606,9997,2,15,21
1558,1711892173897608,9997,2,15,22
1559,1711892173907610,9997,2,15,23
1560,1711892173917614,9997,2,15,24
1561,1711892173927616,9996,3,15,25
1562,1711892173937618,9997,2,15,26
1563,1711892173947620,9997,2,15,27
1564,1711892173957623,9997,2,15,28
1565,1711892173967625,9997,2,15,29
1566,1711892173977627,9997,2,15,30
1567,1711892173987629,9997,2,15,31
1568,1711892173997631,9997,2,15,32
1569,1711892174007634,9997,2,15,33
1570,1711892174017636,9997,2,15,34
1571,1711892174027638,9997,2,15,35
1572,1711892174037640,9997,2,15,36
1573,1711892174047642,9997,2,15,37
1574,1711892174057644,9997,2,15,38
1575,1711892174067647,9997,2,15,39
1576,1711892174077649,9997,2,15,40
1577,1711892174087651,9997,2,15,41
1578,1711892174097653,9997,2,15,42
1579,1711892174107655,9996,3,15,43
1580,1711892174117657,9997,2,15,44
1581,1711892174127660,9997,2,15,45
1582,1711892174137662,9997,2,15,46
1583,1711892174147664,9997,2,15,47
1584,1711892174157666,9997,2,15,48
1585,1711892174167668,9997,2,15,49
1586,1711892174177671,9997,2,15,50
1587,1711892174187673,9997,2,15,51
1588,1711892174197675,9997,2,15,52
1589,1711892174207677,9997,2,15,53
1590,1711892174217679,9997,2,15,54
1591,1711892174227681,9997,2,15,55
1592,1711892174237684,9997,2,15,56
1593,1711892174247686,9997,2,15,57
1594,1711892174257688,9997,2,15,58
1595,1711892174267690,9997,2,15,59
1596,1711892174277692,9997,2,15,60
1597,1711892174287695,9997,2,15,61
1598,1711892174297697,9997,2,15,62
1599,1711892174307699,9997,2,15,63
1600,1711892174317701,9997,2,15,64
1601,1711892174327703,9997,2,15,65
1602,1711892174337705,9997,2,15,66
1603,1711892174347707,9997,2,15,67
1604,1711892174357710,9997,2,15,68
1605,1711892174367712,9997,2,15,69
1606,1711892174377714,9997,2,15,70
1607,1711892174387716,9997,2,15,71
1608,1711892174397718,9997,2,15,72
1609,1711892174407721,9997,2,15,73
1610,1711892174417723,9997,2,15,74
1611,1711892174427725,9997,2,15,75
1612,1711892174437727,9997,2,15,76
1613,1711892174447729,9997,2,15,77
1614,1711892174457731,9997,2,15,78
1615,1711892174467734,9997,2,15,79
1616,1711892174477736,9997,2,15,80
1617,1711892174487738,9997,2,15,81
1618,1711892174497740,9997,2,15,82
1619,1711892174507742,9997,2,15,83
1620,1711892174517745,9997,2,15,84
1621,1711892174527747,9997,2,15,85
1622,1711892174537749,9997,2,15,86
1623,1711892174547751,9997,2,15,87
1624,1711892174557753,9997,2,15,88
1625,1711892174567756,9997,2,15,89
1626,1711892174577758,9997,2,15,90
1627,1711892174587760,9997,2,15,91
1628,1711892174597762,9997,2,15,92
1629,1711892174607764,9997,2,15,93
1630,1711892174617767,9997,2,15,94
1631,1711892174657554,0,39784,16,95
1632,1711892174667556,9997,2,16,96
1633,1711892174677558,9997,2,16,97
1634,1711892174687560,9997,2,16,98
1635,1711892174697563,9997,2,16,99
1636,1711892174707565,9997,2,16,100
1637,1711892174717567,9997,2,16,101
1638,1711892174727569,9997,2,16,102
1639,1711892174737571,9997,2,16,103
1640,1711892174747573,9997,2,16,104
1641,1711892174757575,9997,2,16,105
1642,1711892174767577,9997,2,16,106
1643,1711892174777579,9997,2,16,107
1644,1711892174787581,9997,2,16,108
1645,1711892174797583,9997,2,16,109
1646,1711892174807586,9997,2,16,110
1647,1711892174817588,9997,2,16,111
1648,1711892174827590,9997,2,16,112
1649,1711892174837592,9997,2,16,113
1650,1711892174847594,9997,2,16,114
1651,1711892174857596,9997,2,16,115
1652,1711892174867598,9997,2,16,116
1653,1711892174877600,9997,2,16,117
1654,1711892174887602,9997,2,16,118
1655,1711892174897604,9997,2,16,119
1656,1711892174907606,9997,2,16,120
1657,1711892174917608,9997,2,16,121
1658,1711892174927611,9997,2,16,122
1659,1711892174937613,9996,3,16,123
1660,1711892174947615,9997,2,16,124
1661,1711892174957617,9997,2,16,125
1662,1711892174967619,9997,2,16,126
1663,1711892174977621,9997,2,16,127
1664,1711892174987623,9997,2,16,128
1665,1711892174997625,9997,2,16,129
1666,1711892175007627,9997,2,16,130
1667,1711892175017630,9997,2,16,131
1668,1711892175027632,9997,2,16,132
1669,1711892175037634,9997,2,16,133
1670,1711892175047636,9997,2,16,134
1671,1711892175057638,9997,2,16,135
1672,1711892175067640,9997,2,16,136
1673,1711892175077642,9997,2,16,137
1674,1711892175087644,9997,2,16,138
1675,1711892175097647,9997,2,16,139
1676,1711892175107649,9997,2,16,140
1677,1711892175117651,9997,2,16,141
1678,1711892175127653,9997,2,16,142
1679,1711892175137655,9997,2,16,143
1680,1711892175147657,9997,2,16,144
1681,1711892175157659,9997,2,16,145
1682,1711892175167662,9997,2,16,146
1683,1711892175177664,9997,2,16,147
1684,1711892175187666,9997,2,16,148
1685,1711892175197668,9997,2,16,149
1686,1711892175207670,9997,2,16,150
1687,1711892175217672,9997,2,16,151
1688,1711892175227674,9997,2,16,152
1689,1711892175237676,9997,2,16,153
1690,1711892175247679,9997,2,16,154
1691,1711892175257681,9997,2,16,155
1692,1711892175267683,9997,2,16,156
1693,1711892175277685,9997,2,16,157
1694,1711892175287687,9997,2,16,158
1695,1711892175297689,9997,2,16,159
1696,1711892175307691,9997,2,16,160
1697,1711892175317694,9997,2,16,161
1698,1711892175327696,9997,2,16,162
1699,1711892175337698,9997,2,16,163
1700,1711892175347700,9997,2,16,164
1701,1711892175357702,9997,2,16,165
1702,1711892175367704,9997,2,16,166
1703,1711892175377706,9997,2,16,167
1704,1711892175387708,9997,2,16,168
1705,1711892175397710,9997,2,16,169
1706,1711892175407712,9997,2,16,170
1707,1711892175417716,9997,2,16,171
1708,1711892175427719,9996,3,16,172
1709,1711892175437721,9997,2,16,173
1710,1711892175447723,9997,2,16,174
1711,1711892175457725,9996,3,16,175
1712,1711892175467727,9997,2,16,176
1713,1711892175477729,9997,2,16,177
1714,1711892175487731,9997,2,16,178
1715,1711892175497733,9997,2,16,179
1716,1711892175507736,9997,2,16,180
1717,1711892175517738,9997,2,16,181
1718,1711892175527740,9997,2,16,182
1719,1711892175537742,9997,2,16,183
1720,1711892175547744,9997,2,16,184
1721,1711892175557746,9997,2,16,185
1722,1711892175567748,9997,2,16,186
1723,1711892175577750,9997,2,16,187
1724,1711892175587752,9997,2,16,188
1725,1711892175597755,9997,2,16,189
1726,1711892175607757,9997,2,16,190
1727,1711892175657553,0,49793,17,191
1728,1711892175667556,9997,2,17,192
1729,1711892175677558,9997,2,17,193
1730,1711892175687561,9997,2,17,194
1731,1711892175697563,9997,2,17,195
1732,1711892175707565,9997,2,17,196
1733,1711892175717567,9997,2,17,197
1734,1711892175727569,9997,2,17,198
1735,1711892175737572,9997,2,17,199
1736,1711892175747574,9997,2,17,200
1737,1711892175757576,9997,2,17,201
1738,1711892175767578,9997,2,17,202
1739,1711892175777580,9997,2,17,203
1740,1711892175787583,9997,2,17,204
1741,1711892175797585,9997,2,17,205
1742,1711892175807587,9997,2,17,206
1743,1711892175817589,9997,2,17,207
1744,1711892175827591,9997,2,17,208
1745,1711892175837594,9997,2,17,209
1746,1711892175847596,9997,2,17,210
1747,1711892175857598,9997,2,17,211
1748,1711892175867600,9997,2,17,212
1749,1711892175877602,9997,2,17,213
1750,1711892175887605,9997,2,17,214
1751,1711892175897607,9997,2,17,215
1752,1711892175907609,9997,2,17,216
1753,1711892175917611,9997,2,17,217
1754,1711892175927613,9996,3,17,218
1755,1711892175937615,9997,2,17,219
1756,1711892175947618,9997,2,17,220
1757,1711892175957620,9997,2,17,221
1758,1711892175967622,9997,2,17,222
1759,1711892175977624,9997,2,17,223
1760,1711892175987626,9997,2,17,224
1761,1711892175997628,9997,2,17,225
1762,1711892176007630,9997,2,17,226
1763,1711892176017632,9997,2,17,227
1764,1711892176027634,9997,2,17,228
1765,1711892176037636,9997,2,17,229
1766,1711892176047638,9997,2,17,230
1767,1711892176057640,9997,2,17,231
1768,1711892176067642,9997,2,17,232
1769,1711892176077644,9997,2,17,233
1770,1711892176087646,9997,2,17,234
1771,1711892176097648,9997,2,17,235
1772,1711892176107651,9997,2,17,236
1773,1711892176117653,9997,2,17,237
1774,1711892176127655,9997,2,17,238
1775,1711892176137657,9997,2,17,239
1776,1711892176147659,9997,2,17,240
1777,1711892176157661,9997,2,17,241
1778,1711892176167663,9997,2,17,242
1779,1711892176177665,9997,2,17,243
1780,1711892176187667,9997,2,17,244
1781,1711892176197669,9997,2,17,245
1782,1711892176207671,9997,2,17,246
1783,1711892176217673,9996,3,17,247
1784,1711892176227676,9997,2,17,248
1785,1711892176237678,9997,2,17,249
1786,1711892176247680,9997,2,17,250
1787,1711892176257682,9997,2,17,251
1788,1711892176267684,9997,2,17,252
1789,1711892176277686,9997,2,17,253
1790,1711892176287688,9997,2,17,254
1791,1711892176297690,9997,2,17,255
1792,1711892176307692,9997,2,17,0
1793,1711892176317694,9997,2,17,1
1794,1711892176327696,9997,2,17,2
1795,1711892176337698,9997,2,17,3
1796,1711892176347701,9997,2,17,4
1797,1711892176357703,9997,2,17,5
1798,1711892176367705,9997,2,17,6
1799,1711892176377707,9997,2,17,7
1800,1711892176387709,9997,2,17,8
1801,1711892176397711,9997,2,17,9
1802,1711892176407713,9997,2,17,10
1803,1711892176417715,9997,2,17,11
1804,1711892176427717,9997,2,17,12
1805,1711892176437719,9997,2,17,13
1806,1711892176447723,9997,2,17,14
1807,1711892176457726,9996,3,17,15
1808,1711892176467728,9997,2,17,16
1809,1711892176477730,9997,2,17,17
1810,1711892176487732,9997,2,17,18
1811,1711892176497734,9997,2,17,19
1812,1711892176507736,9997,2,17,20
1813,1711892176517738,9997,2,17,21
1814,1711892176527740,9997,2,17,22
1815,1711892176537742,9997,2,17,23
1816,1711892176547744,9997,2,17,24
1817,1711892176557746,9997,2,17,25
1818,1711892176567749,9997,2,17,26
1819,1711892176577751,9997,2,17,27
1820,1711892176587753,9997,2,17,28
1821,1711892176597755,9997,2,17,29
1822,1711892176607757,9997,2,17,30
1823,1711892176657553,0,49793,18,31
1824,1711892176667556,9997,2,18,32
1825,1711892176677558,9997,2,18,33
1826,1711892176687560,9997,2,18,34
1827,1711892176697562,9997,2,18,35
1828,1711892176707564,9997,2,18,36
1829,1711892176717566,9997,2,18,37
1830,1711892176727568,9997,2,18,38
1831,1711892176737570,9997,2,18,39
1832,1711892176747572,9997,2,18,40
1833,1711892176757575,9997,2,18,41
1834,1711892176767577,9997,2,18,42
1835,1711892176777579,9997,2,18,43
1836,1711892176787581,9997,2,18,44
1837,1711892176797583,9997,2,18,45
1838,1711892176807585,9997,2,18,46
1839,1711892176817587,9997,2,18,47
1840,1711892176827589,9997,2,18,48
1841,1711892176837592,9997,2,18,49
1842,1711892176847594,9997,2,18,50
1843,1711892176857596,9997,2,18,51
1844,1711892176867598,9997,2,18,52
1845,1711892176877600,9997,2,18,53
1846,1711892176887602,9997,2,18,54
1847,1711892176897604,9997,2,18,55
1848,1711892176907607,9997,2,18,56
1849,1711892176917609,9997,2,18,57
1850,1711892176927613,9997,2,18,58
1851,1711892176937615,9996,3,18,59
1852,1711892176947617,9997,2,18,60
1853,1711892176957620,9997,2,18,61
1854,1711892176967622,9997,2,18,62
1855,1711892176977624,9997,2,18,63
1856,1711892176987626,9997,2,18,64
1857,1711892176997628,9997,2,18,65
1858,1711892177007630,9997,2,18,66
1859,1711892177017633,9997,2,18,67
1860,1711892177027635,9997,2,18,68
1861,1711892177037637,9997,2,18,69
1862,1711892177047639,9997,2,18,70
1863,1711892177057641,9997,3,18,71
1864,1711892177067643,9997,2,18,72
1865,1711892177077645,9997,2,18,73
1866,1711892177087648,9997,2,18,74
1867,1711892177097650,9997,2,18,75
1868,1711892177107652,9997,2,18,76
1869,1711892177117654,9997,2,18,77
1870,1711892177127656,9997,2,18,78
1871,1711892177137658,9997,2,18,79
1872,1711892177147661,9997,2,18,80
1873,1711892177157663,9997,2,18,81
1874,1711892177167665,9997,2,18,82
1875,1711892177177667,9997,2,18,83
1876,1711892177187669,9997,2,18,84
1877,1711892177197671,9997,2,18,85
1878,1711892177207674,9997,2,18,86
1879,1711892177217676,9997,2,18,87
1880,1711892177227678,9997,2,18,88
1881,1711892177237680,9997,2,18,89
1882,1711892177247682,9997,2,18,90
1883,1711892177257684,9997,2,18,91
1884,1711892177267686,9997,2,18,92
1885,1711892177277688,9997,2,18,93
1886,1711892177287691,9997,2,18,94
1887,1711892177297693,9997,2,18,95
1888,1711892177307695,9997,2,18,96
1889,1711892177317697,9997,2,18,97
1890,1711892177327699,9997,2,18,98
1891,1711892177337701,9997,2,18,99
1892,1711892177347703,9997,2,18,100
1893,1711892177357705,9997,2,18,101
1894,1711892177367708,9997,2,18,102
1895,1711892177377710,9997,2,18,103
1896,1711892177387712,9997,2,18,104
1897,1711892177397714,9997,2,18,105
1898,1711892177407716,9997,2,18,106
1899,1711892177417718,9997,2,18,107
1900,1711892177427721,9997,2,18,108
1901,1711892177437723,9997,2,18,109
1902,1711892177447725,9997,2,18,110
1903,1711892177457727,9997,2,18,111
1904,1711892177467729,9997,2,18,112
1905,1711892177477731,9997,2,18,113
1906,1711892177487733,9997,2,18,114
1907,1711892177497736,9997,2,18,115
1908,1711892177507738,9997,2,18,116
1909,1711892177517740,9997,2,18,117
1910,1711892177527742,9997,2,18,118
1911,1711892177537744,9997,2,18,119
1912,1711892177547746,9997,2,18,120
1913,1711892177557748,9997,2,18,121
1914,1711892177567751,9997,2,18,122
1915,1711892177577753,9997,2,18,123
1916,1711892177587755,9997,2,18,124
1917,1711892177597757,9997,2,18,125
1918,1711892177607759,9997,2,18,126
1919,1711892177617761,9996,3,18,127
1920,1711892177657554,0,39789,19,128
1921,1711892177667557,9997,2,19,129
1922,1711892177677559,9997,2,19,130
1923,1711892177687562,9997,2,19,131
1924,1711892177697564,9997,2,19,132
1925,1711892177707566,9997,2,19,133
1926,1711892177717568,9997,2,19,134
1927,1711892177727571,9997,2,19,135
1928,1711892177737573,9997,2,19,136
1929,1711892177747575,9997,2,19,137
1930,1711892177757577,9997,2,19,138
1931,1711892177767580,9997,2,19,139
1932,1711892177777582,9997,2,19,140
1933,1711892177787584,9997,2,19,141
1934,1711892177797586,9997,2,19,142
1935,1711892177807588,9997,2,19,143
1936,1711892177817593,9997,2,19,144
1937,1711892177827595,9997,2,19,145
1938,1711892177837597,9997,2,19,146
1939,1711892177847599,9997,2,19,147
1940,1711892177857602,9997,2,19,148
1941,1711892177867604,9997,2,19,149
1942,1711892177877606,9997,2,19,150
1943,1711892177887608,9997,2,19,151
1944,1711892177897611,9997,2,19,152
1945,1711892177907613,9997,2,19,153
1946,1711892177917615,9997,2,19,154
1947,1711892177927618,9997,2,19,155
1948,1711892177937620,9997,2,19,156
1949,1711892177947622,9997,2,19,157
1950,1711892177957624,9997,2,19,158
1951,1711892177967626,9996,3,19,159
1952,1711892177977628,9997,2,19,160
1953,1711892177987630,9997,2,19,161
1954,1711892177997632,9997,2,19,162
1955,1711892178007635,9997,2,19,163
1956,1711892178017637,9997,2,19,164
1957,1711892178027639,9997,2,19,165
1958,1711892178037641,9997,2,19,166
1959,1711892178047643,9997,2,19,167
1960,1711892178057645,9997,2,19,168
1961,1711892178067647,9997,2,19,169
1962,1711892178077649,9997,2,19,170
1963,1711892178087651,9997,2,19,171
1964,1711892178097654,9997,2,19,172
1965,1711892178107656,9997,2,19,173
1966,1711892178117658,9997,2,19,174
1967,1711892178127660,9997,2,19,175
1968,1711892178137662,9997,2,19,176
1969,1711892178147664,9997,2,19,177
1970,1711892178157666,9997,2,19,178
1971,1711892178167668,9997,2,19,179
1972,1711892178177671,9997,2,19,180
1973,1711892178187673,9997,2,19,181
1974,1711892178197675,9997,2,19,182
1975,1711892178207677,9997,2,19,183
1976,1711892178217679,9997,2,19,184
1977,1711892178227681,9997,2,19,185
1978,1711892178237683,9997,2,19,186
1979,1711892178247685,9997,2,19,187
1980,1711892178257687,9997,2,19,188
1981,1711892178267690,9997,2,19,189
1982,1711892178277692,9997,2,19,190
1983,1711892178287694,9997,2,19,191
1984,1711892178297696,9997,2,19,192
1985,1711892178307698,9997,2,19,193
1986,1711892178317700,9997,2,19,194
1987,1711892178327702,9997,2,19,195
1988,1711892178337704,9997,2,19,196
1989,1711892178347706,9997,2,19,197
1990,1711892178357709,9997,2,19,198
1991,1711892178367711,9997,2,19,199
1992,1711892178377713,9997,2,19,200
1993,1711892178387715,9997,2,19,201
1994,1711892178397717,9997,2,19,202
1995,1711892178407719,9996,3,19,203
1996,1711892178417721,9997,2,19,204
1997,1711892178427725,9997,2,19,205
1998,1711892178437728,9997,2,19,206
1999,1711892178447730,9997,2,19,207
2000,1711892178457732,9997,2,19,208
2001,1711892178467734,9997,2,19,209
2002,1711892178477736,9997,2,19,210
2003,1711892178487738,9997,2,19,211
2004,1711892178497741,9997,2,19,212
2005,1711892178507743,9997,2,19,213
2006,1711892178517745,9997,2,19,214
2007,1711892178527747,9997,2,19,215
2008,1711892178537749,9997,2,19,216
2009,1711892178547751,9997,2,19,217
2010,1711892178557753,9997,2,19,218
2011,1711892178567756,9997,2,19,219
2012,1711892178577758,9997,2,19,220
2013,1711892178587760,9997,2,19,221
2014,1711892178597762,9997,2,19,222
2015,1711892178607764,9997,2,19,223
2016,1711892178657556,0,49787,20,224
2017,1711892178667558,9997,2,20,225
2018,1711892178677561,9997,2,20,226
2019,1711892178687563,9997,2,20,227
2020,1711892178697565,9997,2,20,228
2021,1711892178707567,9997,2,20,229
2022,1711892178717570,9997,2,20,230
2023,1711892178727572,9997,2,20,231
2024,1711892178737574,9997,2,20,232
2025,1711892178747576,9997,2,20,233
2026,1711892178757579,9997,2,20,234
2027,1711892178767581,9997,2,20,235
2028,1711892178777583,9997,2,20,236
2029,1711892178787585,9997,2,20,237
2030,1711892178797588,9997,2,20,238
2031,1711892178807590,9997,2,20,239
2032,1711892178817592,9997,2,20,240
2033,1711892178827594,9997,2,20,241
2034,1711892178837596,9997,2,20,242
2035,1711892178847599,9997,2,20,243
2036,1711892178857601,9997,2,20,244
2037,1711892178867603,9997,2,20,245
2038,1711892178877605,9997,2,20,246
2039,1711892178887608,9997,2,20,247
2040,1711892178897610,9997,2,20,248
2041,1711892178907612,9997,2,20,249
2042,1711892178917614,9997,2,20,250
2043,1711892178927617,9997,2,20,251
2044,1711892178937619,9997,2,20,252
2045,1711892178947621,9997,2,20,253
2046,1711892178957623,9997,2,20,254
2047,1711892178967626,9997,2,20,255
2048,1711892178977628,9997,2,20,0
2049,1711892178987630,9984,15,20,1
2050,1711892178997632,9997,2,20,2
2051,1711892179007635,9997,2,20,3
2052,1711892179017637,9997,2,20,4
2053,1711892179027639,9997,2,20,5
2054,1711892179037641,9997,2,20,6
2055,1711892179047644,9997,2,20,7
2056,1711892179057646,9997,2,20,8
2057,1711892179067648,9997,2,20,9
2058,1711892179077650,9997,2,20,10
2059,1711892179087653,9997,2,20,11
2060,1711892179097655,9997,2,20,12
2061,1711892179107657,9997,2,20,13
2062,1711892179117659,9997,2,20,14
2063,1711892179127662,9997,2,20,15
2064,1711892179137664,9997,2,20,16
2065,1711892179147666,9997,2,20,17
2066,1711892179157668,9997,2,20,18
2067,1711892179167670,9997,2,20,19
2068,1711892179177673,9997,2,20,20
2069,1711892179187675,9997,2,20,21
2070,1711892179197677,9997,2,20,22
2071,1711892179207679,9997,2,20,23
2072,1711892179217682,9997,2,20,24
2073,1711892179227684,9997,2,20,25
2074,1711892179237686,9997,2,20,26
2075,1711892179247688,9997,2,20,27
2076,1711892179257691,9997,2,20,28
2077,1711892179267693,9997,2,20,29
2078,1711892179277695,9997,2,20,30
2079,1711892179287698,9997,2,20,31
2080,1711892179297700,9997,2,20,32
2081,1711892179307702,9997,2,20,33
2082,1711892179317704,9997,2,20,34
2083,1711892179327707,9997,2,20,35
2084,1711892179337709,9997,2,20,36
2085,1711892179347711,9997,2,20,37
2086,1711892179357713,9997,2,20,38
2087,1711892179367716,9997,2,20,39
2088,1711892179377718,9997,2,20,40
2089,1711892179387720,9997,2,20,41
2090,1711892179397722,9997,2,20,42
2091,1711892179407725,9997,2,20,43
2092,1711892179417727,9997,2,20,44
2093,1711892179427729,9997,2,20,45
2094,1711892179437731,9997,2,20,46
2095,1711892179447734,9997,2,20,47
2096,1711892179457736,9997,2,20,48
2097,1711892179467738,9997,2,20,49
2098,1711892179477740,9997,2,20,50
2099,1711892179487743,9997,2,20,51
2100,1711892179497745,9997,2,20,52
2101,1711892179507747,9997,2,20,53
2102,1711892179517749,9997,2,20,54
2103,1711892179527752,9997,2,20,55
2104,1711892179537754,9997,2,20,56
2105,1711892179547756,9997,2,20,57
2106,1711892179557758,9997,2,20,58
2107,1711892179567761,9997,2,20,59
2108,1711892179577763,9997,2,20,60
2109,1711892179587765,9997,2,20,61
2110,1711892179597767,9997,2,20,62
2111,1711892179607770,9997,2,20,63
2112,1711892179657553,0,49780,21,64
2113,1711892179667555,9997,2,21,65
2114,1711892179677558,9997,2,21,66
2115,1711892179687560,9997,2,21,67
2116,1711892179697562,9997,2,21,68
2117,1711892179707564,9997,2,21,69
2118,1711892179717566,9997,2,21,70
2119,1711892179727569,9997,2,21,71
2120,1711892179737571,9997,2,21,72
2121,1711892179747573,9997,2,21,73
2122,1711892179757575,9997,2,21,74
2123,1711892179767578,9997,2,21,75
2124,1711892179777580,9997,2,21,76
2125,1711892179787582,9997,2,21,77
2126,1711892179797584,9997,2,21,78
2127,1711892179807586,9997,2,21,79
2128,1711892179817589,9997,2,21,80
2129,1711892179827591,9997,2,21,81
2130,1711892179837593,9997,2,21,82
2131,1711892179847595,9997,2,21,83
2132,1711892179857598,9997,2,21,84
2133,1711892179867602,9997,2,21,85
2134,1711892179877605,9996,3,21,86
2135,1711892179887607,9997,2,21,87
2136,1711892179897610,9997,2,21,88
2137,1711892179907612,9997,2,21,89
2138,1711892179917614,9997,2,21,90
2139,1711892179927617,9997,2,21,91
2140,1711892179937621,9997,2,21,92
2141,1711892179947624,9996,3,21,93
2142,1711892179957626,9996,3,21,94
2143,1711892179967628,9997,2,21,95
2144,1711892179977630,9997,2,21,96
2145,1711892179987632,9997,2,21,97
2146,1711892179997634,9997,2,21,98
2147,1711892180007637,9997,2,21,99
2148,1711892180017639,9997,2,21,100
2149,1711892180027641,9997,2,21,101
2150,1711892180037643,9997,2,21,102
2151,1711892180047645,9997,2,21,103
2152,1711892180057647,9997,2,21,104
2153,1711892180067650,9997,2,21,105
2154,1711892180077652,9997,2,21,106
2155,1711892180087654,9997,2,21,107
2156,1711892180097656,9997,2,21,108
2157,1711892180107658,9997,2,21,109
2158,1711892180117660,9997,2,21,110
2159,1711892180127662,9997,2,21,111
2160,1711892180137664,9997,2,21,112
2161,1711892180147667,9997,2,21,113
2162,1711892180157669,9997,2,21,114
2163,1711892180167671,9997,2,21,115
2164,1711892180177673,9997,2,21,116
2165,1711892180187675,9997,2,21,117
2166,1711892180197677,9997,2,21,118
2167,1711892180207679,9997,2,21,119
2168,1711892180217682,9997,2,21,120
2169,1711892180227684,9997,2,21,121
2170,1711892180237686,9997,2,21,122
2171,1711892180247688,9996,3,21,123
2172,1711892180257690,9997,2,21,124
2173,1711892180267692,9997,2,21,125
2174,1711892180277694,9997,2,21,126
2175,1711892180287697,9997,2,21,127
2176,1711892180297699,9997,2,21,128
2177,1711892180307701,9997,2,21,129
2178,1711892180317703,9997,2,21,130
2179,1711892180327705,9997,2,21,131
2180,1711892180337707,9997,2,21,132
2181,1711892180347709,9997,2,21,133
2182,1711892180357711,9997,2,21,134
2183,1711892180367714,9997,2,21,135
2184,1711892180377716,9997,2,21,136
2185,1711892180387718,9997,2,21,137
2186,1711892180397720,9997,2,21,138
2187,1711892180407722,9997,2,21,139
2188,1711892180417724,9997,2,21,140
2189,1711892180427726,9997,2,21,141
2190,1711892180437728,9997,2,21,142
2191,1711892180447730,9997,2,21,143
2192,1711892180457733,9997,2,21,144
2193,1711892180467735,9996,3,21,145
2194,1711892180477737,9997,2,21,146
2195,1711892180487739,9997,2,21,147
2196,1711892180497741,9997,2,21,148
2197,1711892180507743,9997,2,21,149
2198,1711892180517745,9997,2,21,150
2199,1711892180527747,9997,2,21,151
2200,1711892180537749,9997,2,21,152
2201,1711892180547751,9997,2,21,153
2202,1711892180557754,9997,2,21,154
2203,1711892180567756,9997,2,21,155
2204,1711892180577758,9997,2,21,156
2205,1711892180587760,9997,2,21,157
2206,1711892180597762,9997,2,21,158
2207,1711892180607764,9997,2,21,159
2208,1711892180617767,9997,2,21,160
2209,1711892180657556,0,39783,22,161
2210,1711892180667559,9997,2,22,162
2211,1711892180677561,9997,2,22,163
2212,1711892180687563,9997,2,22,164
2213,1711892180697566,9997,2,22,165
2214,1711892180707568,9997,2,22,166
2215,1711892180717570,9997,2,22,167
2216,1711892180727572,9997,2,22,168
2217,1711892180737574,9997,2,22,169
2218,1711892180747576,9997,2,22,170
2219,1711892180757578,9997,2,22,171
2220,1711892180767580,9997,2,22,172
2221,1711892180777583,9997,2,22,173
2222,1711892180787585,9997,2,22,174
2223,1711892180797587,9997,2,22,175
2224,1711892180807589,9997,2,22,176
2225,1711892180817591,9997,2,22,177
2226,1711892180827593,9997,2,22,178
2227,1711892180837595,9997,2,22,179
2228,1711892180847597,9997,2,22,180
2229,1711892180857599,9997,2,22,181
2230,1711892180867601,9997,2,22,182
2231,1711892180877604,9997,2,22,183
2232,1711892180887606,9997,2,22,184
2233,1711892180897608,9997,2,22,185
2234,1711892180907610,9997,2,22,186
2235,1711892180917612,9997,2,22,187
2236,1711892180927614,9997,2,22,188
2237,1711892180937616,9997,2,22,189
2238,1711892180947618,9997,2,22,190
2239,1711892180957621,9997,2,22,191
2240,1711892180967623,9997,2,22,192
2241,1711892180977625,9997,2,22,193
2242,1711892180987627,9997,2,22,194
2243,1711892180997630,9997,2,22,195
2244,1711892181007632,9997,2,22,196
2245,1711892181017634,9997,2,22,197
2246,1711892181027636,9997,2,22,198
2247,1711892181037639,9997,2,22,199
2248,1711892181047641,9997,2,22,200
2249,1711892181057643,9997,2,22,201
2250,1711892181067645,9997,2,22,202
2251,1711892181077647,9997,2,22,203
2252,1711892181087650,9997,2,22,204
2253,1711892181097652,9997,2,22,205
2254,1711892181107654,9997,2,22,206
2255,1711892181117656,9997,2,22,207
2256,1711892181127659,9997,2,22,208
2257,1711892181137661,9997,2,22,209
2258,1711892181147663,9997,2,22,210
2259,1711892181157665,9997,2,22,211
2260,1711892181167667,9997,2,22,212
2261,1711892181177670,9997,2,22,213
2262,1711892181187672,9997,2,22,214
2263,1711892181197674,9997,2,22,215
2264,1711892181207676,9997,2,22,216
2265,1711892181217679,9997,2,22,217
2266,1711892181227681,9997,2,22,218
2267,1711892181237683,9997,2,22,219
2268,1711892181247685,9997,2,22,220
2269,1711892181257687,9997,2,22,221
2270,1711892181267690,9997,2,22,222
2271,1711892181277692,9997,2,22,223
2272,1711892181287694,9997,2,22,224
2273,1711892181297696,9997,2,22,225
2274,1711892181307699,9997,2,22,226
2275,1711892181317701,9997,2,22,227
2276,1711892181327703,9997,2,22,228
2277,1711892181337705,9997,2,22,229
2278,1711892181347707,9997,2,22,230
2279,1711892181357710,9997,2,22,231
2280,1711892181367712,9997,2,22,232
2281,1711892181377714,9997,2,22,233
2282,1711892181387716,9997,2,22,234
2283,1711892181397719,9996,3,22,235
2284,1711892181407721,9997,2,22,236
2285,1711892181417723,9997,2,22,237
2286,1711892181427725,9997,2,22,238
2287,1711892181437729,9997,2,22,239
2288,1711892181447733,9996,3,22,240
2289,1711892181457738,9997,2,22,241
2290,1711892181467741,9996,3,22,242
2291,1711892181477743,9997,2,22,243
2292,1711892181487745,9997,2,22,244
2293,1711892181497748,9997,2,22,245
2294,1711892181507750,9997,2,22,246
2295,1711892181517752,9997,2,22,247
2296,1711892181527754,9997,2,22,248
2297,1711892181537757,9997,2,22,249
2298,1711892181547759,9997,2,22,250
2299,1711892181557761,9997,2,22,251
2300,1711892181567763,9997,2,22,252
2301,1711892181577766,9997,2,22,253
2302,1711892181587768,9997,2,22,254
2303,1711892181597770,9997,2,22,255
2304,1711892181607772,9997,2,22,0
2305,1711892181657555,0,49778,23,1
2306,1711892181667558,9997,2,23,2
2307,1711892181677560,9997,2,23,3
2308,1711892181687562,9997,2,23,4
2309,1711892181697565,9997,2,23,5
2310,1711892181707567,9997,2,23,6
2311,1711892181717569,9997,2,23,7
2312,1711892181727571,9997,2,23,8
2313,1711892181737574,9997,2,23,9
2314,1711892181747576,9997,2,23,10
2315,1711892181757578,9997,2,23,11
2316,1711892181767580,9997,2,23,12
2317,1711892181777582,9997,2,23,13
2318,1711892181787585,9997,2,23,14
2319,1711892181797587,9997,2,23,15
2320,1711892181807589,9997,2,23,16
2321,1711892181817591,9997,2,23,17
2322,1711892181827593,9997,2,23,18
2323,1711892181837596,9997,2,23,19
2324,1711892181847598,9997,2,23,20
2325,1711892181857600,9997,2,23,21
2326,1711892181867602,9997,2,23,22
2327,1711892181877604,9997,2,23,23
2328,1711892181887607,9997,2,23,24
2329,1711892181897609,9997,2,23,25
2330,1711892181907611,9997,2,23,26
2331,1711892181917613,9997,2,23,27
2332,1711892181927616,9997,2,23,28
2333,1711892181937618,9997,2,23,29
2334,1711892181947620,9997,2,23,30
2335,1711892181957622,9997,2,23,31
2336,1711892181967625,9997,2,23,32
2337,1711892181977627,9997,2,23,33
2338,1711892181987629,9997,2,23,34
2339,1711892181997631,9997,2,23,35
2340,1711892182007633,9997,2,23,36
2341,1711892182017635,9997,2,23,37
2342,1711892182027637,9997,2,23,38
2343,1711892182037639,9997,2,23,39
2344,1711892182047641,9997,2,23,40
2345,1711892182057643,9997,2,23,41
2346,1711892182067646,9997,2,23,42
2347,1711892182077648,9997,2,23,43
2348,1711892182087650,9997,2,23,44
2349,1711892182097652,9997,2,23,45
2350,1711892182107654,9997,2,23,46
2351,1711892182117656,9997,2,23,47
2352,1711892182127658,9997,2,23,48
2353,1711892182137660,9997,2,23,49
2354,1711892182147662,9997,2,23,50
2355,1711892182157664,9997,2,23,51
2356,1711892182167666,9997,2,23,52
2357,1711892182177668,9997,2,23,53
2358,1711892182187670,9997,2,23,54
2359,1711892182197673,9997,2,23,55
2360,1711892182207675,9997,2,23,56
2361,1711892182217677,9997,2,23,57
2362,1711892182227679,9997,2,23,58
2363,1711892182237681,9997,2,23,59
2364,1711892182247683,9997,2,23,60
2365,1711892182257685,9997,2,23,61
2366,1711892182267687,9997,2,23,62
2367,1711892182277689,9997,2,23,63
2368,1711892182287691,9997,2,23,64
2369,1711892182297693,9997,2,23,65
2370,1711892182307696,9997,2,23,66
2371,1711892182317698,9997,2,23,67
2372,1711892182327700,9997,2,23,68
2373,1711892182337702,9997,2,23,69
2374,1711892182347704,9997,2,23,70
2375,1711892182357706,9997,2,23,71
2376,1711892182367708,9997,2,23,72
2377,1711892182377710,9997,2,23,73
2378,1711892182387712,9997,2,23,74
2379,1711892182397714,9997,2,23,75
2380,1711892182407716,9997,2,23,76
2381,1711892182417718,9996,3,23,77
2382,1711892182427721,9997,2,23,78
2383,1711892182437723,9997,2,23,79
2384,1711892182447725,9997,2,23,80
2385,1711892182457727,9997,2,23,81
2386,1711892182467729,9997,2,23,82
2387,1711892182477731,9997,2,23,83
2388,1711892182487733,9997,2,23,84
2389,1711892182497735,9997,2,23,85
2390,1711892182507737,9997,2,23,86
2391,1711892182517739,9997,2,23,87
2392,1711892182527742,9997,2,23,88
2393,1711892182537744,9997,2,23,89
2394,1711892182547746,9997,2,23,90
2395,1711892182557748,9997,2,23,91
2396,1711892182567750,9997,2,23,92
2397,1711892182577752,9997,2,23,93
2398,1711892182587754,9997,2,23,94
2399,1711892182597756,9997,2,23,95
2400,1711892182607758,9997,2,23,96
2401,1711892182657552,0,49791,24,97
2402,1711892182667555,9997,2,24,98
2403,1711892182677557,9997,2,24,99
2404,1711892182687559,9997,2,24,100
2405,1711892182697561,9997,2,24,101
2406,1711892182707564,9997,2,24,102
2407,1711892182717566,9996,3,24,103
2408,1711892182727568,9997,2,24,104
2409,1711892182737570,9997,2,24,105
2410,1711892182747572,9997,2,24,106
2411,1711892182757574,9997,2,24,107
2412,1711892182767577,9997,2,24,108
2413,1711892182777579,9997,2,24,109
2414,1711892182787581,9997,2,24,110
2415,1711892182797583,9997,2,24,111
2416,1711892182807585,9997,2,24,112
2417,1711892182817588,9997,2,24,113
2418,1711892182827591,9997,2,24,114
2419,1711892182837593,9997,2,24,115
2420,1711892182847595,9997,2,24,116
2421,1711892182857597,9997,2,24,117
2422,1711892182867600,9997,2,24,118
2423,1711892182877602,9997,2,24,119
2424,1711892182887604,9997,2,24,120
2425,1711892182897606,9997,2,24,121
2426,1711892182907608,9997,2,24,122
2427,1711892182917611,9997,2,24,123
2428,1711892182927613,9997,2,24,124
2429,1711892182937617,9997,2,24,125
2430,1711892182947619,9996,3,24,126
2431,1711892182957622,9997,2,24,127
2432,1711892182967624,9997,2,24,128
2433,1711892182977626,9997,2,24,129
2434,1711892182987628,9997,2,24,130
2435,1711892182997630,9997,2,24,131
2436,1711892183007633,9997,2,24,132
2437,1711892183017635,9997,2,24,133
2438,1711892183027637,9997,2,24,134
2439,1711892183037639,9997,2,24,135
2440,1711892183047641,9997,2,24,136
2441,1711892183057643,9997,2,24,137
2442,1711892183067646,9997,2,24,138
2443,1711892183077648,9997,2,24,139
2444,1711892183087650,9997,2,24,140
2445,1711892183097652,9997,2,24,141
2446,1711892183107654,9997,2,24,142
2447,1711892183117656,9997,2,24,143
2448,1711892183127659,9997,2,24,144
2449,1711892183137661,9997,2,24,145
2450,1711892183147663,9997,2,24,146
2451,1711892183157665,9997,2,24,147
2452,1711892183167667,9997,2,24,148
2453,1711892183177670,9997,2,24,149
2454,1711892183187672,9997,2,24,150
2455,1711892183197674,9997,2,24,151
2456,1711892183207676,9997,2,24,152
2457,1711892183217678,9991,8,24,153
2458,1711892183227680,9997,2,24,154
2459,1711892183237683,9997,2,24,155
2460,1711892183247685,9997,2,24,156
2461,1711892183257687,9997,2,24,157
2462,1711892183267689,9997,2,24,158
2463,1711892183277691,9997,2,24,159
2464,1711892183287694,9997,2,24,160
2465,1711892183297696,9997,2,24,161
2466,1711892183307698,9997,2,24,162
2467,1711892183317700,9997,2,24,163
2468,1711892183327702,9997,2,24,164
2469,1711892183337704,9997,2,24,165
2470,1711892183347707,9997,2,24,166
2471,1711892183357709,9997,2,24,167
2472,1711892183367711,9997,2,24,168
2473,1711892183377713,9997,2,24,169
2474,1711892183387715,9997,2,24,170
2475,1711892183397718,9997,2,24,171
2476,1711892183407720,9997,2,24,172
2477,1711892183417722,9997,2,24,173
2478,1711892183427724,9997,2,24,174
2479,1711892183437726,9997,2,24,175
2480,1711892183447728,9997,2,24,176
2481,1711892183457731,9997,2,24,177
2482,1711892183467733,9997,2,24,178
2483,1711892183477735,9997,2,24,179
2484,1711892183487737,9997,2,24,180
2485,1711892183497739,9997,2,24,181
2486,1711892183507742,9997,2,24,182
2487,1711892183517744,9997,2,24,183
2488,1711892183527746,9997,2,24,184
2489,1711892183537748,9997,2,24,185
2490,1711892183547750,9997,2,24,186
2491,1711892183557752,9997,2,24,187
2492,1711892183567755,9997,2,24,188
2493,1711892183577757,9997,2,24,189
2494,1711892183587759,9997,2,24,190
2495,1711892183597761,9997,2,24,191
2496,1711892183607763,9997,2,24,192
2497,1711892183657555,0,49787,25,193
2498,1711892183667558,9997,2,25,194
2499,1711892183677560,9997,2,25,195
2500,1711892183687562,9997,2,25,196
2501,1711892183697564,9997,2,25,197
2502,1711892183707567,9997,2,25,198
2503,1711892183717569,9997,2,25,199
2504,1711892183727571,9997,2,25,200
2505,1711892183737573,9997,2,25,201
2506,1711892183747575,9997,2,25,202
2507,1711892183757577,9997,2,25,203
2508,1711892183767580,9997,2,25,204
2509,1711892183777582,9997,2,25,205
2510,1711892183787584,9997,2,25,206
2511,1711892183797586,9997,2,25,207
2512,1711892183807589,9997,2,25,208
2513,1711892183817591,9997,2,25,209
2514,1711892183827593,9997,2,25,210
2515,1711892183837595,9997,2,25,211
2516,1711892183847597,9997,2,25,212
2517,1711892183857600,9997,2,25,213
2518,1711892183867602,9997,2,25,214
2519,1711892183877604,9997,2,25,215
2520,1711892183887606,9997,2,25,216
2521,1711892183897608,9997,2,25,217
2522,1711892183907611,9997,2,25,218
2523,1711892183917613,9997,2,25,219
2524,1711892183927615,9997,2,25,220
2525,1711892183937617,9997,2,25,221
2526,1711892183947619,9997,2,25,222
2527,1711892183957622,9997,2,25,223
2528,1711892183967624,9997,2,25,224
2529,1711892183977626,9997,2,25,225
2530,1711892183987628,9997,2,25,226
2531,1711892183997631,9997,2,25,227
2532,1711892184007633,9997,2,25,228
2533,1711892184017635,9997,2,25,229
2534,1711892184027637,9997,2,25,230
2535,1711892184037639,9997,2,25,231
2536,1711892184047641,9997,2,25,232
2537,1711892184057643,9997,2,25,233
2538,1711892184067645,9997,2,25,234
2539,1711892184077648,9997,2,25,235
2540,1711892184087650,9997,2,25,236
2541,1711892184097652,9997,2,25,237
2542,1711892184107654,9997,2,25,238
2543,1711892184117656,9997,2,25,239
2544,1711892184127658,9997,2,25,240
2545,1711892184137660,9997,2,25,241
2546,1711892184147662,9997,2,25,242
2547,1711892184157664,9997,2,25,243
2548,1711892184167667,9997,2,25,244
2549,1711892184177669,9997,2,25,245
2550,1711892184187671,9997,2,25,246
2551,1711892184197673,9997,2,25,247
2552,1711892184207675,9997,2,25,248
2553,1711892184217677,9997,2,25,249
2554,1711892184227679,9997,2,25,250
2555,1711892184237681,9997,2,25,251
2556,1711892184247683,9997,2,25,252
2557,1711892184257685,9997,2,25,253
2558,1711892184267688,9997,2,25,254
2559,1711892184277690,9997,2,25,255
2560,1711892184287692,9997,2,25,0
2561,1711892184297694,9997,2,25,1
2562,1711892184307696,9997,2,25,2
2563,1711892184317698,9997,2,25,3
2564,1711892184327700,9997,2,25,4
2565,1711892184337702,9997,2,25,5
2566,1711892184347704,9997,2,25,6
2567,1711892184357707,9997,2,25,7
2568,1711892184367709,9997,2,25,8
2569,1711892184377711,9997,2,25,9
2570,1711892184387713,9997,2,25,10
2571,1711892184397715,9997,2,25,11
2572,1711892184407717,9997,2,25,12
2573,1711892184417719,9997,2,25,13
2574,1711892184427721,9997,2,25,14
2575,1711892184437723,9997,2,25,15
2576,1711892184447727,9997,2,25,16
2577,1711892184457729,9996,3,25,17
2578,1711892184467731,9997,2,25,18
2579,1711892184477733,9997,2,25,19
2580,1711892184487735,9997,2,25,20
2581,1711892184497738,9997,2,25,21
2582,1711892184507740,9997,2,25,22
2583,1711892184517742,9997,2,25,23
2584,1711892184527744,9997,2,25,24
2585,1711892184537747,9997,2,25,25
2586,1711892184547749,9997,2,25,26
2587,1711892184557751,9997,2,25,27
2588,1711892184567753,9997,2,25,28
2589,1711892184577756,9997,2,25,29
2590,1711892184587758,9997,2,25,30
2591,1711892184597760,9997,2,25,31
2592,1711892184607762,9997,2,25,32
2593,1711892184617765,9997,2,25,33
2594,1711892184657556,0,39785,26,34
2595,1711892184667558,9997,2,26,35
2596,1711892184677560,9997,2,26,36
2597,1711892184687563,9997,2,26,37
2598,1711892184697565,9997,2,26,38
2599,1711892184707567,9997,2,26,39
2600,1711892184717569,9997,2,26,40
2601,1711892184727571,9997,2,26,41
2602,1711892184737573,9997,2,26,42
2603,1711892184747575,9997,2,26,43
2604,1711892184757577,9997,2,26,44
2605,1711892184767579,9997,2,26,45
2606,1711892184777581,9997,2,26,46
2607,1711892184787584,9997,2,26,47
2608,1711892184797586,9997,2,26,48
2609,1711892184807588,9997,2,26,49
2610,1711892184817590,9997,2,26,50
2611,1711892184827592,9997,2,26,51
2612,1711892184837594,9997,2,26,52
2613,1711892184847596,9997,2,26,53
2614,1711892184857598,9997,2,26,54
2615,1711892184867600,9997,2,26,55
2616,1711892184877602,9997,2,26,56
2617,1711892184887605,9997,2,26,57
2618,1711892184897607,9997,2,26,58
2619,1711892184907609,9997,2,26,59
2620,1711892184917611,9997,2,26,60
2621,1711892184927613,9997,2,26,61
2622,1711892184937615,9997,2,26,62
2623,1711892184947617,9997,2,26,63
2624,1711892184957619,9997,2,26,64
2625,1711892184967621,9997,2,26,65
2626,1711892184977624,9997,2,26,66
2627,1711892184987626,9997,2,26,67
2628,1711892184997628,9997,2,26,68
2629,1711892185007630,9997,2,26,69
2630,1711892185017632,9997,2,26,70
2631,1711892185027634,9997,2,26,71
2632,1711892185037636,9997,2,26,72
2633,1711892185047638,9997,2,26,73
2634,1711892185057640,9997,2,26,74
2635,1711892185067643,9997,2,26,75
2636,1711892185077645,9997,2,26,76
2637,1711892185087647,9997,2,26,77
2638,1711892185097649,9997,2,26,78
2639,1711892185107651,9997,2,26,79
2640,1711892185117653,9997,2,26,80
2641,1711892185127655,9997,2,26,81
2642,1711892185137657,9997,2,26,82
2643,1711892185147659,9997,2,26,83
2644,1711892185157661,9997,2,26,84
2645,1711892185167664,9997,2,26,85
2646,1711892185177666,9997,2,26,86
2647,1711892185187668,9997,2,26,87
2648,1711892185197670,9997,2,26,88
2649,1711892185207672,9997,2,26,89
2650,1711892185217674,9997,2,26,90
2651,1711892185227676,9996,3,26,91
2652,1711892185237678,9997,2,26,92
2653,1711892185247680,9997,2,26,93
2654,1711892185257682,9997,2,26,94
2655,1711892185267685,9997,2,26,95
2656,1711892185277687,9997,2,26,96
2657,1711892185287689,9997,2,26,97
2658,1711892185297691,9997,2,26,98
2659,1711892185307693,9997,2,26,99
2660,1711892185317695,9997,2,26,100
2661,1711892185327697,9997,2,26,101
2662,1711892185337699,9997,2,26,102
2663,1711892185347701,9997,2,26,103
2664,1711892185357703,9997,2,26,104
2665,1711892185367706,9997,2,26,105
2666,1711892185377708,9997,2,26,106
2667,1711892185387710,9997,2,26,107
2668,1711892185397712,9997,2,26,108
2669,1711892185407714,9997,2,26,109
2670,1711892185417716,9997,2,26,110
2671,1711892185427718,9997,2,26,111
2672,1711892185437720,9997,2,26,112
2673,1711892185447722,9997,2,26,113
2674,1711892185457724,9997,2,26,114
2675,1711892185467726,9997,2,26,115
2676,1711892185477728,9997,2,26,116
2677,1711892185487731,9997,2,26,117
2678,1711892185497733,9997,2,26,118
2679,1711892185507735,9997,2,26,119
2680,1711892185517737,9997,2,26,120
2681,1711892185527739,9997,2,26,121
2682,1711892185537741,9997,2,26,122
2683,1711892185547743,9997,2,26,123
2684,1711892185557745,9997,2,26,124
2685,1711892185567747,9997,2,26,125
2686,1711892185577749,9997,2,26,126
2687,1711892185587751,9997,2,26,127
2688,1711892185597753,9997,2,26,128
2689,1711892185607756,9997,2,26,129
2690,1711892185657552,0,49794,27,130
2691,1711892185667555,9997,2,27,131
2692,1711892185677557,9997,2,27,132
2693,1711892185687559,9997,2,27,133
2694,1711892185697562,9997,2,27,134
2695,1711892185707564,9997,2,27,135
2696,1711892185717566,9997,2,27,136
2697,1711892185727568,9997,2,27,137
2698,1711892185737571,9997,2,27,138
2699,1711892185747573,9997,2,27,139
2700,1711892185757575,9997,2,27,140
2701,1711892185767577,9997,2,27,141
2702,1711892185777579,9997,2,27,142
2703,1711892185787581,9997,2,27,143
2704,1711892185797584,9997,2,27,144
2705,1711892185807586,9997,2,27,145
2706,1711892185817588,9997,2,27,146
2707,1711892185827590,9997,2,27,147
2708,1711892185837593,9997,2,27,148
2709,1711892185847595,9997,2,27,149
2710,1711892185857597,9997,2,27,150
2711,1711892185867599,9997,2,27,151
2712,1711892185877601,9997,2,27,152
2713,1711892185887604,9997,2,27,153
2714,1711892185897606,9997,2,27,154
2715,1711892185907608,9997,2,27,155
2716,1711892185917610,9997,2,27,156
2717,1711892185927612,9997,2,27,157
2718,1711892185937615,9997,2,27,158
2719,1711892185947618,9997,2,27,159
2720,1711892185957620,9996,3,27,160
2721,1711892185967623,9997,2,27,161
2722,1711892185977625,9997,2,27,162
2723,1711892185987627,9997,2,27,163
2724,1711892185997629,9997,2,27,164
2725,1711892186007632,9996,3,27,165
2726,1711892186017634,9996,3,27,166
2727,1711892186027636,9997,2,27,167
2728,1711892186037638,9997,2,27,168
2729,1711892186047640,9997,2,27,169
2730,1711892186057642,9997,2,27,170
2731,1711892186067644,9996,3,27,171
2732,1711892186077646,9997,2,27,172
2733,1711892186087648,9997,2,27,173
2734,1711892186097650,9997,2,27,174
2735,1711892186107652,9997,2,27,175
2736,1711892186117654,9997,2,27,176
2737,1711892186127657,9997,2,27,177
2738,1711892186137659,9997,2,27,178
2739,1711892186147661,9997,2,27,179
2740,1711892186157663,9997,2,27,180
2741,1711892186167665,9997,2,27,181
2742,1711892186177667,9997,2,27,182
2743,1711892186187669,9997,2,27,183
2744,1711892186197671,9997,2,27,184
2745,1711892186207673,9997,2,27,185
2746,1711892186217675,9997,2,27,186
2747,1711892186227678,9997,2,27,187
2748,1711892186237680,9997,2,27,188
2749,1711892186247682,9997,2,27,189
2750,1711892186257684,9997,2,27,190
2751,1711892186267686,9997,2,27,191
2752,1711892186277688,9997,2,27,192
2753,1711892186287690,9997,2,27,193
2754,1711892186297692,9997,2,27,194
2755,1711892186307694,9997,2,27,195
2756,1711892186317696,9997,2,27,196
2757,1711892186327698,9997,2,27,197
2758,1711892186337701,9997,2,27,198
2759,1711892186347703,9997,2,27,199
2760,1711892186357705,9997,2,27,200
2761,1711892186367707,9997,2,27,201
2762,1711892186377709,9997,2,27,202
2763,1711892186387711,9997,2,27,203
2764,1711892186397713,9997,2,27,204
2765,1711892186407715,9997,2,27,205
2766,1711892186417717,9997,2,27,206
2767,1711892186427719,9997,2,27,207
2768,1711892186437721,9997,2,27,208
2769,1711892186447724,9997,2,27,209
2770,1711892186457727,9997,2,27,210
2771,1711892186467729,9996,3,27,211
2772,1711892186477732,9997,2,27,212
2773,1711892186487734,9997,2,27,213
2774,1711892186497736,9997,2,27,214
2775,1711892186507738,9997,2,27,215
2776,1711892186517740,9997,2,27,216
2777,1711892186527742,9997,2,27,217
2778,1711892186537744,9997,2,27,218
2779,1711892186547747,9997,2,27,219
2780,1711892186557749,9997,2,27,220
2781,1711892186567751,9997,2,27,221
2782,1711892186577753,9997,2,27,222
2783,1711892186587755,9997,2,27,223
2784,1711892186597757,9997,2,27,224
2785,1711892186607759,9997,2,27,225
2786,1711892186657555,0,49790,28,226
2787,1711892186667557,9997,2,28,227
2788,1711892186677560,9997,2,28,228
2789,1711892186687562,9997,2,28,229
2790,1711892186697564,9997,2,28,230
2791,1711892186707566,9997,2,28,231
2792,1711892186717569,9997,2,28,232
2793,1711892186727571,9997,2,28,233
2794,1711892186737573,9997,2,28,234
2795,1711892186747575,9997,2,28,235
2796,1711892186757578,9997,2,28,236
2797,1711892186767580,9997,2,28,237
2798,1711892186777582,9997,2,28,238
2799,1711892186787585,9997,2,28,239
2800,1711892186797587,9997,2,28,240
2801,1711892186807589,9997,2,28,241
2802,1711892186817591,9997,2,28,242
2803,1711892186827593,9997,2,28,243
2804,1711892186837596,9997,2,28,244
2805,1711892186847598,9997,2,28,245
2806,1711892186857600,9997,2,28,246
2807,1711892186867603,9997,2,28,247
2808,1711892186877605,9997,2,28,248
2809,1711892186887607,9997,2,28,249
2810,1711892186897609,9997,2,28,250
2811,1711892186907612,9997,2,28,251
2812,1711892186917614,9997,2,28,252
2813,1711892186927616,9997,2,28,253
2814,1711892186937619,9997,2,28,254
2815,1711892186947621,9997,2,28,255
2816,1711892186957623,9997,2,28,0
2817,1711892186967625,9997,2,28,1
2818,1711892186977628,9997,2,28,2
2819,1711892186987630,9997,2,28,3
2820,1711892186997632,9997,2,28,4
2821,1711892187007634,9997,2,28,5
2822,1711892187017637,9997,2,28,6
2823,1711892187027639,9997,2,28,7
2824,1711892187037641,9997,2,28,8
2825,1711892187047643,9997,2,28,9
2826,1711892187057646,9997,2,28,10
2827,1711892187067648,9997,2,28,11
2828,1711892187077650,9997,2,28,12
2829,1711892187087652,9997,2,28,13
2830,1711892187097655,9997,2,28,14
2831,1711892187107657,9997,2,28,15
2832,1711892187117659,9997,2,28,16
2833,1711892187127661,9997,2,28,17
2834,1711892187137664,9997,2,28,18
2835,1711892187147666,9997,2,28,19
2836,1711892187157668,9997,2,28,20
2837,1711892187167670,9997,2,28,21
2838,1711892187177673,9997,2,28,22
2839,1711892187187675,9997,2,28,23
2840,1711892187197677,9997,2,28,24
2841,1711892187207679,9997,2,28,25
2842,1711892187217682,9997,2,28,26
2843,1711892187227684,9997,2,28,27
2844,1711892187237686,9997,2,28,28
2845,1711892187247688,9997,2,28,29
2846,1711892187257691,9997,2,28,30
2847,1711892187267693,9997,2,28,31
2848,1711892187277695,9997,2,28,32
2849,1711892187287697,9997,2,28,33
2850,1711892187297700,9997,2,28,34
2851,1711892187307702,9997,2,28,35
2852,1711892187317704,9997,2,28,36
2853,1711892187327706,9997,2,28,37
2854,1711892187337708,9997,2,28,38
2855,1711892187347711,9997,2,28,39
2856,1711892187357713,9997,2,28,40
2857,1711892187367715,9997,2,28,41
2858,1711892187377718,9997,2,28,42
2859,1711892187387720,9997,2,28,43
2860,1711892187397722,9997,2,28,44
2861,1711892187407724,9997,2,28,45
2862,1711892187417727,9997,2,28,46
2863,1711892187427729,9997,2,28,47
2864,1711892187437731,9997,2,28,48
2865,1711892187447734,9997,2,28,49
2866,1711892187457737,9996,3,28,50
2867,1711892187467739,9997,2,28,51
2868,1711892187477741,9997,2,28,52
2869,1711892187487744,9997,2,28,53
2870,1711892187497746,9997,2,28,54
2871,1711892187507748,9997,2,28,55
2872,1711892187517750,9997,2,28,56
2873,1711892187527753,9997,2,28,57
2874,1711892187537755,9997,2,28,58
2875,1711892187547757,9997,2,28,59
2876,1711892187557759,9997,2,28,60
2877,1711892187567762,9997,2,28,61
2878,1711892187577764,9997,2,28,62
2879,1711892187587766,9997,2,28,63
2880,1711892187597768,9997,2,28,64
2881,1711892187607771,9997,2,28,65
2882,1711892187617773,9997,2,28,66
2883,1711892187657554,0,39777,29,67
2884,1711892187667557,9997,2,29,68
2885,1711892187677559,9997,2,29,69
2886,1711892187687561,9997,2,29,70
2887,1711892187697563,9993,6,29,71
2888,1711892187707566,9997,2,29,72
2889,1711892187717568,9997,2,29,73
2890,1711892187727570,9997,2,29,74
2891,1711892187737572,9997,2,29,75
2892,1711892187747575,9997,2,29,76
2893,1711892187757577,9997,2,29,77
2894,1711892187767579,9997,2,29,78
2895,1711892187777581,9997,2,29,79
2896,1711892187787584,9997,2,29,80
2897,1711892187797586,9997,2,29,81
2898,1711892187807588,9997,2,29,82
2899,1711892187817590,9997,2,29,83
2900,1711892187827593,9997,2,29,84
2901,1711892187837596,9997,2,29,85
2902,1711892187847599,9997,2,29,86
2903,1711892187857601,9997,2,29,87
2904,1711892187867603,9997,2,29,88
2905,1711892187877605,9997,2,29,89
2906,1711892187887608,9997,2,29,90
2907,1711892187897610,9997,2,29,91
2908,1711892187907612,9997,2,29,92
2909,1711892187917614,9997,2,29,93
2910,1711892187927617,9997,2,29,94
2911,1711892187937619,9997,2,29,95
2912,1711892187947621,9997,2,29,96
2913,1711892187957623,9997,2,29,97
2914,1711892187967626,9997,2,29,98
2915,1711892187977628,9997,2,29,99
2916,1711892187987630,9997,2,29,100
2917,1711892187997632,9997,2,29,101
2918,1711892188007634,9997,2,29,102
2919,1711892188017637,9997,2,29,103
2920,1711892188027639,9997,2,29,104
2921,1711892188037641,9997,2,29,105
2922,1711892188047643,9997,2,29,106
2923,1711892188057645,9997,2,29,107
2924,1711892188067648,9997,2,29,108
2925,1711892188077650,9997,2,29,109
2926,1711892188087652,9997,2,29,110
2927,1711892188097654,9997,2,29,111
2928,1711892188107656,9997,2,29,112
2929,1711892188117659,9997,2,29,113
2930,1711892188127661,9997,2,29,114
2931,1711892188137663,9997,2,29,115
2932,1711892188147665,9997,2,29,116
2933,1711892188157668,9997,2,29,117
2934,1711892188167670,9997,2,29,118
2935,1711892188177672,9997,2,29,119
2936,1711892188187674,9997,2,29,120
2937,1711892188197677,9997,2,29,121
2938,1711892188207679,9997,2,29,122
2939,1711892188217681,9997,2,29,123
2940,1711892188227683,9997,2,29,124
2941,1711892188237686,9997,2,29,125
2942,1711892188247688,9997,2,29,126
2943,1711892188257690,9997,2,29,127
2944,1711892188267692,9997,2,29,128
2945,1711892188277695,9997,2,29,129
2946,1711892188287697,9997,2,29,130
2947,1711892188297699,9997,2,29,131
2948,1711892188307701,9997,2,29,132
2949,1711892188317704,9997,2,29,133
2950,1711892188327706,9997,2,29,134
2951,1711892188337708,9997,2,29,135
2952,1711892188347710,9997,2,29,136
2953,1711892188357713,9997,2,29,137
2954,1711892188367715,9997,2,29,138
2955,1711892188377717,9997,2,29,139
2956,1711892188387719,9997,2,29,140
2957,1711892188397722,9997,2,29,141
2958,1711892188407724,9997,2,29,142
2959,1711892188417726,9997,2,29,143
2960,1711892188427728,9997,2,29,144
2961,1711892188437731,9997,2,29,145
2962,1711892188447733,9997,2,29,146
2963,1711892188457735,9997,2,29,147
2964,1711892188467737,9997,2,29,148
2965,1711892188477740,9997,2,29,149
2966,1711892188487742,9997,2,29,150
2967,1711892188497744,9996,3,29,151
2968,1711892188507746,9997,2,29,152
2969,1711892188517749,9993,6,29,153
2970,1711892188527751,9997,2,29,154
2971,1711892188537753,9997,2,29,155
2972,1711892188547756,9997,2,29,156
2973,1711892188557758,9997,2,29,157
2974,1711892188567760,9997,2,29,158
2975,1711892188577762,9997,2,29,159
2976,1711892188587765,9997,2,29,160
2977,1711892188597767,9997,2,29,161
2978,1711892188607769,9997,2,29,162
2979,1711892188657552,0,49780,30,163
2980,1711892188667555,9997,2,30,164
2981,1711892188677557,9997,2,30,165
2982,1711892188687559,9997,2,30,166
2983,1711892188697561,9997,2,30,167
2984,1711892188707563,9997,2,30,168
2985,1711892188717566,9997,2,30,169
2986,1711892188727568,9997,2,30,170
2987,1711892188737570,9997,2,30,171
2988,1711892188747572,9997,2,30,172
2989,1711892188757574,9997,2,30,173
2990,1711892188767576,9997,2,30,174
2991,1711892188777578,9997,2,30,175
2992,1711892188787580,9997,2,30,176
2993,1711892188797582,9997,2,30,177
2994,1711892188807584,9997,2,30,178
2995,1711892188817587,9997,2,30,179
2996,1711892188827589,9997,2,30,180
2997,1711892188837591,9997,2,30,181
2998,1711892188847593,9997,2,30,182
2999,1711892188857595,9997,2,30,183
3000,1711892188867597,9997,2,30,184
3001,1711892188877599,9997,2,30,185
3002,1711892188887601,9997,2,30,186
3003,1711892188897603,9997,2,30,187
3004,1711892188907606,9997,2,30,188
3005,1711892188917608,9997,2,30,189
3006,1711892188927610,9997,2,30,190
3007,1711892188937612,9997,2,30,191
3008,1711892188947614,9997,2,30,192
3009,1711892188957617,9997,2,30,193
3010,1711892188967620,9997,2,30,194
3011,1711892188977622,9997,2,30,195
3012,1711892188987624,9997,2,30,196
3013,1711892188997626,9997,2,30,197
3014,1711892189007628,9997,2,30,198
3015,1711892189017630,9997,2,30,199
3016,1711892189027632,9997,2,30,200
3017,1711892189037635,9997,2,30,201
3018,1711892189047637,9997,2,30,202
3019,1711892189057639,9997,2,30,203
3020,1711892189067641,9997,2,30,204
3021,1711892189077643,9997,2,30,205
3022,1711892189087645,9997,2,30,206
3023,1711892189097647,9997,2,30,207
3024,1711892189107649,9997,2,30,208
3025,1711892189117652,9997,2,30,209
3026,1711892189127654,9997,2,30,210
3027,1711892189137656,9997,2,30,211
3028,1711892189147658,9997,2,30,212
3029,1711892189157660,9997,2,30,213
3030,1711892189167662,9997,2,30,214
3031,1711892189177664,9997,2,30,215
3032,1711892189187667,9997,2,30,216
3033,1711892189197669,9997,2,30,217
3034,1711892189207671,9997,2,30,218
3035,1711892189217673,9997,2,30,219
3036,1711892189227675,9997,2,30,220
3037,1711892189237677,9997,2,30,221
3038,1711892189247679,9997,2,30,222
3039,1711892189257681,9997,2,30,223
3040,1711892189267684,9997,2,30,224
3041,1711892189277686,9997,2,30,225
3042,1711892189287688,9997,2,30,226
3043,1711892189297690,9997,2,30,227
3044,1711892189307692,9997,2,30,228
3045,1711892189317694,9997,2,30,229
3046,1711892189327696,9997,2,30,230
3047,1711892189337698,9997,2,30,231
3048,1711892189347701,9997,2,30,232
3049,1711892189357703,9997,2,30,233
3050,1711892189367705,9997,2,30,234
3051,1711892189377707,9997,2,30,235
3052,1711892189387709,9997,2,30,236
3053,1711892189397711,9997,2,30,237
3054,1711892189407713,9997,2,30,238
3055,1711892189417715,9997,2,30,239
3056,1711892189427717,9997,2,30,240
3057,1711892189437720,9997,2,30,241
3058,1711892189447722,9997,2,30,242
3059,1711892189457724,9997,2,30,243
3060,1711892189467726,9997,2,30,244
3061,1711892189477728,9997,2,30,245
3062,1711892189487730,9997,2,30,246
3063,1711892189497732,9997,2,30,247
3064,1711892189507734,9997,2,30,248
3065,1711892189517736,9997,2,30,249
3066,1711892189527739,9997,2,30,250
3067,1711892189537741,9997,2,30,251
3068,1711892189547743,9997,2,30,252
3069,1711892189557745,9997,2,30,253
3070,1711892189567747,9997,2,30,254
3071,1711892189577749,9997,2,30,255
3072,1711892189587751,9997,2,30,0
3073,1711892189597753,9997,2,30,1
3074,1711892189607756,9997,2,30,2
3075,1711892189657554,0,49794,31,3
3076,1711892189667557,9997,2,31,4
3077,1711892189677559,9997,2,31,5
3078,1711892189687562,9997,2,31,6
3079,1711892189697564,9997,2,31,7
3080,1711892189707566,9997,2,31,8
3081,1711892189717568,9997,2,31,9
3082,1711892189727570,9997,2,31,10
3083,1711892189737573,9997,2,31,11
3084,1711892189747575,9997,2,31,12
3085,1711892189757577,9997,2,31,13
3086,1711892189767579,9997,2,31,14
3087,1711892189777582,9997,2,31,15
3088,1711892189787584,9997,2,31,16
3089,1711892189797586,9997,2,31,17
3090,1711892189807588,9997,2,31,18
3091,1711892189817591,9997,2,31,19
3092,1711892189827593,9997,2,31,20
3093,1711892189837595,9997,2,31,21
3094,1711892189847597,9997,2,31,22
3095,1711892189857600,9997,2,31,23
3096,1711892189867602,9997,2,31,24
3097,1711892189877604,9997,2,31,25
3098,1711892189887606,9997,2,31,26
3099,1711892189897609,9997,2,31,27
3100,1711892189907611,9997,2,31,28
3101,1711892189917613,9997,2,31,29
3102,1711892189927615,9997,2,31,30
3103,1711892189937618,9997,2,31,31
3104,1711892189947620,9997,2,31,32
3105,1711892189957622,9997,2,31,33
3106,1711892189967625,9997,2,31,34
3107,1711892189977627,9997,2,31,35
3108,1711892189987629,9997,2,31,36
3109,1711892189997632,9997,2,31,37
3110,1711892190007634,9997,2,31,38
3111,1711892190017636,9997,2,31,39
3112,1711892190027639,9997,2,31,40
3113,1711892190037641,9997,2,31,41
3114,1711892190047643,9997,2,31,42
3115,1711892190057645,9997,2,31,43
3116,1711892190067648,9997,2,31,44
3117,1711892190077650,9997,2,31,45
3118,1711892190087652,9997,2,31,46
3119,1711892190097654,9997,2,31,47
3120,1711892190107657,9997,2,31,48
3121,1711892190117659,9997,2,31,49
3122,1711892190127661,9997,2,31,50
3123,1711892190137663,9997,2,31,51
3124,1711892190147665,9997,2,31,52
3125,1711892190157667,9997,2,31,53
3126,1711892190167670,9997,2,31,54
3127,1711892190177672,9997,2,31,55
3128,1711892190187674,9997,2,31,56
3129,1711892190197676,9997,2,31,57
3130,1711892190207679,9997,2,31,58
3131,1711892190217681,9997,2,31,59
3132,1711892190227683,9997,2,31,60
3133,1711892190237685,9997,2,31,61
3134,1711892190247687,9997,2,31,62
3135,1711892190257689,9997,2,31,63
3136,1711892190267692,9997,2,31,64
3137,1711892190277694,9997,2,31,65
3138,1711892190287696,9997,2,31,66
3139,1711892190297698,9997,2,31,67
3140,1711892190307700,9997,2,31,68
3141,1711892190317703,9997,2,31,69
3142,1711892190327705,9997,2,31,70
3143,1711892190337707,9997,2,31,71
3144,1711892190347709,9997,2,31,72
3145,1711892190357712,9997,2,31,73
3146,1711892190367714,9997,2,31,74
3147,1711892190377716,9997,2,31,75
3148,1711892190387718,9997,2,31,76
3149,1711892190397720,9997,2,31,77
3150,1711892190407722,9997,2,31,78
3151,1711892190417725,9997,2,31,79
3152,1711892190427727,9997,2,31,80
3153,1711892190437729,9997,2,31,81
3154,1711892190447731,9997,2,31,82
3155,1711892190457735,9997,2,31,83
3156,1711892190467738,9997,2,31,84
3157,1711892190477740,9997,2,31,85
3158,1711892190487742,9997,2,31,86
3159,1711892190497744,9996,3,31,87
3160,1711892190507746,9997,2,31,88
3161,1711892190517749,9997,2,31,89
3162,1711892190527751,9997,2,31,90
3163,1711892190537753,9997,2,31,91
3164,1711892190547755,9997,2,31,92
3165,1711892190557757,9997,2,31,93
3166,1711892190567760,9997,2,31,94
3167,1711892190577762,9997,2,31,95
3168,1711892190587764,9997,2,31,96
3169,1711892190597766,9997,2,31,97
3170,1711892190607768,9997,2,31,98
3171,1711892190617771,9997,2,31,99
3172,1711892190657553,0,39778,32,100
3173,1711892190667556,9997,2,32,101
3174,1711892190677559,9997,2,32,102
3175,1711892190687561,9997,2,32,103
3176,1711892190697563,9997,2,32,104
3177,1711892190707565,9997,2,32,105
3178,1711892190717567,9997,2,32,106
3179,1711892190727570,9997,2,32,107
3180,1711892190737572,9997,2,32,108
3181,1711892190747574,9997,2,32,109
3182,1711892190757576,9997,2,32,110
3183,1711892190767579,9997,2,32,111
3184,1711892190777581,9997,2,32,112
3185,1711892190787583,9997,2,32,113
3186,1711892190797585,9997,2,32,114
3187,1711892190807587,9997,2,32,115
3188,1711892190817589,9997,2,32,116
3189,1711892190827592,9997,2,32,117
3190,1711892190837594,9997,2,32,118
3191,1711892190847596,9997,2,32,119
3192,1711892190857598,9997,2,32,120
3193,1711892190867600,9997,2,32,121
3194,1711892190877602,9997,2,32,122
3195,1711892190887605,9997,2,32,123
3196,1711892190897607,9997,2,32,124
3197,1711892190907609,9997,2,32,125
3198,1711892190917611,9997,2,32,126
3199,1711892190927613,9997,2,32,127
3200,1711892190937615,9997,2,32,128
3201,1711892190947618,9997,2,32,129
3202,1711892190957620,9997,2,32,130
3203,1711892190967622,9997,2,32,131
3204,1711892190977624,9997,2,32,132
3205,1711892190987626,9997,2,32,133
3206,1711892190997628,9997,2,32,134
3207,1711892191007630,9997,2,32,135
3208,1711892191017632,9997,2,32,136
3209,1711892191027635,9997,2,32,137
3210,1711892191037637,9997,2,32,138
3211,1711892191047639,9997,2,32,139
3212,1711892191057641,9997,2,32,140
3213,1711892191067643,9997,2,32,141
3214,1711892191077645,9997,2,32,142
3215,1711892191087648,9997,2,32,143
3216,1711892191097650,9997,2,32,144
3217,1711892191107652,9997,2,32,145
3218,1711892191117654,9997,2,32,146
3219,1711892191127656,9997,2,32,147
3220,1711892191137658,9997,2,32,148
3221,1711892191147661,9997,2,32,149
3222,1711892191157663,9997,2,32,150
3223,1711892191167665,9997,2,32,151
3224,1711892191177667,9997,2,32,152
3225,1711892191187669,9997,2,32,153
3226,1711892191197671,9997,2,32,154
3227,1711892191207673,9997,2,32,155
3228,1711892191217676,9997,2,32,156
3229,1711892191227678,9997,2,32,157
3230,1711892191237680,9997,2,32,158
3231,1711892191247682,9997,2,32,159
3232,1711892191257684,9997,2,32,160
3233,1711892191267686,9997,2,32,161
3234,1711892191277688,9997,2,32,162
3235,1711892191287691,9997,2,32,163
3236,1711892191297693,9997,2,32,164
3237,1711892191307695,9997,2,32,165
3238,1711892191317697,9997,2,32,166
3239,1711892191327699,9997,2,32,167
3240,1711892191337701,9997,2,32,168
3241,1711892191347704,9997,2,32,169
3242,1711892191357706,9997,2,32,170
3243,1711892191367708,9997,2,32,171
3244,1711892191377710,9997,2,32,172
3245,1711892191387713,9997,2,32,173
3246,1711892191397715,9997,2,32,174
3247,1711892191407717,9997,2,32,175
3248,1711892191417719,9997,2,32,176
3249,1711892191427721,9997,2,32,177
3250,1711892191437723,9997,2,32,178
3251,1711892191447726,9997,2,32,179
3252,1711892191457729,9997,2,32,180
3253,1711892191467732,9997,2,32,181
3254,1711892191477735,9996,3,32,182
3255,1711892191487737,9997,2,32,183
3256,1711892191497739,9997,2,32,184
3257,1711892191507741,9997,2,32,185
3258,1711892191517744,9997,2,32,186
3259,1711892191527746,9997,2,32,187
3260,1711892191537748,9997,2,32,188
3261,1711892191547750,9997,2,32,189
3262,1711892191557752,9997,2,32,190
3263,1711892191567755,9997,2,32,191
3264,1711892191577757,9997,2,32,192
3265,1711892191587759,9997,2,32,193
3266,1711892191597761,9997,2,32,194
3267,1711892191607763,9997,2,32,195
3268,1711892191657553,0,49786,33,196
3269,1711892191667556,9997,2,33,197
3270,1711892191677558,9997,2,33,198
3271,1711892191687560,9997,2,33,199
3272,1711892191697563,9997,2,33,200
3273,1711892191707565,9997,2,33,201
3274,1711892191717567,9997,2,33,202
3275,1711892191727569,9997,2,33,203
3276,1711892191737571,9997,2,33,204
3277,1711892191747574,9997,2,33,205
3278,1711892191757576,9997,2,33,206
3279,1711892191767578,9997,2,33,207
3280,1711892191777580,9997,2,33,208
3281,1711892191787583,9997,2,33,209
3282,1711892191797585,9997,2,33,210
3283,1711892191807587,9997,2,33,211
3284,1711892191817590,9997,2,33,212
3285,1711892191827592,9997,2,33,213
3286,1711892191837594,9997,2,33,214
3287,1711892191847596,9997,2,33,215
3288,1711892191857598,9997,2,33,216
3289,1711892191867601,9997,2,33,217
3290,1711892191877603,9997,2,33,218
3291,1711892191887605,9997,2,33,219
3292,1711892191897607,9997,2,33,220
3293,1711892191907610,9997,2,33,221
3294,1711892191917612,9997,2,33,222
3295,1711892191927614,9997,2,33,223
3296,1711892191937616,9997,2,33,224
3297,1711892191947619,9997,2,33,225
3298,1711892191957621,9997,2,33,226
3299,1711892191967625,9997,2,33,227
3300,1711892191977627,9996,3,33,228
3301,1711892191987629,9997,2,33,229
3302,1711892191997631,9997,2,33,230
3303,1711892192007634,9997,2,33,231
3304,1711892192017636,9997,2,33,232
3305,1711892192027638,9997,2,33,233
3306,1711892192037640,9997,2,33,234
3307,1711892192047643,9997,2,33,235
3308,1711892192057645,9996,3,33,236
3309,1711892192067647,9997,2,33,237
3310,1711892192077649,9997,2,33,238
3311,1711892192087651,9997,2,33,239
3312,1711892192097654,9997,2,33,240
3313,1711892192107656,9997,2,33,241
3314,1711892192117658,9997,2,33,242
3315,1711892192127660,9997,2,33,243
3316,1711892192137662,9997,2,33,244
3317,1711892192147664,9997,2,33,245
3318,1711892192157666,9997,2,33,246
3319,1711892192167669,9997,2,33,247
3320,1711892192177671,9997,2,33,248
3321,1711892192187673,9997,2,33,249
3322,1711892192197675,9997,2,33,250
3323,1711892192207677,9997,2,33,251
3324,1711892192217679,9997,2,33,252
3325,1711892192227681,9997,2,33,253
3326,1711892192237684,9997,2,33,254
3327,1711892192247686,9997,2,33,255
3328,1711892192257688,9997,2,33,0
3329,1711892192267690,9997,2,33,1
3330,1711892192277692,9997,2,33,2
3331,1711892192287694,9997,2,33,3
3332,1711892192297696,9997,2,33,4
3333,1711892192307699,9997,2,33,5
3334,1711892192317701,9997,2,33,6
3335,1711892192327703,9997,2,33,7
3336,1711892192337705,9997,2,33,8
3337,1711892192347707,9997,2,33,9
3338,1711892192357709,9997,2,33,10
3339,1711892192367711,9997,2,33,11
3340,1711892192377713,9997,2,33,12
3341,1711892192387715,9997,2,33,13
3342,1711892192397717,9997,2,33,14
3343,1711892192407720,9997,2,33,15
3344,1711892192417722,9997,2,33,16
3345,1711892192427724,9997,2,33,17
3346,1711892192437726,9997,2,33,18
3347,1711892192447728,9997,2,33,19
3348,1711892192457730,9997,2,33,20
3349,1711892192467732,9997,2,33,21
3350,1711892192477734,9997,2,33,22
3351,1711892192487737,9997,2,33,23
3352,1711892192497739,9997,2,33,24
3353,1711892192507741,9997,2,33,25
3354,1711892192517743,9997,2,33,26
3355,1711892192527745,9997,2,33,27
3356,1711892192537747,9997,2,33,28
3357,1711892192547749,9997,2,33,29
3358,1711892192557751,9997,2,33,30
3359,1711892192567754,9997,2,33,31
3360,1711892192577756,9997,2,33,32
3361,1711892192587758,9997,2,33,33
3362,1711892192597760,9997,2,33,34
3363,1711892192607762,9997,2,33,35
3364,1711892192657554,0,49788,34,36
3365,1711892192667556,9997,2,34,37
3366,1711892192677558,9997,2,34,38
3367,1711892192687560,9997,2,34,39
3368,1711892192697563,9997,2,34,40
3369,1711892192707565,9997,2,34,41
3370,1711892192717567,9997,2,34,42
3371,1711892192727569,9997,2,34,43
3372,1711892192737571,9997,2,34,44
3373,1711892192747573,9997,2,34,45
3374,1711892192757575,9997,2,34,46
3375,1711892192767577,9997,2,34,47
3376,1711892192777580,9997,2,34,48
3377,1711892192787582,9997,2,34,49
3378,1711892192797584,9997,2,34,50
3379,1711892192807586,9997,2,34,51
3380,1711892192817588,9997,2,34,52
3381,1711892192827590,9997,2,34,53
3382,1711892192837592,9997,2,34,54
3383,1711892192847594,9997,2,34,55
3384,1711892192857596,9997,2,34,56
3385,1711892192867599,9997,2,34,57
3386,1711892192877601,9997,2,34,58
3387,1711892192887603,9996,3,34,59
3388,1711892192897605,9997,2,34,60
3389,1711892192907607,9997,2,34,61
3390,1711892192917609,9997,2,34,62
3391,1711892192927611,9997,2,34,63
3392,1711892192937613,9997,2,34,64
3393,1711892192947616,9997,2,34,65
3394,1711892192957618,9997,2,34,66
3395,1711892192967620,9997,2,34,67
3396,1711892192977622,9997,2,34,68
3397,1711892192987624,9997,2,34,69
3398,1711892192997626,9997,2,34,70
3399,1711892193007628,9997,2,34,71
3400,1711892193017630,9997,2,34,72
3401,1711892193027632,9997,2,34,73
3402,1711892193037635,9997,2,34,74
3403,1711892193047637,9997,2,34,75
3404,1711892193057639,9997,2,34,76
3405,1711892193067641,9997,2,34,77
3406,1711892193077643,9997,2,34,78
3407,1711892193087645,9997,2,34,79
3408,1711892193097647,9997,2,34,80
3409,1711892193107649,9997,2,34,81
3410,1711892193117651,9997,2,34,82
3411,1711892193127654,9997,2,34,83
3412,1711892193137656,9997,2,34,84
3413,1711892193147658,9997,2,34,85
3414,1711892193157660,9997,2,34,86
3415,1711892193167662,9997,2,34,87
3416,1711892193177664,9997,2,34,88
3417,1711892193187666,9997,2,34,89
3418,1711892193197668,9997,2,34,90
3419,1711892193207671,9997,2,34,91
3420,1711892193217673,9997,2,34,92
3421,1711892193227675,9997,2,34,93
3422,1711892193237677,9997,2,34,94
3423,1711892193247679,9997,2,34,95
3424,1711892193257681,9997,2,34,96
3425,1711892193267683,9997,2,34,97
3426,1711892193277686,9997,2,34,98
3427,1711892193287688,9997,2,34,99
3428,1711892193297690,9997,2,34,100
3429,1711892193307692,9997,2,34,101
3430,1711892193317694,9997,2,34,102
3431,1711892193327696,9997,2,34,103
3432,1711892193337698,9997,2,34,104
3433,1711892193347700,9997,2,34,105
3434,1711892193357703,9997,2,34,106
3435,1711892193367705,9997,2,34,107
3436,1711892193377707,9997,2,34,108
3437,1711892193387709,9997,3,34,109
3438,1711892193397711,9997,2,34,110
3439,1711892193407713,9997,2,34,111
3440,1711892193417715,9997,2,34,112
3441,1711892193427717,9997,2,34,113
3442,1711892193437719,9997,2,34,114
3443,1711892193447721,9997,2,34,115
3444,1711892193457723,9997,2,34,116
3445,1711892193467727,9997,2,34,117
3446,1711892193477729,9997,2,34,118
3447,1711892193487731,9997,2,34,119
3448,1711892193497733,9997,2,34,120
3449,1711892193507735,9997,2,34,121
3450,1711892193517737,9997,2,34,122
3451,1711892193527740,9997,2,34,123
3452,1711892193537742,9997,2,34,124
3453,1711892193547744,9997,2,34,125
3454,1711892193557746,9997,2,34,126
3455,1711892193567748,9997,2,34,127
3456,1711892193577750,9997,2,34,128
3457,1711892193587752,9997,2,34,129
3458,1711892193597755,9997,2,34,130
3459,1711892193607757,9997,2,34,131
3460,1711892193617760,9997,2,34,132
3461,1711892193657553,0,39791,35,133
3462,1711892193667556,9997,2,35,134
3463,1711892193677559,9997,2,35,135
3464,1711892193687561,9997,2,35,136
3465,1711892193697563,9997,2,35,137
3466,1711892193707565,9997,2,35,138
3467,1711892193717568,9997,2,35,139
3468,1711892193727570,9997,2,35,140
3469,1711892193737572,9997,2,35,141
3470,1711892193747575,9997,2,35,142
3471,1711892193757577,9997,2,35,143
3472,1711892193767579,9997,2,35,144
3473,1711892193777581,9997,2,35,145
3474,1711892193787584,9997,2,35,146
3475,1711892193797586,9997,2,35,147
3476,1711892193807588,9997,2,35,148
3477,1711892193817590,9997,2,35,149
3478,1711892193827593,9997,2,35,150
3479,1711892193837595,9997,2,35,151
3480,1711892193847597,9997,2,35,152
3481,1711892193857599,9992,7,35,153
3482,1711892193867602,9997,2,35,154
3483,1711892193877604,9997,2,35,155
3484,1711892193887606,9997,2,35,156
3485,1711892193897608,9997,2,35,157
3486,1711892193907611,9997,2,35,158
3487,1711892193917613,9997,2,35,159
3488,1711892193927615,9997,2,35,160
3489,1711892193937617,9997,2,35,161
3490,1711892193947620,9997,2,35,162
3491,1711892193957622,9997,2,35,163
3492,1711892193967624,9997,2,35,164
3493,1711892193977626,9997,2,35,165
3494,1711892193987629,9997,2,35,166
3495,1711892193997631,9997,2,35,167
3496,1711892194007633,9997,2,35,168
3497,1711892194017635,9997,2,35,169
3498,1711892194027638,9997,2,35,170
3499,1711892194037640,9997,2,35,171
3500,1711892194047642,9997,2,35,172
3501,1711892194057644,9997,2,35,173
3502,1711892194067647,9997,2,35,174
3503,1711892194077649,9997,2,35,175
3504,1711892194087651,9997,2,35,176
3505,1711892194097653,9997,2,35,177
3506,1711892194107655,9997,2,35,178
3507,1711892194117657,9997,2,35,179
3508,1711892194127659,9997,2,35,180
3509,1711892194137661,9997,2,35,181
3510,1711892194147664,9997,2,35,182
3511,1711892194157666,9997,2,35,183
3512,1711892194167668,9997,2,35,184
3513,1711892194177670,9997,2,35,185
3514,1711892194187672,9997,2,35,186
3515,1711892194197674,9997,2,35,187
3516,1711892194207676,9997,2,35,188
3517,1711892194217678,9997,2,35,189
3518,1711892194227681,9997,2,35,190
3519,1711892194237683,9997,2,35,191
3520,1711892194247685,9997,2,35,192
3521,1711892194257687,9997,2,35,193
3522,1711892194267689,9997,2,35,194
3523,1711892194277691,9997,2,35,195
3524,1711892194287693,9997,2,35,196
3525,1711892194297695,9997,2,35,197
3526,1711892194307698,9997,2,35,198
3527,1711892194317700,9997,2,35,199
3528,1711892194327702,9997,2,35,200
3529,1711892194337704,9997,2,35,201
3530,1711892194347706,9997,2,35,202
3531,1711892194357708,9997,2,35,203
3532,1711892194367710,9997,2,35,204
3533,1711892194377712,9997,2,35,205
3534,1711892194387714,9997,2,35,206
3535,1711892194397717,9997,2,35,207
3536,1711892194407719,9997,2,35,208
3537,1711892194417721,9997,2,35,209
3538,1711892194427723,9997,2,35,210
3539,1711892194437725,9997,2,35,211
3540,1711892194447727,9997,2,35,212
3541,1711892194457729,9997,2,35,213
3542,1711892194467731,9997,2,35,214
3543,1711892194477734,9997,2,35,215
3544,1711892194487736,9997,2,35,216
3545,1711892194497738,9997,2,35,217
3546,1711892194507740,9997,2,35,218
3547,1711892194517742,9997,2,35,219
3548,1711892194527744,9997,2,35,220
3549,1711892194537746,9997,2,35,221
3550,1711892194547748,9997,2,35,222
3551,1711892194557750,9997,2,35,223
3552,1711892194567753,9997,2,35,224
3553,1711892194577755,9997,2,35,225
3554,1711892194587757,9997,2,35,226
3555,1711892194597759,9997,2,35,227
3556,1711892194607761,9997,2,35,228
3557,1711892194657552,0,49788,36,229
3558,1711892194667555,9997,2,36,230
3559,1711892194677557,9997,2,36,231
3560,1711892194687559,9997,2,36,232
3561,1711892194697561,9997,2,36,233
3562,1711892194707564,9997,2,36,234
3563,1711892194717566,9997,2,36,235
3564,1711892194727568,9997,2,36,236
3565,1711892194737570,9997,2,36,237
3566,1711892194747573,9997,2,36,238
3567,1711892194757575,9997,2,36,239
3568,1711892194767577,9997,2,36,240
3569,1711892194777579,9997,2,36,241
3570,1711892194787581,9997,2,36,242
3571,1711892194797584,9997,2,36,243
3572,1711892194807586,9997,2,36,244
3573,1711892194817588,9997,2,36,245
3574,1711892194827590,9997,2,36,246
3575,1711892194837592,9997,2,36,247
3576,1711892194847595,9997,2,36,248
3577,1711892194857597,9997,2,36,249
3578,1711892194867599,9997,2,36,250
3579,1711892194877602,9997,2,36,251
3580,1711892194887604,9997,2,36,252
3581,1711892194897606,9997,2,36,253
3582,1711892194907608,9997,2,36,254
3583,1711892194917611,9997,2,36,255
3584,1711892194927613,9997,2,36,0
3585,1711892194937615,9997,2,36,1
3586,1711892194947617,9997,2,36,2
3587,1711892194957620,9997,2,36,3
3588,1711892194967623,9997,2,36,4
3589,1711892194977625,9996,3,36,5
3590,1711892194987627,9997,2,36,6
3591,1711892194997630,9997,2,36,7
3592,1711892195007632,9997,2,36,8
3593,1711892195017634,9997,2,36,9
3594,1711892195027636,9997,2,36,10
3595,1711892195037639,9997,2,36,11
3596,1711892195047641,9997,2,36,12
3597,1711892195057643,9997,2,36,13
3598,1711892195067645,9997,2,36,14
3599,1711892195077647,9997,2,36,15
3600,1711892195087650,9997,2,36,16
3601,1711892195097652,9997,2,36,17
3602,1711892195107654,9997,2,36,18
3603,1711892195117656,9997,2,36,19
3604,1711892195127659,9997,2,36,20
3605,1711892195137661,9997,2,36,21
3606,1711892195147663,9997,2,36,22
3607,1711892195157665,9997,2,36,23
3608,1711892195167667,9997,2,36,24
3609,1711892195177670,9997,2,36,25
3610,1711892195187672,9997,2,36,26
3611,1711892195197674,9996,3,36,27
3612,1711892195207676,9997,2,36,28
3613,1711892195217679,9997,2,36,29
3614,1711892195227681,9997,2,36,30
3615,1711892195237683,9997,2,36,31
3616,1711892195247685,9997,2,36,32
3617,1711892195257688,9997,2,36,33
3618,1711892195267690,9997,2,36,34
3619,1711892195277692,9997,2,36,35
3620,1711892195287695,9997,2,36,36
3621,1711892195297697,9997,2,36,37
3622,1711892195307699,9997,2,36,38
3623,1711892195317701,9997,2,36,39
3624,1711892195327703,9997,2,36,40
3625,1711892195337706,9997,2,36,41
3626,1711892195347708,9997,2,36,42
3627,1711892195357710,9997,2,36,43
3628,1711892195367713,9997,2,36,44
3629,1711892195377715,9997,2,36,45
3630,1711892195387717,9997,2,36,46
3631,1711892195397719,9997,2,36,47
3632,1711892195407722,9997,2,36,48
3633,1711892195417724,9997,2,36,49
3634,1711892195427726,9997,2,36,50
3635,1711892195437728,9997,2,36,51
3636,1711892195447730,9997,2,36,52
3637,1711892195457733,9997,2,36,53
3638,1711892195467735,9997,2,36,54
3639,1711892195477737,9997,2,36,55
3640,1711892195487739,9997,2,36,56
3641,1711892195497742,9997,2,36,57
3642,1711892195507744,9997,2,36,58
3643,1711892195517746,9997,2,36,59
3644,1711892195527748,9997,2,36,60
3645,1711892195537751,9997,2,36,61
3646,1711892195547753,9997,2,36,62
3647,1711892195557755,9997,2,36,63
3648,1711892195567757,9997,2,36,64
3649,1711892195577760,9997,2,36,65
3650,1711892195587762,9997,2,36,66
3651,1711892195597764,9997,2,36,67
3652,1711892195607766,9997,2,36,68
3653,1711892195657554,0,49784,37,69
3654,1711892195667557,9997,2,37,70
3655,1711892195677559,9997,2,37,71
3656,1711892195687562,9997,2,37,72
3657,1711892195697564,9997,2,37,73
3658,1711892195707566,9997,2,37,74
3659,1711892195717568,9997,2,37,75
3660,1711892195727571,9997,2,37,76
3661,1711892195737573,9997,2,37,77
3662,1711892195747575,9997,2,37,78
3663,1711892195757578,9997,2,37,79
3664,1711892195767580,9997,2,37,80
3665,1711892195777585,9997,2,37,81
3666,1711892195787588,9996,4,37,82
3667,1711892195797590,9997,2,37,83
3668,1711892195807592,9997,2,37,84
3669,1711892195817594,9997,2,37,85
3670,1711892195827596,9997,2,37,86
3671,1711892195837599,9997,2,37,87
3672,1711892195847601,9997,2,37,88
3673,1711892195857603,9997,2,37,89
3674,1711892195867605,9997,2,37,90
3675,1711892195877608,9997,2,37,91
3676,1711892195887610,9997,2,37,92
3677,1711892195897612,9997,2,37,93
3678,1711892195907614,9997,2,37,94
3679,1711892195917617,9997,2,37,95
3680,1711892195927619,9997,2,37,96
3681,1711892195937621,9997,2,37,97
3682,1711892195947623,9997,2,37,98
3683,1711892195957625,9997,2,37,99
3684,1711892195967628,9997,2,37,100
3685,1711892195977630,9997,2,37,101
3686,1711892195987632,9997,2,37,102
3687,1711892195997634,9997,2,37,103
3688,1711892196007637,9997,2,37,104
3689,1711892196017639,9997,2,37,105
3690,1711892196027641,9997,2,37,106
3691,1711892196037643,9997,2,37,107
3692,1711892196047646,9997,2,37,108
3693,1711892196057648,9997,2,37,109
3694,1711892196067650,9997,2,37,110
3695,1711892196077652,9997,2,37,111
3696,1711892196087655,9997,2,37,112
3697,1711892196097657,9997,2,37,113
3698,1711892196107659,9997,2,37,114
3699,1711892196117661,9997,2,37,115
3700,1711892196127663,9997,2,37,116
3701,1711892196137665,9997,2,37,117
3702,1711892196147668,9997,2,37,118
3703,1711892196157670,9997,2,37,119
3704,1711892196167672,9997,2,37,120
3705,1711892196177674,9997,2,37,121
3706,1711892196187676,9997,2,37,122
3707,1711892196197678,9997,2,37,123
3708,1711892196207680,9997,2,37,124
3709,1711892196217682,9997,2,37,125
3710,1711892196227684,9997,2,37,126
3711,1711892196237687,9997,2,37,127
3712,1711892196247689,9997,2,37,128
3713,1711892196257691,9997,2,37,129
3714,1711892196267693,9997,2,37,130
3715,1711892196277695,9997,2,37,131
3716,1711892196287697,9997,2,37,132
3717,1711892196297700,9997,2,37,133
3718,1711892196307702,9997,2,37,134
3719,1711892196317704,9997,2,37,135
3720,1711892196327706,9997,2,37,136
3721,1711892196337708,9997,2,37,137
3722,1711892196347710,9997,2,37,138
3723,1711892196357712,9997,2,37,139
3724,1711892196367715,9997,2,37,140
3725,1711892196377717,9997,2,37,141
3726,1711892196387719,9997,2,37,142
3727,1711892196397721,9997,2,37,143
3728,1711892196407723,9997,2,37,144
3729,1711892196417725,9997,2,37,145
3730,1711892196427727,9997,2,37,146
3731,1711892196437729,9997,2,37,147
3732,1711892196447732,9997,2,37,148
3733,1711892196457734,9997,2,37,149
3734,1711892196467737,9997,2,37,150
3735,1711892196477741,9996,3,37,151
3736,1711892196487744,9996,3,37,152
3737,1711892196497746,9997,2,37,153
3738,1711892196507748,9997,2,37,154
3739,1711892196517750,9997,2,37,155
3740,1711892196527752,9997,2,37,156
3741,1711892196537754,9997,2,37,157
3742,1711892196547756,9997,2,37,158
3743,1711892196557759,9997,2,37,159
3744,1711892196567761,9997,2,37,160
3745,1711892196577763,9997,2,37,161
3746,1711892196587765,9997,2,37,162
3747,1711892196597767,9997,2,37,163
3748,1711892196607769,9997,2,37,164
3749,1711892196617772,9997,2,37,165
3750,1711892196657556,0,39779,38,166
3751,1711892196667559,9997,2,38,167
3752,1711892196677561,9997,2,38,168
3753,1711892196687563,9997,2,38,169
3754,1711892196697565,9997,2,38,170
3755,1711892196707567,9997,2,38,171
3756,1711892196717569,9997,2,38,172
3757,1711892196727571,9997,2,38,173
3758,1711892196737573,9997,2,38,174
3759,1711892196747575,9997,2,38,175
3760,1711892196757577,9997,2,38,176
3761,1711892196767579,9997,2,38,177
3762,1711892196777581,9997,2,38,178
3763,1711892196787583,9997,2,38,179
3764,1711892196797585,9997,2,38,180
3765,1711892196807587,9997,2,38,181
3766,1711892196817590,9997,2,38,182
3767,1711892196827592,9997,2,38,183
3768,1711892196837594,9997,2,38,184
3769,1711892196847596,9997,2,38,185
3770,1711892196857598,9997,2,38,186
3771,1711892196867600,9997,2,38,187
3772,1711892196877602,9997,2,38,188
3773,1711892196887604,9997,2,38,189
3774,1711892196897606,9997,2,38,190
3775,1711892196907608,9997,2,38,191
3776,1711892196917611,9997,2,38,192
3777,1711892196927613,9997,2,38,193
3778,1711892196937615,9997,2,38,194
3779,1711892196947617,9997,2,38,195
3780,1711892196957619,9997,2,38,196
3781,1711892196967621,9997,2,38,197
3782,1711892196977623,9997,2,38,198
3783,1711892196987625,9997,2,38,199
3784,1711892196997627,9997,2,38,200
3785,1711892197007629,9997,2,38,201
3786,1711892197017631,9997,2,38,202
3787,1711892197027634,9997,2,38,203
3788,1711892197037636,9997,2,38,204
3789,1711892197047638,9997,2,38,205
3790,1711892197057640,9997,2,38,206
3791,1711892197067642,9997,2,38,207
3792,1711892197077644,9997,2,38,208
3793,1711892197087646,9997,2,38,209
3794,1711892197097648,9997,2,38,210
3795,1711892197107650,9997,2,38,211
3796,1711892197117652,9997,2,38,212
3797,1711892197127654,9997,2,38,213
3798,1711892197137656,9997,2,38,214
3799,1711892197147659,9997,2,38,215
3800,1711892197157661,9997,2,38,216
3801,1711892197167663,9997,2,38,217
3802,1711892197177665,9997,2,38,218
3803,1711892197187667,9997,2,38,219
3804,1711892197197669,9997,2,38,220
3805,1711892197207671,9997,2,38,221
3806,1711892197217673,9997,2,38,222
3807,1711892197227675,9997,2,38,223
3808,1711892197237677,9997,2,38,224
3809,1711892197247679,9997,2,38,225
3810,1711892197257682,9997,2,38,226
3811,1711892197267684,9997,2,38,227
3812,1711892197277686,9997,2,38,228
3813,1711892197287688,9997,2,38,229
3814,1711892197297690,9997,2,38,230
3815,1711892197307692,9997,2,38,231
3816,1711892197317694,9997,2,38,232
3817,1711892197327696,9997,2,38,233
3818,1711892197337698,9997,2,38,234
3819,1711892197347700,9997,2,38,235
3820,1711892197357702,9997,2,38,236
3821,1711892197367705,9997,2,38,237
3822,1711892197377707,9997,2,38,238
3823,1711892197387709,9997,2,38,239
3824,1711892197397711,9997,2,38,240
3825,1711892197407713,9997,2,38,241
3826,1711892197417715,9997,2,38,242
3827,1711892197427717,9997,2,38,243
3828,1711892197437719,9997,2,38,244
3829,1711892197447721,9997,2,38,245
3830,1711892197457723,9997,2,38,246
3831,1711892197467725,9997,2,38,247
3832,1711892197477727,9997,2,38,248
3833,1711892197487729,9997,2,38,249
3834,1711892197497732,9997,2,38,250
3835,1711892197507734,9997,2,38,251
3836,1711892197517736,9997,2,38,252
3837,1711892197527738,9997,2,38,253
3838,1711892197537740,9997,2,38,254
3839,1711892197547742,9997,2,38,255
3840,1711892197557744,9997,2,38,0
3841,1711892197567746,9997,2,38,1
3842,1711892197577748,9997,2,38,2
3843,1711892197587750,9997,2,38,3
3844,1711892197597752,9997,2,38,4
3845,1711892197607755,9997,2,38,5
3846,1711892197657552,0,49795,39,6
3847,1711892197667555,9997,2,39,7
3848,1711892197677557,9997,2,39,8
3849,1711892197687559,9997,2,39,9
3850,1711892197697561,9997,2,39,10
3851,1711892197707564,9997,2,39,11
3852,1711892197717566,9997,2,39,12
3853,1711892197727568,9997,2,39,13
3854,1711892197737570,9997,2,39,14
3855,1711892197747573,9997,2,39,15
3856,1711892197757575,9997,2,39,16
3857,1711892197767577,9997,2,39,17
3858,1711892197777580,9997,2,39,18
3859,1711892197787582,9997,2,39,19
3860,1711892197797584,9997,2,39,20
3861,1711892197807586,9997,2,39,21
3862,1711892197817589,9997,2,39,22
3863,1711892197827591,9997,2,39,23
3864,1711892197837593,9997,2,39,24
3865,1711892197847597,9997,2,39,25
3866,1711892197857599,9997,2,39,26
3867,1711892197867601,9997,2,39,27
3868,1711892197877604,9997,2,39,28
3869,1711892197887606,9997,2,39,29
3870,1711892197897608,9997,2,39,30
3871,1711892197907610,9997,2,39,31
3872,1711892197917613,9997,2,39,32
3873,1711892197927615,9997,2,39,33
3874,1711892197937617,9997,2,39,34
3875,1711892197947619,9996,3,39,35
3876,1711892197957622,9997,2,39,36
3877,1711892197967624,9997,2,39,37
3878,1711892197977627,9997,2,39,38
3879,1711892197987630,9996,3,39,39
3880,1711892197997632,9997,2,39,40
3881,1711892198007634,9997,2,39,41
3882,1711892198017637,9997,2,39,42
3883,1711892198027639,9997,2,39,43
3884,1711892198037641,9997,2,39,44
3885,1711892198047643,9997,2,39,45
3886,1711892198057646,9997,2,39,46
3887,1711892198067648,9997,2,39,47
3888,1711892198077650,9997,2,39,48
3889,1711892198087652,9997,2,39,49
3890,1711892198097655,9997,2,39,50
3891,1711892198107657,9997,2,39,51
3892,1711892198117659,9997,2,39,52
3893,1711892198127661,9997,2,39,53
3894,1711892198137664,9997,2,39,54
3895,1711892198147666,9997,2,39,55
3896,1711892198157668,9997,2,39,56
3897,1711892198167670,9997,2,39,57
3898,1711892198177672,9997,2,39,58
3899,1711892198187674,9997,2,39,59
3900,1711892198197676,9997,2,39,60
3901,1711892198207678,9997,2,39,61
3902,1711892198217680,9997,2,39,62
3903,1711892198227683,9997,2,39,63
3904,1711892198237685,9997,2,39,64
3905,1711892198247687,9997,2,39,65
3906,1711892198257689,9997,2,39,66
3907,1711892198267691,9997,2,39,67
3908,1711892198277693,9997,2,39,68
3909,1711892198287695,9997,2,39,69
3910,1711892198297698,9997,2,39,70
3911,1711892198307700,9997,2,39,71
3912,1711892198317702,9997,2,39,72
3913,1711892198327704,9997,2,39,73
3914,1711892198337706,9997,2,39,74
3915,1711892198347708,9997,2,39,75
3916,1711892198357710,9997,2,39,76
3917,1711892198367713,9997,2,39,77
3918,1711892198377715,9997,2,39,78
3919,1711892198387717,9997,2,39,79
3920,1711892198397719,9997,2,39,80
3921,1711892198407721,9997,2,39,81
3922,1711892198417723,9997,2,39,82
3923,1711892198427725,9997,2,39,83
3924,1711892198437728,9997,2,39,84
3925,1711892198447730,9997,2,39,85
3926,1711892198457732,9997,2,39,86
3927,1711892198467734,9997,2,39,87
3928,1711892198477736,9997,2,39,88
3929,1711892198487738,9997,2,39,89
3930,1711892198497740,9997,2,39,90
3931,1711892198507742,9997,2,39,91
3932,1711892198517745,9997,2,39,92
3933,1711892198527747,9997,2,39,93
3934,1711892198537749,9997,2,39,94
3935,1711892198547751,9997,2,39,95
3936,1711892198557753,9997,2,39,96
3937,1711892198567755,9997,2,39,97
3938,1711892198577758,9997,2,39,98
3939,1711892198587760,9997,2,39,99
3940,1711892198597762,9997,2,39,100
3941,1711892198607764,9997,2,39,101
3942,1711892198657554,0,49786,40,102
3943,1711892198667556,9997,2,40,103
3944,1711892198677558,9997,2,40,104
3945,1711892198687560,9997,2,40,105
3946,1711892198697562,9997,2,40,106
3947,1711892198707564,9997,2,40,107
3948,1711892198717566,9997,2,40,108
3949,1711892198727568,9997,2,40,109
3950,1711892198737571,9997,2,40,110
3951,1711892198747573,9996,3,40,111
3952,1711892198757575,9997,2,40,112
3953,1711892198767577,9997,2,40,113
3954,1711892198777579,9997,2,40,114
3955,1711892198787581,9997,2,40,115
3956,1711892198797583,9997,2,40,116
3957,1711892198807585,9997,2,40,117
3958,1711892198817587,9997,2,40,118
3959,1711892198827589,9997,2,40,119
3960,1711892198837591,9997,2,40,120
3961,1711892198847594,9997,2,40,121
3962,1711892198857596,9997,2,40,122
3963,1711892198867598,9997,2,40,123
3964,1711892198877600,9997,2,40,124
3965,1711892198887602,9997,2,40,125
3966,1711892198897604,9997,2,40,126
3967,1711892198907606,9997,2,40,127
3968,1711892198917608,9997,2,40,128
3969,1711892198927610,9997,2,40,129
3970,1711892198937612,9997,2,40,130
3971,1711892198947614,9997,2,40,131
3972,1711892198957616,9997,2,40,132
3973,1711892198967618,9997,2,40,133
3974,1711892198977621,9997,2,40,134
3975,1711892198987623,9997,2,40,135
3976,1711892198997625,9997,2,40,136
3977,1711892199007627,9997,2,40,137
3978,1711892199017629,9997,2,40,138
3979,1711892199027631,9997,2,40,139
3980,1711892199037633,9997,2,40,140
3981,1711892199047635,9997,2,40,141
3982,1711892199057637,9997,2,40,142
3983,1711892199067639,9997,2,40,143
3984,1711892199077641,9997,2,40,144
3985,1711892199087644,9997,2,40,145
3986,1711892199097646,9997,2,40,146
3987,1711892199107648,9997,2,40,147
3988,1711892199117650,9997,2,40,148
3989,1711892199127652,9997,2,40,149
3990,1711892199137654,9997,2,40,150
3991,1711892199147656,9997,2,40,151
3992,1711892199157658,9997,2,40,152
3993,1711892199167660,9997,2,40,153
3994,1711892199177662,9997,2,40,154
3995,1711892199187664,9997,2,40,155
3996,1711892199197666,9997,2,40,156
3997,1711892199207669,9997,2,40,157
3998,1711892199217671,9997,2,40,158
3999,1711892199227673,9997,2,40,159
4000,1711892199237675,9997,2,40,160
4001,1711892199247677,9997,2,40,161
4002,1711892199257679,9997,2,40,162
4003,1711892199267681,9997,2,40,163
4004,1711892199277683,9997,2,40,164
4005,1711892199287685,9996,3,40,165
4006,1711892199297687,9997,2,40,166
4007,1711892199307689,9997,2,40,167
4008,1711892199317691,9997,2,40,168
4009,1711892199327694,9997,2,40,169
4010,1711892199337696,9997,2,40,170
4011,1711892199347698,9997,2,40,171
4012,1711892199357700,9997,2,40,172
4013,1711892199367702,9997,2,40,173
4014,1711892199377704,9997,2,40,174
4015,1711892199387706,9997,2,40,175
4016,1711892199397708,9997,2,40,176
4017,1711892199407710,9997,2,40,177
4018,1711892199417712,9997,2,40,178
4019,1711892199427715,9997,2,40,179
4020,1711892199437717,9997,2,40,180
4021,1711892199447719,9997,2,40,181
4022,1711892199457721,9997,2,40,182
4023,1711892199467723,9997,2,40,183
4024,1711892199477725,9997,2,40,184
4025,1711892199487729,9997,2,40,185
4026,1711892199497731,9997,2,40,186
4027,1711892199507733,9997,2,40,187
4028,1711892199517735,9997,2,40,188
4029,1711892199527737,9997,2,40,189
4030,1711892199537739,9997,2,40,190
4031,1711892199547741,9997,2,40,191
4032,1711892199557744,9997,2,40,192
4033,1711892199567746,9997,2,40,193
4034,1711892199577748,9997,2,40,194
4035,1711892199587750,9997,2,40,195
4036,1711892199597752,9997,2,40,196
4037,1711892199607754,9997,2,40,197
4038,1711892199657553,0,49796,41,198
4039,1711892199667556,9997,2,41,199
4040,1711892199677558,9997,2,41,200
4041,1711892199687561,9997,2,41,201
4042,1711892199697563,9997,2,41,202
4043,1711892199707565,9997,2,41,203
4044,1711892199717567,9997,2,41,204
4045,1711892199727569,9997,2,41,205
4046,1711892199737572,9997,2,41,206
4047,1711892199747574,9997,2,41,207
4048,1711892199757576,9997,2,41,208
4049,1711892199767578,9997,2,41,209
4050,1711892199777580,9997,2,41,210
4051,1711892199787583,9997,2,41,211
4052,1711892199797585,9997,2,41,212
4053,1711892199807587,9997,2,41,213
4054,1711892199817589,9997,2,41,214
4055,1711892199827592,9997,2,41,215
4056,1711892199837594,9997,2,41,216
4057,1711892199847596,9997,2,41,217
4058,1711892199857598,9997,2,41,218
4059,1711892199867600,9997,2,41,219
4060,1711892199877603,9997,2,41,220
4061,1711892199887605,9997,2,41,221
4062,1711892199897607,9997,2,41,222
4063,1711892199907609,9997,2,41,223
4064,1711892199917611,9997,2,41,224
4065,1711892199927614,9997,2,41,225
4066,1711892199937616,9997,2,41,226
4067,1711892199947618,9997,2,41,227
4068,1711892199957620,9997,2,41,228
4069,1711892199967623,9997,2,41,229
4070,1711892199977625,9997,2,41,230
4071,1711892199987627,9997,2,41,231
4072,1711892199997629,9997,2,41,232
4073,1711892200007631,9997,2,41,233
4074,1711892200017634,9997,2,41,234
4075,1711892200027636,9997,2,41,235
4076,1711892200037638,9997,2,41,236
4077,1711892200047640,9997,2,41,237
4078,1711892200057643,9997,2,41,238
4079,1711892200067645,9997,2,41,239
4080,1711892200077647,9997,2,41,240
4081,1711892200087649,9997,2,41,241
4082,1711892200097651,9997,2,41,242
4083,1711892200107654,9997,3,41,243
4084,1711892200117656,9997,2,41,244
4085,1711892200127658,9997,2,41,245
4086,1711892200137660,9997,2,41,246
4087,1711892200147662,9997,2,41,247
4088,1711892200157664,9997,2,41,248
4089,1711892200167666,9997,2,41,249
4090,1711892200177668,9997,2,41,250
4091,1711892200187670,9997,2,41,251
4092,1711892200197672,9997,2,41,252
4093,1711892200207675,9997,2,41,253
4094,1711892200217677,9997,2,41,254
4095,1711892200227679,9997,2,41,255
4096,1711892200237681,9997,2,41,0
4097,1711892200247684,9932,67,41,1
4098,1711892200257686,9997,2,41,2
4099,1711892200267688,9997,2,41,3
4100,1711892200277690,9997,2,41,4
4101,1711892200287692,9997,2,41,5
4102,1711892200297694,9997,2,41,6
4103,1711892200307696,9997,2,41,7
4104,1711892200317698,9997,2,41,8
4105,1711892200327701,9997,2,41,9
4106,1711892200337703,9997,2,41,10
4107,1711892200347705,9997,2,41,11
4108,1711892200357707,9997,2,41,12
4109,1711892200367709,9997,2,41,13
4110,1711892200377711,9997,2,41,14
4111,1711892200387713,9997,2,41,15
4112,1711892200397715,9997,2,41,16
4113,1711892200407718,9997,2,41,17
4114,1711892200417720,9997,2,41,18
4115,1711892200427722,9997,2,41,19
4116,1711892200437724,9997,2,41,20
4117,1711892200447726,9997,2,41,21
4118,1711892200457728,9997,2,41,22
4119,1711892200467730,9997,2,41,23
4120,1711892200477733,9997,2,41,24
4121,1711892200487735,9997,2,41,25
4122,1711892200497737,9997,2,41,26
4123,1711892200507739,9997,2,41,27
4124,1711892200517741,9997,2,41,28
4125,1711892200527743,9997,2,41,29
4126,1711892200537745,9997,2,41,30
4127,1711892200547747,9997,2,41,31
4128,1711892200557749,9997,2,41,32
4129,1711892200567752,9997,2,41,33
4130,1711892200577754,9997,2,41,34
4131,1711892200587756,9997,2,41,35
4132,1711892200597758,9997,2,41,36
4133,1711892200607760,9997,2,41,37
4134,1711892200617763,9997,2,41,38
4135,1711892200657554,0,39787,42,39
4136,1711892200667557,9997,2,42,40
4137,1711892200677559,9997,2,42,41
4138,1711892200687561,9997,2,42,42
4139,1711892200697563,9997,2,42,43
4140,1711892200707566,9997,2,42,44
4141,1711892200717568,9997,2,42,45
4142,1711892200727570,9997,2,42,46
4143,1711892200737572,9997,2,42,47
4144,1711892200747574,9997,2,42,48
4145,1711892200757576,9997,2,42,49
4146,1711892200767578,9997,2,42,50
4147,1711892200777580,9997,2,42,51
4148,1711892200787582,9997,2,42,52
4149,1711892200797585,9997,2,42,53
4150,1711892200807587,9997,2,42,54
4151,1711892200817589,9997,2,42,55
4152,1711892200827591,9997,2,42,56
4153,1711892200837593,9997,2,42,57
4154,1711892200847595,9997,2,42,58
4155,1711892200857597,9997,2,42,59
4156,1711892200867599,9997,2,42,60
4157,1711892200877601,9997,2,42,61
4158,1711892200887604,9997,2,42,62
4159,1711892200897606,9997,2,42,63
4160,1711892200907608,9997,2,42,64
4161,1711892200917610,9997,2,42,65
4162,1711892200927612,9997,2,42,66
4163,1711892200937614,9997,2,42,67
4164,1711892200947616,9997,2,42,68
4165,1711892200957618,9997,2,42,69
4166,1711892200967620,9997,2,42,70
4167,1711892200977622,9997,2,42,71
4168,1711892200987625,9997,2,42,72
4169,1711892200997628,9997,2,42,73
4170,1711892201007630,9997,2,42,74
4171,1711892201017633,9997,2,42,75
4172,1711892201027635,9997,2,42,76
4173,1711892201037637,9997,2,42,77
4174,1711892201047639,9997,2,42,78
4175,1711892201057641,9997,2,42,79
4176,1711892201067643,9997,2,42,80
4177,1711892201077645,9997,2,42,81
4178,1711892201087647,9997,2,42,82
4179,1711892201097649,9997,2,42,83
4180,1711892201107652,9997,2,42,84
4181,1711892201117654,9997,2,42,85
4182,1711892201127656,9997,2,42,86
4183,1711892201137658,9997,2,42,87
4184,1711892201147660,9997,2,42,88
4185,1711892201157662,9997,2,42,89
4186,1711892201167664,9997,2,42,90
4187,1711892201177666,9997,2,42,91
4188,1711892201187668,9997,2,42,92
4189,1711892201197670,9997,2,42,93
4190,1711892201207673,9997,2,42,94
4191,1711892201217675,9997,2,42,95
4192,1711892201227677,9997,2,42,96
4193,1711892201237679,9997,2,42,97
4194,1711892201247681,9997,2,42,98
4195,1711892201257683,9997,2,42,99
4196,1711892201267685,9997,2,42,100
4197,1711892201277687,9997,2,42,101
4198,1711892201287689,9997,2,42,102
4199,1711892201297691,9997,2,42,103
4200,1711892201307694,9997,2,42,104
4201,1711892201317696,9997,2,42,105
4202,1711892201327698,9997,2,42,106
4203,1711892201337700,9997,2,42,107
4204,1711892201347702,9997,2,42,108
4205,1711892201357704,9997,2,42,109
4206,1711892201367706,9997,2,42,110
4207,1711892201377708,9997,2,42,111
4208,1711892201387710,9997,2,42,112
4209,1711892201397713,9997,2,42,113
4210,1711892201407715,9997,2,42,114
4211,1711892201417717,9997,2,42,115
4212,1711892201427719,9997,2,42,116
4213,1711892201437721,9997,2,42,117
4214,1711892201447723,9997,2,42,118
4215,1711892201457725,9997,2,42,119
4216,1711892201467729,9997,2,42,120
4217,1711892201477733,9997,2,42,121
4218,1711892201487736,9996,3,42,122
4219,1711892201497738,9997,2,42,123
4220,1711892201507740,9997,2,42,124
4221,1711892201517742,9997,2,42,125
4222,1711892201527744,9997,2,42,126
4223,1711892201537746,9997,2,42,127
4224,1711892201547748,9997,2,42,128
4225,1711892201557750,9997,2,42,129
4226,1711892201567753,9997,2,42,130
4227,1711892201577755,9997,2,42,131
4228,1711892201587757,9997,2,42,132
4229,1711892201597759,9997,2,42,133
4230,1711892201607761,9997,2,42,134
4231,1711892201657555,0,49788,43,135
4232,1711892201667558,9997,2,43,136
4233,1711892201677560,9997,2,43,137
4234,1711892201687563,9997,2,43,138
4235,1711892201697565,9997,2,43,139
4236,1711892201707567,9997,2,43,140
4237,1711892201717569,9997,2,43,141
4238,1711892201727572,9997,2,43,142
4239,1711892201737574,9997,2,43,143
4240,1711892201747576,9997,2,43,144
4241,1711892201757579,9997,2,43,145
4242,1711892201767581,9997,2,43,146
4243,1711892201777583,9997,2,43,147
4244,1711892201787585,9997,2,43,148
4245,1711892201797588,9997,2,43,149
4246,1711892201807590,9997,2,43,150
4247,1711892201817592,9997,2,43,151
4248,1711892201827595,9997,2,43,152
4249,1711892201837597,9997,2,43,153
4250,1711892201847599,9997,2,43,154
4251,1711892201857601,9997,2,43,155
4252,1711892201867604,9997,2,43,156
4253,1711892201877606,9997,2,43,157
4254,1711892201887608,9997,2,43,158
4255,1711892201897611,9997,2,43,159
4256,1711892201907613,9997,2,43,160
4257,1711892201917615,9997,2,43,161
4258,1711892201927617,9997,2,43,162
4259,1711892201937620,9997,2,43,163
4260,1711892201947622,9997,2,43,164
4261,1711892201957624,9997,2,43,165
4262,1711892201967627,9997,2,43,166
4263,1711892201977629,9997,2,43,167
4264,1711892201987631,9997,2,43,168
4265,1711892201997633,9997,2,43,169
4266,1711892202007636,9997,2,43,170
4267,1711892202017638,9997,2,43,171
4268,1711892202027640,9997,2,43,172
4269,1711892202037643,9997,2,43,173
4270,1711892202047645,9997,2,43,174
4271,1711892202057647,9997,2,43,175
4272,1711892202067649,9997,2,43,176
4273,1711892202077652,9997,2,43,177
4274,1711892202087654,9997,2,43,178
4275,1711892202097656,9997,2,43,179
4276,1711892202107658,9997,2,43,180
4277,1711892202117661,9997,2,43,181
4278,1711892202127663,9997,2,43,182
4279,1711892202137665,9997,2,43,183
4280,1711892202147668,9997,2,43,184
4281,1711892202157670,9997,2,43,185
4282,1711892202167672,9997,2,43,186
4283,1711892202177674,9997,2,43,187
4284,1711892202187676,9997,2,43,188
4285,1711892202197678,9997,2,43,189
4286,1711892202207680,9997,2,43,190
4287,1711892202217683,9997,2,43,191
4288,1711892202227685,9997,2,43,192
4289,1711892202237687,9997,2,43,193
4290,1711892202247689,9997,2,43,194
4291,1711892202257691,9997,2,43,195
4292,1711892202267693,9997,2,43,196
4293,1711892202277695,9997,2,43,197
4294,1711892202287698,9997,2,43,198
4295,1711892202297700,9997,2,43,199
4296,1711892202307702,9997,2,43,200
4297,1711892202317704,9997,2,43,201
4298,1711892202327706,9997,2,43,202
4299,1711892202337708,9997,2,43,203
4300,1711892202347711,9997,2,43,204
4301,1711892202357713,9997,2,43,205
4302,1711892202367715,9997,2,43,206
4303,1711892202377717,9997,2,43,207
4304,1711892202387719,9997,2,43,208
4305,1711892202397721,9997,2,43,209
4306,1711892202407723,9997,2,43,210
4307,1711892202417726,9997,2,43,211
4308,1711892202427728,9997,2,43,212
4309,1711892202437730,9997,2,43,213
4310,1711892202447732,9997,2,43,214
4311,1711892202457734,9997,2,43,215
4312,1711892202467736,9997,2,43,216
4313,1711892202477739,9997,2,43,217
4314,1711892202487742,9997,2,43,218
4315,1711892202497744,9996,3,43,219
4316,1711892202507746,9997,2,43,220
4317,1711892202517749,9997,2,43,221
4318,1711892202527751,9997,2,43,222
4319,1711892202537753,9997,2,43,223
4320,1711892202547755,9997,2,43,224
4321,1711892202557757,9997,2,43,225
4322,1711892202567759,9997,2,43,226
4323,1711892202577762,9997,2,43,227
4324,1711892202587764,9997,2,43,228
4325,1711892202597766,9997,2,43,229
4326,1711892202607768,9997,2,43,230
4327,1711892202657555,0,49782,44,231
4328,1711892202667557,9997,2,44,232
4329,1711892202677559,9997,2,44,233
4330,1711892202687562,9996,3,44,234
4331,1711892202697564,9997,2,44,235
4332,1711892202707566,9997,2,44,236
4333,1711892202717568,9997,2,44,237
4334,1711892202727570,9997,2,44,238
4335,1711892202737572,9997,2,44,239
4336,1711892202747574,9997,2,44,240
4337,1711892202757577,9997,2,44,241
4338,1711892202767579,9997,2,44,242
4339,1711892202777581,9997,2,44,243
4340,1711892202787583,9997,2,44,244
4341,1711892202797585,9997,2,44,245
4342,1711892202807587,9997,2,44,246
4343,1711892202817589,9997,2,44,247
4344,1711892202827591,9997,2,44,248
4345,1711892202837593,9997,2,44,249
4346,1711892202847596,9997,2,44,250
4347,1711892202857599,9997,2,44,251
4348,1711892202867601,9997,2,44,252
4349,1711892202877604,9997,2,44,253
4350,1711892202887606,9997,2,44,254
4351,1711892202897608,9997,2,44,255
4352,1711892202907610,9997,2,44,0
4353,1711892202917612,9997,2,44,1
4354,1711892202927614,9997,2,44,2
4355,1711892202937616,9997,2,44,3
4356,1711892202947619,9997,2,44,4
4357,1711892202957621,9997,2,44,5
4358,1711892202967623,9997,2,44,6
4359,1711892202977625,9997,2,44,7
4360,1711892202987627,9997,2,44,8
4361,1711892202997629,9997,2,44,9
4362,1711892203007631,9997,2,44,10
4363,1711892203017633,9997,2,44,11
4364,1711892203027636,9997,2,44,12
4365,1711892203037638,9997,2,44,13
4366,1711892203047640,9997,2,44,14
4367,1711892203057642,9997,2,44,15
4368,1711892203067644,9997,2,44,16
4369,1711892203077646,9997,2,44,17
4370,1711892203087648,9997,2,44,18
4371,1711892203097650,9997,2,44,19
4372,1711892203107652,9997,2,44,20
4373,1711892203117654,9997,2,44,21
4374,1711892203127657,9997,2,44,22
4375,1711892203137659,9997,2,44,23
4376,1711892203147661,9997,2,44,24
4377,1711892203157663,9997,2,44,25
4378,1711892203167665,9997,2,44,26
4379,1711892203177667,9997,2,44,27
4380,1711892203187669,9997,2,44,28
4381,1711892203197671,9997,2,44,29
4382,1711892203207673,9997,2,44,30
4383,1711892203217676,9997,2,44,31
4384,1711892203227678,9997,2,44,32
4385,1711892203237680,9997,2,44,33
4386,1711892203247682,9997,2,44,34
4387,1711892203257684,9997,2,44,35
4388,1711892203267686,9997,2,44,36
4389,1711892203277688,9997,2,44,37
4390,1711892203287690,9997,2,44,38
4391,1711892203297692,9997,2,44,39
4392,1711892203307694,9997,2,44,40
4393,1711892203317697,9997,2,44,41
4394,1711892203327699,9997,2,44,42
4395,1711892203337701,9997,2,44,43
4396,1711892203347703,9997,2,44,44
4397,1711892203357705,9997,2,44,45
4398,1711892203367707,9997,2,44,46
4399,1711892203377709,9997,2,44,47
4400,1711892203387711,9997,2,44,48
4401,1711892203397713,9997,2,44,49
4402,1711892203407716,9997,2,44,50
4403,1711892203417718,9997,2,44,51
4404,1711892203427720,9997,2,44,52
4405,1711892203437722,9997,2,44,53
4406,1711892203447724,9997,2,44,54
4407,1711892203457726,9997,2,44,55
4408,1711892203467728,9997,2,44,56
4409,1711892203477730,9997,2,44,57
4410,1711892203487733,9997,2,44,58
4411,1711892203497735,9997,2,44,59
4412,1711892203507737,9997,2,44,60
4413,1711892203517739,9997,2,44,61
4414,1711892203527741,9996,3,44,62
4415,1711892203537743,9996,3,44,63
4416,1711892203547745,9997,2,44,64
4417,1711892203557747,9997,2,44,65
4418,1711892203567749,9997,2,44,66
4419,1711892203577752,9997,2,44,67
4420,1711892203587754,9997,2,44,68
4421,1711892203597756,9997,2,44,69
4422,1711892203607758,9997,2,44,70
4423,1711892203617760,9997,2,44,71
4424,1711892203657552,0,39789,45,72
4425,1711892203667555,9997,2,45,73
4426,1711892203677557,9997,2,45,74
4427,1711892203687559,9997,2,45,75
4428,1711892203697561,9997,2,45,76
4429,1711892203707564,9997,2,45,77
4430,1711892203717566,9997,2,45,78
4431,1711892203727568,9997,2,45,79
4432,1711892203737570,9997,2,45,80
4433,1711892203747573,9997,2,45,81
4434,1711892203757575,9997,2,45,82
4435,1711892203767577,9997,2,45,83
4436,1711892203777579,9997,2,45,84
4437,1711892203787582,9997,2,45,85
4438,1711892203797584,9997,2,45,86
4439,1711892203807586,9997,2,45,87
4440,1711892203817588,9997,2,45,88
4441,1711892203827591,9997,2,45,89
4442,1711892203837593,9997,2,45,90
4443,1711892203847595,9997,2,45,91
4444,1711892203857597,9997,2,45,92
4445,1711892203867600,9997,2,45,93
4446,1711892203877602,9997,2,45,94
4447,1711892203887604,9997,2,45,95
4448,1711892203897606,9997,2,45,96
4449,1711892203907609,9997,2,45,97
4450,1711892203917611,9997,2,45,98
4451,1711892203927613,9997,2,45,99
4452,1711892203937615,9997,2,45,100
4453,1711892203947617,9997,2,45,101
4454,1711892203957620,9997,2,45,102
4455,1711892203967622,9997,2,45,103
4456,1711892203977624,9997,2,45,104
4457,1711892203987626,9997,2,45,105
4458,1711892203997630,9997,2,45,106
4459,1711892204007632,9996,3,45,107
4460,1711892204017634,9997,2,45,108
4461,1711892204027637,9997,2,45,109
4462,1711892204037639,9997,2,45,110
4463,1711892204047641,9997,2,45,111
4464,1711892204057643,9997,2,45,112
4465,1711892204067646,9997,2,45,113
4466,1711892204077648,9997,2,45,114
4467,1711892204087650,9997,2,45,115
4468,1711892204097652,9997,2,45,116
4469,1711892204107655,9997,2,45,117
4470,1711892204117657,9997,2,45,118
4471,1711892204127659,9997,2,45,119
4472,1711892204137661,9997,2,45,120
4473,1711892204147665,9997,2,45,121
4474,1711892204157667,9997,2,45,122
4475,1711892204167669,9997,2,45,123
4476,1711892204177671,9997,2,45,124
4477,1711892204187673,9997,2,45,125
4478,1711892204197675,9997,2,45,126
4479,1711892204207677,9997,2,45,127
4480,1711892204217680,9997,2,45,128
4481,1711892204227682,9997,2,45,129
4482,1711892204237684,9997,2,45,130
4483,1711892204247686,9997,2,45,131
4484,1711892204257688,9997,2,45,132
4485,1711892204267690,9997,2,45,133
4486,1711892204277692,9997,2,45,134
4487,1711892204287695,9997,2,45,135
4488,1711892204297697,9997,2,45,136
4489,1711892204307699,9997,2,45,137
4490,1711892204317701,9997,2,45,138
4491,1711892204327703,9997,2,45,139
4492,1711892204337705,9997,2,45,140
4493,1711892204347707,9997,2,45,141
4494,1711892204357709,9997,2,45,142
4495,1711892204367711,9997,2,45,143
4496,1711892204377713,9997,2,45,144
4497,1711892204387716,9997,2,45,145
4498,1711892204397718,9997,2,45,146
4499,1711892204407720,9997,2,45,147
4500,1711892204417722,9997,2,45,148
4501,1711892204427724,9997,2,45,149
4502,1711892204437726,9997,2,45,150
4503,1711892204447728,9997,2,45,151
4504,1711892204457730,9997,2,45,152
4505,1711892204467733,9997,2,45,153
4506,1711892204477735,9997,2,45,154
4507,1711892204487737,9997,2,45,155
4508,1711892204497739,9997,2,45,156
4509,1711892204507741,9997,2,45,157
4510,1711892204517743,9997,2,45,158
4511,1711892204527745,9997,2,45,159
4512,1711892204537748,9997,2,45,160
4513,1711892204547750,9997,2,45,161
4514,1711892204557752,9997,2,45,162
4515,1711892204567754,9997,2,45,163
4516,1711892204577756,9997,2,45,164
4517,1711892204587758,9997,2,45,165
4518,1711892204597760,9997,2,45,166
4519,1711892204607762,9997,2,45,167
4520,1711892204657553,0,49788,46,168
4521,1711892204667556,9997,2,46,169
4522,1711892204677558,9997,2,46,170
4523,1711892204687560,9997,2,46,171
4524,1711892204697562,9997,2,46,172
4525,1711892204707564,9997,2,46,173
4526,1711892204717566,9997,2,46,174
4527,1711892204727569,9997,2,46,175
4528,1711892204737571,9997,2,46,176
4529,1711892204747573,9997,2,46,177
4530,1711892204757575,9997,2,46,178
4531,1711892204767577,9997,2,46,179
4532,1711892204777579,9997,2,46,180
4533,1711892204787581,9997,2,46,181
4534,1711892204797583,9997,2,46,182
4535,1711892204807585,9997,2,46,183
4536,1711892204817588,9997,2,46,184
4537,1711892204827590,9997,2,46,185
4538,1711892204837592,9997,2,46,186
4539,1711892204847594,9997,2,46,187
4540,1711892204857596,9997,2,46,188
4541,1711892204867598,9997,2,46,189
4542,1711892204877600,9997,2,46,190
4543,1711892204887602,9997,2,46,191
4544,1711892204897605,9997,2,46,192
4545,1711892204907607,9997,2,46,193
4546,1711892204917609,9997,2,46,194
4547,1711892204927611,9997,2,46,195
4548,1711892204937613,9997,2,46,196
4549,1711892204947615,9997,2,46,197
4550,1711892204957617,9997,2,46,198
4551,1711892204967619,9997,2,46,199
4552,1711892204977622,9997,2,46,200
4553,1711892204987624,9997,2,46,201
4554,1711892204997626,9997,2,46,202
4555,1711892205007628,9997,2,46,203
4556,1711892205017630,9997,2,46,204
4557,1711892205027632,9997,2,46,205
4558,1711892205037634,9997,2,46,206
4559,1711892205047636,9997,2,46,207
4560,1711892205057639,9997,2,46,208
4561,1711892205067641,9997,2,46,209
4562,1711892205077643,9997,2,46,210
4563,1711892205087645,9997,2,46,211
4564,1711892205097647,9997,2,46,212
4565,1711892205107649,9997,2,46,213
4566,1711892205117651,9997,2,46,214
4567,1711892205127653,9997,2,46,215
4568,1711892205137656,9997,2,46,216
4569,1711892205147658,9997,2,46,217
4570,1711892205157660,9997,2,46,218
4571,1711892205167662,9997,2,46,219
4572,1711892205177664,9997,2,46,220
4573,1711892205187666,9997,2,46,221
4574,1711892205197668,9997,2,46,222
4575,1711892205207670,9997,2,46,223
4576,1711892205217672,9997,2,46,224
4577,1711892205227675,9997,2,46,225
4578,1711892205237677,9997,2,46,226
4579,1711892205247679,9997,2,46,227
4580,1711892205257681,9997,2,46,228
4581,1711892205267683,9997,2,46,229
4582,1711892205277685,9997,2,46,230
4583,1711892205287687,9997,3,46,231
4584,1711892205297689,9997,2,46,232
4585,1711892205307692,9997,2,46,233
4586,1711892205317694,9997,2,46,234
4587,1711892205327696,9997,2,46,235
4588,1711892205337698,9997,2,46,236
4589,1711892205347700,9997,2,46,237
4590,1711892205357702,9997,2,46,238
4591,1711892205367704,9997,2,46,239
4592,1711892205377706,9997,2,46,240
4593,1711892205387708,9997,2,46,241
4594,1711892205397711,9997,2,46,242
4595,1711892205407713,9997,2,46,243
4596,1711892205417715,9997,2,46,244
4597,1711892205427717,9997,2,46,245
4598,1711892205437719,9997,2,46,246
4599,1711892205447721,9997,2,46,247
4600,1711892205457723,9997,2,46,248
4601,1711892205467725,9997,2,46,249
4602,1711892205477728,9997,2,46,250
4603,1711892205487730,9997,2,46,251
4604,1711892205497733,9997,2,46,252
4605,1711892205507735,9996,3,46,253
4606,1711892205517737,9997,2,46,254
4607,1711892205527739,9997,2,46,255
4608,1711892205537741,9991,8,46,0
4609,1711892205547744,9997,2,46,1
4610,1711892205557746,9997,2,46,2
4611,1711892205567748,9997,2,46,3
4612,1711892205577750,9997,2,46,4
4613,1711892205587752,9997,2,46,5
4614,1711892205597754,9997,2,46,6
4615,1711892205607756,9997,2,46,7
4616,1711892205657553,0,49793,47,8
4617,1711892205667556,9997,2,47,9
4618,1711892205677558,9997,2,47,10
4619,1711892205687561,9997,2,47,11
4620,1711892205697563,9997,2,47,12
4621,1711892205707565,9997,2,47,13
4622,1711892205717567,9997,2,47,14
4623,1711892205727570,9997,2,47,15
4624,1711892205737572,9997,2,47,16
4625,1711892205747574,9997,2,47,17
4626,1711892205757576,9997,2,47,18
4627,1711892205767579,9997,2,47,19
4628,1711892205777581,9997,2,47,20
4629,1711892205787583,9997,2,47,21
4630,1711892205797585,9997,2,47,22
4631,1711892205807588,9997,2,47,23
4632,1711892205817590,9997,2,47,24
4633,1711892205827592,9997,2,47,25
4634,1711892205837594,9997,2,47,26
4635,1711892205847597,9997,2,47,27
4636,1711892205857599,9997,2,47,28
4637,1711892205867601,9997,2,47,29
4638,1711892205877603,9997,2,47,30
4639,1711892205887606,9997,2,47,31
4640,1711892205897608,9997,2,47,32
4641,1711892205907610,9997,2,47,33
4642,1711892205917612,9997,2,47,34
4643,1711892205927615,9997,2,47,35
4644,1711892205937617,9997,2,47,36
4645,1711892205947619,9997,2,47,37
4646,1711892205957621,9997,2,47,38
4647,1711892205967624,9997,2,47,39
4648,1711892205977626,9997,2,47,40
4649,1711892205987628,9997,2,47,41
4650,1711892205997631,9997,2,47,42
4651,1711892206007633,9997,2,47,43
4652,1711892206017635,9997,2,47,44
4653,1711892206027637,9997,2,47,45
4654,1711892206037640,9997,2,47,46
4655,1711892206047642,9997,2,47,47
4656,1711892206057644,9997,2,47,48
4657,1711892206067647,9997,2,47,49
4658,1711892206077649,9997,2,47,50
4659,1711892206087651,9997,2,47,51
4660,1711892206097653,9997,2,47,52
4661,1711892206107656,9997,2,47,53
4662,1711892206117658,9997,2,47,54
4663,1711892206127660,9997,2,47,55
4664,1711892206137662,9997,2,47,56
4665,1711892206147665,9997,2,47,57
4666,1711892206157667,9997,2,47,58
4667,1711892206167669,9997,2,47,59
4668,1711892206177671,9997,2,47,60
4669,1711892206187674,9997,2,47,61
4670,1711892206197676,9997,2,47,62
4671,1711892206207678,9997,2,47,63
4672,1711892206217680,9997,2,47,64
4673,1711892206227682,9997,2,47,65
4674,1711892206237684,9997,2,47,66
4675,1711892206247686,9997,2,47,67
4676,1711892206257688,9997,2,47,68
4677,1711892206267691,9997,2,47,69
4678,1711892206277693,9997,2,47,70
4679,1711892206287695,9997,2,47,71
4680,1711892206297697,9997,2,47,72
4681,1711892206307699,9997,2,47,73
4682,1711892206317701,9997,2,47,74
4683,1711892206327704,9997,2,47,75
4684,1711892206337706,9997,2,47,76
4685,1711892206347708,9997,2,47,77
4686,1711892206357710,9997,2,47,78
4687,1711892206367712,9997,2,47,79
4688,1711892206377714,9997,2,47,80
4689,1711892206387716,9997,2,47,81
4690,1711892206397719,9997,2,47,82
4691,1711892206407721,9997,2,47,83
4692,1711892206417723,9997,2,47,84
4693,1711892206427725,9997,2,47,85
4694,1711892206437727,9997,2,47,86
4695,1711892206447729,9997,2,47,87
4696,1711892206457732,9997,2,47,88
4697,1711892206467734,9997,2,47,89
4698,1711892206477738,9997,2,47,90
4699,1711892206487741,9996,3,47,91
4700,1711892206497743,9997,2,47,92
4701,1711892206507745,9997,2,47,93
4702,1711892206517747,9997,2,47,94
4703,1711892206527749,9996,3,47,95
4704,1711892206537752,9997,2,47,96
4705,1711892206547754,9997,2,47,97
4706,1711892206557756,9997,2,47,98
4707,1711892206567758,9997,2,47,99
4708,1711892206577760,9997,2,47,100
4709,1711892206587762,9997,2,47,101
4710,1711892206597764,9997,2,47,102
4711,1711892206607766,9997,2,47,103
4712,1711892206617769,9997,2,47,104
4713,1711892206657554,0,39781,48,105
4714,1711892206667556,9997,2,48,106
4715,1711892206677559,9997,2,48,107
4716,1711892206687561,9997,2,48,108
4717,1711892206697563,9997,2,48,109
4718,1711892206707565,9997,2,48,110
4719,1711892206717567,9997,2,48,111
4720,1711892206727569,9997,2,48,112
4721,1711892206737571,9997,2,48,113
4722,1711892206747573,9997,2,48,114
4723,1711892206757575,9997,2,48,115
4724,1711892206767578,9997,2,48,116
4725,1711892206777580,9997,2,48,117
4726,1711892206787582,9997,2,48,118
4727,1711892206797584,9997,2,48,119
4728,1711892206807586,9997,2,48,120
4729,1711892206817588,9997,2,48,121
4730,1711892206827590,9997,2,48,122
4731,1711892206837592,9997,2,48,123
4732,1711892206847594,9997,2,48,124
4733,1711892206857596,9997,2,48,125
4734,1711892206867598,9997,2,48,126
4735,1711892206877600,9997,2,48,127
4736,1711892206887603,9997,2,48,128
4737,1711892206897605,9997,2,48,129
4738,1711892206907607,9997,2,48,130
4739,1711892206917609,9997,2,48,131
4740,1711892206927611,9997,2,48,132
4741,1711892206937613,9997,2,48,133
4742,1711892206947615,9997,2,48,134
4743,1711892206957617,9997,2,48,135
4744,1711892206967619,9997,2,48,136
4745,1711892206977622,9997,2,48,137
4746,1711892206987624,9997,2,48,138
4747,1711892206997626,9997,2,48,139
4748,1711892207007629,9997,2,48,140
4749,1711892207017631,9997,2,48,141
4750,1711892207027633,9997,2,48,142
4751,1711892207037635,9997,2,48,143
4752,1711892207047638,9997,2,48,144
4753,1711892207057640,9997,2,48,145
4754,1711892207067642,9997,2,48,146
4755,1711892207077644,9997,2,48,147
4756,1711892207087646,9997,2,48,148
4757,1711892207097648,9997,2,48,149
4758,1711892207107650,9997,2,48,150
4759,1711892207117652,9997,2,48,151
4760,1711892207127655,9997,2,48,152
4761,1711892207137657,9997,2,48,153
4762,1711892207147659,9997,2,48,154
4763,1711892207157661,9997,2,48,155
4764,1711892207167663,9997,2,48,156
4765,1711892207177665,9997,2,48,157
4766,1711892207187667,9997,2,48,158
4767,1711892207197669,9997,2,48,159
4768,1711892207207671,9997,2,48,160
4769,1711892207217673,9997,2,48,161
4770,1711892207227676,9997,2,48,162
4771,1711892207237678,9997,2,48,163
4772,1711892207247680,9997,2,48,164
4773,1711892207257682,9997,2,48,165
4774,1711892207267684,9997,2,48,166
4775,1711892207277686,9997,2,48,167
4776,1711892207287688,9997,2,48,168
4777,1711892207297690,9997,2,48,169
4778,1711892207307692,9997,2,48,170
4779,1711892207317694,9997,2,48,171
4780,1711892207327696,9997,2,48,172
4781,1711892207337699,9997,2,48,173
4782,1711892207347701,9997,2,48,174
4783,1711892207357703,9997,2,48,175
4784,1711892207367705,9997,2,48,176
4785,1711892207377707,9997,2,48,177
4786,1711892207387709,9997,2,48,178
4787,1711892207397711,9997,2,48,179
4788,1711892207407713,9997,2,48,180
4789,1711892207417715,9997,2,48,181
4790,1711892207427718,9997,2,48,182
4791,1711892207437720,9997,2,48,183
4792,1711892207447722,9997,2,48,184
4793,1711892207457724,9997,2,48,185
4794,1711892207467726,9997,2,48,186
4795,1711892207477728,9997,2,48,187
4796,1711892207487730,9997,2,48,188
4797,1711892207497732,9997,2,48,189
4798,1711892207507734,9997,2,48,190
4799,1711892207517736,9997,2,48,191
4800,1711892207527739,9997,2,48,192
4801,1711892207537741,9997,2,48,193
4802,1711892207547743,9997,2,48,194
4803,1711892207557745,9997,2,48,195
4804,1711892207567747,9997,2,48,196
4805,1711892207577749,9997,2,48,197
4806,1711892207587751,9997,2,48,198
4807,1711892207597753,9997,2,48,199
4808,1711892207607755,9997,2,48,200
4809,1711892207657554,0,49795,49,201
4810,1711892207667557,9997,2,49,202
4811,1711892207677559,9997,2,49,203
4812,1711892207687561,9997,2,49,204
4813,1711892207697563,9997,2,49,205
4814,1711892207707565,9997,2,49,206
4815,1711892207717568,9997,2,49,207
4816,1711892207727570,9997,2,49,208
4817,1711892207737572,9997,2,49,209
4818,1711892207747574,9997,2,49,210
4819,1711892207757576,9997,2,49,211
4820,1711892207767579,9997,2,49,212
4821,1711892207777581,9997,2,49,213
4822,1711892207787583,9997,2,49,214
4823,1711892207797585,9997,2,49,215
4824,1711892207807587,9997,2,49,216
4825,1711892207817590,9997,2,49,217
4826,1711892207827592,9997,2,49,218
4827,1711892207837594,9997,2,49,219
4828,1711892207847596,9997,2,49,220
4829,1711892207857599,9997,2,49,221
4830,1711892207867602,9997,2,49,222
4831,1711892207877605,9997,2,49,223
4832,1711892207887607,9997,2,49,224
4833,1711892207897609,9997,2,49,225
4834,1711892207907611,9997,2,49,226
4835,1711892207917614,9997,2,49,227
4836,1711892207927616,9997,2,49,228
4837,1711892207937618,9997,2,49,229
4838,1711892207947620,9997,2,49,230
4839,1711892207957622,9997,2,49,231
4840,1711892207967625,9997,2,49,232
4841,1711892207977627,9997,2,49,233
4842,1711892207987629,9997,2,49,234
4843,1711892207997631,9997,2,49,235
4844,1711892208007634,9997,2,49,236
4845,1711892208017636,9997,2,49,237
4846,1711892208027638,9997,2,49,238
4847,1711892208037640,9997,2,49,239
4848,1711892208047642,9997,2,49,240
4849,1711892208057645,9997,2,49,241
4850,1711892208067647,9997,2,49,242
4851,1711892208077649,9997,2,49,243
4852,1711892208087651,9997,2,49,244
4853,1711892208097653,9997,2,49,245
4854,1711892208107656,9997,2,49,246
4855,1711892208117658,9997,2,49,247
4856,1711892208127660,9997,2,49,248
4857,1711892208137662,9997,2,49,249
4858,1711892208147664,9997,2,49,250
4859,1711892208157667,9997,2,49,251
4860,1711892208167669,9997,2,49,252
4861,1711892208177671,9997,2,49,253
4862,1711892208187673,9997,2,49,254
4863,1711892208197675,9997,2,49,255
4864,1711892208207677,9997,2,49,0
4865,1711892208217680,9997,2,49,1
4866,1711892208227682,9997,2,49,2
4867,1711892208237684,9997,2,49,3
4868,1711892208247686,9997,2,49,4
4869,1711892208257688,9997,2,49,5
4870,1711892208267690,9997,2,49,6
4871,1711892208277692,9997,2,49,7
4872,1711892208287694,9997,2,49,8
4873,1711892208297696,9997,2,49,9
4874,1711892208307698,9997,2,49,10
4875,1711892208317700,9997,2,49,11
4876,1711892208327703,9997,2,49,12
4877,1711892208337705,9997,2,49,13
4878,1711892208347707,9997,2,49,14
4879,1711892208357709,9997,2,49,15
4880,1711892208367711,9997,2,49,16
4881,1711892208377713,9997,2,49,17
4882,1711892208387715,9997,2,49,18
4883,1711892208397717,9997,2,49,19
4884,1711892208407719,9997,2,49,20
4885,1711892208417721,9997,2,49,21
4886,1711892208427723,9997,2,49,22
4887,1711892208437725,9997,2,49,23
4888,1711892208447727,9997,2,49,24
4889,1711892208457729,9997,2,49,25
4890,1711892208467731,9997,2,49,26
4891,1711892208477734,9997,2,49,27
4892,1711892208487736,9997,2,49,28
4893,1711892208497738,9997,2,49,29
4894,1711892208507740,9997,2,49,30
4895,1711892208517743,9997,2,49,31
4896,1711892208527745,9997,2,49,32
4897,1711892208537747,9997,2,49,33
4898,1711892208547749,9997,2,49,34
4899,1711892208557751,9997,2,49,35
4900,1711892208567753,9997,2,49,36
4901,1711892208577755,9997,2,49,37
4902,1711892208587757,9997,2,49,38
4903,1711892208597759,9997,2,49,39
4904,1711892208607762,9997,2,49,40
4905,1711892208657554,0,49789,50,41
4906,1711892208667556,9997,2,50,42
4907,1711892208677558,9997,2,50,43
4908,1711892208687561,9997,2,50,44
4909,1711892208697563,9997,2,50,45
4910,1711892208707565,9997,2,50,46
4911,1711892208717567,9997,2,50,47
4912,1711892208727569,9997,2,50,48
4913,1711892208737571,9997,2,50,49
4914,1711892208747573,9997,2,50,50
4915,1711892208757575,9997,2,50,51
4916,1711892208767577,9997,2,50,52
4917,1711892208777579,9997,2,50,53
4918,1711892208787581,9997,2,50,54
4919,1711892208797583,9997,2,50,55
4920,1711892208807585,9997,2,50,56
4921,1711892208817587,9997,2,50,57
4922,1711892208827589,9997,2,50,58
4923,1711892208837591,9997,2,50,59
4924,1711892208847593,9997,2,50,60
4925,1711892208857596,9997,2,50,61
4926,1711892208867598,9997,2,50,62
4927,1711892208877600,9997,2,50,63
4928,1711892208887602,9997,2,50,64
4929,1711892208897604,9997,2,50,65
4930,1711892208907606,9997,2,50,66
4931,1711892208917608,9997,2,50,67
4932,1711892208927610,9997,2,50,68
4933,1711892208937612,9997,2,50,69
4934,1711892208947614,9997,2,50,70
4935,1711892208957616,9993,6,50,71
4936,1711892208967618,9997,2,50,72
4937,1711892208977620,9997,2,50,73
4938,1711892208987622,9997,2,50,74
4939,1711892208997624,9997,2,50,75
4940,1711892209007626,9997,2,50,76
4941,1711892209017628,9997,2,50,77
4942,1711892209027630,9997,2,50,78
4943,1711892209037632,9997,2,50,79
4944,1711892209047634,9997,2,50,80
4945,1711892209057636,9997,2,50,81
4946,1711892209067639,9997,2,50,82
4947,1711892209077641,9997,2,50,83
4948,1711892209087643,9997,2,50,84
4949,1711892209097645,9997,2,50,85
4950,1711892209107647,9997,2,50,86
4951,1711892209117649,9997,2,50,87
4952,1711892209127651,9997,2,50,88
4953,1711892209137653,9997,2,50,89
4954,1711892209147655,9997,2,50,90
4955,1711892209157657,9997,2,50,91
4956,1711892209167660,9997,2,50,92
4957,1711892209177662,9997,2,50,93
4958,1711892209187664,9997,2,50,94
4959,1711892209197666,9997,2,50,95
4960,1711892209207668,9997,2,50,96
4961,1711892209217670,9997,2,50,97
4962,1711892209227672,9997,2,50,98
4963,1711892209237674,9997,2,50,99
4964,1711892209247676,9996,3,50,100
4965,1711892209257678,9997,2,50,101
4966,1711892209267680,9997,2,50,102
4967,1711892209277682,9997,2,50,103
4968,1711892209287684,9997,2,50,104
4969,1711892209297687,9997,2,50,105
4970,1711892209307689,9997,2,50,106
4971,1711892209317691,9997,2,50,107
4972,1711892209327693,9997,2,50,108
4973,1711892209337695,9997,2,50,109
4974,1711892209347697,9997,2,50,110
4975,1711892209357699,9997,2,50,111
4976,1711892209367702,9997,2,50,112
4977,1711892209377704,9997,2,50,113
4978,1711892209387706,9997,2,50,114
4979,1711892209397708,9997,2,50,115
4980,1711892209407710,9997,2,50,116
4981,1711892209417712,9997,2,50,117
4982,1711892209427714,9997,2,50,118
4983,1711892209437717,9997,2,50,119
4984,1711892209447719,9997,2,50,120
4985,1711892209457721,9997,2,50,121
4986,1711892209467723,9997,2,50,122
4987,1711892209477725,9997,2,50,123
4988,1711892209487727,9997,2,50,124
4989,1711892209497729,9997,2,50,125
4990,1711892209507731,9997,2,50,126
4991,1711892209517733,9997,2,50,127
4992,1711892209527735,9997,2,50,128
4993,1711892209537738,9997,2,50,129
4994,1711892209547740,9997,2,50,130
4995,1711892209557742,9997,2,50,131
4996,1711892209567744,9997,2,50,132
4997,1711892209577746,9997,2,50,133
4998,1711892209587748,9997,2,50,134
4999,1711892209597750,9997,2,50,135
5000,1711892209607752,9997,2,50,136
5001,1711892209617755,9997,2,50,137
5002,1711892209657552,0,39794,51,138
5003,1711892209667554,9997,2,51,139
5004,1711892209677557,9997,2,51,140
5005,1711892209687559,9997,2,51,141
5006,1711892209697561,9997,2,51,142
5007,1711892209707564,9997,2,51,143
5008,1711892209717566,9997,2,51,144
5009,1711892209727568,9997,2,51,145
5010,1711892209737570,9997,2,51,146
5011,1711892209747572,9997,2,51,147
5012,1711892209757575,9997,2,51,148
5013,1711892209767577,9997,2,51,149
5014,1711892209777579,9997,2,51,150
5015,1711892209787581,9997,2,51,151
5016,1711892209797583,9997,2,51,152
5017,1711892209807586,9997,2,51,153
5018,1711892209817588,9997,2,51,154
5019,1711892209827590,9997,2,51,155
5020,1711892209837592,9997,2,51,156
5021,1711892209847595,9997,2,51,157
5022,1711892209857597,9997,2,51,158
5023,1711892209867599,9997,2,51,159
5024,1711892209877601,9997,2,51,160
5025,1711892209887604,9997,2,51,161
5026,1711892209897606,9997,2,51,162
5027,1711892209907608,9997,2,51,163
5028,1711892209917610,9997,2,51,164
5029,1711892209927613,9997,2,51,165
5030,1711892209937615,9997,2,51,166
5031,1711892209947617,9997,2,51,167
5032,1711892209957619,9997,2,51,168
5033,1711892209967621,9997,2,51,169
5034,1711892209977624,9997,2,51,170
5035,1711892209987626,9997,2,51,171
5036,1711892209997628,9997,2,51,172
5037,1711892210007631,9997,2,51,173
5038,1711892210017634,9996,3,51,174
5039,1711892210027636,9997,2,51,175
5040,1711892210037638,9997,2,51,176
5041,1711892210047641,9997,2,51,177
5042,1711892210057643,9997,2,51,178
5043,1711892210067645,9997,2,51,179
5044,1711892210077647,9997,2,51,180
5045,1711892210087649,9997,2,51,181
5046,1711892210097652,9997,2,51,182
5047,1711892210107654,9997,2,51,183
5048,1711892210117656,9997,2,51,184
5049,1711892210127658,9997,2,51,185
5050,1711892210137661,9997,2,51,186
5051,1711892210147663,9997,2,51,187
5052,1711892210157665,9997,2,51,188
5053,1711892210167667,9997,2,51,189
5054,1711892210177670,9997,2,51,190
5055,1711892210187672,9997,2,51,191
5056,1711892210197674,9996,3,51,192
5057,1711892210207676,9997,2,51,193
5058,1711892210217678,9997,2,51,194
5059,1711892210227681,9997,2,51,195
5060,1711892210237683,9997,2,51,196
5061,1711892210247685,9997,2,51,197
5062,1711892210257687,9997,2,51,198
5063,1711892210267689,9997,2,51,199
5064,1711892210277691,9997,2,51,200
5065,1711892210287693,9997,2,51,201
5066,1711892210297695,9997,2,51,202
5067,1711892210307697,9997,2,51,203
5068,1711892210317700,9997,2,51,204
5069,1711892210327702,9997,2,51,205
5070,1711892210337704,9997,2,51,206
5071,1711892210347706,9997,2,51,207
5072,1711892210357708,9997,2,51,208
5073,1711892210367710,9997,2,51,209
5074,1711892210377712,9997,2,51,210
5075,1711892210387714,9997,2,51,211
5076,1711892210397716,9997,2,51,212
5077,1711892210407719,9997,2,51,213
5078,1711892210417721,9997,2,51,214
5079,1711892210427723,9997,2,51,215
5080,1711892210437725,9997,2,51,216
5081,1711892210447727,9997,2,51,217
5082,1711892210457729,9997,2,51,218
5083,1711892210467731,9997,2,51,219
5084,1711892210477733,9997,2,51,220
5085,1711892210487736,9997,2,51,221
5086,1711892210497738,9997,2,51,222
5087,1711892210507740,9997,2,51,223
5088,1711892210517742,9997,2,51,224
5089,1711892210527744,9997,2,51,225
5090,1711892210537746,9997,2,51,226
5091,1711892210547748,9997,2,51,227
5092,1711892210557750,9997,2,51,228
5093,1711892210567752,9997,2,51,229
5094,1711892210577754,9997,2,51,230
5095,1711892210587757,9997,2,51,231
5096,1711892210597759,9997,2,51,232
5097,1711892210607761,9997,2,51,233
5098,1711892210657553,0,49789,52,234
5099,1711892210667556,9997,2,52,235
5100,1711892210677558,9997,2,52,236
5101,1711892210687560,9997,2,52,237
5102,1711892210697562,9997,2,52,238
5103,1711892210707564,9997,2,52,239
5104,1711892210717566,9997,2,52,240
5105,1711892210727568,9997,2,52,241
5106,1711892210737570,9997,2,52,242
5107,1711892210747572,9997,2,52,243
5108,1711892210757574,9997,2,52,244
5109,1711892210767576,9997,2,52,245
5110,1711892210777579,9997,2,52,246
5111,1711892210787581,9997,2,52,247
5112,1711892210797583,9997,2,52,248
5113,1711892210807585,9997,2,52,249
5114,1711892210817587,9997,2,52,250
5115,1711892210827589,9997,2,52,251
5116,1711892210837591,9997,2,52,252
5117,1711892210847593,9997,2,52,253
5118,1711892210857595,9997,2,52,254
5119,1711892210867597,9997,2,52,255
5120,1711892210877600,9992,7,52,0
5121,1711892210887602,9997,2,52,1
5122,1711892210897604,9997,2,52,2
5123,1711892210907606,9997,2,52,3
5124,1711892210917608,9997,2,52,4
5125,1711892210927610,9997,2,52,5
5126,1711892210937612,9997,2,52,6
5127,1711892210947614,9997,2,52,7
5128,1711892210957616,9997,2,52,8
5129,1711892210967618,9997,2,52,9
5130,1711892210977620,9997,2,52,10
5131,1711892210987623,9997,2,52,11
5132,1711892210997625,9997,2,52,12
5133,1711892211007627,9997,2,52,13
5134,1711892211017629,9997,2,52,14
5135,1711892211027631,9997,2,52,15
5136,1711892211037633,9997,2,52,16
5137,1711892211047635,9997,2,52,17
5138,1711892211057637,9997,2,52,18
5139,1711892211067639,9997,2,52,19
5140,1711892211077641,9997,2,52,20
5141,1711892211087643,9997,2,52,21
5142,1711892211097645,9997,2,52,22
5143,1711892211107648,9997,2,52,23
5144,1711892211117650,9997,2,52,24
5145,1711892211127652,9997,2,52,25
5146,1711892211137654,9997,2,52,26
5147,1711892211147656,9997,2,52,27
5148,1711892211157658,9997,2,52,28
5149,1711892211167661,9997,2,52,29
5150,1711892211177663,9997,2,52,30
5151,1711892211187665,9997,2,52,31
5152,1711892211197667,9997,2,52,32
5153,1711892211207669,9997,2,52,33
5154,1711892211217671,9997,2,52,34
5155,1711892211227673,9997,2,52,35
5156,1711892211237676,9997,2,52,36
5157,1711892211247678,9997,2,52,37
5158,1711892211257680,9997,2,52,38
5159,1711892211267682,9997,2,52,39
5160,1711892211277684,9997,2,52,40
5161,1711892211287686,9997,2,52,41
5162,1711892211297688,9997,2,52,42
5163,1711892211307691,9997,2,52,43
5164,1711892211317693,9997,2,52,44
5165,1711892211327695,9997,2,52,45
5166,1711892211337697,9997,2,52,46
5167,1711892211347699,9997,2,52,47
5168,1711892211357701,9997,2,52,48
5169,1711892211367703,9997,2,52,49
5170,1711892211377705,9997,2,52,50
5171,1711892211387708,9997,2,52,51
5172,1711892211397710,9997,2,52,52
5173,1711892211407712,9997,2,52,53
5174,1711892211417714,9997,2,52,54
5175,1711892211427716,9997,2,52,55
5176,1711892211437718,9997,2,52,56
5177,1711892211447720,9997,2,52,57
5178,1711892211457722,9997,2,52,58
5179,1711892211467725,9997,2,52,59
5180,1711892211477728,9997,2,52,60
5181,1711892211487731,9997,2,52,61
5182,1711892211497734,9996,3,52,62
5183,1711892211507736,9997,2,52,63
5184,1711892211517739,9997,2,52,64
5185,1711892211527742,9996,3,52,65
5186,1711892211537744,9997,2,52,66
5187,1711892211547746,9997,2,52,67
5188,1711892211557748,9997,2,52,68
5189,1711892211567750,9997,2,52,69
5190,1711892211577752,9997,2,52,70
5191,1711892211587755,9997,2,52,71
5192,1711892211597757,9997,2,52,72
5193,1711892211607759,9997,2,52,73
5194,1711892211657556,0,49791,53,74
5195,1711892211667558,9997,2,53,75
5196,1711892211677561,9997,2,53,76
5197,1711892211687563,9997,2,53,77
5198,1711892211697565,9997,2,53,78
5199,1711892211707567,9997,2,53,79
5200,1711892211717570,9997,2,53,80
5201,1711892211727572,9997,2,53,81
5202,1711892211737574,9997,2,53,82
5203,1711892211747576,9997,2,53,83
5204,1711892211757579,9997,2,53,84
5205,1711892211767581,9997,2,53,85
5206,1711892211777583,9997,2,53,86
5207,1711892211787585,9997,2,53,87
5208,1711892211797588,9997,2,53,88
5209,1711892211807590,9997,2,53,89
5210,1711892211817592,9997,2,53,90
5211,1711892211827594,9997,2,53,91
5212,1711892211837597,9997,2,53,92
5213,1711892211847599,9997,2,53,93
5214,1711892211857601,9997,2,53,94
5215,1711892211867603,9997,2,53,95
5216,1711892211877606,9997,2,53,96
5217,1711892211887608,9997,2,53,97
5218,1711892211897610,9997,2,53,98
5219,1711892211907612,9997,2,53,99
5220,1711892211917615,9997,2,53,100
5221,1711892211927617,9997,2,53,101
5222,1711892211937619,9997,2,53,102
5223,1711892211947621,9997,2,53,103
5224,1711892211957624,9997,2,53,104
5225,1711892211967626,9997,2,53,105
5226,1711892211977628,9997,2,53,106
5227,1711892211987630,9997,2,53,107
5228,1711892211997632,9997,2,53,108
5229,1711892212007635,9997,2,53,109
5230,1711892212017637,9997,2,53,110
5231,1711892212027639,9997,2,53,111
5232,1711892212037641,9997,2,53,112
5233,1711892212047644,9997,2,53,113
5234,1711892212057646,9997,2,53,114
5235,1711892212067648,9997,2,53,115
5236,1711892212077650,9997,2,53,116
5237,1711892212087653,9997,2,53,117
5238,1711892212097655,9997,2,53,118
5239,1711892212107657,9997,2,53,119
5240,1711892212117659,9997,2,53,120
5241,1711892212127662,9997,2,53,121
5242,1711892212137664,9997,2,53,122
5243,1711892212147666,9997,2,53,123
5244,1711892212157668,9997,2,53,124
5245,1711892212167671,9997,2,53,125
5246,1711892212177673,9997,2,53,126
5247,1711892212187675,9997,2,53,127
5248,1711892212197677,9997,2,53,128
5249,1711892212207680,9997,2,53,129
5250,1711892212217682,9997,2,53,130
5251,1711892212227684,9997,2,53,131
5252,1711892212237686,9997,2,53,132
5253,1711892212247688,9997,2,53,133
5254,1711892212257690,9997,2,53,134
5255,1711892212267693,9997,2,53,135
5256,1711892212277695,9997,2,53,136
5257,1711892212287697,9997,2,53,137
5258,1711892212297699,9997,2,53,138
5259,1711892212307701,9997,2,53,139
5260,1711892212317703,9997,2,53,140
5261,1711892212327705,9997,2,53,141
5262,1711892212337707,9997,2,53,142
5263,1711892212347709,9997,2,53,143
5264,1711892212357711,9997,2,53,144
5265,1711892212367714,9997,2,53,145
5266,1711892212377716,9997,2,53,146
5267,1711892212387718,9997,2,53,147
5268,1711892212397720,9997,2,53,148
5269,1711892212407722,9997,2,53,149
5270,1711892212417724,9997,2,53,150
5271,1711892212427726,9997,2,53,151
5272,1711892212437728,9997,2,53,152
5273,1711892212447730,9997,2,53,153
5274,1711892212457732,9997,2,53,154
5275,1711892212467734,9997,2,53,155
5276,1711892212477737,9997,2,53,156
5277,1711892212487739,9997,2,53,157
5278,1711892212497741,9997,2,53,158
5279,1711892212507743,9997,2,53,159
5280,1711892212517745,9997,2,53,160
5281,1711892212527747,9997,2,53,161
5282,1711892212537749,9997,2,53,162
5283,1711892212547751,9997,2,53,163
5284,1711892212557753,9997,2,53,164
5285,1711892212567756,9997,2,53,165
5286,1711892212577758,9997,2,53,166
5287,1711892212587760,9997,2,53,167
5288,1711892212597762,9997,2,53,168
5289,1711892212607764,9997,2,53,169
5290,1711892212657552,0,49786,54,170
5291,1711892212667555,9997,2,54,171
5292,1711892212677557,9997,2,54,172
5293,1711892212687559,9997,2,54,173
5294,1711892212697562,9997,2,54,174
5295,1711892212707564,9997,2,54,175
5296,1711892212717566,9997,2,54,176
5297,1711892212727569,9997,2,54,177
5298,1711892212737571,9997,2,54,178
5299,1711892212747573,9997,2,54,179
5300,1711892212757575,9997,2,54,180
5301,1711892212767578,9997,2,54,181
5302,1711892212777580,9997,2,54,182
5303,1711892212787582,9997,2,54,183
5304,1711892212797584,9997,2,54,184
5305,1711892212807587,9997,2,54,185
5306,1711892212817589,9997,2,54,186
5307,1711892212827591,9997,2,54,187
5308,1711892212837593,9997,2,54,188
5309,1711892212847596,9997,2,54,189
5310,1711892212857598,9997,2,54,190
5311,1711892212867600,9997,2,54,191
5312,1711892212877603,9997,2,54,192
5313,1711892212887606,9997,2,54,193
5314,1711892212897608,9997,2,54,194
5315,1711892212907610,9997,2,54,195
5316,1711892212917613,9997,2,54,196
5317,1711892212927615,9997,2,54,197
5318,1711892212937617,9997,2,54,198
5319,1711892212947619,9997,2,54,199
5320,1711892212957622,9997,2,54,200
5321,1711892212967624,9997,2,54,201
5322,1711892212977626,9997,2,54,202
5323,1711892212987629,9997,2,54,203
5324,1711892212997631,9997,2,54,204
5325,1711892213007633,9997,2,54,205
5326,1711892213017636,9997,2,54,206
5327,1711892213027639,9996,3,54,207
5328,1711892213037641,9997,2,54,208
5329,1711892213047643,9997,2,54,209
5330,1711892213057646,9997,2,54,210
5331,1711892213067648,9997,2,54,211
5332,1711892213077650,9997,2,54,212
5333,1711892213087653,9997,2,54,213
5334,1711892213097655,9997,2,54,214
5335,1711892213107657,9997,2,54,215
5336,1711892213117659,9997,2,54,216
5337,1711892213127662,9997,2,54,217
5338,1711892213137664,9997,2,54,218
5339,1711892213147666,9997,2,54,219
5340,1711892213157668,9997,2,54,220
5341,1711892213167671,9997,2,54,221
5342,1711892213177674,9996,3,54,222
5343,1711892213187676,9997,2,54,223
5344,1711892213197678,9997,2,54,224
5345,1711892213207680,9997,2,54,225
5346,1711892213217683,9997,2,54,226
5347,1711892213227685,9997,2,54,227
5348,1711892213237687,9997,2,54,228
5349,1711892213247689,9997,2,54,229
5350,1711892213257692,9997,2,54,230
5351,1711892213267694,9997,2,54,231
5352,1711892213277696,9997,2,54,232
5353,1711892213287698,9997,2,54,233
5354,1711892213297701,9997,2,54,234
5355,1711892213307703,9997,2,54,235
5356,1711892213317705,9997,2,54,236
5357,1711892213327707,9997,2,54,237
5358,1711892213337710,9997,2,54,238
5359,1711892213347712,9997,2,54,239
5360,1711892213357714,9997,2,54,240
5361,1711892213367716,9997,2,54,241
5362,1711892213377719,9997,2,54,242
5363,1711892213387721,9997,2,54,243
5364,1711892213397723,9997,2,54,244
5365,1711892213407725,9997,2,54,245
5366,1711892213417728,9997,2,54,246
5367,1711892213427730,9997,2,54,247
5368,1711892213437732,9997,2,54,248
5369,1711892213447734,9997,2,54,249
5370,1711892213457737,9997,2,54,250
5371,1711892213467739,9997,2,54,251
5372,1711892213477741,9997,2,54,252
5373,1711892213487744,9997,2,54,253
5374,1711892213497746,9997,2,54,254
5375,1711892213507748,9997,2,54,255
5376,1711892213517750,9997,2,54,0
5377,1711892213527753,9997,2,54,1
5378,1711892213537755,9997,2,54,2
5379,1711892213547757,9997,2,54,3
5380,1711892213557759,9997,2,54,4
5381,1711892213567762,9997,2,54,5
5382,1711892213577764,9997,2,54,6
5383,1711892213587766,9997,2,54,7
5384,1711892213597768,9997,2,54,8
5385,1711892213607771,9997,2,54,9
5386,1711892213617773,9997,2,54,10
5387,1711892213657554,0,39777,55,11
5388,1711892213667557,9997,2,55,12
5389,1711892213677559,9996,3,55,13
5390,1711892213687562,9997,2,55,14
5391,1711892213697564,9997,2,55,15
5392,1711892213707566,9997,2,55,16
5393,1711892213717568,9997,2,55,17
5394,1711892213727570,9997,2,55,18
5395,1711892213737573,9997,2,55,19
5396,1711892213747575,9997,2,55,20
5397,1711892213757577,9997,2,55,21
5398,1711892213767579,9996,3,55,22
5399,1711892213777582,9997,2,55,23
5400,1711892213787584,9997,2,55,24
5401,1711892213797586,9997,2,55,25
5402,1711892213807588,9997,2,55,26
5403,1711892213817590,9997,2,55,27
5404,1711892213827593,9997,2,55,28
5405,1711892213837595,9997,2,55,29
5406,1711892213847597,9997,2,55,30
5407,1711892213857599,9997,2,55,31
5408,1711892213867601,9997,2,55,32
5409,1711892213877604,9997,2,55,33
5410,1711892213887606,9997,2,55,34
5411,1711892213897608,9997,2,55,35
5412,1711892213907610,9997,2,55,36
5413,1711892213917613,9997,2,55,37
5414,1711892213927615,9997,2,55,38
5415,1711892213937617,9997,2,55,39
5416,1711892213947619,9997,2,55,40
5417,1711892213957622,9997,2,55,41
5418,1711892213967624,9997,2,55,42
5419,1711892213977626,9997,2,55,43
5420,1711892213987628,9997,2,55,44
5421,1711892213997630,9997,2,55,45
5422,1711892214007633,9997,2,55,46
5423,1711892214017635,9997,2,55,47
5424,1711892214027637,9997,2,55,48
5425,1711892214037639,9997,2,55,49
5426,1711892214047642,9997,2,55,50
5427,1711892214057644,9997,2,55,51
5428,1711892214067646,9996,3,55,52
5429,1711892214077648,9997,2,55,53
5430,1711892214087651,9997,2,55,54
5431,1711892214097653,9997,2,55,55
5432,1711892214107655,9997,2,55,56
5433,1711892214117657,9997,2,55,57
5434,1711892214127660,9996,3,55,58
5435,1711892214137662,9997,2,55,59
5436,1711892214147664,9997,2,55,60
5437,1711892214157666,9997,2,55,61
5438,1711892214167669,9997,2,55,62
5439,1711892214177671,9997,2,55,63
5440,1711892214187673,9997,2,55,64
5441,1711892214197675,9997,2,55,65
5442,1711892214207678,9997,2,55,66
5443,1711892214217680,9997,2,55,67
5444,1711892214227682,9997,2,55,68
5445,1711892214237684,9997,2,55,69
5446,1711892214247687,9997,2,55,70
5447,1711892214257689,9997,2,55,71
5448,1711892214267691,9997,2,55,72
5449,1711892214277693,9997,2,55,73
5450,1711892214287695,9997,2,55,74
5451,1711892214297697,9997,2,55,75
5452,1711892214307699,9997,3,55,76
5453,1711892214317701,9997,2,55,77
5454,1711892214327704,9997,2,55,78
5455,1711892214337706,9997,2,55,79
5456,1711892214347708,9997,2,55,80
5457,1711892214357710,9997,2,55,81
5458,1711892214367712,9997,2,55,82
5459,1711892214377714,9997,2,55,83
5460,1711892214387716,9997,2,55,84
5461,1711892214397718,9997,2,55,85
5462,1711892214407721,9997,2,55,86
5463,1711892214417723,9997,2,55,87
5464,1711892214427725,9997,2,55,88
5465,1711892214437727,9997,2,55,89
5466,1711892214447729,9997,2,55,90
5467,1711892214457731,9997,2,55,91
5468,1711892214467733,9997,2,55,92
5469,1711892214477735,9997,2,55,93
5470,1711892214487738,9997,2,55,94
5471,1711892214497740,9997,2,55,95
5472,1711892214507742,9997,2,55,96
5473,1711892214517745,9997,2,55,97
5474,1711892214527747,9997,2,55,98
5475,1711892214537749,9997,2,55,99
5476,1711892214547752,9997,2,55,100
5477,1711892214557754,9997,2,55,101
5478,1711892214567756,9997,2,55,102
5479,1711892214577758,9997,2,55,103
5480,1711892214587760,9997,2,55,104
5481,1711892214597762,9997,2,55,105
5482,1711892214607765,9997,2,55,106
5483,1711892214657554,0,49785,56,107
5484,1711892214667557,9997,2,56,108
5485,1711892214677559,9997,2,56,109
5486,1711892214687562,9997,2,56,110
5487,1711892214697564,9997,2,56,111
5488,1711892214707566,9997,2,56,112
5489,1711892214717568,9997,2,56,113
5490,1711892214727570,9997,2,56,114
5491,1711892214737573,9997,2,56,115
5492,1711892214747575,9997,2,56,116
5493,1711892214757577,9997,2,56,117
5494,1711892214767579,9997,2,56,118
5495,1711892214777581,9997,2,56,119
5496,1711892214787584,9997,2,56,120
5497,1711892214797586,9997,2,56,121
5498,1711892214807588,9997,2,56,122
5499,1711892214817590,9997,2,56,123
5500,1711892214827593,9997,2,56,124
5501,1711892214837595,9997,2,56,125
5502,1711892214847597,9997,2,56,126
5503,1711892214857599,9997,2,56,127
5504,1711892214867602,9997,2,56,128
5505,1711892214877604,9997,2,56,129
5506,1711892214887606,9997,2,56,130
5507,1711892214897609,9997,2,56,131
5508,1711892214907611,9997,2,56,132
5509,1711892214917613,9997,2,56,133
5510,1711892214927615,9997,2,56,134
5511,1711892214937618,9997,2,56,135
5512,1711892214947620,9997,2,56,136
5513,1711892214957622,9997,2,56,137
5514,1711892214967624,9997,2,56,138
5515,1711892214977626,9997,2,56,139
5516,1711892214987629,9997,2,56,140
5517,1711892214997631,9997,2,56,141
5518,1711892215007633,9997,2,56,142
5519,1711892215017635,9997,2,56,143
5520,1711892215027638,9997,2,56,144
5521,1711892215037640,9997,2,56,145
5522,1711892215047642,9997,2,56,146
5523,1711892215057644,9997,2,56,147
5524,1711892215067646,9997,2,56,148
5525,1711892215077649,9997,2,56,149
5526,1711892215087651,9997,2,56,150
5527,1711892215097653,9997,2,56,151
5528,1711892215107655,9997,2,56,152
5529,1711892215117658,9997,2,56,153
5530,1711892215127660,9996,3,56,154
5531,1711892215137662,9997,2,56,155
5532,1711892215147664,9997,2,56,156
5533,1711892215157666,9997,2,56,157
5534,1711892215167669,9997,2,56,158
5535,1711892215177671,9997,2,56,159
5536,1711892215187673,9996,3,56,160
5537,1711892215197675,9997,2,56,161
5538,1711892215207678,9997,2,56,162
5539,1711892215217680,9997,2,56,163
5540,1711892215227682,9997,2,56,164
5541,1711892215237684,9997,2,56,165
5542,1711892215247686,9997,2,56,166
5543,1711892215257689,9997,2,56,167
5544,1711892215267691,9997,2,56,168
5545,1711892215277693,9997,2,56,169
5546,1711892215287695,9997,2,56,170
5547,1711892215297697,9997,2,56,171
5548,1711892215307699,9997,2,56,172
5549,1711892215317702,9997,2,56,173
5550,1711892215327704,9997,2,56,174
5551,1711892215337706,9997,2,56,175
5552,1711892215347708,9997,2,56,176
5553,1711892215357711,9997,2,56,177
5554,1711892215367713,9997,2,56,178
5555,1711892215377715,9997,2,56,179
5556,1711892215387717,9997,2,56,180
5557,1711892215397719,9997,2,56,181
5558,1711892215407722,9997,2,56,182
5559,1711892215417724,9997,2,56,183
5560,1711892215427726,9997,2,56,184
5561,1711892215437728,9997,2,56,185
5562,1711892215447730,9997,2,56,186
5563,1711892215457733,9997,2,56,187
5564,1711892215467735,9997,2,56,188
5565,1711892215477737,9997,2,56,189
5566,1711892215487739,9997,2,56,190
5567,1711892215497741,9997,2,56,191
5568,1711892215507744,9997,2,56,192
5569,1711892215517746,9997,2,56,193
5570,1711892215527748,9997,2,56,194
5571,1711892215537750,9997,2,56,195
5572,1711892215547752,9997,2,56,196
5573,1711892215557755,9997,2,56,197
5574,1711892215567757,9997,2,56,198
5575,1711892215577759,9997,2,56,199
5576,1711892215587761,9997,2,56,200
5577,1711892215597763,9997,2,56,201
5578,1711892215607766,9997,2,56,202
5579,1711892215657552,0,49784,57,203
5580,1711892215667555,9997,2,57,204
5581,1711892215677558,9997,2,57,205
5582,1711892215687560,9997,2,57,206
5583,1711892215697562,9997,2,57,207
5584,1711892215707564,9997,2,57,208
5585,1711892215717567,9997,2,57,209
5586,1711892215727569,9997,2,57,210
5587,1711892215737571,9997,2,57,211
5588,1711892215747573,9997,2,57,212
5589,1711892215757576,9997,2,57,213
5590,1711892215767578,9997,2,57,214
5591,1711892215777580,9997,2,57,215
5592,1711892215787582,9997,2,57,216
5593,1711892215797585,9997,2,57,217
5594,1711892215807587,9997,2,57,218
5595,1711892215817589,9997,2,57,219
5596,1711892215827591,9997,2,57,220
5597,1711892215837594,9997,2,57,221
5598,1711892215847596,9997,2,57,222
5599,1711892215857598,9997,2,57,223
5600,1711892215867600,9997,2,57,224
5601,1711892215877602,9997,2,57,225
5602,1711892215887605,9997,2,57,226
5603,1711892215897607,9997,2,57,227
5604,1711892215907609,9997,2,57,228
5605,1711892215917611,9997,2,57,229
5606,1711892215927614,9997,2,57,230
5607,1711892215937616,9997,2,57,231
5608,1711892215947618,9997,2,57,232
5609,1711892215957620,9997,2,57,233
5610,1711892215967623,9997,2,57,234
5611,1711892215977625,9997,2,57,235
5612,1711892215987627,9997,2,57,236
5613,1711892215997629,9997,2,57,237
5614,1711892216007631,9997,2,57,238
5615,1711892216017634,9997,2,57,239
5616,1711892216027637,9997,2,57,240
5617,1711892216037640,9996,3,57,241
5618,1711892216047642,9997,2,57,242
5619,1711892216057644,9997,2,57,243
5620,1711892216067646,9997,2,57,244
5621,1711892216077649,9997,2,57,245
5622,1711892216087651,9997,2,57,246
5623,1711892216097653,9997,2,57,247
5624,1711892216107655,9997,2,57,248
5625,1711892216117658,9997,2,57,249
5626,1711892216127660,9997,2,57,250
5627,1711892216137662,9997,2,57,251
5628,1711892216147664,9997,2,57,252
5629,1711892216157667,9997,2,57,253
5630,1711892216167669,9997,2,57,254
5631,1711892216177671,9997,2,57,255
5632,1711892216187673,9991,8,57,0
5633,1711892216197676,9997,2,57,1
5634,1711892216207678,9997,2,57,2
5635,1711892216217680,9997,2,57,3
5636,1711892216227682,9997,2,57,4
5637,1711892216237685,9997,2,57,5
5638,1711892216247687,9997,2,57,6
5639,1711892216257689,9997,2,57,7
5640,1711892216267691,9997,2,57,8
5641,1711892216277693,9997,2,57,9
5642,1711892216287695,9997,2,57,10
5643,1711892216297697,9997,2,57,11
5644,1711892216307699,9997,2,57,12
5645,1711892216317702,9997,2,57,13
5646,1711892216327704,9997,2,57,14
5647,1711892216337706,9997,2,57,15
5648,1711892216347708,9997,2,57,16
5649,1711892216357710,9997,2,57,17
5650,1711892216367712,9997,2,57,18
5651,1711892216377714,9997,2,57,19
5652,1711892216387716,9997,2,57,20
5653,1711892216397718,9997,2,57,21
5654,1711892216407720,9997,2,57,22
5655,1711892216417723,9997,2,57,23
5656,1711892216427725,9997,2,57,24
5657,1711892216437727,9997,2,57,25
5658,1711892216447729,9997,2,57,26
5659,1711892216457731,9997,2,57,27
5660,1711892216467733,9996,3,57,28
5661,1711892216477735,9997,2,57,29
5662,1711892216487739,9997,2,57,30
5663,1711892216497741,9996,3,57,31
5664,1711892216507743,9997,2,57,32
5665,1711892216517745,9997,2,57,33
5666,1711892216527748,9997,2,57,34
5667,1711892216537750,9997,2,57,35
5668,1711892216547752,9997,2,57,36
5669,1711892216557754,9997,2,57,37
5670,1711892216567756,9997,2,57,38
5671,1711892216577758,9997,2,57,39
5672,1711892216587760,9997,2,57,40
5673,1711892216597762,9997,2,57,41
5674,1711892216607764,9997,2,57,42
5675,1711892216617767,9997,2,57,43
5676,1711892216657555,0,39784,58,44
5677,1711892216667558,9997,2,58,45
5678,1711892216677560,9997,2,58,46
5679,1711892216687562,9997,2,58,47
5680,1711892216697564,9997,2,58,48
5681,1711892216707566,9997,2,58,49
5682,1711892216717568,9997,2,58,50
5683,1711892216727570,9997,2,58,51
5684,1711892216737572,9997,2,58,52
5685,1711892216747574,9997,2,58,53
5686,1711892216757576,9997,2,58,54
5687,1711892216767579,9997,2,58,55
5688,1711892216777581,9997,2,58,56
5689,1711892216787583,9997,2,58,57
5690,1711892216797585,9997,2,58,58
5691,1711892216807587,9997,2,58,59
5692,1711892216817589,9997,2,58,60
5693,1711892216827591,9997,2,58,61
5694,1711892216837593,9997,2,58,62
5695,1711892216847595,9997,2,58,63
5696,1711892216857597,9997,2,58,64
5697,1711892216867599,9997,2,58,65
5698,1711892216877601,9997,2,58,66
5699,1711892216887603,9997,2,58,67
5700,1711892216897606,9997,2,58,68
5701,1711892216907608,9997,2,58,69
5702,1711892216917610,9997,2,58,70
5703,1711892216927612,9997,2,58,71
5704,1711892216937614,9997,2,58,72
5705,1711892216947616,9997,2,58,73
5706,1711892216957618,9997,2,58,74
5707,1711892216967620,9997,2,58,75
5708,1711892216977622,9997,2,58,76
5709,1711892216987624,9997,2,58,77
5710,1711892216997626,9997,2,58,78
5711,1711892217007628,9997,2,58,79
5712,1711892217017630,9997,2,58,80
5713,1711892217027632,9997,2,58,81
5714,1711892217037635,9997,2,58,82
5715,1711892217047637,9997,2,58,83
5716,1711892217057639,9997,2,58,84
5717,1711892217067641,9997,2,58,85
5718,1711892217077643,9997,2,58,86
5719,1711892217087645,9996,3,58,87
5720,1711892217097647,9997,2,58,88
5721,1711892217107649,9997,2,58,89
5722,1711892217117651,9997,2,58,90
5723,1711892217127653,9997,2,58,91
5724,1711892217137655,9997,2,58,92
5725,1711892217147658,9997,2,58,93
5726,1711892217157660,9997,2,58,94
5727,1711892217167662,9997,2,58,95
5728,1711892217177664,9997,2,58,96
5729,1711892217187666,9997,2,58,97
5730,1711892217197668,9997,2,58,98
5731,1711892217207670,9997,2,58,99
5732,1711892217217672,9997,2,58,100
5733,1711892217227674,9997,2,58,101
5734,1711892217237676,9997,2,58,102
5735,1711892217247678,9997,2,58,103
5736,1711892217257680,9997,2,58,104
5737,1711892217267682,9997,2,58,105
5738,1711892217277684,9997,2,58,106
5739,1711892217287687,9997,2,58,107
5740,1711892217297689,9997,2,58,108
5741,1711892217307691,9997,2,58,109
5742,1711892217317693,9997,2,58,110
5743,1711892217327695,9997,2,58,111
5744,1711892217337697,9997,2,58,112
5745,1711892217347699,9997,2,58,113
5746,1711892217357701,9997,2,58,114
5747,1711892217367703,9997,2,58,115
5748,1711892217377705,9997,2,58,116
5749,1711892217387707,9997,2,58,117
5750,1711892217397709,9997,2,58,118
5751,1711892217407711,9997,2,58,119
5752,1711892217417714,9997,2,58,120
5753,1711892217427716,9997,2,58,121
5754,1711892217437718,9997,2,58,122
5755,1711892217447720,9997,2,58,123
5756,1711892217457722,9997,2,58,124
5757,1711892217467724,9997,2,58,125
5758,1711892217477726,9997,2,58,126
5759,1711892217487728,9997,2,58,127
5760,1711892217497730,9997,2,58,128
5761,1711892217507732,9997,2,58,129
5762,1711892217517734,9997,2,58,130
5763,1711892217527737,9997,2,58,131
5764,1711892217537740,9997,2,58,132
5765,1711892217547742,9997,2,58,133
5766,1711892217557744,9997,2,58,134
5767,1711892217567746,9997,2,58,135
5768,1711892217577748,9997,2,58,136
5769,1711892217587750,9997,2,58,137
5770,1711892217597752,9997,2,58,138
5771,1711892217607755,9997,2,58,139
5772,1711892217657554,0,49795,59,140
5773,1711892217667557,9997,2,59,141
5774,1711892217677559,9997,2,59,142
5775,1711892217687561,9997,2,59,143
5776,1711892217697563,9997,2,59,144
5777,1711892217707565,9997,2,59,145
5778,1711892217717567,9997,2,59,146
5779,1711892217727569,9997,2,59,147
5780,1711892217737571,9997,2,59,148
5781,1711892217747574,9997,2,59,149
5782,1711892217757576,9997,2,59,150
5783,1711892217767578,9997,2,59,151
5784,1711892217777580,9997,2,59,152
5785,1711892217787582,9997,2,59,153
5786,1711892217797584,9997,2,59,154
5787,1711892217807586,9997,2,59,155
5788,1711892217817588,9997,2,59,156
5789,1711892217827590,9997,2,59,157
5790,1711892217837593,9997,2,59,158
5791,1711892217847595,9997,2,59,159
5792,1711892217857597,9997,2,59,160
5793,1711892217867599,9997,2,59,161
5794,1711892217877601,9997,2,59,162
5795,1711892217887606,9997,2,59,163
5796,1711892217897609,9995,4,59,164
5797,1711892217907611,9997,2,59,165
5798,1711892217917614,9997,2,59,166
5799,1711892217927616,9997,2,59,167
5800,1711892217937618,9997,2,59,168
5801,1711892217947620,9997,2,59,169
5802,1711892217957623,9997,2,59,170
5803,1711892217967625,9997,2,59,171
5804,1711892217977627,9997,2,59,172
5805,1711892217987629,9997,2,59,173
5806,1711892217997631,9997,2,59,174
5807,1711892218007634,9997,2,59,175
5808,1711892218017636,9997,2,59,176
5809,1711892218027638,9997,2,59,177
5810,1711892218037641,9997,2,59,178
5811,1711892218047643,9997,2,59,179
5812,1711892218057645,9997,2,59,180
5813,1711892218067647,9997,2,59,181
5814,1711892218077649,9997,2,59,182
5815,1711892218087652,9997,2,59,183
5816,1711892218097654,9997,2,59,184
5817,1711892218107656,9997,2,59,185
5818,1711892218117658,9997,2,59,186
5819,1711892218127661,9997,2,59,187
5820,1711892218137663,9997,2,59,188
5821,1711892218147665,9997,2,59,189
5822,1711892218157667,9997,2,59,190
5823,1711892218167670,9997,2,59,191
5824,1711892218177672,9997,2,59,192
5825,1711892218187674,9997,2,59,193
5826,1711892218197676,9997,2,59,194
5827,1711892218207678,9997,2,59,195
5828,1711892218217681,9997,2,59,196
5829,1711892218227683,9997,2,59,197
5830,1711892218237685,9997,2,59,198
5831,1711892218247687,9997,2,59,199
5832,1711892218257690,9997,2,59,200
5833,1711892218267692,9997,2,59,201
5834,1711892218277694,9997,2,59,202
5835,1711892218287696,9997,2,59,203
5836,1711892218297698,9997,2,59,204
5837,1711892218307700,9997,2,59,205
5838,1711892218317702,9997,2,59,206
5839,1711892218327705,9997,2,59,207
5840,1711892218337707,9997,2,59,208
5841,1711892218347709,9997,2,59,209
5842,1711892218357711,9997,2,59,210
5843,1711892218367713,9997,2,59,211
5844,1711892218377715,9997,2,59,212
5845,1711892218387717,9997,2,59,213
5846,1711892218397719,9997,2,59,214
5847,1711892218407721,9997,2,59,215
5848,1711892218417723,9997,2,59,216
5849,1711892218427725,9997,2,59,217
5850,1711892218437727,9997,2,59,218
5851,1711892218447729,9997,2,59,219
5852,1711892218457732,9997,2,59,220
5853,1711892218467734,9997,2,59,221
5854,1711892218477736,9997,2,59,222
5855,1711892218487738,9997,2,59,223
5856,1711892218497740,9997,2,59,224
5857,1711892218507742,9997,2,59,225
5858,1711892218517744,9997,2,59,226
5859,1711892218527746,9997,2,59,227
5860,1711892218537748,9997,2,59,228
5861,1711892218547750,9997,2,59,229
5862,1711892218557752,9997,2,59,230
5863,1711892218567754,9997,2,59,231
5864,1711892218577756,9997,2,59,232
5865,1711892218587758,9997,2,59,233
5866,1711892218597760,9997,2,59,234
5867,1711892218607763,9997,2,59,235
5868,1711892218657555,0,49787,60,236
5869,1711892218667557,9997,2,60,237
5870,1711892218677560,9997,2,60,238
5871,1711892218687562,9997,2,60,239
5872,1711892218697564,9997,2,60,240
5873,1711892218707566,9997,2,60,241
5874,1711892218717569,9997,2,60,242
5875,1711892218727571,9997,2,60,243
5876,1711892218737573,9997,2,60,244
5877,1711892218747575,9997,2,60,245
5878,1711892218757577,9997,2,60,246
5879,1711892218767580,9997,2,60,247
5880,1711892218777582,9997,2,60,248
5881,1711892218787584,9997,2,60,249
5882,1711892218797586,9997,2,60,250
5883,1711892218807588,9997,2,60,251
5884,1711892218817591,9997,2,60,252
5885,1711892218827593,9997,2,60,253
5886,1711892218837595,9997,2,60,254
5887,1711892218847597,9997,2,60,255
5888,1711892218857599,9997,2,60,0
5889,1711892218867602,9997,2,60,1
5890,1711892218877604,9997,2,60,2
5891,1711892218887606,9997,2,60,3
5892,1711892218897608,9997,2,60,4
5893,1711892218907610,9997,2,60,5
5894,1711892218917613,9997,2,60,6
5895,1711892218927615,9997,2,60,7
5896,1711892218937617,9997,2,60,8
5897,1711892218947619,9997,2,60,9
5898,1711892218957621,9997,2,60,10
5899,1711892218967624,9997,2,60,11
5900,1711892218977626,9997,2,60,12
5901,1711892218987628,9997,2,60,13
5902,1711892218997630,9997,2,60,14
5903,1711892219007632,9997,2,60,15
5904,1711892219017635,9997,2,60,16
5905,1711892219027637,9997,2,60,17
5906,1711892219037640,9997,2,60,18
5907,1711892219047643,9996,3,60,19
5908,1711892219057645,9997,2,60,20
5909,1711892219067647,9997,2,60,21
5910,1711892219077649,9997,2,60,22
5911,1711892219087651,9997,2,60,23
5912,1711892219097654,9997,2,60,24
5913,1711892219107656,9997,2,60,25
5914,1711892219117658,9997,2,60,26
5915,1711892219127660,9997,2,60,27
5916,1711892219137662,9997,2,60,28
5917,1711892219147665,9997,2,60,29
5918,1711892219157667,9997,2,60,30
5919,1711892219167669,9997,2,60,31
5920,1711892219177671,9997,2,60,32
5921,1711892219187673,9997,2,60,33
5922,1711892219197676,9997,2,60,34
5923,1711892219207678,9997,2,60,35
5924,1711892219217680,9997,2,60,36
5925,1711892219227682,9997,2,60,37
5926,1711892219237684,9997,2,60,38
5927,1711892219247687,9997,2,60,39
5928,1711892219257689,9997,2,60,40
5929,1711892219267691,9997,2,60,41
5930,1711892219277693,9997,2,60,42
5931,1711892219287695,9997,2,60,43
5932,1711892219297698,9996,3,60,44
5933,1711892219307700,9997,2,60,45
5934,1711892219317702,9997,2,60,46
5935,1711892219327704,9997,2,60,47
5936,1711892219337707,9997,2,60,48
5937,1711892219347709,9997,2,60,49
5938,1711892219357711,9996,3,60,50
5939,1711892219367713,9996,3,60,51
5940,1711892219377716,9997,2,60,52
5941,1711892219387718,9997,2,60,53
5942,1711892219397720,9997,2,60,54
5943,1711892219407722,9997,2,60,55
5944,1711892219417724,9996,3,60,56
5945,1711892219427727,9997,2,60,57
5946,1711892219437729,9997,2,60,58
5947,1711892219447731,9997,2,60,59
5948,1711892219457733,9997,2,60,60
5949,1711892219467735,9997,2,60,61
5950,1711892219477738,9997,2,60,62
5951,1711892219487740,9997,2,60,63
5952,1711892219497742,9997,2,60,64
5953,1711892219507744,9997,2,60,65
5954,1711892219517746,9997,2,60,66
5955,1711892219527749,9997,2,60,67
5956,1711892219537751,9997,2,60,68
5957,1711892219547753,9997,2,60,69
5958,1711892219557755,9997,2,60,70
5959,1711892219567758,9993,6,60,71
5960,1711892219577760,9997,2,60,72
5961,1711892219587762,9997,2,60,73
5962,1711892219597764,9997,2,60,74
5963,1711892219607766,9997,2,60,75
5964,1711892219617769,9997,2,60,76
5965,1711892219657554,0,39781,61,77
5966,1711892219667557,9997,2,61,78
5967,1711892219677559,9997,2,61,79
5968,1711892219687562,9997,2,61,80
5969,1711892219697564,9997,2,61,81
5970,1711892219707566,9997,2,61,82
5971,1711892219717568,9997,2,61,83
5972,1711892219727570,9997,2,61,84
5973,1711892219737573,9997,2,61,85
5974,1711892219747575,9997,2,61,86
5975,1711892219757577,9997,2,61,87
5976,1711892219767579,9997,2,61,88
5977,1711892219777581,9997,2,61,89
5978,1711892219787584,9997,2,61,90
5979,1711892219797586,9997,2,61,91
5980,1711892219807588,9997,2,61,92
5981,1711892219817590,9997,2,61,93
5982,1711892219827593,9997,2,61,94
5983,1711892219837595,9997,2,61,95
5984,1711892219847597,9997,2,61,96
5985,1711892219857599,9997,2,61,97
5986,1711892219867602,9997,2,61,98
5987,1711892219877604,9997,2,61,99
5988,1711892219887606,9997,2,61,100
5989,1711892219897608,9997,2,61,101
5990,1711892219907611,9997,2,61,102
5991,1711892219917613,9997,2,61,103
5992,1711892219927615,9997,2,61,104
5993,1711892219937617,9997,2,61,105
5994,1711892219947619,9997,2,61,106
5995,1711892219957622,9997,2,61,107
5996,1711892219967624,9997,2,61,108
5997,1711892219977626,9997,2,61,109
5998,1711892219987628,9997,2,61,110
5999,1711892219997630,9997,2,61,111
6000,1711892220007633,9997,2,61,112
6001,1711892220017635,9997,2,61,113
6002,1711892220027637,9997,2,61,114
6003,1711892220037639,9997,2,61,115
6004,1711892220047642,9997,2,61,116
6005,1711892220057644,9997,2,61,117
6006,1711892220067646,9997,2,61,118
6007,1711892220077648,9997,2,61,119
6008,1711892220087651,9997,2,61,120
6009,1711892220097653,9997,2,61,121
6010,1711892220107655,9997,2,61,122
6011,1711892220117658,9997,2,61,123
6012,1711892220127660,9997,2,61,124
6013,1711892220137662,9997,2,61,125
6014,1711892220147665,9997,2,61,126
6015,1711892220157667,9997,2,61,127
6016,1711892220167669,9997,2,61,128
6017,1711892220177672,9997,2,61,129
6018,1711892220187674,9997,2,61,130
6019,1711892220197676,9997,2,61,131
6020,1711892220207679,9997,2,61,132
6021,1711892220217681,9997,2,61,133
6022,1711892220227683,9997,2,61,134
6023,1711892220237686,9997,2,61,135
6024,1711892220247688,9996,3,61,136
6025,1711892220257691,9997,2,61,137
6026,1711892220267693,9997,2,61,138
6027,1711892220277695,9997,2,61,139
6028,1711892220287697,9997,2,61,140
6029,1711892220297699,9997,2,61,141
6030,1711892220307702,9997,2,61,142
6031,1711892220317704,9997,2,61,143
6032,1711892220327706,9997,2,61,144
6033,1711892220337708,9997,2,61,145
6034,1711892220347711,9997,2,61,146
6035,1711892220357713,9997,2,61,147
6036,1711892220367715,9997,2,61,148
6037,1711892220377717,9997,2,61,149
6038,1711892220387720,9997,2,61,150
6039,1711892220397722,9997,2,61,151
6040,1711892220407724,9997,2,61,152
6041,1711892220417726,9997,2,61,153
6042,1711892220427728,9997,2,61,154
6043,1711892220437731,9997,2,61,155
6044,1711892220447733,9997,2,61,156
6045,1711892220457735,9997,2,61,157
6046,1711892220467737,9997,2,61,158
6047,1711892220477740,9997,2,61,159
6048,1711892220487742,9997,2,61,160
6049,1711892220497744,9997,2,61,161
6050,1711892220507746,9997,2,61,162
6051,1711892220517749,9997,2,61,163
6052,1711892220527751,9997,2,61,164
6053,1711892220537754,9997,2,61,165
6054,1711892220547756,9996,3,61,166
6055,1711892220557759,9997,2,61,167
6056,1711892220567761,9997,2,61,168
6057,1711892220577763,9997,2,61,169
6058,1711892220587765,9997,2,61,170
6059,1711892220597768,9997,2,61,171
6060,1711892220607770,9997,2,61,172
6061,1711892220657555,0,49781,62,173
6062,1711892220667558,9997,2,62,174
6063,1711892220677560,9997,2,62,175
6064,1711892220687563,9997,2,62,176
6065,1711892220697565,9997,2,62,177
6066,1711892220707567,9997,2,62,178
6067,1711892220717569,9997,2,62,179
6068,1711892220727571,9997,2,62,180
6069,1711892220737576,9997,2,62,181
6070,1711892220747579,9996,3,62,182
6071,1711892220757581,9997,2,62,183
6072,1711892220767583,9997,2,62,184
6073,1711892220777585,9997,2,62,185
6074,1711892220787587,9997,2,62,186
6075,1711892220797589,9997,2,62,187
6076,1711892220807591,9997,2,62,188
6077,1711892220817593,9997,2,62,189
6078,1711892220827595,9997,2,62,190
6079,1711892220837598,9997,2,62,191
6080,1711892220847600,9997,2,62,192
6081,1711892220857602,9997,2,62,193
6082,1711892220867604,9997,2,62,194
6083,1711892220877606,9997,2,62,195
6084,1711892220887608,9997,2,62,196
6085,1711892220897610,9997,2,62,197
6086,1711892220907612,9997,2,62,198
6087,1711892220917614,9997,2,62,199
6088,1711892220927616,9997,2,62,200
6089,1711892220937619,9997,2,62,201
6090,1711892220947621,9997,2,62,202
6091,1711892220957623,9997,2,62,203
6092,1711892220967625,9997,2,62,204
6093,1711892220977627,9997,2,62,205
6094,1711892220987629,9997,2,62,206
6095,1711892220997631,9997,2,62,207
6096,1711892221007633,9997,2,62,208
6097,1711892221017635,9997,2,62,209
6098,1711892221027637,9997,2,62,210
6099,1711892221037639,9997,2,62,211
6100,1711892221047642,9997,2,62,212
6101,1711892221057644,9997,2,62,213
6102,1711892221067646,9997,2,62,214
6103,1711892221077648,9997,2,62,215
6104,1711892221087650,9997,2,62,216
6105,1711892221097652,9997,2,62,217
6106,1711892221107654,9997,2,62,218
6107,1711892221117656,9997,2,62,219
6108,1711892221127658,9997,2,62,220
6109,1711892221137660,9997,2,62,221
6110,1711892221147662,9997,2,62,222
6111,1711892221157664,9997,2,62,223
6112,1711892221167667,9997,2,62,224
6113,1711892221177669,9997,2,62,225
6114,1711892221187671,9997,2,62,226
6115,1711892221197673,9997,2,62,227
6116,1711892221207675,9997,2,62,228
6117,1711892221217677,9997,2,62,229
6118,1711892221227679,9997,2,62,230
6119,1711892221237681,9997,2,62,231
6120,1711892221247683,9997,2,62,232
6121,1711892221257685,9997,2,62,233
6122,1711892221267687,9996,3,62,234
6123,1711892221277689,9997,2,62,235
6124,1711892221287692,9997,2,62,236
6125,1711892221297694,9997,2,62,237
6126,1711892221307696,9997,2,62,238
6127,1711892221317698,9997,2,62,239
6128,1711892221327700,9997,2,62,240
6129,1711892221337702,9997,2,62,241
6130,1711892221347704,9997,2,62,242
6131,1711892221357706,9997,2,62,243
6132,1711892221367708,9997,2,62,244
6133,1711892221377710,9997,2,62,245
6134,1711892221387712,9997,2,62,246
6135,1711892221397714,9997,2,62,247
6136,1711892221407716,9997,2,62,248
6137,1711892221417719,9997,2,62,249
6138,1711892221427721,9997,2,62,250
6139,1711892221437723,9997,2,62,251
6140,1711892221447725,9997,2,62,252
6141,1711892221457727,9997,2,62,253
6142,1711892221467729,9997,2,62,254
6143,1711892221477731,9997,2,62,255
6144,1711892221487735,9992,7,62,0
6145,1711892221497738,9997,2,62,1
6146,1711892221507741,9996,3,62,2
6147,1711892221517743,9997,2,62,3
6148,1711892221527745,9997,2,62,4
6149,1711892221537747,9997,2,62,5
6150,1711892221547749,9997,2,62,6
6151,1711892221557751,9997,2,62,7
6152,1711892221567753,9997,2,62,8
6153,1711892221577755,9997,2,62,9
6154,1711892221587757,9997,2,62,10
6155,1711892221597759,9997,2,62,11
6156,1711892221607762,9997,2,62,12
6157,1711892221657554,0,49788,63,13
6158,1711892221667557,9997,2,63,14
6159,1711892221677559,9997,2,63,15
6160,1711892221687561,9997,2,63,16
6161,1711892221697563,9997,2,63,17
6162,1711892221707565,9997,2,63,18
6163,1711892221717568,9997,2,63,19
6164,1711892221727570,9997,2,63,20
6165,1711892221737572,9997,2,63,21
6166,1711892221747574,9997,2,63,22
6167,1711892221757576,9997,2,63,23
6168,1711892221767579,9997,2,63,24
6169,1711892221777581,9997,2,63,25
6170,1711892221787583,9997,2,63,26
6171,1711892221797585,9997,2,63,27
6172,1711892221807587,9997,2,63,28
6173,1711892221817590,9997,2,63,29
6174,1711892221827592,9997,2,63,30
6175,1711892221837594,9997,2,63,31
6176,1711892221847596,9997,2,63,32
6177,1711892221857598,9997,2,63,33
6178,1711892221867600,9997,2,63,34
6179,1711892221877603,9997,2,63,35
6180,1711892221887605,9997,2,63,36
6181,1711892221897607,9997,2,63,37
6182,1711892221907609,9997,2,63,38
6183,1711892221917611,9997,2,63,39
6184,1711892221927614,9997,2,63,40
6185,1711892221937616,9997,2,63,41
6186,1711892221947618,9997,2,63,42
6187,1711892221957620,9997,2,63,43
6188,1711892221967623,9997,2,63,44
6189,1711892221977625,9997,2,63,45
6190,1711892221987627,9997,2,63,46
6191,1711892221997630,9997,2,63,47
6192,1711892222007632,9997,2,63,48
6193,1711892222017634,9997,2,63,49
6194,1711892222027637,9997,2,63,50
6195,1711892222037640,9997,2,63,51
6196,1711892222047643,9997,2,63,52
6197,1711892222057645,9997,2,63,53
6198,1711892222067647,9997,2,63,54
6199,1711892222077650,9997,2,63,55
6200,1711892222087652,9997,2,63,56
6201,1711892222097654,9997,2,63,57
6202,1711892222107657,9997,2,63,58
6203,1711892222117659,9997,2,63,59
6204,1711892222127661,9997,2,63,60
6205,1711892222137663,9997,2,63,61
6206,1711892222147666,9997,2,63,62
6207,1711892222157668,9997,2,63,63
6208,1711892222167670,9997,2,63,64
6209,1711892222177673,9997,2,63,65
6210,1711892222187675,9997,2,63,66
6211,1711892222197677,9997,2,63,67
6212,1711892222207680,9997,2,63,68
6213,1711892222217682,9997,2,63,69
6214,1711892222227684,9997,2,63,70
6215,1711892222237687,9997,2,63,71
6216,1711892222247689,9997,2,63,72
6217,1711892222257691,9997,2,63,73
6218,1711892222267693,9997,2,63,74
6219,1711892222277696,9997,2,63,75
6220,1711892222287698,9997,2,63,76
6221,1711892222297700,9997,2,63,77
6222,1711892222307703,9997,2,63,78
6223,1711892222317705,9997,2,63,79
6224,1711892222327707,9997,2,63,80
6225,1711892222337709,9997,2,63,81
6226,1711892222347711,9997,2,63,82
6227,1711892222357713,9997,2,63,83
6228,1711892222367716,9997,2,63,84
6229,1711892222377718,9997,2,63,85
6230,1711892222387720,9997,2,63,86
6231,1711892222397722,9997,2,63,87
6232,1711892222407724,9997,2,63,88
6233,1711892222417726,9997,2,63,89
6234,1711892222427728,9996,3,63,90
6235,1711892222437731,9997,2,63,91
6236,1711892222447733,9997,2,63,92
6237,1711892222457735,9997,2,63,93
6238,1711892222467737,9997,2,63,94
6239,1711892222477739,9997,2,63,95
6240,1711892222487741,9997,2,63,96
6241,1711892222497744,9997,2,63,97
6242,1711892222507746,9997,2,63,98
6243,1711892222517748,9997,2,63,99
6244,1711892222527750,9997,2,63,100
6245,1711892222537752,9997,2,63,101
6246,1711892222547754,9997,2,63,102
6247,1711892222557756,9997,2,63,103
6248,1711892222567759,9997,2,63,104
6249,1711892222577761,9997,2,63,105
6250,1711892222587763,9997,2,63,106
6251,1711892222597765,9997,2,63,107
6252,1711892222607767,9997,2,63,108
6253,1711892222617770,9997,2,63,109
6254,1711892222657555,0,39780,64,110
6255,1711892222667557,9997,2,64,111
6256,1711892222677559,9997,2,64,112
6257,1711892222687561,9997,2,64,113
6258,1711892222697563,9997,2,64,114
6259,1711892222707566,9997,2,64,115
6260,1711892222717568,9997,2,64,116
6261,1711892222727570,9997,2,64,117
6262,1711892222737572,9997,2,64,118
6263,1711892222747574,9997,2,64,119
6264,1711892222757576,9997,2,64,120
6265,1711892222767578,9997,2,64,121
6266,1711892222777580,9997,2,64,122
6267,1711892222787582,9997,2,64,123
6268,1711892222797584,9997,2,64,124
6269,1711892222807586,9997,2,64,125
6270,1711892222817588,9997,2,64,126
6271,1711892222827590,9997,2,64,127
6272,1711892222837593,9997,2,64,128
6273,1711892222847595,9997,2,64,129
6274,1711892222857597,9997,2,64,130
6275,1711892222867599,9997,2,64,131
6276,1711892222877601,9997,2,64,132
6277,1711892222887605,9997,2,64,133
6278,1711892222897608,9997,2,64,134
6279,1711892222907610,9997,2,64,135
6280,1711892222917612,9997,2,64,136
6281,1711892222927614,9997,2,64,137
6282,1711892222937616,9997,2,64,138
6283,1711892222947618,9997,2,64,139
6284,1711892222957620,9997,2,64,140
6285,1711892222967622,9997,2,64,141
6286,1711892222977624,9997,2,64,142
6287,1711892222987627,9997,2,64,143
6288,1711892222997629,9997,2,64,144
6289,1711892223007631,9997,2,64,145
6290,1711892223017633,9997,2,64,146
6291,1711892223027635,9997,2,64,147
6292,1711892223037637,9997,2,64,148
6293,1711892223047639,9997,2,64,149
6294,1711892223057641,9997,2,64,150
6295,1711892223067643,9997,2,64,151
6296,1711892223077645,9997,2,64,152
6297,1711892223087647,9997,2,64,153
6298,1711892223097649,9997,2,64,154
6299,1711892223107651,9997,2,64,155
6300,1711892223117653,9997,2,64,156
6301,1711892223127656,9997,2,64,157
6302,1711892223137658,9997,2,64,158
6303,1711892223147660,9997,2,64,159
6304,1711892223157662,9997,2,64,160
6305,1711892223167664,9997,2,64,161
6306,1711892223177666,9997,2,64,162
6307,1711892223187668,9997,2,64,163
6308,1711892223197671,9997,2,64,164
6309,1711892223207673,9997,2,64,165
6310,1711892223217675,9997,2,64,166
6311,1711892223227677,9997,2,64,167
6312,1711892223237679,9997,2,64,168
6313,1711892223247681,9997,2,64,169
6314,1711892223257683,9997,2,64,170
6315,1711892223267685,9997,2,64,171
6316,1711892223277687,9997,2,64,172
6317,1711892223287689,9997,2,64,173
6318,1711892223297691,9997,2,64,174
6319,1711892223307693,9997,2,64,175
6320,1711892223317696,9997,2,64,176
6321,1711892223327698,9997,2,64,177
6322,1711892223337700,9997,2,64,178
6323,1711892223347702,9997,2,64,179
6324,1711892223357704,9997,2,64,180
6325,1711892223367706,9997,2,64,181
6326,1711892223377708,9997,2,64,182
6327,1711892223387710,9997,2,64,183
6328,1711892223397712,9997,2,64,184
6329,1711892223407714,9997,2,64,185
6330,1711892223417716,9997,2,64,186
6331,1711892223427718,9997,2,64,187
6332,1711892223437721,9997,2,64,188
6333,1711892223447723,9997,2,64,189
6334,1711892223457725,9997,2,64,190
6335,1711892223467727,9997,2,64,191
6336,1711892223477729,9997,2,64,192
6337,1711892223487731,9997,2,64,193
6338,1711892223497733,9997,2,64,194
6339,1711892223507735,9997,2,64,195
6340,1711892223517737,9996,3,64,196
6341,1711892223527739,9997,2,64,197
6342,1711892223537741,9997,2,64,198
6343,1711892223547745,9997,2,64,199
6344,1711892223557747,9996,3,64,200
6345,1711892223567749,9997,2,64,201
6346,1711892223577751,9997,2,64,202
6347,1711892223587753,9997,2,64,203
6348,1711892223597755,9997,2,64,204
6349,1711892223607758,9997,2,64,205
6350,1711892223657554,0,49792,65,206
6351,1711892223667557,9997,2,65,207
6352,1711892223677559,9997,2,65,208
6353,1711892223687561,9997,2,65,209
6354,1711892223697563,9997,2,65,210
6355,1711892223707565,9997,2,65,211
6356,1711892223717568,9997,2,65,212
6357,1711892223727570,9997,2,65,213
6358,1711892223737572,9997,2,65,214
6359,1711892223747574,9997,2,65,215
6360,1711892223757576,9997,2,65,216
6361,1711892223767579,9997,2,65,217
6362,1711892223777581,9997,2,65,218
6363,1711892223787583,9997,2,65,219
6364,1711892223797585,9997,2,65,220
6365,1711892223807587,9997,2,65,221
6366,1711892223817589,9997,2,65,222
6367,1711892223827592,9997,2,65,223
6368,1711892223837594,9997,2,65,224
6369,1711892223847596,9997,2,65,225
6370,1711892223857598,9997,2,65,226
6371,1711892223867600,9997,2,65,227
6372,1711892223877603,9997,2,65,228
6373,1711892223887605,9997,2,65,229
6374,1711892223897607,9997,2,65,230
6375,1711892223907609,9997,2,65,231
6376,1711892223917611,9997,2,65,232
6377,1711892223927614,9997,2,65,233
6378,1711892223937616,9997,2,65,234
6379,1711892223947618,9997,2,65,235
6380,1711892223957620,9997,2,65,236
6381,1711892223967622,9997,2,65,237
6382,1711892223977625,9997,2,65,238
6383,1711892223987627,9997,2,65,239
6384,1711892223997629,9997,2,65,240
6385,1711892224007631,9997,2,65,241
6386,1711892224017633,9997,2,65,242
6387,1711892224027636,9997,2,65,243
6388,1711892224037638,9997,2,65,244
6389,1711892224047640,9997,2,65,245
6390,1711892224057642,9997,2,65,246
6391,1711892224067644,9997,2,65,247
6392,1711892224077647,9997,2,65,248
6393,1711892224087649,9997,2,65,249
6394,1711892224097651,9997,2,65,250
6395,1711892224107653,9997,2,65,251
6396,1711892224117655,9997,2,65,252
6397,1711892224127658,9997,2,65,253
6398,1711892224137660,9997,2,65,254
6399,1711892224147662,9997,2,65,255
6400,1711892224157664,9997,2,65,0
6401,1711892224167666,9997,2,65,1
6402,1711892224177669,9997,2,65,2
6403,1711892224187671,9997,2,65,3
6404,1711892224197673,9997,2,65,4
6405,1711892224207675,9997,2,65,5
6406,1711892224217677,9997,2,65,6
6407,1711892224227680,9997,2,65,7
6408,1711892224237682,9997,2,65,8
6409,1711892224247684,9997,2,65,9
6410,1711892224257686,9997,2,65,10
6411,1711892224267688,9997,2,65,11
6412,1711892224277690,9997,2,65,12
6413,1711892224287693,9997,2,65,13
6414,1711892224297695,9997,2,65,14
6415,1711892224307697,9997,2,65,15
6416,1711892224317699,9997,2,65,16
6417,1711892224327701,9997,2,65,17
6418,1711892224337703,9997,2,65,18
6419,1711892224347705,9997,2,65,19
6420,1711892224357707,9997,2,65,20
6421,1711892224367709,9997,2,65,21
6422,1711892224377711,9997,2,65,22
6423,1711892224387713,9997,2,65,23
6424,1711892224397716,9997,2,65,24
6425,1711892224407718,9997,2,65,25
6426,1711892224417720,9997,2,65,26
6427,1711892224427722,9997,2,65,27
6428,1711892224437724,9997,2,65,28
6429,1711892224447726,9997,2,65,29
6430,1711892224457728,9997,2,65,30
6431,1711892224467730,9997,2,65,31
6432,1711892224477732,9997,2,65,32
6433,1711892224487734,9997,2,65,33
6434,1711892224497736,9997,2,65,34
6435,1711892224507738,9997,2,65,35
6436,1711892224517740,9997,2,65,36
6437,1711892224527742,9997,2,65,37
6438,1711892224537744,9997,2,65,38
6439,1711892224547746,9997,2,65,39
6440,1711892224557748,9997,2,65,40
6441,1711892224567750,9997,2,65,41
6442,1711892224577752,9997,2,65,42
6443,1711892224587754,9997,2,65,43
6444,1711892224597756,9997,2,65,44
6445,1711892224607758,9997,2,65,45
6446,1711892224657552,0,49791,66,46
6447,1711892224667554,9997,2,66,47
6448,1711892224677556,9997,2,66,48
6449,1711892224687559,9997,2,66,49
6450,1711892224697561,9997,2,66,50
6451,1711892224707563,9997,2,66,51
6452,1711892224717565,9996,3,66,52
6453,1711892224727567,9997,2,66,53
6454,1711892224737569,9997,2,66,54
6455,1711892224747571,9997,2,66,55
6456,1711892224757573,9997,2,66,56
6457,1711892224767575,9997,2,66,57
6458,1711892224777577,9997,2,66,58
6459,1711892224787579,9997,2,66,59
6460,1711892224797581,9997,2,66,60
6461,1711892224807583,9997,2,66,61
6462,1711892224817585,9997,2,66,62
6463,1711892224827587,9997,2,66,63
6464,1711892224837589,9997,2,66,64
6465,1711892224847591,9997,2,66,65
6466,1711892224857593,9997,2,66,66
6467,1711892224867595,9997,2,66,67
6468,1711892224877597,9997,2,66,68
6469,1711892224887599,9997,2,66,69
6470,1711892224897601,9997,2,66,70
6471,1711892224907603,9997,2,66,71
6472,1711892224917605,9997,2,66,72
6473,1711892224927608,9997,2,66,73
6474,1711892224937610,9997,2,66,74
6475,1711892224947612,9997,2,66,75
6476,1711892224957614,9997,2,66,76
6477,1711892224967616,9997,2,66,77
6478,1711892224977618,9997,2,66,78
6479,1711892224987620,9997,2,66,79
6480,1711892224997622,9997,2,66,80
6481,1711892225007624,9997,2,66,81
6482,1711892225017626,9997,2,66,82
6483,1711892225027628,9997,2,66,83
6484,1711892225037630,9997,2,66,84
6485,1711892225047633,9997,2,66,85
6486,1711892225057636,9997,2,66,86
6487,1711892225067638,9997,2,66,87
6488,1711892225077640,9997,2,66,88
6489,1711892225087642,9997,2,66,89
6490,1711892225097644,9997,2,66,90
6491,1711892225107646,9997,2,66,91
6492,1711892225117648,9997,2,66,92
6493,1711892225127650,9997,2,66,93
6494,1711892225137652,9997,2,66,94
6495,1711892225147654,9997,2,66,95
6496,1711892225157656,9997,2,66,96
6497,1711892225167658,9997,2,66,97
6498,1711892225177660,9997,2,66,98
6499,1711892225187662,9997,2,66,99
6500,1711892225197664,9997,2,66,100
6501,1711892225207666,9997,2,66,101
6502,1711892225217668,9997,2,66,102
6503,1711892225227671,9997,2,66,103
6504,1711892225237673,9997,2,66,104
6505,1711892225247675,9997,2,66,105
6506,1711892225257677,9996,3,66,106
6507,1711892225267679,9997,2,66,107
6508,1711892225277681,9997,2,66,108
6509,1711892225287683,9997,2,66,109
6510,1711892225297685,9997,2,66,110
6511,1711892225307687,9997,2,66,111
6512,1711892225317689,9997,2,66,112
6513,1711892225327691,9997,2,66,113
6514,1711892225337693,9997,2,66,114
6515,1711892225347695,9997,2,66,115
6516,1711892225357697,9997,2,66,116
6517,1711892225367699,9997,2,66,117
6518,1711892225377701,9997,2,66,118
6519,1711892225387703,9997,2,66,119
6520,1711892225397705,9997,2,66,120
6521,1711892225407707,9997,2,66,121
6522,1711892225417709,9997,2,66,122
6523,1711892225427712,9997,2,66,123
6524,1711892225437714,9997,2,66,124
6525,1711892225447716,9997,2,66,125
6526,1711892225457718,9997,2,66,126
6527,1711892225467720,9997,2,66,127
6528,1711892225477722,9997,2,66,128
6529,1711892225487724,9997,2,66,129
6530,1711892225497726,9997,2,66,130
6531,1711892225507728,9997,2,66,131
6532,1711892225517730,9997,2,66,132
6533,1711892225527732,9997,2,66,133
6534,1711892225537734,9997,2,66,134
6535,1711892225547736,9997,2,66,135
6536,1711892225557738,9997,2,66,136
6537,1711892225567740,9997,2,66,137
6538,1711892225577742,9997,2,66,138
6539,1711892225587744,9997,2,66,139
6540,1711892225597746,9997,2,66,140
6541,1711892225607748,9997,2,66,141
6542,1711892225617751,9997,2,66,142
6543,1711892225657554,0,39799,67,143
6544,1711892225667557,9997,2,67,144
6545,1711892225677559,9997,2,67,145
6546,1711892225687561,9997,2,67,146
6547,1711892225697563,9997,2,67,147
6548,1711892225707565,9997,2,67,148
6549,1711892225717568,9997,2,67,149
6550,1711892225727570,9997,2,67,150
6551,1711892225737572,9997,2,67,151
6552,1711892225747574,9997,2,67,152
6553,1711892225757576,9997,2,67,153
6554,1711892225767579,9997,2,67,154
6555,1711892225777581,9997,2,67,155
6556,1711892225787583,9997,2,67,156
6557,1711892225797585,9997,2,67,157
6558,1711892225807587,9997,2,67,158
6559,1711892225817589,9997,2,67,159
6560,1711892225827592,9997,2,67,160
6561,1711892225837594,9997,2,67,161
6562,1711892225847596,9997,2,67,162
6563,1711892225857598,9997,2,67,163
6564,1711892225867600,9997,2,67,164
6565,1711892225877602,9997,2,67,165
6566,1711892225887605,9997,2,67,166
6567,1711892225897607,9997,2,67,167
6568,1711892225907609,9997,2,67,168
6569,1711892225917611,9997,2,67,169
6570,1711892225927613,9997,2,67,170
6571,1711892225937616,9997,2,67,171
6572,1711892225947618,9997,2,67,172
6573,1711892225957620,9997,2,67,173
6574,1711892225967622,9997,2,67,174
6575,1711892225977624,9997,3,67,175
6576,1711892225987626,9997,2,67,176
6577,1711892225997629,9997,2,67,177
6578,1711892226007631,9997,2,67,178
6579,1711892226017633,9997,2,67,179
6580,1711892226027635,9996,3,67,180
6581,1711892226037637,9997,2,67,181
6582,1711892226047639,9997,2,67,182
6583,1711892226057642,9997,2,67,183
6584,1711892226067644,9997,2,67,184
6585,1711892226077646,9997,2,67,185
6586,1711892226087648,9997,2,67,186
6587,1711892226097650,9997,2,67,187
6588,1711892226107652,9997,2,67,188
6589,1711892226117654,9997,2,67,189
6590,1711892226127657,9997,2,67,190
6591,1711892226137659,9997,2,67,191
6592,1711892226147661,9997,2,67,192
6593,1711892226157663,9997,2,67,193
6594,1711892226167666,9997,2,67,194
6595,1711892226177668,9997,2,67,195
6596,1711892226187670,9997,2,67,196
6597,1711892226197672,9997,2,67,197
6598,1711892226207674,9997,2,67,198
6599,1711892226217676,9997,2,67,199
6600,1711892226227679,9997,2,67,200
6601,1711892226237681,9997,2,67,201
6602,1711892226247683,9997,2,67,202
6603,1711892226257685,9997,2,67,203
6604,1711892226267687,9997,2,67,204
6605,1711892226277689,9997,2,67,205
6606,1711892226287692,9997,2,67,206
6607,1711892226297694,9997,2,67,207
6608,1711892226307696,9997,2,67,208
6609,1711892226317698,9997,2,67,209
6610,1711892226327700,9997,2,67,210
6611,1711892226337702,9997,2,67,211
6612,1711892226347705,9997,2,67,212
6613,1711892226357707,9997,2,67,213
6614,1711892226367709,9997,2,67,214
6615,1711892226377711,9997,2,67,215
6616,1711892226387713,9997,2,67,216
6617,1711892226397715,9997,2,67,217
6618,1711892226407717,9997,2,67,218
6619,1711892226417719,9997,2,67,219
6620,1711892226427721,9997,2,67,220
6621,1711892226437723,9997,2,67,221
6622,1711892226447725,9997,2,67,222
6623,1711892226457727,9997,2,67,223
6624,1711892226467729,9997,2,67,224
6625,1711892226477731,9997,2,67,225
6626,1711892226487733,9997,2,67,226
6627,1711892226497737,9997,2,67,227
6628,1711892226507740,9996,3,67,228
6629,1711892226517742,9997,2,67,229
6630,1711892226527744,9997,2,67,230
6631,1711892226537746,9997,2,67,231
6632,1711892226547748,9996,3,67,232
6633,1711892226557751,9997,2,67,233
6634,1711892226567753,9996,3,67,234
6635,1711892226577755,9997,2,67,235
6636,1711892226587757,9997,2,67,236
6637,1711892226597759,9997,2,67,237
6638,1711892226607762,9997,2,67,238
6639,1711892226657555,0,49788,68,239
6640,1711892226667558,9997,2,68,240
6641,1711892226677560,9997,2,68,241
6642,1711892226687562,9996,3,68,242
6643,1711892226697564,9997,2,68,243
6644,1711892226707566,9997,2,68,244
6645,1711892226717568,9997,2,68,245
6646,1711892226727570,9997,2,68,246
6647,1711892226737573,9997,2,68,247
6648,1711892226747575,9997,2,68,248
6649,1711892226757577,9997,2,68,249
6650,1711892226767579,9997,2,68,250
6651,1711892226777581,9997,2,68,251
6652,1711892226787583,9997,2,68,252
6653,1711892226797585,9997,2,68,253
6654,1711892226807587,9997,2,68,254
6655,1711892226817590,9997,2,68,255
6656,1711892226827592,9991,8,68,0
6657,1711892226837594,9997,2,68,1
6658,1711892226847596,9997,2,68,2
6659,1711892226857598,9997,2,68,3
6660,1711892226867600,9997,2,68,4
6661,1711892226877603,9997,2,68,5
6662,1711892226887605,9997,2,68,6
6663,1711892226897607,9997,2,68,7
6664,1711892226907609,9997,2,68,8
6665,1711892226917611,9997,2,68,9
6666,1711892226927613,9997,2,68,10
6667,1711892226937615,9997,2,68,11
6668,1711892226947617,9997,2,68,12
6669,1711892226957620,9997,2,68,13
6670,1711892226967622,9997,2,68,14
6671,1711892226977624,9997,2,68,15
6672,1711892226987626,9997,2,68,16
6673,1711892226997628,9997,2,68,17
6674,1711892227007631,9997,2,68,18
6675,1711892227017633,9997,2,68,19
6676,1711892227027635,9997,2,68,20
6677,1711892227037637,9997,2,68,21
6678,1711892227047639,9997,2,68,22
6679,1711892227057641,9997,2,68,23
6680,1711892227067643,9997,2,68,24
6681,1711892227077646,9997,2,68,25
6682,1711892227087648,9997,2,68,26
6683,1711892227097650,9997,2,68,27
6684,1711892227107652,9997,2,68,28
6685,1711892227117654,9997,2,68,29
6686,1711892227127656,9997,2,68,30
6687,1711892227137658,9997,2,68,31
6688,1711892227147660,9997,2,68,32
6689,1711892227157663,9997,2,68,33
6690,1711892227167665,9997,2,68,34
6691,1711892227177667,9997,2,68,35
6692,1711892227187669,9997,2,68,36
6693,1711892227197671,9997,2,68,37
6694,1711892227207673,9997,2,68,38
6695,1711892227217675,9997,2,68,39
6696,1711892227227677,9997,2,68,40
6697,1711892227237679,9997,2,68,41
6698,1711892227247682,9997,2,68,42
6699,1711892227257684,9997,2,68,43
6700,1711892227267686,9997,2,68,44
6701,1711892227277688,9997,2,68,45
6702,1711892227287690,9997,2,68,46
6703,1711892227297692,9997,2,68,47
6704,1711892227307694,9997,2,68,48
6705,1711892227317697,9997,2,68,49
6706,1711892227327699,9997,2,68,50
6707,1711892227337701,9997,2,68,51
6708,1711892227347703,9997,2,68,52
6709,1711892227357705,9997,2,68,53
6710,1711892227367707,9997,2,68,54
6711,1711892227377709,9997,2,68,55
6712,1711892227387711,9997,2,68,56
6713,1711892227397713,9997,2,68,57
6714,1711892227407715,9997,2,68,58
6715,1711892227417718,9997,2,68,59
6716,1711892227427720,9997,2,68,60
6717,1711892227437722,9997,2,68,61
6718,1711892227447724,9997,2,68,62
6719,1711892227457726,9997,2,68,63
6720,1711892227467728,9997,2,68,64
6721,1711892227477730,9997,2,68,65
6722,1711892227487733,9997,2,68,66
6723,1711892227497735,9997,2,68,67
6724,1711892227507737,9997,2,68,68
6725,1711892227517739,9997,2,68,69
6726,1711892227527741,9997,2,68,70
6727,1711892227537743,9997,2,68,71
6728,1711892227547746,9997,2,68,72
6729,1711892227557748,9997,2,68,73
6730,1711892227567750,9997,2,68,74
6731,1711892227577752,9997,2,68,75
6732,1711892227587754,9997,2,68,76
6733,1711892227597756,9997,2,68,77
6734,1711892227607758,9997,2,68,78
6735,1711892227657552,0,49791,69,79
6736,1711892227667555,9997,2,69,80
6737,1711892227677557,9997,2,69,81
6738,1711892227687559,9997,2,69,82
6739,1711892227697561,9997,2,69,83
6740,1711892227707564,9997,2,69,84
6741,1711892227717566,9997,2,69,85
6742,1711892227727568,9997,2,69,86
6743,1711892227737570,9997,2,69,87
6744,1711892227747572,9997,2,69,88
6745,1711892227757575,9997,2,69,89
6746,1711892227767577,9997,2,69,90
6747,1711892227777579,9997,2,69,91
6748,1711892227787581,9997,2,69,92
6749,1711892227797583,9997,2,69,93
6750,1711892227807586,9997,2,69,94
6751,1711892227817588,9997,2,69,95
6752,1711892227827590,9997,2,69,96
6753,1711892227837592,9997,2,69,97
6754,1711892227847594,9997,2,69,98
6755,1711892227857597,9997,2,69,99
6756,1711892227867599,9997,2,69,100
6757,1711892227877601,9997,2,69,101
6758,1711892227887603,9997,2,69,102
6759,1711892227897607,9997,2,69,103
6760,1711892227907609,9997,2,69,104
6761,1711892227917612,9997,2,69,105
6762,1711892227927614,9997,2,69,106
6763,1711892227937616,9997,2,69,107
6764,1711892227947618,9997,2,69,108
6765,1711892227957621,9997,2,69,109
6766,1711892227967623,9997,2,69,110
6767,1711892227977625,9997,2,69,111
6768,1711892227987627,9997,2,69,112
6769,1711892227997629,9997,2,69,113
6770,1711892228007632,9997,2,69,114
6771,1711892228017634,9997,2,69,115
6772,1711892228027636,9997,2,69,116
6773,1711892228037638,9997,2,69,117
6774,1711892228047641,9997,2,69,118
6775,1711892228057644,9997,2,69,119
6776,1711892228067646,9996,3,69,120
6777,1711892228077649,9997,2,69,121
6778,1711892228087651,9997,2,69,122
6779,1711892228097653,9997,2,69,123
6780,1711892228107656,9997,2,69,124
6781,1711892228117658,9997,2,69,125
6782,1711892228127660,9997,2,69,126
6783,1711892228137662,9997,2,69,127
6784,1711892228147664,9997,2,69,128
6785,1711892228157667,9997,2,69,129
6786,1711892228167669,9997,2,69,130
6787,1711892228177671,9997,2,69,131
6788,1711892228187673,9997,2,69,132
6789,1711892228197675,9997,2,69,133
6790,1711892228207678,9997,2,69,134
6791,1711892228217680,9997,2,69,135
6792,1711892228227682,9997,2,69,136
6793,1711892228237684,9997,2,69,137
6794,1711892228247687,9997,2,69,138
6795,1711892228257689,9997,2,69,139
6796,1711892228267691,9997,2,69,140
6797,1711892228277693,9997,2,69,141
6798,1711892228287696,9997,2,69,142
6799,1711892228297698,9997,2,69,143
6800,1711892228307700,9997,2,69,144
6801,1711892228317702,9997,2,69,145
6802,1711892228327705,9997,2,69,146
6803,1711892228337707,9997,2,69,147
6804,1711892228347710,9997,2,69,148
6805,1711892228357712,9997,2,69,149
6806,1711892228367714,9997,2,69,150
6807,1711892228377716,9997,2,69,151
6808,1711892228387718,9997,2,69,152
6809,1711892228397720,9997,2,69,153
6810,1711892228407722,9997,2,69,154
6811,1711892228417724,9997,2,69,155
6812,1711892228427726,9997,2,69,156
6813,1711892228437728,9997,2,69,157
6814,1711892228447730,9997,2,69,158
6815,1711892228457732,9997,2,69,159
6816,1711892228467734,9997,2,69,160
6817,1711892228477736,9997,2,69,161
6818,1711892228487738,9997,2,69,162
6819,1711892228497740,9997,2,69,163
6820,1711892228507743,9997,2,69,164
6821,1711892228517745,9997,2,69,165
6822,1711892228527747,9997,2,69,166
6823,1711892228537749,9997,2,69,167
6824,1711892228547751,9997,2,69,168
6825,1711892228557753,9997,2,69,169
6826,1711892228567755,9997,2,69,170
6827,1711892228577757,9997,2,69,171
6828,1711892228587759,9997,2,69,172
6829,1711892228597761,9997,2,69,173
6830,1711892228607763,9997,2,69,174
6831,1711892228657554,0,49787,70,175
6832,1711892228667556,9997,2,70,176
6833,1711892228677558,9997,2,70,177
6834,1711892228687560,9997,2,70,178
6835,1711892228697563,9997,2,70,179
6836,1711892228707565,9997,2,70,180
6837,1711892228717567,9997,2,70,181
6838,1711892228727569,9997,2,70,182
6839,1711892228737571,9997,2,70,183
6840,1711892228747573,9997,2,70,184
6841,1711892228757575,9997,2,70,185
6842,1711892228767577,9997,2,70,186
6843,1711892228777579,9997,2,70,187
6844,1711892228787581,9997,2,70,188
6845,1711892228797583,9997,2,70,189
6846,1711892228807585,9997,2,70,190
6847,1711892228817587,9997,2,70,191
6848,1711892228827589,9997,2,70,192
6849,1711892228837591,9997,2,70,193
6850,1711892228847594,9997,2,70,194
6851,1711892228857596,9997,2,70,195
6852,1711892228867598,9997,2,70,196
6853,1711892228877600,9997,2,70,197
6854,1711892228887602,9997,2,70,198
6855,1711892228897604,9997,2,70,199
6856,1711892228907606,9997,2,70,200
6857,1711892228917608,9997,2,70,201
6858,1711892228927610,9997,2,70,202
6859,1711892228937612,9997,2,70,203
6860,1711892228947614,9997,2,70,204
6861,1711892228957617,9997,2,70,205
6862,1711892228967619,9997,2,70,206
6863,1711892228977621,9997,2,70,207
6864,1711892228987623,9997,2,70,208
6865,1711892228997625,9997,2,70,209
6866,1711892229007627,9997,2,70,210
6867,1711892229017629,9997,2,70,211
6868,1711892229027631,9997,2,70,212
6869,1711892229037633,9997,2,70,213
6870,1711892229047635,9997,2,70,214
6871,1711892229057637,9997,2,70,215
6872,1711892229067639,9997,2,70,216
6873,1711892229077641,9997,2,70,217
6874,1711892229087644,9997,2,70,218
6875,1711892229097646,9997,2,70,219
6876,1711892229107648,9997,2,70,220
6877,1711892229117650,9997,2,70,221
6878,1711892229127652,9997,2,70,222
6879,1711892229137654,9997,2,70,223
6880,1711892229147656,9997,2,70,224
6881,1711892229157658,9997,2,70,225
6882,1711892229167660,9997,2,70,226
6883,1711892229177662,9997,2,70,227
6884,1711892229187664,9997,2,70,228
6885,1711892229197666,9997,2,70,229
6886,1711892229207668,9997,2,70,230
6887,1711892229217670,9997,2,70,231
6888,1711892229227673,9997,2,70,232
6889,1711892229237675,9997,2,70,233
6890,1711892229247677,9997,2,70,234
6891,1711892229257679,9997,2,70,235
6892,1711892229267681,9997,2,70,236
6893,1711892229277683,9997,2,70,237
6894,1711892229287685,9997,2,70,238
6895,1711892229297687,9997,2,70,239
6896,1711892229307689,9997,2,70,240
6897,1711892229317691,9997,2,70,241
6898,1711892229327693,9997,2,70,242
6899,1711892229337695,9997,2,70,243
6900,1711892229347697,9997,2,70,244
6901,1711892229357700,9997,2,70,245
6902,1711892229367702,9997,2,70,246
6903,1711892229377704,9997,2,70,247
6904,1711892229387706,9997,2,70,248
6905,1711892229397708,9997,2,70,249
6906,1711892229407710,9997,2,70,250
6907,1711892229417712,9997,2,70,251
6908,1711892229427714,9996,3,70,252
6909,1711892229437716,9997,2,70,253
6910,1711892229447718,9997,2,70,254
6911,1711892229457720,9997,2,70,255
6912,1711892229467722,9997,2,70,0
6913,1711892229477724,9997,2,70,1
6914,1711892229487727,9997,2,70,2
6915,1711892229497729,9997,2,70,3
6916,1711892229507731,9997,2,70,4
6917,1711892229517733,9997,2,70,5
6918,1711892229527735,9997,2,70,6
6919,1711892229537737,9997,2,70,7
6920,1711892229547739,9997,2,70,8
6921,1711892229557742,9997,2,70,9
6922,1711892229567744,9996,3,70,10
6923,1711892229577746,9996,3,70,11
6924,1711892229587748,9997,2,70,12
6925,1711892229597750,9997,2,70,13
6926,1711892229607753,9997,2,70,14
6927,1711892229617755,9997,2,70,15
6928,1711892229657554,0,39795,71,16
6929,1711892229667556,9997,2,71,17
6930,1711892229677558,9997,2,71,18
6931,1711892229687561,9997,2,71,19
6932,1711892229697563,9997,2,71,20
6933,1711892229707565,9997,2,71,21
6934,1711892229717567,9997,2,71,22
6935,1711892229727570,9997,2,71,23
6936,1711892229737572,9997,2,71,24
6937,1711892229747574,9997,2,71,25
6938,1711892229757576,9997,2,71,26
6939,1711892229767578,9997,2,71,27
6940,1711892229777581,9997,2,71,28
6941,1711892229787583,9997,2,71,29
6942,1711892229797585,9997,2,71,30
6943,1711892229807587,9997,2,71,31
6944,1711892229817589,9997,2,71,32
6945,1711892229827592,9997,2,71,33
6946,1711892229837594,9997,2,71,34
6947,1711892229847596,9997,2,71,35
6948,1711892229857598,9997,2,71,36
6949,1711892229867601,9997,2,71,37
6950,1711892229877603,9997,2,71,38
6951,1711892229887605,9997,2,71,39
6952,1711892229897607,9997,2,71,40
6953,1711892229907609,9997,2,71,41
6954,1711892229917612,9997,2,71,42
6955,1711892229927614,9997,2,71,43
6956,1711892229937616,9997,2,71,44
6957,1711892229947618,9997,2,71,45
6958,1711892229957620,9997,2,71,46
6959,1711892229967623,9997,2,71,47
6960,1711892229977625,9997,2,71,48
6961,1711892229987627,9997,2,71,49
6962,1711892229997629,9997,2,71,50
6963,1711892230007631,9997,2,71,51
6964,1711892230017634,9997,2,71,52
6965,1711892230027636,9997,2,71,53
6966,1711892230037638,9997,2,71,54
6967,1711892230047640,9997,2,71,55
6968,1711892230057642,9997,2,71,56
6969,1711892230067645,9997,2,71,57
6970,1711892230077647,9997,2,71,58
6971,1711892230087649,9997,2,71,59
6972,1711892230097651,9997,2,71,60
6973,1711892230107653,9997,2,71,61
6974,1711892230117656,9997,2,71,62
6975,1711892230127658,9997,2,71,63
6976,1711892230137660,9997,2,71,64
6977,1711892230147662,9997,2,71,65
6978,1711892230157664,9997,2,71,66
6979,1711892230167667,9997,2,71,67
6980,1711892230177669,9997,2,71,68
6981,1711892230187671,9997,2,71,69
6982,1711892230197673,9997,2,71,70
6983,1711892230207675,9993,6,71,71
6984,1711892230217678,9997,2,71,72
6985,1711892230227680,9997,2,71,73
6986,1711892230237682,9997,2,71,74
6987,1711892230247684,9997,2,71,75
6988,1711892230257687,9997,2,71,76
6989,1711892230267689,9997,2,71,77
6990,1711892230277691,9997,2,71,78
6991,1711892230287693,9997,2,71,79
6992,1711892230297695,9997,2,71,80
6993,1711892230307698,9997,2,71,81
6994,1711892230317700,9997,2,71,82
6995,1711892230327702,9997,2,71,83
6996,1711892230337704,9997,2,71,84
6997,1711892230347706,9997,2,71,85
6998,1711892230357708,9997,2,71,86
6999,1711892230367711,9997,2,71,87
7000,1711892230377713,9997,2,71,88
7001,1711892230387715,9997,2,71,89
7002,1711892230397717,9997,2,71,90
7003,1711892230407719,9997,2,71,91
7004,1711892230417721,9997,2,71,92
7005,1711892230427723,9997,2,71,93
7006,1711892230437725,9997,2,71,94
7007,1711892230447727,9997,2,71,95
7008,1711892230457729,9997,2,71,96
7009,1711892230467732,9997,2,71,97
7010,1711892230477734,9997,2,71,98
7011,1711892230487736,9997,2,71,99
7012,1711892230497738,9997,2,71,100
7013,1711892230507740,9997,2,71,101
7014,1711892230517742,9997,2,71,102
7015,1711892230527744,9997,2,71,103
7016,1711892230537746,9997,2,71,104
7017,1711892230547748,9997,2,71,105
7018,1711892230557750,9997,2,71,106
7019,1711892230567752,9997,2,71,107
7020,1711892230577754,9997,2,71,108
7021,1711892230587756,9997,2,71,109
7022,1711892230597758,9997,2,71,110
7023,1711892230607761,9997,2,71,111
7024,1711892230657552,0,49789,72,112
7025,1711892230667555,9997,2,72,113
7026,1711892230677557,9997,2,72,114
7027,1711892230687559,9997,2,72,115
7028,1711892230697561,9997,2,72,116
7029,1711892230707564,9997,2,72,117
7030,1711892230717566,9996,3,72,118
7031,1711892230727568,9997,2,72,119
7032,1711892230737570,9997,2,72,120
7033,1711892230747572,9997,2,72,121
7034,1711892230757575,9997,2,72,122
7035,1711892230767577,9997,2,72,123
7036,1711892230777579,9997,2,72,124
7037,1711892230787581,9997,2,72,125
7038,1711892230797584,9997,2,72,126
7039,1711892230807586,9997,2,72,127
7040,1711892230817588,9997,2,72,128
7041,1711892230827590,9997,2,72,129
7042,1711892230837593,9996,3,72,130
7043,1711892230847595,9997,2,72,131
7044,1711892230857597,9997,2,72,132
7045,1711892230867599,9997,2,72,133
7046,1711892230877602,9997,2,72,134
7047,1711892230887604,9997,2,72,135
7048,1711892230897606,9997,2,72,136
7049,1711892230907608,9997,2,72,137
7050,1711892230917610,9997,2,72,138
7051,1711892230927613,9997,2,72,139
7052,1711892230937615,9997,2,72,140
7053,1711892230947617,9997,2,72,141
7054,1711892230957619,9997,2,72,142
7055,1711892230967622,9997,2,72,143
7056,1711892230977624,9997,2,72,144
7057,1711892230987626,9997,2,72,145
7058,1711892230997628,9997,2,72,146
7059,1711892231007631,9997,2,72,147
7060,1711892231017633,9997,2,72,148
7061,1711892231027635,9997,2,72,149
7062,1711892231037637,9997,2,72,150
7063,1711892231047640,9997,2,72,151
7064,1711892231057642,9997,2,72,152
7065,1711892231067645,9997,2,72,153
7066,1711892231077648,9996,3,72,154
7067,1711892231087650,9997,2,72,155
7068,1711892231097652,9997,2,72,156
7069,1711892231107654,9997,2,72,157
7070,1711892231117657,9997,2,72,158
7071,1711892231127659,9997,2,72,159
7072,1711892231137661,9997,2,72,160
7073,1711892231147663,9997,2,72,161
7074,1711892231157665,9997,2,72,162
7075,1711892231167668,9997,2,72,163
7076,1711892231177670,9997,2,72,164
7077,1711892231187672,9997,2,72,165
7078,1711892231197674,9997,2,72,166
7079,1711892231207676,9997,2,72,167
7080,1711892231217679,9997,2,72,168
7081,1711892231227681,9997,2,72,169
7082,1711892231237683,9997,2,72,170
7083,1711892231247685,9997,2,72,171
7084,1711892231257687,9997,2,72,172
7085,1711892231267690,9997,2,72,173
7086,1711892231277692,9997,2,72,174
7087,1711892231287694,9997,2,72,175
7088,1711892231297696,9997,2,72,176
7089,1711892231307699,9997,2,72,177
7090,1711892231317701,9997,2,72,178
7091,1711892231327703,9997,2,72,179
7092,1711892231337705,9997,2,72,180
7093,1711892231347707,9997,2,72,181
7094,1711892231357710,9997,2,72,182
7095,1711892231367712,9997,2,72,183
7096,1711892231377714,9997,2,72,184
7097,1711892231387716,9997,2,72,185
7098,1711892231397719,9997,2,72,186
7099,1711892231407721,9997,2,72,187
7100,1711892231417723,9997,2,72,188
7101,1711892231427725,9997,2,72,189
7102,1711892231437727,9997,2,72,190
7103,1711892231447730,9997,2,72,191
7104,1711892231457732,9997,2,72,192
7105,1711892231467734,9997,2,72,193
7106,1711892231477736,9997,2,72,194
7107,1711892231487738,9997,2,72,195
7108,1711892231497742,9997,2,72,196
7109,1711892231507746,9997,2,72,197
7110,1711892231517749,9996,3,72,198
7111,1711892231527751,9997,2,72,199
7112,1711892231537753,9996,3,72,200
7113,1711892231547756,9997,2,72,201
7114,1711892231557758,9997,2,72,202
7115,1711892231567760,9997,2,72,203
7116,1711892231577762,9997,2,72,204
7117,1711892231587765,9997,2,72,205
7118,1711892231597767,9997,2,72,206
7119,1711892231607769,9997,2,72,207
7120,1711892231657556,0,49782,73,208
7121,1711892231667558,9997,2,73,209
7122,1711892231677561,9997,2,73,210
7123,1711892231687563,9997,2,73,211
7124,1711892231697565,9997,2,73,212
7125,1711892231707567,9997,2,73,213
7126,1711892231717569,9997,2,73,214
7127,1711892231727572,9997,2,73,215
7128,1711892231737574,9997,2,73,216
7129,1711892231747576,9997,2,73,217
7130,1711892231757578,9997,2,73,218
7131,1711892231767580,9997,2,73,219
7132,1711892231777582,9997,2,73,220
7133,1711892231787584,9997,2,73,221
7134,1711892231797587,9997,2,73,222
7135,1711892231807589,9997,2,73,223
7136,1711892231817591,9997,2,73,224
7137,1711892231827593,9997,2,73,225
7138,1711892231837595,9997,2,73,226
7139,1711892231847598,9997,2,73,227
7140,1711892231857600,9997,2,73,228
7141,1711892231867602,9997,2,73,229
7142,1711892231877604,9997,2,73,230
7143,1711892231887606,9997,2,73,231
7144,1711892231897608,9997,2,73,232
7145,1711892231907610,9997,2,73,233
7146,1711892231917613,9997,2,73,234
7147,1711892231927615,9997,2,73,235
7148,1711892231937617,9997,2,73,236
7149,1711892231947619,9997,2,73,237
7150,1711892231957621,9997,2,73,238
7151,1711892231967624,9997,2,73,239
7152,1711892231977626,9997,2,73,240
7153,1711892231987628,9997,2,73,241
7154,1711892231997630,9997,2,73,242
7155,1711892232007632,9997,2,73,243
7156,1711892232017634,9997,2,73,244
7157,1711892232027637,9997,2,73,245
7158,1711892232037639,9997,2,73,246
7159,1711892232047641,9997,2,73,247
7160,1711892232057643,9997,2,73,248
7161,1711892232067645,9997,2,73,249
7162,1711892232077648,9997,2,73,250
7163,1711892232087650,9997,2,73,251
7164,1711892232097652,9997,2,73,252
7165,1711892232107654,9997,2,73,253
7166,1711892232117656,9997,2,73,254
7167,1711892232127658,9997,2,73,255
7168,1711892232137661,9994,5,73,0
7169,1711892232147663,9997,2,73,1
7170,1711892232157665,9997,2,73,2
7171,1711892232167667,9997,2,73,3
7172,1711892232177669,9997,2,73,4
7173,1711892232187672,9997,2,73,5
7174,1711892232197674,9997,2,73,6
7175,1711892232207676,9997,2,73,7
7176,1711892232217678,9997,2,73,8
7177,1711892232227680,9997,2,73,9
7178,1711892232237683,9997,2,73,10
7179,1711892232247685,9997,2,73,11
7180,1711892232257687,9997,2,73,12
7181,1711892232267689,9997,2,73,13
7182,1711892232277691,9997,2,73,14
7183,1711892232287694,9997,2,73,15
7184,1711892232297696,9997,2,73,16
7185,1711892232307698,9997,2,73,17
7186,1711892232317700,9997,2,73,18
7187,1711892232327702,9997,2,73,19
7188,1711892232337705,9997,2,73,20
7189,1711892232347707,9997,2,73,21
7190,1711892232357709,9997,2,73,22
7191,1711892232367711,9997,2,73,23
7192,1711892232377713,9997,2,73,24
7193,1711892232387715,9997,2,73,25
7194,1711892232397717,9997,2,73,26
7195,1711892232407719,9997,2,73,27
7196,1711892232417721,9997,2,73,28
7197,1711892232427724,9997,2,73,29
7198,1711892232437726,9997,2,73,30
7199,1711892232447728,9997,2,73,31
7200,1711892232457730,9997,2,73,32
7201,1711892232467732,9997,2,73,33
7202,1711892232477734,9997,2,73,34
7203,1711892232487736,9997,2,73,35
7204,1711892232497738,9997,2,73,36
7205,1711892232507740,9997,2,73,37
7206,1711892232517742,9997,2,73,38
7207,1711892232527744,9997,2,73,39
7208,1711892232537746,9997,2,73,40
7209,1711892232547748,9997,2,73,41
7210,1711892232557750,9997,2,73,42
7211,1711892232567753,9997,2,73,43
7212,1711892232577755,9996,3,73,44
7213,1711892232587757,9997,2,73,45
7214,1711892232597759,9997,2,73,46
7215,1711892232607761,9997,2,73,47
7216,1711892232617765,9997,2,73,48
7217,1711892232657556,0,39787,74,49
7218,1711892232667558,9997,2,74,50
7219,1711892232677560,9997,2,74,51
7220,1711892232687562,9997,2,74,52
7221,1711892232697565,9997,2,74,53
7222,1711892232707567,9997,2,74,54
7223,1711892232717569,9997,2,74,55
7224,1711892232727571,9997,2,74,56
7225,1711892232737573,9997,2,74,57
7226,1711892232747575,9997,2,74,58
7227,1711892232757577,9997,2,74,59
7228,1711892232767579,9997,2,74,60
7229,1711892232777581,9997,2,74,61
7230,1711892232787583,9997,2,74,62
7231,1711892232797585,9997,2,74,63
7232,1711892232807587,9997,2,74,64
7233,1711892232817589,9997,2,74,65
7234,1711892232827591,9997,2,74,66
7235,1711892232837593,9997,2,74,67
7236,1711892232847595,9997,2,74,68
7237,1711892232857597,9997,2,74,69
7238,1711892232867600,9997,2,74,70
7239,1711892232877602,9997,2,74,71
7240,1711892232887604,9997,2,74,72
7241,1711892232897606,9997,2,74,73
7242,1711892232907608,9997,2,74,74
7243,1711892232917610,9997,2,74,75
7244,1711892232927612,9997,2,74,76
7245,1711892232937614,9997,2,74,77
7246,1711892232947616,9997,2,74,78
7247,1711892232957618,9997,2,74,79
7248,1711892232967620,9997,2,74,80
7249,1711892232977623,9997,2,74,81
7250,1711892232987625,9997,2,74,82
7251,1711892232997627,9997,2,74,83
7252,1711892233007629,9997,2,74,84
7253,1711892233017631,9997,2,74,85
7254,1711892233027633,9997,2,74,86
7255,1711892233037635,9997,2,74,87
7256,1711892233047637,9997,2,74,88
7257,1711892233057639,9997,2,74,89
7258,1711892233067642,9997,2,74,90
7259,1711892233077644,9997,2,74,91
7260,1711892233087646,9997,2,74,92
7261,1711892233097648,9997,2,74,93
7262,1711892233107650,9997,2,74,94
7263,1711892233117652,9997,2,74,95
7264,1711892233127654,9997,2,74,96
7265,1711892233137656,9997,2,74,97
7266,1711892233147658,9997,2,74,98
7267,1711892233157660,9997,2,74,99
7268,1711892233167663,9997,2,74,100
7269,1711892233177665,9997,2,74,101
7270,1711892233187667,9997,2,74,102
7271,1711892233197669,9997,2,74,103
7272,1711892233207671,9997,2,74,104
7273,1711892233217673,9997,2,74,105
7274,1711892233227675,9997,2,74,106
7275,1711892233237677,9997,2,74,107
7276,1711892233247679,9997,2,74,108
7277,1711892233257682,9997,2,74,109
7278,1711892233267684,9997,2,74,110
7279,1711892233277686,9997,2,74,111
7280,1711892233287688,9997,2,74,112
7281,1711892233297690,9997,2,74,113
7282,1711892233307692,9997,2,74,114
7283,1711892233317694,9997,2,74,115
7284,1711892233327696,9997,2,74,116
7285,1711892233337698,9997,2,74,117
7286,1711892233347700,9997,2,74,118
7287,1711892233357702,9997,2,74,119
7288,1711892233367704,9997,2,74,120
7289,1711892233377706,9997,2,74,121
7290,1711892233387708,9997,2,74,122
7291,1711892233397711,9997,2,74,123
7292,1711892233407713,9997,2,74,124
7293,1711892233417715,9997,2,74,125
7294,1711892233427717,9997,2,74,126
7295,1711892233437719,9997,2,74,127
7296,1711892233447721,9997,2,74,128
7297,1711892233457723,9997,2,74,129
7298,1711892233467725,9997,2,74,130
7299,1711892233477727,9997,2,74,131
7300,1711892233487730,9997,2,74,132
7301,1711892233497732,9997,2,74,133
7302,1711892233507734,9997,2,74,134
7303,1711892233517736,9997,2,74,135
7304,1711892233527738,9997,2,74,136
7305,1711892233537740,9997,2,74,137
7306,1711892233547742,9997,2,74,138
7307,1711892233557744,9997,2,74,139
7308,1711892233567747,9997,2,74,140
7309,1711892233577749,9997,2,74,141
7310,1711892233587751,9997,2,74,142
7311,1711892233597753,9997,2,74,143
7312,1711892233607755,9997,2,74,144
7313,1711892233657552,0,49795,75,145
7314,1711892233667555,9997,2,75,146
7315,1711892233677557,9997,2,75,147
7316,1711892233687559,9997,2,75,148
7317,1711892233697562,9997,2,75,149
7318,1711892233707564,9997,2,75,150
7319,1711892233717566,9997,2,75,151
7320,1711892233727568,9997,2,75,152
7321,1711892233737570,9997,2,75,153
7322,1711892233747572,9997,2,75,154
7323,1711892233757575,9997,2,75,155
7324,1711892233767577,9997,2,75,156
7325,1711892233777579,9997,2,75,157
7326,1711892233787581,9997,2,75,158
7327,1711892233797583,9997,2,75,159
7328,1711892233807586,9997,2,75,160
7329,1711892233817588,9997,2,75,161
7330,1711892233827590,9997,2,75,162
7331,1711892233837592,9997,2,75,163
7332,1711892233847595,9997,2,75,164
7333,1711892233857597,9997,2,75,165
7334,1711892233867599,9997,2,75,166
7335,1711892233877601,9997,2,75,167
7336,1711892233887604,9997,2,75,168
7337,1711892233897606,9997,2,75,169
7338,1711892233907608,9997,2,75,170
7339,1711892233917610,9997,2,75,171
7340,1711892233927612,9997,2,75,172
7341,1711892233937615,9997,2,75,173
7342,1711892233947617,9997,2,75,174
7343,1711892233957619,9997,2,75,175
7344,1711892233967621,9997,2,75,176
7345,1711892233977624,9997,2,75,177
7346,1711892233987626,9997,2,75,178
7347,1711892233997628,9997,2,75,179
7348,1711892234007630,9997,2,75,180
7349,1711892234017632,9997,2,75,181
7350,1711892234027635,9997,2,75,182
7351,1711892234037637,9997,2,75,183
7352,1711892234047639,9997,2,75,184
7353,1711892234057641,9997,2,75,185
7354,1711892234067644,9997,2,75,186
7355,1711892234077647,9997,2,75,187
7356,1711892234087649,9997,2,75,188
7357,1711892234097651,9997,2,75,189
7358,1711892234107654,9997,2,75,190
7359,1711892234117656,9997,2,75,191
7360,1711892234127658,9997,2,75,192
7361,1711892234137660,9997,2,75,193
7362,1711892234147662,9997,2,75,194
7363,1711892234157665,9997,2,75,195
7364,1711892234167667,9997,2,75,196
7365,1711892234177669,9997,2,75,197
7366,1711892234187671,9997,2,75,198
7367,1711892234197674,9997,2,75,199
7368,1711892234207676,9997,2,75,200
7369,1711892234217678,9997,2,75,201
7370,1711892234227680,9997,2,75,202
7371,1711892234237683,9997,2,75,203
7372,1711892234247685,9997,2,75,204
7373,1711892234257687,9997,2,75,205
7374,1711892234267689,9997,2,75,206
7375,1711892234277692,9997,2,75,207
7376,1711892234287694,9997,2,75,208
7377,1711892234297696,9997,2,75,209
7378,1711892234307698,9997,2,75,210
7379,1711892234317700,9997,2,75,211
7380,1711892234327703,9997,2,75,212
7381,1711892234337705,9997,2,75,213
7382,1711892234347707,9997,2,75,214
7383,1711892234357710,9997,2,75,215
7384,1711892234367712,9997,2,75,216
7385,1711892234377714,9997,2,75,217
7386,1711892234387716,9997,2,75,218
7387,1711892234397718,9997,2,75,219
7388,1711892234407720,9997,2,75,220
7389,1711892234417723,9997,2,75,221
7390,1711892234427725,9997,2,75,222
7391,1711892234437727,9997,2,75,223
7392,1711892234447729,9997,2,75,224
7393,1711892234457731,9997,2,75,225
7394,1711892234467733,9997,2,75,226
7395,1711892234477735,9997,2,75,227
7396,1711892234487737,9997,2,75,228
7397,1711892234497739,9997,2,75,229
7398,1711892234507741,9997,2,75,230
7399,1711892234517743,9997,2,75,231
7400,1711892234527745,9997,2,75,232
7401,1711892234537747,9997,2,75,233
7402,1711892234547749,9997,2,75,234
7403,1711892234557752,9997,2,75,235
7404,1711892234567754,9997,2,75,236
7405,1711892234577756,9997,2,75,237
7406,1711892234587758,9997,2,75,238
7407,1711892234597760,9997,2,75,239
7408,1711892234607762,9997,2,75,240
7409,1711892234657553,0,49787,76,241
7410,1711892234667555,9997,2,76,242
7411,1711892234677557,9997,2,76,243
7412,1711892234687559,9997,2,76,244
7413,1711892234697561,9997,2,76,245
7414,1711892234707563,9997,2,76,246
7415,1711892234717565,9997,2,76,247
7416,1711892234727567,9997,2,76,248
7417,1711892234737569,9997,2,76,249
7418,1711892234747572,9997,2,76,250
7419,1711892234757574,9997,2,76,251
7420,1711892234767576,9997,3,76,252
7421,1711892234777578,9997,2,76,253
7422,1711892234787580,9997,2,76,254
7423,1711892234797582,9997,2,76,255
7424,1711892234807584,9997,2,76,0
7425,1711892234817586,9997,2,76,1
7426,1711892234827588,9997,2,76,2
7427,1711892234837590,9997,2,76,3
7428,1711892234847592,9997,2,76,4
7429,1711892234857594,9997,2,76,5
7430,1711892234867596,9997,2,76,6
7431,1711892234877598,9997,2,76,7
7432,1711892234887600,9997,2,76,8
7433,1711892234897602,9997,2,76,9
7434,1711892234907604,9997,2,76,10
7435,1711892234917606,9997,2,76,11
7436,1711892234927608,9997,2,76,12
7437,1711892234937610,9997,2,76,13
7438,1711892234947613,9997,2,76,14
7439,1711892234957615,9997,2,76,15
7440,1711892234967617,9997,2,76,16
7441,1711892234977619,9997,2,76,17
7442,1711892234987621,9997,2,76,18
7443,1711892234997623,9997,2,76,19
7444,1711892235007625,9997,2,76,20
7445,1711892235017627,9997,2,76,21
7446,1711892235027629,9997,2,76,22
7447,1711892235037631,9997,2,76,23
7448,1711892235047633,9997,2,76,24
7449,1711892235057635,9997,2,76,25
7450,1711892235067637,9997,2,76,26
7451,1711892235077639,9997,2,76,27
7452,1711892235087641,9997,2,76,28
7453,1711892235097643,9997,2,76,29
7454,1711892235107645,9997,2,76,30
7455,1711892235117647,9997,2,76,31
7456,1711892235127649,9997,2,76,32
7457,1711892235137651,9997,2,76,33
7458,1711892235147654,9997,2,76,34
7459,1711892235157656,9997,2,76,35
7460,1711892235167658,9997,2,76,36
7461,1711892235177660,9997,2,76,37
7462,1711892235187662,9997,2,76,38
7463,1711892235197664,9997,2,76,39
7464,1711892235207666,9997,2,76,40
7465,1711892235217668,9997,2,76,41
7466,1711892235227670,9997,2,76,42
7467,1711892235237672,9997,2,76,43
7468,1711892235247674,9997,2,76,44
7469,1711892235257676,9997,2,76,45
7470,1711892235267678,9997,2,76,46
7471,1711892235277680,9997,2,76,47
7472,1711892235287682,9997,2,76,48
7473,1711892235297684,9997,2,76,49
7474,1711892235307686,9997,2,76,50
7475,1711892235317688,9997,2,76,51
7476,1711892235327690,9997,2,76,52
7477,1711892235337692,9997,2,76,53
7478,1711892235347694,9997,2,76,54
7479,1711892235357696,9997,2,76,55
7480,1711892235367698,9997,2,76,56
7481,1711892235377700,9997,2,76,57
7482,1711892235387702,9997,2,76,58
7483,1711892235397705,9997,2,76,59
7484,1711892235407707,9997,2,76,60
7485,1711892235417709,9997,2,76,61
7486,1711892235427711,9997,2,76,62
7487,1711892235437713,9997,2,76,63
7488,1711892235447715,9997,2,76,64
7489,1711892235457717,9997,2,76,65
7490,1711892235467719,9997,2,76,66
7491,1711892235477721,9997,2,76,67
7492,1711892235487723,9997,2,76,68
7493,1711892235497725,9997,2,76,69
7494,1711892235507727,9997,2,76,70
7495,1711892235517729,9997,2,76,71
7496,1711892235527731,9997,2,76,72
7497,1711892235537733,9997,2,76,73
7498,1711892235547735,9997,2,76,74
7499,1711892235557737,9997,2,76,75
7500,1711892235567739,9997,2,76,76
7501,1711892235577742,9997,2,76,77
7502,1711892235587744,9996,3,76,78
7503,1711892235597746,9997,2,76,79
7504,1711892235607748,9997,2,76,80
7505,1711892235617751,9997,2,76,81
7506,1711892235657554,0,39799,77,82
7507,1711892235667556,9997,2,77,83
7508,1711892235677559,9997,2,77,84
7509,1711892235687561,9997,2,77,85
7510,1711892235697563,9997,2,77,86
7511,1711892235707565,9997,2,77,87
7512,1711892235717567,9997,2,77,88
7513,1711892235727570,9997,2,77,89
7514,1711892235737572,9997,2,77,90
7515,1711892235747574,9997,2,77,91
7516,1711892235757576,9997,2,77,92
7517,1711892235767578,9997,2,77,93
7518,1711892235777580,9997,2,77,94
7519,1711892235787583,9997,2,77,95
7520,1711892235797585,9997,2,77,96
7521,1711892235807587,9997,2,77,97
7522,1711892235817589,9997,2,77,98
7523,1711892235827592,9997,2,77,99
7524,1711892235837594,9997,2,77,100
7525,1711892235847596,9997,2,77,101
7526,1711892235857598,9997,2,77,102
7527,1711892235867600,9997,2,77,103
7528,1711892235877602,9997,2,77,104
7529,1711892235887605,9997,2,77,105
7530,1711892235897607,9997,2,77,106
7531,1711892235907609,9997,2,77,107
7532,1711892235917611,9997,2,77,108
7533,1711892235927613,9997,2,77,109
7534,1711892235937616,9997,2,77,110
7535,1711892235947618,9997,2,77,111
7536,1711892235957620,9997,2,77,112
7537,1711892235967622,9997,2,77,113
7538,1711892235977624,9997,2,77,114
7539,1711892235987626,9997,2,77,115
7540,1711892235997629,9997,2,77,116
7541,1711892236007631,9997,2,77,117
7542,1711892236017633,9997,2,77,118
7543,1711892236027635,9997,2,77,119
7544,1711892236037637,9997,2,77,120
7545,1711892236047640,9997,2,77,121
7546,1711892236057642,9997,2,77,122
7547,1711892236067644,9997,2,77,123
7548,1711892236077646,9996,3,77,124
7549,1711892236087648,9997,2,77,125
7550,1711892236097650,9997,2,77,126
7551,1711892236107653,9997,2,77,127
7552,1711892236117655,9997,2,77,128
7553,1711892236127657,9997,2,77,129
7554,1711892236137659,9997,2,77,130
7555,1711892236147661,9997,2,77,131
7556,1711892236157664,9997,2,77,132
7557,1711892236167666,9997,2,77,133
7558,1711892236177668,9997,2,77,134
7559,1711892236187670,9997,2,77,135
7560,1711892236197672,9997,2,77,136
7561,1711892236207675,9997,2,77,137
7562,1711892236217677,9997,2,77,138
7563,1711892236227679,9997,2,77,139
7564,1711892236237681,9997,2,77,140
7565,1711892236247683,9997,2,77,141
7566,1711892236257685,9997,2,77,142
7567,1711892236267688,9997,2,77,143
7568,1711892236277690,9997,2,77,144
7569,1711892236287692,9997,2,77,145
7570,1711892236297694,9997,2,77,146
7571,1711892236307696,9997,2,77,147
7572,1711892236317698,9997,2,77,148
7573,1711892236327701,9997,2,77,149
7574,1711892236337703,9997,2,77,150
7575,1711892236347705,9997,2,77,151
7576,1711892236357707,9997,2,77,152
7577,1711892236367709,9997,2,77,153
7578,1711892236377711,9997,2,77,154
7579,1711892236387714,9997,2,77,155
7580,1711892236397716,9997,2,77,156
7581,1711892236407718,9997,2,77,157
7582,1711892236417720,9997,2,77,158
7583,1711892236427722,9997,2,77,159
7584,1711892236437724,9997,2,77,160
7585,1711892236447726,9997,2,77,161
7586,1711892236457728,9997,2,77,162
7587,1711892236467730,9997,2,77,163
7588,1711892236477732,9996,3,77,164
7589,1711892236487734,9997,2,77,165
7590,1711892236497736,9997,2,77,166
7591,1711892236507741,9997,2,77,167
7592,1711892236517743,9996,3,77,168
7593,1711892236527745,9997,2,77,169
7594,1711892236537747,9997,2,77,170
7595,1711892236547749,9997,2,77,171
7596,1711892236557751,9997,2,77,172
7597,1711892236567754,9997,2,77,173
7598,1711892236577756,9997,2,77,174
7599,1711892236587758,9997,2,77,175
7600,1711892236597760,9997,2,77,176
7601,1711892236607762,9997,2,77,177
7602,1711892236657554,0,49788,78,178
7603,1711892236667556,9997,2,78,179
7604,1711892236677558,9997,2,78,180
7605,1711892236687560,9997,2,78,181
7606,1711892236697562,9997,2,78,182
7607,1711892236707564,9997,2,78,183
7608,1711892236717566,9997,2,78,184
7609,1711892236727569,9997,2,78,185
7610,1711892236737571,9997,2,78,186
7611,1711892236747573,9997,2,78,187
7612,1711892236757575,9997,2,78,188
7613,1711892236767577,9997,2,78,189
7614,1711892236777579,9997,2,78,190
7615,1711892236787581,9997,2,78,191
7616,1711892236797583,9997,2,78,192
7617,1711892236807585,9997,2,78,193
7618,1711892236817587,9997,2,78,194
7619,1711892236827589,9997,2,78,195
7620,1711892236837591,9997,2,78,196
7621,1711892236847593,9997,2,78,197
7622,1711892236857595,9997,2,78,198
7623,1711892236867597,9997,2,78,199
7624,1711892236877599,9997,2,78,200
7625,1711892236887601,9997,2,78,201
7626,1711892236897603,9997,2,78,202
7627,1711892236907605,9997,2,78,203
7628,1711892236917607,9997,2,78,204
7629,1711892236927610,9997,2,78,205
7630,1711892236937612,9997,2,78,206
7631,1711892236947614,9997,2,78,207
7632,1711892236957616,9997,2,78,208
7633,1711892236967618,9997,2,78,209
7634,1711892236977620,9997,2,78,210
7635,1711892236987622,9997,2,78,211
7636,1711892236997624,9997,2,78,212
7637,1711892237007626,9997,2,78,213
7638,1711892237017628,9997,2,78,214
7639,1711892237027630,9997,2,78,215
7640,1711892237037632,9996,3,78,216
7641,1711892237047634,9997,2,78,217
7642,1711892237057636,9997,2,78,218
7643,1711892237067638,9997,2,78,219
7644,1711892237077641,9997,2,78,220
7645,1711892237087643,9997,2,78,221
7646,1711892237097645,9997,2,78,222
7647,1711892237107647,9997,2,78,223
7648,1711892237117649,9997,2,78,224
7649,1711892237127651,9997,2,78,225
7650,1711892237137653,9997,2,78,226
7651,1711892237147655,9997,2,78,227
7652,1711892237157657,9997,2,78,228
7653,1711892237167659,9997,2,78,229
7654,1711892237177661,9997,2,78,230
7655,1711892237187663,9997,2,78,231
7656,1711892237197665,9997,2,78,232
7657,1711892237207667,9997,2,78,233
7658,1711892237217669,9997,2,78,234
7659,1711892237227671,9997,2,78,235
7660,1711892237237673,9997,2,78,236
7661,1711892237247675,9997,2,78,237
7662,1711892237257677,9997,2,78,238
7663,1711892237267679,9997,2,78,239
7664,1711892237277682,9997,2,78,240
7665,1711892237287684,9997,2,78,241
7666,1711892237297686,9997,2,78,242
7667,1711892237307688,9997,2,78,243
7668,1711892237317690,9997,2,78,244
7669,1711892237327692,9997,2,78,245
7670,1711892237337694,9997,2,78,246
7671,1711892237347696,9997,2,78,247
7672,1711892237357698,9996,3,78,248
7673,1711892237367700,9997,2,78,249
7674,1711892237377702,9997,2,78,250
7675,1711892237387704,9997,2,78,251
7676,1711892237397706,9997,2,78,252
7677,1711892237407708,9997,2,78,253
7678,1711892237417710,9997,2,78,254
7679,1711892237427712,9997,2,78,255
7680,1711892237437714,9992,7,78,0
7681,1711892237447716,9997,2,78,1
7682,1711892237457718,9997,2,78,2
7683,1711892237467720,9997,2,78,3
7684,1711892237477722,9997,2,78,4
7685,1711892237487724,9997,2,78,5
7686,1711892237497726,9997,2,78,6
7687,1711892237507729,9997,2,78,7
7688,1711892237517731,9997,2,78,8
7689,1711892237527733,9997,2,78,9
7690,1711892237537735,9997,2,78,10
7691,1711892237547737,9997,2,78,11
7692,1711892237557739,9997,2,78,12
7693,1711892237567741,9997,2,78,13
7694,1711892237577743,9997,2,78,14
7695,1711892237587745,9997,2,78,15
7696,1711892237597747,9997,2,78,16
7697,1711892237607749,9997,2,78,17
7698,1711892237657554,0,49801,79,18
7699,1711892237667556,9997,2,79,19
7700,1711892237677559,9997,2,79,20
7701,1711892237687561,9997,2,79,21
7702,1711892237697563,9997,2,79,22
7703,1711892237707565,9997,2,79,23
7704,1711892237717568,9997,2,79,24
7705,1711892237727570,9997,2,79,25
7706,1711892237737572,9997,2,79,26
7707,1711892237747574,9997,2,79,27
7708,1711892237757576,9997,2,79,28
7709,1711892237767579,9997,2,79,29
7710,1711892237777581,9997,2,79,30
7711,1711892237787583,9997,2,79,31
7712,1711892237797585,9997,2,79,32
7713,1711892237807588,9997,2,79,33
7714,1711892237817590,9997,2,79,34
7715,1711892237827592,9997,2,79,35
7716,1711892237837594,9997,2,79,36
7717,1711892237847596,9997,2,79,37
7718,1711892237857599,9997,2,79,38
7719,1711892237867601,9997,2,79,39
7720,1711892237877603,9997,2,79,40
7721,1711892237887605,9997,2,79,41
7722,1711892237897607,9997,2,79,42
7723,1711892237907610,9997,2,79,43
7724,1711892237917612,9997,2,79,44
7725,1711892237927614,9997,2,79,45
7726,1711892237937617,9997,2,79,46
7727,1711892237947619,9997,2,79,47
7728,1711892237957621,9997,2,79,48
7729,1711892237967623,9997,2,79,49
7730,1711892237977625,9997,2,79,50
7731,1711892237987628,9997,2,79,51
7732,1711892237997630,9997,2,79,52
7733,1711892238007632,9997,2,79,53
7734,1711892238017634,9997,2,79,54
7735,1711892238027636,9997,2,79,55
7736,1711892238037639,9997,2,79,56
7737,1711892238047641,9997,2,79,57
7738,1711892238057643,9997,2,79,58
7739,1711892238067645,9997,2,79,59
7740,1711892238077648,9997,2,79,60
7741,1711892238087650,9997,2,79,61
7742,1711892238097652,9997,2,79,62
7743,1711892238107654,9997,2,79,63
7744,1711892238117656,9997,2,79,64
7745,1711892238127659,9997,2,79,65
7746,1711892238137661,9997,2,79,66
7747,1711892238147663,9997,2,79,67
7748,1711892238157665,9997,2,79,68
7749,1711892238167667,9997,2,79,69
7750,1711892238177670,9997,2,79,70
7751,1711892238187672,9997,2,79,71
7752,1711892238197674,9997,2,79,72
7753,1711892238207676,9997,2,79,73
7754,1711892238217679,9997,2,79,74
7755,1711892238227681,9997,2,79,75
7756,1711892238237683,9997,2,79,76
7757,1711892238247685,9997,2,79,77
7758,1711892238257687,9997,2,79,78
7759,1711892238267690,9997,2,79,79
7760,1711892238277692,9997,2,79,80
7761,1711892238287694,9997,2,79,81
7762,1711892238297697,9997,2,79,82
7763,1711892238307699,9997,2,79,83
7764,1711892238317701,9997,2,79,84
7765,1711892238327704,9997,2,79,85
7766,1711892238337706,9997,2,79,86
7767,1711892238347708,9997,2,79,87
7768,1711892238357710,9997,2,79,88
7769,1711892238367713,9997,2,79,89
7770,1711892238377715,9997,2,79,90
7771,1711892238387717,9997,2,79,91
7772,1711892238397719,9997,2,79,92
7773,1711892238407722,9997,2,79,93
7774,1711892238417724,9997,2,79,94
7775,1711892238427726,9997,2,79,95
7776,1711892238437728,9997,2,79,96
7777,1711892238447730,9997,2,79,97
7778,1711892238457732,9997,2,79,98
7779,1711892238467735,9997,2,79,99
7780,1711892238477737,9997,2,79,100
7781,1711892238487739,9997,2,79,101
7782,1711892238497741,9997,2,79,102
7783,1711892238507743,9997,2,79,103
7784,1711892238517745,9997,2,79,104
7785,1711892238527747,9997,2,79,105
7786,1711892238537749,9997,2,79,106
7787,1711892238547751,9997,2,79,107
7788,1711892238557753,9997,2,79,108
7789,1711892238567755,9997,2,79,109
7790,1711892238577758,9997,2,79,110
7791,1711892238587761,9997,2,79,111
7792,1711892238597763,9996,3,79,112
7793,1711892238607765,9997,2,79,113
7794,1711892238617768,9997,2,79,114
7795,1711892238657554,0,39782,80,115
7796,1711892238667557,9997,2,80,116
7797,1711892238677559,9997,2,80,117
7798,1711892238687561,9997,2,80,118
7799,1711892238697563,9997,2,80,119
7800,1711892238707565,9997,2,80,120
7801,1711892238717567,9997,2,80,121
7802,1711892238727569,9997,2,80,122
7803,1711892238737571,9997,2,80,123
7804,1711892238747573,9997,2,80,124
7805,1711892238757575,9997,2,80,125
7806,1711892238767577,9997,2,80,126
7807,1711892238777579,9997,2,80,127
7808,1711892238787581,9997,2,80,128
7809,1711892238797583,9997,2,80,129
7810,1711892238807585,9997,2,80,130
7811,1711892238817588,9997,2,80,131
7812,1711892238827590,9997,2,80,132
7813,1711892238837592,9997,2,80,133
7814,1711892238847594,9997,2,80,134
7815,1711892238857596,9997,2,80,135
7816,1711892238867598,9997,2,80,136
7817,1711892238877600,9997,2,80,137
7818,1711892238887602,9997,2,80,138
7819,1711892238897604,9997,2,80,139
7820,1711892238907606,9997,2,80,140
7821,1711892238917608,9997,2,80,141
7822,1711892238927610,9997,2,80,142
7823,1711892238937612,9997,2,80,143
7824,1711892238947614,9997,2,80,144
7825,1711892238957616,9997,2,80,145
7826,1711892238967618,9997,2,80,146
7827,1711892238977620,9997,2,80,147
7828,1711892238987623,9997,2,80,148
7829,1711892238997625,9997,2,80,149
7830,1711892239007627,9997,2,80,150
7831,1711892239017629,9997,2,80,151
7832,1711892239027631,9997,2,80,152
7833,1711892239037633,9997,2,80,153
7834,1711892239047635,9997,2,80,154
7835,1711892239057637,9997,2,80,155
7836,1711892239067639,9997,2,80,156
7837,1711892239077641,9997,2,80,157
7838,1711892239087643,9997,2,80,158
7839,1711892239097645,9997,2,80,159
7840,1711892239107647,9997,2,80,160
7841,1711892239117649,9997,2,80,161
7842,1711892239127651,9997,2,80,162
7843,1711892239137653,9997,2,80,163
7844,1711892239147655,9997,2,80,164
7845,1711892239157657,9997,2,80,165
7846,1711892239167659,9997,2,80,166
7847,1711892239177661,9997,2,80,167
7848,1711892239187664,9997,2,80,168
7849,1711892239197666,9997,2,80,169
7850,1711892239207668,9997,2,80,170
7851,1711892239217670,9997,2,80,171
7852,1711892239227672,9997,2,80,172
7853,1711892239237674,9997,2,80,173
7854,1711892239247676,9997,2,80,174
7855,1711892239257678,9997,2,80,175
7856,1711892239267680,9997,2,80,176
7857,1711892239277682,9997,2,80,177
7858,1711892239287684,9997,2,80,178
7859,1711892239297686,9997,2,80,179
7860,1711892239307688,9997,2,80,180
7861,1711892239317690,9997,2,80,181
7862,1711892239327692,9997,2,80,182
7863,1711892239337694,9997,2,80,183
7864,1711892239347696,9997,2,80,184
7865,1711892239357698,9997,2,80,185
7866,1711892239367700,9997,2,80,186
7867,1711892239377702,9997,2,80,187
7868,1711892239387705,9997,2,80,188
7869,1711892239397707,9997,2,80,189
7870,1711892239407709,9997,2,80,190
7871,1711892239417711,9997,2,80,191
7872,1711892239427713,9997,2,80,192
7873,1711892239437715,9997,2,80,193
7874,1711892239447717,9997,2,80,194
7875,1711892239457719,9997,2,80,195
7876,1711892239467721,9997,2,80,196
7877,1711892239477723,9997,2,80,197
7878,1711892239487725,9997,2,80,198
7879,1711892239497727,9997,2,80,199
7880,1711892239507729,9997,2,80,200
7881,1711892239517731,9997,2,80,201
7882,1711892239527733,9997,2,80,202
7883,1711892239537735,9997,2,80,203
7884,1711892239547737,9997,2,80,204
7885,1711892239557739,9997,2,80,205
7886,1711892239567741,9997,2,80,206
7887,1711892239577743,9996,3,80,207
7888,1711892239587745,9997,2,80,208
7889,1711892239597747,9997,2,80,209
7890,1711892239607750,9997,2,80,210
7891,1711892239657552,0,49800,81,211
7892,1711892239667555,9997,2,81,212
7893,1711892239677557,9997,2,81,213
7894,1711892239687559,9997,2,81,214
7895,1711892239697561,9997,2,81,215
7896,1711892239707564,9997,2,81,216
7897,1711892239717566,9997,2,81,217
7898,1711892239727568,9997,2,81,218
7899,1711892239737570,9997,2,81,219
7900,1711892239747572,9997,2,81,220
7901,1711892239757575,9997,2,81,221
7902,1711892239767577,9997,2,81,222
7903,1711892239777579,9997,2,81,223
7904,1711892239787581,9997,2,81,224
7905,1711892239797583,9997,2,81,225
7906,1711892239807586,9997,2,81,226
7907,1711892239817588,9997,2,81,227
7908,1711892239827590,9997,2,81,228
7909,1711892239837592,9997,2,81,229
7910,1711892239847594,9997,2,81,230
7911,1711892239857597,9997,2,81,231
7912,1711892239867599,9997,2,81,232
7913,1711892239877601,9997,2,81,233
7914,1711892239887603,9997,2,81,234
7915,1711892239897605,9997,2,81,235
7916,1711892239907607,9997,2,81,236
7917,1711892239917612,9997,2,81,237
7918,1711892239927616,9996,3,81,238
7919,1711892239937618,9997,2,81,239
7920,1711892239947620,9997,2,81,240
7921,1711892239957623,9997,2,81,241
7922,1711892239967625,9997,2,81,242
7923,1711892239977627,9997,2,81,243
7924,1711892239987629,9997,2,81,244
7925,1711892239997631,9997,2,81,245
7926,1711892240007634,9997,2,81,246
7927,1711892240017636,9997,2,81,247
7928,1711892240027638,9997,2,81,248
7929,1711892240037640,9997,2,81,249
7930,1711892240047642,9997,2,81,250
7931,1711892240057645,9997,2,81,251
7932,1711892240067647,9997,2,81,252
7933,1711892240077649,9997,2,81,253
7934,1711892240087653,9997,2,81,254
7935,1711892240097655,9996,3,81,255
7936,1711892240107657,9997,2,81,0
7937,1711892240117660,9997,2,81,1
7938,1711892240127662,9997,2,81,2
7939,1711892240137664,9997,2,81,3
7940,1711892240147666,9997,2,81,4
7941,1711892240157668,9997,2,81,5
7942,1711892240167671,9997,2,81,6
7943,1711892240177673,9997,2,81,7
7944,1711892240187675,9997,2,81,8
7945,1711892240197677,9997,2,81,9
7946,1711892240207680,9997,2,81,10
7947,1711892240217682,9997,2,81,11
7948,1711892240227684,9997,2,81,12
7949,1711892240237686,9997,2,81,13
7950,1711892240247689,9997,2,81,14
7951,1711892240257691,9997,2,81,15
7952,1711892240267693,9997,2,81,16
7953,1711892240277695,9997,2,81,17
7954,1711892240287697,9997,2,81,18
7955,1711892240297700,9997,2,81,19
7956,1711892240307702,9997,2,81,20
7957,1711892240317704,9997,2,81,21
7958,1711892240327706,9997,2,81,22
7959,1711892240337709,9997,2,81,23
7960,1711892240347711,9997,2,81,24
7961,1711892240357713,9997,2,81,25
7962,1711892240367715,9997,2,81,26
7963,1711892240377717,9997,2,81,27
7964,1711892240387720,9997,2,81,28
7965,1711892240397722,9997,2,81,29
7966,1711892240407724,9997,2,81,30
7967,1711892240417726,9997,2,81,31
7968,1711892240427729,9997,2,81,32
7969,1711892240437731,9997,2,81,33
7970,1711892240447733,9997,2,81,34
7971,1711892240457735,9997,2,81,35
7972,1711892240467737,9997,2,81,36
7973,1711892240477739,9997,2,81,37
7974,1711892240487741,9997,2,81,38
7975,1711892240497743,9997,2,81,39
7976,1711892240507745,9997,2,81,40
7977,1711892240517747,9997,2,81,41
7978,1711892240527750,9997,2,81,42
7979,1711892240537752,9997,2,81,43
7980,1711892240547754,9997,2,81,44
7981,1711892240557756,9997,2,81,45
7982,1711892240567758,9997,2,81,46
7983,1711892240577760,9997,2,81,47
7984,1711892240587762,9997,2,81,48
7985,1711892240597764,9997,2,81,49
7986,1711892240607766,9997,2,81,50
7987,1711892240657556,0,49784,82,51
7988,1711892240667559,9997,2,82,52
7989,1711892240677561,9997,2,82,53
7990,1711892240687563,9997,2,82,54
7991,1711892240697565,9997,2,82,55
7992,1711892240707567,9997,2,82,56
7993,1711892240717569,9997,2,82,57
7994,1711892240727572,9997,2,82,58
7995,1711892240737574,9997,2,82,59
7996,1711892240747576,9997,2,82,60
7997,1711892240757578,9997,2,82,61
7998,1711892240767580,9997,2,82,62
7999,1711892240777582,9997,2,82,63
8000,1711892240787584,9997,2,82,64
8001,1711892240797586,9997,2,82,65
8002,1711892240807588,9997,2,82,66
8003,1711892240817590,9997,2,82,67
8004,1711892240827593,9997,2,82,68
8005,1711892240837595,9997,2,82,69
8006,1711892240847597,9997,2,82,70
8007,1711892240857599,9997,2,82,71
8008,1711892240867601,9997,2,82,72
8009,1711892240877603,9997,2,82,73
8010,1711892240887605,9997,2,82,74
8011,1711892240897607,9997,2,82,75
8012,1711892240907609,9997,2,82,76
8013,1711892240917611,9997,2,82,77
8014,1711892240927613,9997,2,82,78
8015,1711892240937615,9997,2,82,79
8016,1711892240947618,9997,2,82,80
8017,1711892240957620,9997,2,82,81
8018,1711892240967622,9997,2,82,82
8019,1711892240977624,9997,2,82,83
8020,1711892240987626,9997,2,82,84
8021,1711892240997628,9997,2,82,85
8022,1711892241007630,9997,2,82,86
8023,1711892241017632,9997,2,82,87
8024,1711892241027634,9997,2,82,88
8025,1711892241037636,9997,2,82,89
8026,1711892241047638,9997,2,82,90
8027,1711892241057640,9997,2,82,91
8028,1711892241067642,9997,2,82,92
8029,1711892241077645,9997,2,82,93
8030,1711892241087647,9997,2,82,94
8031,1711892241097649,9997,2,82,95
8032,1711892241107651,9997,2,82,96
8033,1711892241117653,9997,2,82,97
8034,1711892241127655,9997,2,82,98
8035,1711892241137657,9997,2,82,99
8036,1711892241147659,9997,2,82,100
8037,1711892241157661,9997,2,82,101
8038,1711892241167663,9997,2,82,102
8039,1711892241177665,9997,2,82,103
8040,1711892241187667,9997,2,82,104
8041,1711892241197669,9997,2,82,105
8042,1711892241207672,9997,2,82,106
8043,1711892241217674,9997,2,82,107
8044,1711892241227676,9997,2,82,108
8045,1711892241237678,9997,2,82,109
8046,1711892241247680,9997,2,82,110
8047,1711892241257682,9997,2,82,111
8048,1711892241267684,9997,2,82,112
8049,1711892241277686,9997,2,82,113
8050,1711892241287688,9997,2,82,114
8051,1711892241297690,9997,2,82,115
8052,1711892241307692,9997,2,82,116
8053,1711892241317694,9997,2,82,117
8054,1711892241327697,9997,2,82,118
8055,1711892241337699,9997,2,82,119
8056,1711892241347701,9997,2,82,120
8057,1711892241357703,9997,2,82,121
8058,1711892241367705,9997,2,82,122
8059,1711892241377707,9997,2,82,123
8060,1711892241387709,9997,2,82,124
8061,1711892241397711,9997,2,82,125
8062,1711892241407713,9997,2,82,126
8063,1711892241417715,9997,2,82,127
8064,1711892241427718,9997,2,82,128
8065,1711892241437720,9997,2,82,129
8066,1711892241447722,9997,2,82,130
8067,1711892241457724,9997,2,82,131
8068,1711892241467726,9997,2,82,132
8069,1711892241477728,9997,2,82,133
8070,1711892241487730,9997,2,82,134
8071,1711892241497732,9997,2,82,135
8072,1711892241507735,9997,2,82,136
8073,1711892241517739,9997,2,82,137
8074,1711892241527742,9996,3,82,138
8075,1711892241537744,9997,2,82,139
8076,1711892241547746,9997,2,82,140
8077,1711892241557748,9997,2,82,141
8078,1711892241567750,9997,2,82,142
8079,1711892241577752,9997,2,82,143
8080,1711892241587755,9997,2,82,144
8081,1711892241597758,9997,2,82,145
8082,1711892241607760,9996,3,82,146
8083,1711892241657556,0,49790,83,147
8084,1711892241667558,9997,2,83,148
8085,1711892241677561,9997,2,83,149
8086,1711892241687563,9997,2,83,150
8087,1711892241697565,9997,2,83,151
8088,1711892241707568,9997,2,83,152
8089,1711892241717570,9997,2,83,153
8090,1711892241727573,9997,2,83,154
8091,1711892241737575,9997,2,83,155
8092,1711892241747577,9997,2,83,156
8093,1711892241757580,9997,2,83,157
8094,1711892241767582,9997,2,83,158
8095,1711892241777584,9997,2,83,159
8096,1711892241787587,9997,2,83,160
8097,1711892241797589,9997,2,83,161
8098,1711892241807591,9997,2,83,162
8099,1711892241817594,9997,2,83,163
8100,1711892241827596,9997,2,83,164
8101,1711892241837598,9997,2,83,165
8102,1711892241847601,9997,2,83,166
8103,1711892241857603,9997,2,83,167
8104,1711892241867606,9997,2,83,168
8105,1711892241877608,9997,2,83,169
8106,1711892241887610,9997,2,83,170
8107,1711892241897613,9997,2,83,171
8108,1711892241907615,9997,2,83,172
8109,1711892241917617,9997,2,83,173
8110,1711892241927620,9997,2,83,174
8111,1711892241937622,9997,2,83,175
8112,1711892241947624,9997,2,83,176
8113,1711892241957627,9997,2,83,177
8114,1711892241967629,9997,2,83,178
8115,1711892241977632,9997,2,83,179
8116,1711892241987634,9997,2,83,180
8117,1711892241997636,9997,2,83,181
8118,1711892242007639,9997,2,83,182
8119,1711892242017641,9997,2,83,183
8120,1711892242027644,9997,2,83,184
8121,1711892242037646,9997,2,83,185
8122,1711892242047648,9997,2,83,186
8123,1711892242057651,9997,2,83,187
8124,1711892242067653,9997,2,83,188
8125,1711892242077655,9997,2,83,189
8126,1711892242087658,9997,2,83,190
8127,1711892242097660,9996,3,83,191
8128,1711892242107662,9997,2,83,192
8129,1711892242117665,9997,2,83,193
8130,1711892242127667,9997,2,83,194
8131,1711892242137669,9997,2,83,195
8132,1711892242147672,9997,2,83,196
8133,1711892242157674,9997,2,83,197
8134,1711892242167677,9997,2,83,198
8135,1711892242177679,9997,2,83,199
8136,1711892242187681,9997,2,83,200
8137,1711892242197684,9997,2,83,201
8138,1711892242207686,9997,2,83,202
8139,1711892242217688,9997,2,83,203
8140,1711892242227691,9997,2,83,204
8141,1711892242237693,9997,2,83,205
8142,1711892242247695,9997,2,83,206
8143,1711892242257698,9997,2,83,207
8144,1711892242267700,9997,2,83,208
8145,1711892242277703,9997,2,83,209
8146,1711892242287705,9996,3,83,210
8147,1711892242297707,9996,3,83,211
8148,1711892242307710,9997,2,83,212
8149,1711892242317712,9997,2,83,213
8150,1711892242327714,9997,2,83,214
8151,1711892242337717,9997,2,83,215
8152,1711892242347719,9997,2,83,216
8153,1711892242357721,9997,2,83,217
8154,1711892242367724,9997,2,83,218
8155,1711892242377726,9997,2,83,219
8156,1711892242387728,9997,2,83,220
8157,1711892242397731,9997,2,83,221
8158,1711892242407733,9997,2,83,222
8159,1711892242417735,9997,2,83,223
8160,1711892242427738,9997,2,83,224
8161,1711892242437740,9997,2,83,225
8162,1711892242447743,9997,2,83,226
8163,1711892242457745,9997,2,83,227
8164,1711892242467747,9997,2,83,228
8165,1711892242477749,9997,2,83,229
8166,1711892242487752,9997,2,83,230
8167,1711892242497754,9997,2,83,231
8168,1711892242507756,9997,2,83,232
8169,1711892242517758,9997,2,83,233
8170,1711892242527761,9997,2,83,234
8171,1711892242537763,9997,2,83,235
8172,1711892242547765,9997,2,83,236
8173,1711892242557767,9997,2,83,237
8174,1711892242567769,9997,2,83,238
8175,1711892242577772,9997,2,83,239
8176,1711892242587774,9997,2,83,240
8177,1711892242597776,9997,2,83,241
8178,1711892242607778,9997,2,83,242
8179,1711892242617781,9997,2,83,243
8180,1711892242657552,0,39768,84,244
8181,1711892242667555,9997,2,84,245
8182,1711892242677557,9997,2,84,246
8183,1711892242687559,9997,2,84,247
8184,1711892242697561,9997,2,84,248
8185,1711892242707563,9997,2,84,249
8186,1711892242717565,9997,2,84,250
8187,1711892242727567,9997,2,84,251
8188,1711892242737569,9997,2,84,252
8189,1711892242747571,9997,2,84,253
8190,1711892242757573,9997,2,84,254
8191,1711892242767575,9997,2,84,255
8192,1711892242777577,9990,9,84,0
8193,1711892242787580,9919,80,84,1
8194,1711892242797582,9997,2,84,2
8195,1711892242807584,9997,2,84,3
8196,1711892242817586,9997,2,84,4
8197,1711892242827588,9997,2,84,5
8198,1711892242837590,9997,2,84,6
8199,1711892242847592,9997,2,84,7
8200,1711892242857594,9997,2,84,8
8201,1711892242867596,9997,2,84,9
8202,1711892242877598,9997,2,84,10
8203,1711892242887600,9997,2,84,11
8204,1711892242897602,9997,2,84,12
8205,1711892242907604,9997,2,84,13
8206,1711892242917607,9997,2,84,14
8207,1711892242927609,9997,2,84,15
8208,1711892242937611,9996,3,84,16
8209,1711892242947613,9997,2,84,17
8210,1711892242957615,9997,2,84,18
8211,1711892242967617,9997,2,84,19
8212,1711892242977620,9997,2,84,20
8213,1711892242987622,9997,2,84,21
8214,1711892242997624,9997,2,84,22
8215,1711892243007626,9997,2,84,23
8216,1711892243017628,9997,2,84,24
8217,1711892243027630,9997,2,84,25
8218,1711892243037633,9997,2,84,26
8219,1711892243047635,9997,2,84,27
8220,1711892243057637,9997,2,84,28
8221,1711892243067639,9997,2,84,29
8222,1711892243077641,9997,2,84,30
8223,1711892243087643,9997,2,84,31
8224,1711892243097648,9997,2,84,32
8225,1711892243107650,9996,3,84,33
8226,1711892243117653,9997,2,84,34
8227,1711892243127655,9997,2,84,35
8228,1711892243137657,9997,2,84,36
8229,1711892243147659,9997,2,84,37
8230,1711892243157661,9997,2,84,38
8231,1711892243167664,9997,2,84,39
8232,1711892243177666,9997,2,84,40
8233,1711892243187668,9997,2,84,41
8234,1711892243197670,9997,2,84,42
8235,1711892243207673,9997,2,84,43
8236,1711892243217675,9997,2,84,44
8237,1711892243227677,9997,2,84,45
8238,1711892243237679,9997,2,84,46
8239,1711892243247681,9997,2,84,47
8240,1711892243257684,9997,2,84,48
8241,1711892243267686,9997,2,84,49
8242,1711892243277688,9997,2,84,50
8243,1711892243287690,9997,2,84,51
8244,1711892243297693,9997,2,84,52
8245,1711892243307695,9997,2,84,53
8246,1711892243317697,9997,2,84,54
8247,1711892243327699,9997,2,84,55
8248,1711892243337702,9997,2,84,56
8249,1711892243347704,9997,2,84,57
8250,1711892243357706,9996,3,84,58
8251,1711892243367708,9997,2,84,59
8252,1711892243377710,9997,2,84,60
8253,1711892243387713,9997,2,84,61
8254,1711892243397715,9997,2,84,62
8255,1711892243407717,9997,2,84,63
8256,1711892243417719,9996,3,84,64
8257,1711892243427722,9997,2,84,65
8258,1711892243437724,9997,2,84,66
8259,1711892243447726,9997,2,84,67
8260,1711892243457728,9997,2,84,68
8261,1711892243467730,9997,2,84,69
8262,1711892243477733,9997,2,84,70
8263,1711892243487735,9997,2,84,71
8264,1711892243497737,9997,2,84,72
8265,1711892243507739,9997,2,84,73
8266,1711892243517742,9997,2,84,74
8267,1711892243527744,9997,2,84,75
8268,1711892243537746,9997,2,84,76
8269,1711892243547748,9997,2,84,77
8270,1711892243557750,9997,2,84,78
8271,1711892243567753,9997,2,84,79
8272,1711892243577755,9997,2,84,80
8273,1711892243587757,9997,2,84,81
8274,1711892243597759,9997,2,84,82
8275,1711892243607762,9997,2,84,83
8276,1711892243657557,0,49790,85,84
8277,1711892243667559,9997,2,85,85
8278,1711892243677561,9997,2,85,86
8279,1711892243687564,9997,2,85,87
8280,1711892243697566,9997,2,85,88
8281,1711892243707568,9997,2,85,89
8282,1711892243717570,9997,2,85,90
8283,1711892243727572,9997,2,85,91
8284,1711892243737575,9997,2,85,92
8285,1711892243747577,9997,2,85,93
8286,1711892243757579,9997,2,85,94
8287,1711892243767581,9997,2,85,95
8288,1711892243777583,9997,2,85,96
8289,1711892243787586,9997,2,85,97
8290,1711892243797588,9997,2,85,98
8291,1711892243807590,9997,2,85,99
8292,1711892243817592,9997,2,85,100
8293,1711892243827594,9997,2,85,101
8294,1711892243837597,9997,2,85,102
8295,1711892243847599,9997,2,85,103
8296,1711892243857601,9997,2,85,104
8297,1711892243867603,9997,2,85,105
8298,1711892243877605,9997,2,85,106
8299,1711892243887608,9997,2,85,107
8300,1711892243897610,9997,2,85,108
8301,1711892243907612,9997,2,85,109
8302,1711892243917614,9997,2,85,110
8303,1711892243927616,9997,2,85,111
8304,1711892243937618,9997,2,85,112
8305,1711892243947621,9997,2,85,113
8306,1711892243957623,9997,2,85,114
8307,1711892243967625,9997,2,85,115
8308,1711892243977627,9997,2,85,116
8309,1711892243987629,9997,2,85,117
8310,1711892243997631,9997,2,85,118
8311,1711892244007634,9997,2,85,119
8312,1711892244017636,9997,2,85,120
8313,1711892244027638,9997,2,85,121
8314,1711892244037640,9997,2,85,122
8315,1711892244047642,9997,2,85,123
8316,1711892244057645,9997,2,85,124
8317,1711892244067647,9997,2,85,125
8318,1711892244077649,9997,2,85,126
8319,1711892244087651,9997,2,85,127
8320,1711892244097653,9997,2,85,128
8321,1711892244107655,9997,2,85,129
8322,1711892244117658,9997,2,85,130
8323,1711892244127660,9997,2,85,131
8324,1711892244137662,9997,2,85,132
8325,1711892244147664,9997,2,85,133
8326,1711892244157666,9997,2,85,134
8327,1711892244167669,9997,2,85,135
8328,1711892244177671,9997,2,85,136
8329,1711892244187673,9997,2,85,137
8330,1711892244197675,9997,2,85,138
8331,1711892244207677,9997,2,85,139
8332,1711892244217679,9997,2,85,140
8333,1711892244227682,9997,2,85,141
8334,1711892244237684,9997,2,85,142
8335,1711892244247686,9997,2,85,143
8336,1711892244257688,9997,2,85,144
8337,1711892244267690,9997,2,85,145
8338,1711892244277693,9997,2,85,146
8339,1711892244287695,9997,2,85,147
8340,1711892244297697,9997,2,85,148
8341,1711892244307699,9997,2,85,149
8342,1711892244317701,9997,2,85,150
8343,1711892244327703,9997,2,85,151
8344,1711892244337706,9997,2,85,152
8345,1711892244347708,9997,2,85,153
8346,1711892244357710,9997,2,85,154
8347,1711892244367712,9997,2,85,155
8348,1711892244377715,9997,2,85,156
8349,1711892244387717,9997,2,85,157
8350,1711892244397719,9997,2,85,158
8351,1711892244407721,9997,2,85,159
8352,1711892244417723,9997,2,85,160
8353,1711892244427726,9997,2,85,161
8354,1711892244437728,9997,2,85,162
8355,1711892244447730,9997,2,85,163
8356,1711892244457732,9997,2,85,164
8357,1711892244467734,9997,2,85,165
8358,1711892244477737,9997,2,85,166
8359,1711892244487739,9997,2,85,167
8360,1711892244497741,9997,2,85,168
8361,1711892244507743,9997,2,85,169
8362,1711892244517745,9997,2,85,170
8363,1711892244527747,9997,2,85,171
8364,1711892244537749,9997,2,85,172
8365,1711892244547751,9997,2,85,173
8366,1711892244557753,9997,2,85,174
8367,1711892244567755,9997,2,85,175
8368,1711892244577757,9997,2,85,176
8369,1711892244587759,9997,2,85,177
8370,1711892244597763,9997,2,85,178
8371,1711892244607766,9996,3,85,179
8372,1711892244657555,0,49785,86,180
8373,1711892244667557,9997,2,86,181
8374,1711892244677559,9997,2,86,182
8375,1711892244687561,9997,2,86,183
8376,1711892244697564,9997,2,86,184
8377,1711892244707566,9997,2,86,185
8378,1711892244717568,9997,2,86,186
8379,1711892244727570,9997,2,86,187
8380,1711892244737572,9997,2,86,188
8381,1711892244747574,9997,2,86,189
8382,1711892244757576,9997,2,86,190
8383,1711892244767578,9997,2,86,191
8384,1711892244777580,9997,2,86,192
8385,1711892244787582,9997,2,86,193
8386,1711892244797584,9997,2,86,194
8387,1711892244807586,9997,2,86,195
8388,1711892244817588,9997,2,86,196
8389,1711892244827591,9997,2,86,197
8390,1711892244837593,9997,2,86,198
8391,1711892244847595,9997,2,86,199
8392,1711892244857597,9997,2,86,200
8393,1711892244867599,9997,2,86,201
8394,1711892244877601,9997,2,86,202
8395,1711892244887603,9997,2,86,203
8396,1711892244897605,9997,2,86,204
8397,1711892244907607,9997,2,86,205
8398,1711892244917609,9997,2,86,206
8399,1711892244927611,9997,2,86,207
8400,1711892244937613,9997,2,86,208
8401,1711892244947615,9997,2,86,209
8402,1711892244957617,9997,2,86,210
8403,1711892244967620,9997,2,86,211
8404,1711892244977622,9997,2,86,212
8405,1711892244987624,9997,2,86,213
8406,1711892244997626,9997,2,86,214
8407,1711892245007628,9997,2,86,215
8408,1711892245017630,9997,2,86,216
8409,1711892245027632,9997,2,86,217
8410,1711892245037635,9997,2,86,218
8411,1711892245047637,9997,2,86,219
8412,1711892245057639,9996,3,86,220
8413,1711892245067641,9997,2,86,221
8414,1711892245077643,9997,2,86,222
8415,1711892245087646,9997,2,86,223
8416,1711892245097648,9997,2,86,224
8417,1711892245107650,9997,2,86,225
8418,1711892245117652,9997,2,86,226
8419,1711892245127654,9997,2,86,227
8420,1711892245137656,9997,2,86,228
8421,1711892245147659,9997,2,86,229
8422,1711892245157661,9997,2,86,230
8423,1711892245167663,9997,2,86,231
8424,1711892245177665,9997,2,86,232
8425,1711892245187667,9997,2,86,233
8426,1711892245197669,9997,2,86,234
8427,1711892245207672,9997,2,86,235
8428,1711892245217674,9997,2,86,236
8429,1711892245227676,9997,2,86,237
8430,1711892245237678,9997,2,86,238
8431,1711892245247680,9997,2,86,239
8432,1711892245257682,9997,2,86,240
8433,1711892245267684,9997,2,86,241
8434,1711892245277686,9997,2,86,242
8435,1711892245287689,9997,2,86,243
8436,1711892245297691,9997,2,86,244
8437,1711892245307693,9997,2,86,245
8438,1711892245317695,9997,2,86,246
8439,1711892245327697,9997,2,86,247
8440,1711892245337699,9997,2,86,248
8441,1711892245347701,9997,2,86,249
8442,1711892245357703,9997,2,86,250
8443,1711892245367705,9997,2,86,251
8444,1711892245377708,9997,2,86,252
8445,1711892245387710,9997,2,86,253
8446,1711892245397712,9997,2,86,254
8447,1711892245407714,9997,2,86,255
8448,1711892245417716,9997,2,86,0
8449,1711892245427718,9997,2,86,1
8450,1711892245437720,9997,2,86,2
8451,1711892245447722,9997,2,86,3
8452,1711892245457725,9997,2,86,4
8453,1711892245467727,9997,2,86,5
8454,1711892245477729,9997,2,86,6
8455,1711892245487731,9997,2,86,7
8456,1711892245497733,9997,2,86,8
8457,1711892245507735,9997,2,86,9
8458,1711892245517737,9997,2,86,10
8459,1711892245527739,9997,2,86,11
8460,1711892245537741,9997,2,86,12
8461,1711892245547744,9997,2,86,13
8462,1711892245557746,9997,2,86,14
8463,1711892245567748,9997,2,86,15
8464,1711892245577750,9997,2,86,16
8465,1711892245587752,9997,2,86,17
8466,1711892245597754,9997,2,86,18
8467,1711892245607756,9997,2,86,19
8468,1711892245617759,9996,3,86,20
8469,1711892245657552,0,39791,87,21
8470,1711892245667555,9997,2,87,22
8471,1711892245677557,9997,2,87,23
8472,1711892245687560,9997,2,87,24
8473,1711892245697564,9997,2,87,25
8474,1711892245707567,9996,3,87,26
8475,1711892245717570,9997,2,87,27
8476,1711892245727572,9997,2,87,28
8477,1711892245737574,9997,2,87,29
8478,1711892245747576,9997,2,87,30
8479,1711892245757579,9997,2,87,31
8480,1711892245767581,9997,2,87,32
8481,1711892245777583,9997,2,87,33
8482,1711892245787585,9997,2,87,34
8483,1711892245797588,9997,2,87,35
8484,1711892245807590,9997,2,87,36
8485,1711892245817592,9997,2,87,37
8486,1711892245827594,9997,2,87,38
8487,1711892245837596,9997,2,87,39
8488,1711892245847599,9997,2,87,40
8489,1711892245857601,9997,2,87,41
8490,1711892245867603,9997,2,87,42
8491,1711892245877605,9997,2,87,43
8492,1711892245887608,9997,2,87,44
8493,1711892245897610,9997,2,87,45
8494,1711892245907612,9997,2,87,46
8495,1711892245917614,9997,2,87,47
8496,1711892245927617,9997,2,87,48
8497,1711892245937619,9997,2,87,49
8498,1711892245947621,9997,2,87,50
8499,1711892245957624,9997,2,87,51
8500,1711892245967626,9997,2,87,52
8501,1711892245977628,9997,2,87,53
8502,1711892245987630,9997,2,87,54
8503,1711892245997632,9997,2,87,55
8504,1711892246007635,9997,2,87,56
8505,1711892246017637,9997,2,87,57
8506,1711892246027639,9997,2,87,58
8507,1711892246037642,9997,2,87,59
8508,1711892246047644,9997,2,87,60
8509,1711892246057646,9997,2,87,61
8510,1711892246067648,9997,2,87,62
8511,1711892246077651,9997,2,87,63
8512,1711892246087653,9997,2,87,64
8513,1711892246097655,9997,2,87,65
8514,1711892246107659,9997,2,87,66
8515,1711892246117661,9996,3,87,67
8516,1711892246127664,9997,2,87,68
8517,1711892246137666,9997,2,87,69
8518,1711892246147668,9997,2,87,70
8519,1711892246157671,9997,2,87,71
8520,1711892246167673,9997,2,87,72
8521,1711892246177675,9997,2,87,73
8522,1711892246187677,9997,2,87,74
8523,1711892246197680,9997,2,87,75
8524,1711892246207682,9997,2,87,76
8525,1711892246217684,9997,2,87,77
8526,1711892246227687,9997,2,87,78
8527,1711892246237689,9997,2,87,79
8528,1711892246247691,9997,2,87,80
8529,1711892246257693,9997,2,87,81
8530,1711892246267696,9997,2,87,82
8531,1711892246277698,9997,2,87,83
8532,1711892246287700,9997,2,87,84
8533,1711892246297703,9997,2,87,85
8534,1711892246307705,9997,2,87,86
8535,1711892246317707,9997,2,87,87
8536,1711892246327710,9997,2,87,88
8537,1711892246337712,9997,2,87,89
8538,1711892246347714,9997,2,87,90
8539,1711892246357716,9997,2,87,91
8540,1711892246367719,9997,2,87,92
8541,1711892246377721,9997,2,87,93
8542,1711892246387723,9997,2,87,94
8543,1711892246397725,9997,2,87,95
8544,1711892246407728,9997,2,87,96
8545,1711892246417730,9997,2,87,97
8546,1711892246427732,9997,2,87,98
8547,1711892246437734,9997,2,87,99
8548,1711892246447737,9997,2,87,100
8549,1711892246457739,9997,2,87,101
8550,1711892246467741,9997,2,87,102
8551,1711892246477743,9997,2,87,103
8552,1711892246487746,9997,2,87,104
8553,1711892246497748,9997,2,87,105
8554,1711892246507751,9997,2,87,106
8555,1711892246517755,9997,2,87,107
8556,1711892246527758,9996,3,87,108
8557,1711892246537760,9997,2,87,109
8558,1711892246547762,9997,2,87,110
8559,1711892246557764,9997,2,87,111
8560,1711892246567766,9997,2,87,112
8561,1711892246577768,9997,2,87,113
8562,1711892246587770,9997,2,87,114
8563,1711892246597772,9997,2,87,115
8564,1711892246607775,9997,2,87,116
8565,1711892246657556,0,49776,88,117
8566,1711892246667558,9997,2,88,118
8567,1711892246677561,9997,2,88,119
8568,1711892246687563,9997,2,88,120
8569,1711892246697565,9997,2,88,121
8570,1711892246707567,9997,2,88,122
8571,1711892246717569,9997,2,88,123
8572,1711892246727571,9997,2,88,124
8573,1711892246737573,9997,2,88,125
8574,1711892246747575,9997,2,88,126
8575,1711892246757577,9997,2,88,127
8576,1711892246767579,9997,2,88,128
8577,1711892246777581,9997,2,88,129
8578,1711892246787583,9997,2,88,130
8579,1711892246797585,9997,2,88,131
8580,1711892246807587,9997,2,88,132
8581,1711892246817589,9997,2,88,133
8582,1711892246827591,9997,2,88,134
8583,1711892246837593,9997,2,88,135
8584,1711892246847596,9997,2,88,136
8585,1711892246857598,9997,2,88,137
8586,1711892246867600,9997,2,88,138
8587,1711892246877602,9997,2,88,139
8588,1711892246887604,9997,2,88,140
8589,1711892246897606,9997,2,88,141
8590,1711892246907608,9997,2,88,142
8591,1711892246917610,9997,2,88,143
8592,1711892246927612,9997,2,88,144
8593,1711892246937614,9997,2,88,145
8594,1711892246947616,9997,2,88,146
8595,1711892246957618,9997,2,88,147
8596,1711892246967620,9997,2,88,148
8597,1711892246977622,9997,2,88,149
8598,1711892246987624,9997,2,88,150
8599,1711892246997626,9997,2,88,151
8600,1711892247007628,9997,2,88,152
8601,1711892247017631,9997,2,88,153
8602,1711892247027633,9997,2,88,154
8603,1711892247037635,9997,2,88,155
8604,1711892247047637,9997,2,88,156
8605,1711892247057639,9997,2,88,157
8606,1711892247067641,9997,2,88,158
8607,1711892247077643,9997,2,88,159
8608,1711892247087645,9997,2,88,160
8609,1711892247097647,9997,2,88,161
8610,1711892247107649,9997,2,88,162
8611,1711892247117651,9997,2,88,163
8612,1711892247127653,9997,2,88,164
8613,1711892247137655,9997,2,88,165
8614,1711892247147657,9997,2,88,166
8615,1711892247157659,9997,2,88,167
8616,1711892247167661,9997,2,88,168
8617,1711892247177663,9997,2,88,169
8618,1711892247187665,9997,2,88,170
8619,1711892247197667,9997,2,88,171
8620,1711892247207669,9997,2,88,172
8621,1711892247217672,9997,2,88,173
8622,1711892247227674,9997,2,88,174
8623,1711892247237676,9997,2,88,175
8624,1711892247247678,9997,2,88,176
8625,1711892247257680,9997,2,88,177
8626,1711892247267682,9997,2,88,178
8627,1711892247277684,9997,2,88,179
8628,1711892247287686,9997,2,88,180
8629,1711892247297688,9997,2,88,181
8630,1711892247307690,9997,2,88,182
8631,1711892247317692,9997,2,88,183
8632,1711892247327694,9997,2,88,184
8633,1711892247337696,9997,2,88,185
8634,1711892247347698,9997,2,88,186
8635,1711892247357700,9997,2,88,187
8636,1711892247367702,9997,2,88,188
8637,1711892247377704,9997,2,88,189
8638,1711892247387706,9997,2,88,190
8639,1711892247397708,9997,2,88,191
8640,1711892247407710,9997,2,88,192
8641,1711892247417712,9997,2,88,193
8642,1711892247427714,9997,2,88,194
8643,1711892247437717,9997,2,88,195
8644,1711892247447719,9997,2,88,196
8645,1711892247457721,9997,2,88,197
8646,1711892247467723,9997,2,88,198
8647,1711892247477725,9997,2,88,199
8648,1711892247487727,9997,2,88,200
8649,1711892247497729,9997,2,88,201
8650,1711892247507731,9997,2,88,202
8651,1711892247517733,9997,2,88,203
8652,1711892247527735,9997,2,88,204
8653,1711892247537737,9997,2,88,205
8654,1711892247547739,9997,2,88,206
8655,1711892247557741,9997,2,88,207
8656,1711892247567743,9997,2,88,208
8657,1711892247577745,9997,2,88,209
8658,1711892247587747,9997,2,88,210
8659,1711892247597749,9997,2,88,211
8660,1711892247607753,9997,2,88,212
8661,1711892247657555,0,49798,89,213
8662,1711892247667558,9997,2,89,214
8663,1711892247677560,9997,2,89,215
8664,1711892247687562,9997,2,89,216
8665,1711892247697564,9997,2,89,217
8666,1711892247707566,9997,2,89,218
8667,1711892247717569,9997,2,89,219
8668,1711892247727571,9997,2,89,220
8669,1711892247737573,9997,2,89,221
8670,1711892247747575,9997,2,89,222
8671,1711892247757577,9997,2,89,223
8672,1711892247767580,9997,2,89,224
8673,1711892247777582,9997,2,89,225
8674,1711892247787584,9997,2,89,226
8675,1711892247797586,9997,2,89,227
8676,1711892247807588,9997,2,89,228
8677,1711892247817590,9997,2,89,229
8678,1711892247827593,9997,2,89,230
8679,1711892247837595,9997,2,89,231
8680,1711892247847597,9997,2,89,232
8681,1711892247857599,9997,2,89,233
8682,1711892247867601,9997,2,89,234
8683,1711892247877604,9997,2,89,235
8684,1711892247887606,9997,2,89,236
8685,1711892247897608,9997,2,89,237
8686,1711892247907612,9997,2,89,238
8687,1711892247917614,9997,2,89,239
8688,1711892247927617,9997,2,89,240
8689,1711892247937619,9997,2,89,241
8690,1711892247947621,9997,2,89,242
8691,1711892247957623,9997,2,89,243
8692,1711892247967625,9997,2,89,244
8693,1711892247977627,9997,2,89,245
8694,1711892247987630,9997,2,89,246
8695,1711892247997632,9997,2,89,247
8696,1711892248007634,9997,2,89,248
8697,1711892248017636,9997,2,89,249
8698,1711892248027638,9997,2,89,250
8699,1711892248037641,9997,2,89,251
8700,1711892248047643,9997,2,89,252
8701,1711892248057645,9997,2,89,253
8702,1711892248067647,9997,2,89,254
8703,1711892248077649,9997,2,89,255
8704,1711892248087652,9991,8,89,0
8705,1711892248097654,9997,2,89,1
8706,1711892248107656,9997,2,89,2
8707,1711892248117658,9997,2,89,3
8708,1711892248127661,9997,2,89,4
8709,1711892248137663,9997,2,89,5
8710,1711892248147665,9997,2,89,6
8711,1711892248157667,9997,2,89,7
8712,1711892248167669,9997,2,89,8
8713,1711892248177671,9997,2,89,9
8714,1711892248187674,9997,2,89,10
8715,1711892248197676,9997,2,89,11
8716,1711892248207678,9997,2,89,12
8717,1711892248217680,9997,2,89,13
8718,1711892248227682,9997,2,89,14
8719,1711892248237685,9997,2,89,15
8720,1711892248247687,9997,2,89,16
8721,1711892248257689,9997,2,89,17
8722,1711892248267691,9997,2,89,18
8723,1711892248277693,9997,2,89,19
8724,1711892248287695,9997,2,89,20
8725,1711892248297698,9997,2,89,21
8726,1711892248307700,9997,2,89,22
8727,1711892248317702,9997,2,89,23
8728,1711892248327704,9997,2,89,24
8729,1711892248337706,9997,2,89,25
8730,1711892248347709,9997,2,89,26
8731,1711892248357711,9997,2,89,27
8732,1711892248367713,9997,2,89,28
8733,1711892248377715,9997,2,89,29
8734,1711892248387717,9997,2,89,30
8735,1711892248397719,9997,2,89,31
8736,1711892248407722,9997,2,89,32
8737,1711892248417724,9997,2,89,33
8738,1711892248427726,9997,2,89,34
8739,1711892248437728,9997,2,89,35
8740,1711892248447730,9997,2,89,36
8741,1711892248457733,9997,2,89,37
8742,1711892248467735,9997,2,89,38
8743,1711892248477737,9997,2,89,39
8744,1711892248487739,9997,2,89,40
8745,1711892248497741,9997,2,89,41
8746,1711892248507743,9997,2,89,42
8747,1711892248517745,9997,2,89,43
8748,1711892248527748,9997,2,89,44
8749,1711892248537750,9997,2,89,45
8750,1711892248547752,9997,2,89,46
8751,1711892248557754,9997,2,89,47
8752,1711892248567756,9997,2,89,48
8753,1711892248577758,9997,2,89,49
8754,1711892248587760,9997,2,89,50
8755,1711892248597762,9997,2,89,51
8756,1711892248607764,9997,2,89,52
8757,1711892248617767,9997,2,89,53
8758,1711892248657552,0,39782,90,54
8759,1711892248667555,9997,2,90,55
8760,1711892248677557,9997,2,90,56
8761,1711892248687559,9997,2,90,57
8762,1711892248697561,9997,2,90,58
8763,1711892248707563,9997,2,90,59
8764,1711892248717565,9997,2,90,60
8765,1711892248727567,9997,2,90,61
8766,1711892248737569,9997,2,90,62
8767,1711892248747571,9997,2,90,63
8768,1711892248757573,9997,2,90,64
8769,1711892248767575,9997,2,90,65
8770,1711892248777577,9997,2,90,66
8771,1711892248787579,9997,2,90,67
8772,1711892248797581,9997,2,90,68
8773,1711892248807583,9997,2,90,69
8774,1711892248817585,9997,2,90,70
8775,1711892248827587,9997,2,90,71
8776,1711892248837589,9997,2,90,72
8777,1711892248847591,9997,2,90,73
8778,1711892248857593,9997,2,90,74
8779,1711892248867595,9997,2,90,75
8780,1711892248877597,9997,2,90,76
8781,1711892248887599,9997,2,90,77
8782,1711892248897601,9997,2,90,78
8783,1711892248907603,9997,2,90,79
8784,1711892248917605,9997,2,90,80
8785,1711892248927608,9997,2,90,81
8786,1711892248937610,9997,2,90,82
8787,1711892248947612,9997,2,90,83
8788,1711892248957614,9997,2,90,84
8789,1711892248967616,9997,2,90,85
8790,1711892248977618,9997,2,90,86
8791,1711892248987620,9997,2,90,87
8792,1711892248997622,9997,2,90,88
8793,1711892249007624,9997,2,90,89
8794,1711892249017626,9997,2,90,90
8795,1711892249027628,9997,2,90,91
8796,1711892249037630,9997,2,90,92
8797,1711892249047632,9997,2,90,93
8798,1711892249057635,9997,2,90,94
8799,1711892249067637,9997,2,90,95
8800,1711892249077639,9997,2,90,96
8801,1711892249087641,9997,2,90,97
8802,1711892249097643,9997,2,90,98
8803,1711892249107647,9997,2,90,99
8804,1711892249117650,9996,3,90,100
8805,1711892249127652,9997,2,90,101
8806,1711892249137654,9997,2,90,102
8807,1711892249147656,9997,2,90,103
8808,1711892249157658,9997,2,90,104
8809,1711892249167660,9997,2,90,105
8810,1711892249177663,9997,2,90,106
8811,1711892249187665,9997,2,90,107
8812,1711892249197667,9997,2,90,108
8813,1711892249207669,9997,2,90,109
8814,1711892249217671,9997,2,90,110
8815,1711892249227673,9997,2,90,111
8816,1711892249237675,9997,2,90,112
8817,1711892249247677,9997,2,90,113
8818,1711892249257679,9997,2,90,114
8819,1711892249267681,9997,2,90,115
8820,1711892249277683,9997,2,90,116
8821,1711892249287686,9997,2,90,117
8822,1711892249297688,9997,2,90,118
8823,1711892249307690,9997,2,90,119
8824,1711892249317692,9997,2,90,120
8825,1711892249327694,9997,2,90,121
8826,1711892249337696,9997,2,90,122
8827,1711892249347698,9997,2,90,123
8828,1711892249357700,9997,2,90,124
8829,1711892249367702,9997,2,90,125
8830,1711892249377704,9997,2,90,126
8831,1711892249387707,9997,2,90,127
8832,1711892249397709,9997,2,90,128
8833,1711892249407711,9997,2,90,129
8834,1711892249417713,9997,2,90,130
8835,1711892249427715,9997,2,90,131
8836,1711892249437717,9997,2,90,132
8837,1711892249447719,9997,2,90,133
8838,1711892249457721,9997,2,90,134
8839,1711892249467723,9997,2,90,135
8840,1711892249477725,9997,2,90,136
8841,1711892249487727,9997,2,90,137
8842,1711892249497730,9997,2,90,138
8843,1711892249507732,9997,2,90,139
8844,1711892249517734,9997,2,90,140
8845,1711892249527736,9997,2,90,141
8846,1711892249537738,9997,2,90,142
8847,1711892249547740,9997,2,90,143
8848,1711892249557742,9997,2,90,144
8849,1711892249567744,9997,2,90,145
8850,1711892249577746,9997,2,90,146
8851,1711892249587748,9997,2,90,147
8852,1711892249597751,9997,2,90,148
8853,1711892249607753,9997,2,90,149
8854,1711892249657555,0,49798,91,150
8855,1711892249667557,9997,2,91,151
8856,1711892249677559,9997,2,91,152
8857,1711892249687562,9997,2,91,153
8858,1711892249697564,9996,3,91,154
8859,1711892249707566,9997,2,91,155
8860,1711892249717568,9997,2,91,156
8861,1711892249727571,9997,2,91,157
8862,1711892249737573,9997,2,91,158
8863,1711892249747575,9997,2,91,159
8864,1711892249757577,9997,2,91,160
8865,1711892249767579,9997,2,91,161
8866,1711892249777582,9997,2,91,162
8867,1711892249787584,9997,2,91,163
8868,1711892249797586,9997,2,91,164
8869,1711892249807588,9997,2,91,165
8870,1711892249817590,9997,2,91,166
8871,1711892249827593,9997,2,91,167
8872,1711892249837595,9997,2,91,168
8873,1711892249847597,9997,2,91,169
8874,1711892249857599,9997,2,91,170
8875,1711892249867601,9997,2,91,171
8876,1711892249877604,9997,2,91,172
8877,1711892249887606,9997,2,91,173
8878,1711892249897608,9997,2,91,174
8879,1711892249907610,9997,2,91,175
8880,1711892249917612,9997,2,91,176
8881,1711892249927615,9997,2,91,177
8882,1711892249937617,9997,2,91,178
8883,1711892249947619,9997,2,91,179
8884,1711892249957621,9997,2,91,180
8885,1711892249967623,9997,2,91,181
8886,1711892249977626,9997,2,91,182
8887,1711892249987628,9997,2,91,183
8888,1711892249997630,9997,2,91,184
8889,1711892250007632,9997,2,91,185
8890,1711892250017634,9997,2,91,186
8891,1711892250027636,9997,2,91,187
8892,1711892250037639,9997,2,91,188
8893,1711892250047641,9997,2,91,189
8894,1711892250057643,9997,2,91,190
8895,1711892250067645,9997,2,91,191
8896,1711892250077647,9997,2,91,192
8897,1711892250087650,9997,2,91,193
8898,1711892250097652,9997,2,91,194
8899,1711892250107654,9997,2,91,195
8900,1711892250117656,9997,2,91,196
8901,1711892250127658,9997,2,91,197
8902,1711892250137661,9997,2,91,198
8903,1711892250147663,9997,2,91,199
8904,1711892250157665,9997,2,91,200
8905,1711892250167667,9997,2,91,201
8906,1711892250177669,9997,2,91,202
8907,1711892250187671,9997,2,91,203
8908,1711892250197674,9997,2,91,204
8909,1711892250207676,9997,2,91,205
8910,1711892250217678,9997,2,91,206
8911,1711892250227680,9997,2,91,207
8912,1711892250237682,9997,2,91,208
8913,1711892250247685,9997,2,91,209
8914,1711892250257687,9997,2,91,210
8915,1711892250267689,9997,2,91,211
8916,1711892250277691,9997,2,91,212
8917,1711892250287693,9997,2,91,213
8918,1711892250297695,9997,2,91,214
8919,1711892250307698,9997,2,91,215
8920,1711892250317700,9997,2,91,216
8921,1711892250327702,9997,2,91,217
8922,1711892250337704,9997,2,91,218
8923,1711892250347706,9997,2,91,219
8924,1711892250357709,9997,2,91,220
8925,1711892250367711,9997,2,91,221
8926,1711892250377713,9997,2,91,222
8927,1711892250387715,9997,2,91,223
8928,1711892250397717,9997,2,91,224
8929,1711892250407720,9997,2,91,225
8930,1711892250417722,9997,2,91,226
8931,1711892250427724,9997,2,91,227
8932,1711892250437726,9997,2,91,228
8933,1711892250447728,9997,2,91,229
8934,1711892250457731,9997,2,91,230
8935,1711892250467733,9997,2,91,231
8936,1711892250477735,9997,2,91,232
8937,1711892250487737,9997,2,91,233
8938,1711892250497739,9997,2,91,234
8939,1711892250507742,9997,2,91,235
8940,1711892250517744,9997,2,91,236
8941,1711892250527746,9997,2,91,237
8942,1711892250537748,9997,2,91,238
8943,1711892250547750,9997,2,91,239
8944,1711892250557752,9997,2,91,240
8945,1711892250567754,9997,2,91,241
8946,1711892250577756,9997,2,91,242
8947,1711892250587758,9997,2,91,243
8948,1711892250597760,9997,2,91,244
8949,1711892250607762,9997,2,91,245
8950,1711892250657555,0,49789,92,246
8951,1711892250667558,9997,2,92,247
8952,1711892250677561,9996,3,92,248
8953,1711892250687563,9997,2,92,249
8954,1711892250697565,9997,2,92,250
8955,1711892250707567,9997,2,92,251
8956,1711892250717569,9997,2,92,252
8957,1711892250727571,9997,2,92,253
8958,1711892250737573,9997,2,92,254
8959,1711892250747576,9997,2,92,255
8960,1711892250757578,9997,2,92,0
8961,1711892250767580,9997,2,92,1
8962,1711892250777582,9997,2,92,2
8963,1711892250787584,9997,2,92,3
8964,1711892250797586,9997,2,92,4
8965,1711892250807588,9997,2,92,5
8966,1711892250817590,9997,2,92,6
8967,1711892250827592,9997,2,92,7
8968,1711892250837595,9997,2,92,8
8969,1711892250847597,9997,2,92,9
8970,1711892250857599,9997,2,92,10
8971,1711892250867601,9997,2,92,11
8972,1711892250877603,9997,2,92,12
8973,1711892250887605,9997,2,92,13
8974,1711892250897607,9997,2,92,14
8975,1711892250907609,9997,2,92,15
8976,1711892250917612,9997,2,92,16
8977,1711892250927614,9997,2,92,17
8978,1711892250937616,9997,2,92,18
8979,1711892250947618,9997,2,92,19
8980,1711892250957620,9997,2,92,20
8981,1711892250967622,9997,2,92,21
8982,1711892250977624,9997,2,92,22
8983,1711892250987626,9997,2,92,23
8984,1711892250997628,9997,2,92,24
8985,1711892251007631,9997,2,92,25
8986,1711892251017633,9997,2,92,26
8987,1711892251027635,9997,2,92,27
8988,1711892251037637,9997,2,92,28
8989,1711892251047639,9997,2,92,29
8990,1711892251057641,9997,2,92,30
8991,1711892251067643,9997,2,92,31
8992,1711892251077645,9996,3,92,32
8993,1711892251087648,9997,2,92,33
8994,1711892251097650,9997,2,92,34
8995,1711892251107652,9997,2,92,35
8996,1711892251117654,9997,2,92,36
8997,1711892251127656,9997,2,92,37
8998,1711892251137658,9997,2,92,38
8999,1711892251147660,9997,2,92,39
9000,1711892251157662,9997,2,92,40
9001,1711892251167664,9997,2,92,41
9002,1711892251177666,9997,2,92,42
9003,1711892251187668,9997,2,92,43
9004,1711892251197670,9997,2,92,44
9005,1711892251207672,9997,2,92,45
9006,1711892251217675,9997,2,92,46
9007,1711892251227677,9997,2,92,47
9008,1711892251237679,9997,2,92,48
9009,1711892251247681,9997,2,92,49
9010,1711892251257683,9997,2,92,50
9011,1711892251267685,9997,2,92,51
9012,1711892251277687,9997,2,92,52
9013,1711892251287689,9997,2,92,53
9014,1711892251297691,9997,2,92,54
9015,1711892251307693,9997,2,92,55
9016,1711892251317695,9997,2,92,56
9017,1711892251327697,9997,2,92,57
9018,1711892251337700,9997,2,92,58
9019,1711892251347702,9997,2,92,59
9020,1711892251357704,9997,2,92,60
9021,1711892251367706,9997,2,92,61
9022,1711892251377708,9997,2,92,62
9023,1711892251387710,9997,2,92,63
9024,1711892251397712,9997,2,92,64
9025,1711892251407714,9997,2,92,65
9026,1711892251417716,9997,2,92,66
9027,1711892251427718,9997,2,92,67
9028,1711892251437720,9997,2,92,68
9029,1711892251447723,9997,2,92,69
9030,1711892251457725,9997,2,92,70
9031,1711892251467727,9997,2,92,71
9032,1711892251477729,9997,2,92,72
9033,1711892251487731,9997,2,92,73
9034,1711892251497733,9997,2,92,74
9035,1711892251507735,9997,2,92,75
9036,1711892251517738,9997,2,92,76
9037,1711892251527741,9996,3,92,77
9038,1711892251537743,9997,2,92,78
9039,1711892251547745,9997,2,92,79
9040,1711892251557747,9997,2,92,80
9041,1711892251567749,9997,2,92,81
9042,1711892251577752,9997,2,92,82
9043,1711892251587754,9997,2,92,83
9044,1711892251597756,9997,2,92,84
9045,1711892251607758,9997,2,92,85
9046,1711892251617760,9997,2,92,86
9047,1711892251657553,0,39789,93,87
9048,1711892251667556,9997,2,93,88
9049,1711892251677558,9997,2,93,89
9050,1711892251687560,9997,2,93,90
9051,1711892251697563,9997,2,93,91
9052,1711892251707565,9997,2,93,92
9053,1711892251717567,9997,2,93,93
9054,1711892251727569,9997,2,93,94
9055,1711892251737571,9997,2,93,95
9056,1711892251747574,9997,2,93,96
9057,1711892251757576,9997,2,93,97
9058,1711892251767578,9997,2,93,98
9059,1711892251777580,9997,2,93,99
9060,1711892251787582,9997,2,93,100
9061,1711892251797584,9997,2,93,101
9062,1711892251807587,9997,2,93,102
9063,1711892251817589,9997,2,93,103
9064,1711892251827591,9997,2,93,104
9065,1711892251837593,9997,2,93,105
9066,1711892251847595,9997,2,93,106
9067,1711892251857598,9997,2,93,107
9068,1711892251867600,9997,2,93,108
9069,1711892251877602,9997,2,93,109
9070,1711892251887604,9997,2,93,110
9071,1711892251897606,9997,2,93,111
9072,1711892251907609,9997,2,93,112
9073,1711892251917611,9997,2,93,113
9074,1711892251927613,9997,2,93,114
9075,1711892251937615,9997,2,93,115
9076,1711892251947617,9997,2,93,116
9077,1711892251957620,9997,2,93,117
9078,1711892251967622,9997,2,93,118
9079,1711892251977624,9997,2,93,119
9080,1711892251987626,9997,2,93,120
9081,1711892251997628,9997,2,93,121
9082,1711892252007630,9997,2,93,122
9083,1711892252017633,9997,2,93,123
9084,1711892252027635,9997,2,93,124
9085,1711892252037637,9997,2,93,125
9086,1711892252047639,9997,2,93,126
9087,1711892252057641,9997,2,93,127
9088,1711892252067644,9997,2,93,128
9089,1711892252077646,9997,2,93,129
9090,1711892252087648,9997,2,93,130
9091,1711892252097650,9997,2,93,131
9092,1711892252107652,9997,2,93,132
9093,1711892252117656,9997,2,93,133
9094,1711892252127659,9996,3,93,134
9095,1711892252137661,9997,2,93,135
9096,1711892252147663,9997,2,93,136
9097,1711892252157665,9997,2,93,137
9098,1711892252167668,9997,2,93,138
9099,1711892252177670,9997,2,93,139
9100,1711892252187672,9997,2,93,140
9101,1711892252197674,9997,2,93,141
9102,1711892252207676,9997,2,93,142
9103,1711892252217678,9997,2,93,143
9104,1711892252227681,9997,2,93,144
9105,1711892252237683,9997,2,93,145
9106,1711892252247685,9997,2,93,146
9107,1711892252257687,9997,2,93,147
9108,1711892252267690,9997,2,93,148
9109,1711892252277692,9997,2,93,149
9110,1711892252287694,9997,2,93,150
9111,1711892252297696,9997,2,93,151
9112,1711892252307698,9997,2,93,152
9113,1711892252317700,9997,2,93,153
9114,1711892252327703,9997,2,93,154
9115,1711892252337705,9997,2,93,155
9116,1711892252347707,9997,2,93,156
9117,1711892252357709,9997,2,93,157
9118,1711892252367712,9997,2,93,158
9119,1711892252377714,9997,2,93,159
9120,1711892252387716,9996,3,93,160
9121,1711892252397718,9997,2,93,161
9122,1711892252407720,9997,2,93,162
9123,1711892252417722,9997,2,93,163
9124,1711892252427725,9997,2,93,164
9125,1711892252437727,9997,2,93,165
9126,1711892252447729,9997,2,93,166
9127,1711892252457731,9997,2,93,167
9128,1711892252467733,9997,2,93,168
9129,1711892252477736,9997,2,93,169
9130,1711892252487738,9997,2,93,170
9131,1711892252497740,9997,2,93,171
9132,1711892252507742,9997,2,93,172
9133,1711892252517744,9997,2,93,173
9134,1711892252527747,9997,2,93,174
9135,1711892252537749,9997,2,93,175
9136,1711892252547751,9997,2,93,176
9137,1711892252557753,9997,2,93,177
9138,1711892252567755,9997,2,93,178
9139,1711892252577757,9997,2,93,179
9140,1711892252587759,9997,2,93,180
9141,1711892252597761,9997,2,93,181
9142,1711892252607764,9997,2,93,182
9143,1711892252657553,0,49786,94,183
9144,1711892252667556,9997,2,94,184
9145,1711892252677558,9997,2,94,185
9146,1711892252687560,9997,2,94,186
9147,1711892252697562,9997,2,94,187
9148,1711892252707564,9997,2,94,188
9149,1711892252717566,9997,2,94,189
9150,1711892252727568,9997,2,94,190
9151,1711892252737570,9997,2,94,191
9152,1711892252747572,9997,2,94,192
9153,1711892252757574,9997,2,94,193
9154,1711892252767576,9997,2,94,194
9155,1711892252777578,9997,2,94,195
9156,1711892252787580,9997,3,94,196
9157,1711892252797582,9997,2,94,197
9158,1711892252807585,9997,2,94,198
9159,1711892252817587,9997,2,94,199
9160,1711892252827589,9997,2,94,200
9161,1711892252837591,9997,2,94,201
9162,1711892252847593,9997,2,94,202
9163,1711892252857595,9997,2,94,203
9164,1711892252867597,9997,2,94,204
9165,1711892252877599,9997,2,94,205
9166,1711892252887601,9997,2,94,206
9167,1711892252897603,9997,2,94,207
9168,1711892252907605,9997,2,94,208
9169,1711892252917609,9997,2,94,209
9170,1711892252927611,9997,2,94,210
9171,1711892252937613,9997,2,94,211
9172,1711892252947615,9997,2,94,212
9173,1711892252957617,9997,2,94,213
9174,1711892252967619,9997,2,94,214
9175,1711892252977621,9997,2,94,215
9176,1711892252987623,9997,2,94,216
9177,1711892252997626,9997,2,94,217
9178,1711892253007628,9997,2,94,218
9179,1711892253017630,9997,2,94,219
9180,1711892253027632,9997,2,94,220
9181,1711892253037634,9997,2,94,221
9182,1711892253047636,9997,2,94,222
9183,1711892253057638,9997,2,94,223
9184,1711892253067640,9997,2,94,224
9185,1711892253077642,9997,2,94,225
9186,1711892253087644,9997,2,94,226
9187,1711892253097646,9997,2,94,227
9188,1711892253107648,9997,2,94,228
9189,1711892253117650,9997,2,94,229
9190,1711892253127652,9997,2,94,230
9191,1711892253137654,9997,2,94,231
9192,1711892253147656,9997,2,94,232
9193,1711892253157658,9997,2,94,233
9194,1711892253167660,9997,2,94,234
9195,1711892253177662,9997,2,94,235
9196,1711892253187664,9997,2,94,236
9197,1711892253197667,9997,2,94,237
9198,1711892253207669,9997,2,94,238
9199,1711892253217671,9997,2,94,239
9200,1711892253227673,9997,2,94,240
9201,1711892253237675,9997,2,94,241
9202,1711892253247677,9997,2,94,242
9203,1711892253257679,9997,2,94,243
9204,1711892253267681,9997,2,94,244
9205,1711892253277683,9997,2,94,245
9206,1711892253287685,9997,2,94,246
9207,1711892253297687,9997,2,94,247
9208,1711892253307689,9997,2,94,248
9209,1711892253317691,9997,2,94,249
9210,1711892253327693,9997,2,94,250
9211,1711892253337695,9997,2,94,251
9212,1711892253347697,9997,2,94,252
9213,1711892253357699,9997,2,94,253
9214,1711892253367701,9997,2,94,254
9215,1711892253377703,9997,2,94,255
9216,1711892253387705,9988,11,94,0
9217,1711892253397707,9997,2,94,1
9218,1711892253407709,9997,2,94,2
9219,1711892253417711,9997,2,94,3
9220,1711892253427713,9997,2,94,4
9221,1711892253437715,9997,2,94,5
9222,1711892253447718,9997,2,94,6
9223,1711892253457720,9997,2,94,7
9224,1711892253467722,9997,2,94,8
9225,1711892253477724,9997,2,94,9
9226,1711892253487726,9997,2,94,10
9227,1711892253497728,9997,2,94,11
9228,1711892253507730,9997,2,94,12
9229,1711892253517732,9997,2,94,13
9230,1711892253527734,9997,2,94,14
9231,1711892253537736,9997,2,94,15
9232,1711892253547738,9997,2,94,16
9233,1711892253557740,9997,2,94,17
9234,1711892253567742,9997,2,94,18
9235,1711892253577744,9997,2,94,19
9236,1711892253587746,9997,2,94,20
9237,1711892253597748,9997,2,94,21
9238,1711892253607750,9997,2,94,22
9239,1711892253657555,0,49801,95,23
9240,1711892253667558,9997,2,95,24
9241,1711892253677560,9997,2,95,25
9242,1711892253687562,9997,2,95,26
9243,1711892253697565,9997,2,95,27
9244,1711892253707567,9997,2,95,28
9245,1711892253717569,9997,2,95,29
9246,1711892253727571,9997,2,95,30
9247,1711892253737573,9997,2,95,31
9248,1711892253747576,9997,2,95,32
9249,1711892253757578,9997,2,95,33
9250,1711892253767580,9997,2,95,34
9251,1711892253777582,9997,2,95,35
9252,1711892253787584,9997,2,95,36
9253,1711892253797586,9997,2,95,37
9254,1711892253807589,9997,2,95,38
9255,1711892253817591,9997,2,95,39
9256,1711892253827593,9997,2,95,40
9257,1711892253837595,9997,2,95,41
9258,1711892253847597,9997,2,95,42
9259,1711892253857600,9997,2,95,43
9260,1711892253867602,9997,2,95,44
9261,1711892253877604,9997,2,95,45
9262,1711892253887606,9997,2,95,46
9263,1711892253897608,9997,2,95,47
9264,1711892253907610,9997,2,95,48
9265,1711892253917613,9997,2,95,49
9266,1711892253927615,9997,2,95,50
9267,1711892253937617,9997,2,95,51
9268,1711892253947619,9997,2,95,52
9269,1711892253957622,9997,2,95,53
9270,1711892253967624,9997,2,95,54
9271,1711892253977626,9997,2,95,55
9272,1711892253987628,9996,3,95,56
9273,1711892253997630,9997,2,95,57
9274,1711892254007632,9997,2,95,58
9275,1711892254017635,9997,2,95,59
9276,1711892254027637,9997,2,95,60
9277,1711892254037639,9997,2,95,61
9278,1711892254047641,9997,2,95,62
9279,1711892254057643,9997,2,95,63
9280,1711892254067645,9997,2,95,64
9281,1711892254077648,9997,2,95,65
9282,1711892254087650,9997,2,95,66
9283,1711892254097652,9996,3,95,67
9284,1711892254107654,9997,2,95,68
9285,1711892254117656,9997,2,95,69
9286,1711892254127659,9997,2,95,70
9287,1711892254137661,9997,2,95,71
9288,1711892254147663,9997,2,95,72
9289,1711892254157665,9997,2,95,73
9290,1711892254167668,9997,2,95,74
9291,1711892254177670,9997,2,95,75
9292,1711892254187672,9997,2,95,76
9293,1711892254197675,9997,2,95,77
9294,1711892254207677,9997,2,95,78
9295,1711892254217679,9997,2,95,79
9296,1711892254227681,9997,2,95,80
9297,1711892254237684,9997,2,95,81
9298,1711892254247686,9997,2,95,82
9299,1711892254257688,9997,2,95,83
9300,1711892254267690,9997,2,95,84
9301,1711892254277693,9997,2,95,85
9302,1711892254287695,9997,2,95,86
9303,1711892254297697,9997,2,95,87
9304,1711892254307699,9997,2,95,88
9305,1711892254317702,9997,2,95,89
9306,1711892254327704,9997,2,95,90
9307,1711892254337706,9997,2,95,91
9308,1711892254347708,9997,2,95,92
9309,1711892254357710,9997,2,95,93
9310,1711892254367713,9997,2,95,94
9311,1711892254377715,9997,2,95,95
9312,1711892254387717,9997,2,95,96
9313,1711892254397719,9997,2,95,97
9314,1711892254407722,9997,2,95,98
9315,1711892254417724,9997,2,95,99
9316,1711892254427726,9997,2,95,100
9317,1711892254437728,9997,2,95,101
9318,1711892254447731,9997,2,95,102
9319,1711892254457733,9997,2,95,103
9320,1711892254467735,9997,2,95,104
9321,1711892254477737,9997,2,95,105
9322,1711892254487740,9997,2,95,106
9323,1711892254497742,9997,2,95,107
9324,1711892254507744,9997,2,95,108
9325,1711892254517746,9997,2,95,109
9326,1711892254527748,9997,2,95,110
9327,1711892254537751,9997,2,95,111
9328,1711892254547753,9997,2,95,112
9329,1711892254557755,9997,2,95,113
9330,1711892254567757,9997,2,95,114
9331,1711892254577759,9997,2,95,115
9332,1711892254587761,9997,2,95,116
9333,1711892254597764,9997,2,95,117
9334,1711892254607766,9997,2,95,118
9335,1711892254617769,9997,2,95,119
9336,1711892254657552,0,39781,96,120
9337,1711892254667555,9997,2,96,121
9338,1711892254677557,9997,2,96,122
9339,1711892254687559,9997,2,96,123
9340,1711892254697561,9997,2,96,124
9341,1711892254707563,9997,2,96,125
9342,1711892254717566,9997,2,96,126
9343,1711892254727568,9997,2,96,127
9344,1711892254737570,9997,2,96,128
9345,1711892254747572,9997,2,96,129
9346,1711892254757574,9997,2,96,130
9347,1711892254767576,9997,2,96,131
9348,1711892254777578,9997,2,96,132
9349,1711892254787580,9997,2,96,133
9350,1711892254797582,9997,2,96,134
9351,1711892254807584,9997,2,96,135
9352,1711892254817586,9997,2,96,136
9353,1711892254827588,9997,2,96,137
9354,1711892254837591,9997,2,96,138
9355,1711892254847593,9997,2,96,139
9356,1711892254857595,9997,2,96,140
9357,1711892254867597,9997,2,96,141
9358,1711892254877599,9997,2,96,142
9359,1711892254887601,9997,2,96,143
9360,1711892254897603,9997,2,96,144
9361,1711892254907605,9997,2,96,145
9362,1711892254917607,9997,2,96,146
9363,1711892254927609,9997,2,96,147
9364,1711892254937612,9997,2,96,148
9365,1711892254947614,9997,2,96,149
9366,1711892254957616,9997,2,96,150
9367,1711892254967618,9997,2,96,151
9368,1711892254977620,9997,2,96,152
9369,1711892254987622,9997,2,96,153
9370,1711892254997624,9997,2,96,154
9371,1711892255007626,9997,2,96,155
9372,1711892255017628,9997,2,96,156
9373,1711892255027631,9997,2,96,157
9374,1711892255037633,9997,2,96,158
9375,1711892255047635,9997,2,96,159
9376,1711892255057637,9997,2,96,160
9377,1711892255067639,9997,2,96,161
9378,1711892255077641,9997,2,96,162
9379,1711892255087643,9997,2,96,163
9380,1711892255097645,9997,2,96,164
9381,1711892255107647,9997,2,96,165
9382,1711892255117649,9997,2,96,166
9383,1711892255127653,9997,2,96,167
9384,1711892255137655,9997,2,96,168
9385,1711892255147657,9997,2,96,169
9386,1711892255157659,9997,2,96,170
9387,1711892255167662,9997,2,96,171
9388,1711892255177664,9997,2,96,172
9389,1711892255187666,9997,2,96,173
9390,1711892255197668,9997,2,96,174
9391,1711892255207670,9997,2,96,175
9392,1711892255217672,9997,2,96,176
9393,1711892255227674,9997,2,96,177
9394,1711892255237676,9997,2,96,178
9395,1711892255247678,9997,2,96,179
9396,1711892255257680,9997,2,96,180
9397,1711892255267682,9997,2,96,181
9398,1711892255277685,9997,2,96,182
9399,1711892255287687,9997,2,96,183
9400,1711892255297689,9997,2,96,184
9401,1711892255307691,9997,2,96,185
9402,1711892255317693,9997,2,96,186
9403,1711892255327695,9997,2,96,187
9404,1711892255337697,9997,2,96,188
9405,1711892255347699,9997,2,96,189
9406,1711892255357702,9997,2,96,190
9407,1711892255367704,9997,2,96,191
9408,1711892255377706,9997,2,96,192
9409,1711892255387708,9997,2,96,193
9410,1711892255397710,9997,2,96,194
9411,1711892255407712,9997,2,96,195
9412,1711892255417714,9997,2,96,196
9413,1711892255427716,9997,2,96,197
9414,1711892255437718,9997,2,96,198
9415,1711892255447720,9997,2,96,199
9416,1711892255457722,9997,2,96,200
9417,1711892255467725,9997,2,96,201
9418,1711892255477727,9997,2,96,202
9419,1711892255487729,9997,2,96,203
9420,1711892255497731,9997,2,96,204
9421,1711892255507733,9997,2,96,205
9422,1711892255517735,9997,2,96,206
9423,1711892255527737,9997,2,96,207
9424,1711892255537739,9997,2,96,208
9425,1711892255547741,9997,2,96,209
9426,1711892255557743,9997,2,96,210
9427,1711892255567746,9997,2,96,211
9428,1711892255577748,9997,2,96,212
9429,1711892255587750,9997,2,96,213
9430,1711892255597752,9997,2,96,214
9431,1711892255607754,9997,2,96,215
9432,1711892255657553,0,49796,97,216
9433,1711892255667556,9997,2,97,217
9434,1711892255677558,9997,2,97,218
9435,1711892255687560,9997,2,97,219
9436,1711892255697562,9997,2,97,220
9437,1711892255707564,9997,2,97,221
9438,1711892255717566,9997,2,97,222
9439,1711892255727568,9997,2,97,223
9440,1711892255737570,9997,2,97,224
9441,1711892255747572,9997,2,97,225
9442,1711892255757574,9997,2,97,226
9443,1711892255767576,9997,2,97,227
9444,1711892255777579,9997,2,97,228
9445,1711892255787581,9997,2,97,229
9446,1711892255797583,9997,2,97,230
9447,1711892255807585,9997,2,97,231
9448,1711892255817587,9997,2,97,232
9449,1711892255827589,9997,2,97,233
9450,1711892255837591,9997,2,97,234
9451,1711892255847593,9997,2,97,235
9452,1711892255857595,9997,2,97,236
9453,1711892255867597,9997,2,97,237
9454,1711892255877599,9997,2,97,238
9455,1711892255887601,9997,2,97,239
9456,1711892255897603,9997,2,97,240
9457,1711892255907605,9997,2,97,241
9458,1711892255917607,9997,2,97,242
9459,1711892255927609,9997,2,97,243
9460,1711892255937611,9997,2,97,244
9461,1711892255947613,9997,2,97,245
9462,1711892255957616,9997,2,97,246
9463,1711892255967618,9997,2,97,247
9464,1711892255977620,9997,2,97,248
9465,1711892255987622,9997,2,97,249
9466,1711892255997624,9997,2,97,250
9467,1711892256007626,9997,2,97,251
9468,1711892256017628,9997,2,97,252
9469,1711892256027630,9997,2,97,253
9470,1711892256037632,9997,2,97,254
9471,1711892256047634,9997,2,97,255
9472,1711892256057636,9997,2,97,0
9473,1711892256067639,9997,2,97,1
9474,1711892256077641,9997,2,97,2
9475,1711892256087643,9997,2,97,3
9476,1711892256097645,9997,2,97,4
9477,1711892256107647,9997,2,97,5
9478,1711892256117649,9997,2,97,6
9479,1711892256127651,9997,2,97,7
9480,1711892256137653,9997,2,97,8
9481,1711892256147655,9997,2,97,9
9482,1711892256157657,9997,2,97,10
9483,1711892256167660,9997,2,97,11
9484,1711892256177662,9997,2,97,12
9485,1711892256187664,9997,2,97,13
9486,1711892256197666,9997,2,97,14
9487,1711892256207668,9997,2,97,15
9488,1711892256217670,9997,2,97,16
9489,1711892256227672,9997,2,97,17
9490,1711892256237674,9997,2,97,18
9491,1711892256247676,9997,2,97,19
9492,1711892256257678,9997,2,97,20
9493,1711892256267681,9997,2,97,21
9494,1711892256277683,9997,2,97,22
9495,1711892256287685,9997,2,97,23
9496,1711892256297687,9997,2,97,24
9497,1711892256307689,9997,2,97,25
9498,1711892256317691,9997,2,97,26
9499,1711892256327693,9997,2,97,27
9500,1711892256337695,9997,2,97,28
9501,1711892256347697,9997,2,97,29
9502,1711892256357699,9997,2,97,30
9503,1711892256367701,9997,2,97,31
9504,1711892256377703,9997,2,97,32
9505,1711892256387705,9997,2,97,33
9506,1711892256397707,9997,2,97,34
9507,1711892256407709,9997,2,97,35
9508,1711892256417711,9997,2,97,36
9509,1711892256427713,9997,2,97,37
9510,1711892256437715,9997,2,97,38
9511,1711892256447718,9997,2,97,39
9512,1711892256457720,9997,2,97,40
9513,1711892256467722,9997,2,97,41
9514,1711892256477724,9997,2,97,42
9515,1711892256487726,9997,2,97,43
9516,1711892256497728,9997,2,97,44
9517,1711892256507730,9997,2,97,45
9518,1711892256517734,9997,2,97,46
9519,1711892256527738,9997,2,97,47
9520,1711892256537740,9996,3,97,48
9521,1711892256547743,9997,2,97,49
9522,1711892256557745,9997,2,97,50
9523,1711892256567747,9997,2,97,51
9524,1711892256577749,9997,2,97,52
9525,1711892256587751,9997,2,97,53
9526,1711892256597753,9997,2,97,54
9527,1711892256607755,9997,2,97,55
9528,1711892256657557,0,49796,98,56
9529,1711892256667560,9997,2,98,57
9530,1711892256677562,9997,2,98,58
9531,1711892256687564,9997,2,98,59
9532,1711892256697566,9997,2,98,60
9533,1711892256707568,9997,2,98,61
9534,1711892256717570,9997,2,98,62
9535,1711892256727572,9997,2,98,63
9536,1711892256737574,9997,2,98,64
9537,1711892256747576,9997,2,98,65
9538,1711892256757578,9997,2,98,66
9539,1711892256767580,9997,2,98,67
9540,1711892256777582,9997,2,98,68
9541,1711892256787585,9997,2,98,69
9542,1711892256797587,9997,2,98,70
9543,1711892256807589,9997,2,98,71
9544,1711892256817591,9997,2,98,72
9545,1711892256827593,9997,2,98,73
9546,1711892256837595,9997,2,98,74
9547,1711892256847597,9997,2,98,75
9548,1711892256857599,9997,2,98,76
9549,1711892256867601,9997,2,98,77
9550,1711892256877603,9997,2,98,78
9551,1711892256887605,9997,2,98,79
9552,1711892256897607,9997,2,98,80
9553,1711892256907609,9997,2,98,81
9554,1711892256917611,9997,2,98,82
9555,1711892256927613,9997,2,98,83
9556,1711892256937615,9997,2,98,84
9557,1711892256947617,9997,2,98,85
9558,1711892256957619,9997,2,98,86
9559,1711892256967622,9997,2,98,87
9560,1711892256977624,9997,2,98,88
9561,1711892256987626,9997,2,98,89
9562,1711892256997628,9997,2,98,90
9563,1711892257007630,9997,2,98,91
9564,1711892257017632,9997,2,98,92
9565,1711892257027634,9997,2,98,93
9566,1711892257037636,9997,2,98,94
9567,1711892257047638,9997,2,98,95
9568,1711892257057640,9997,2,98,96
9569,1711892257067642,9997,2,98,97
9570,1711892257077644,9997,2,98,98
9571,1711892257087646,9997,2,98,99
9572,1711892257097648,9997,2,98,100
9573,1711892257107650,9997,2,98,101
9574,1711892257117652,9997,2,98,102
9575,1711892257127654,9997,2,98,103
9576,1711892257137656,9997,2,98,104
9577,1711892257147658,9997,2,98,105
9578,1711892257157660,9997,2,98,106
9579,1711892257167662,9997,2,98,107
9580,1711892257177664,9997,2,98,108
9581,1711892257187666,9997,2,98,109
9582,1711892257197669,9997,2,98,110
9583,1711892257207671,9997,2,98,111
9584,1711892257217673,9997,2,98,112
9585,1711892257227675,9997,2,98,113
9586,1711892257237677,9997,2,98,114
9587,1711892257247679,9997,2,98,115
9588,1711892257257681,9997,2,98,116
9589,1711892257267683,9997,2,98,117
9590,1711892257277685,9997,2,98,118
9591,1711892257287687,9997,2,98,119
9592,1711892257297689,9997,2,98,120
9593,1711892257307691,9997,2,98,121
9594,1711892257317693,9997,2,98,122
9595,1711892257327695,9997,2,98,123
9596,1711892257337697,9997,2,98,124
9597,1711892257347699,9997,2,98,125
9598,1711892257357701,9997,2,98,126
9599,1711892257367703,9997,2,98,127
9600,1711892257377705,9997,2,98,128
9601,1711892257387707,9997,2,98,129
9602,1711892257397709,9997,2,98,130
9603,1711892257407711,9997,2,98,131
9604,1711892257417713,9997,2,98,132
9605,1711892257427715,9997,2,98,133
9606,1711892257437717,9997,2,98,134
9607,1711892257447719,9997,2,98,135
9608,1711892257457721,9997,2,98,136
9609,1711892257467724,9997,2,98,137
9610,1711892257477726,9997,2,98,138
9611,1711892257487728,9997,2,98,139
9612,1711892257497730,9997,2,98,140
9613,1711892257507732,9997,2,98,141
9614,1711892257517734,9997,2,98,142
9615,1711892257527736,9997,2,98,143
9616,1711892257537738,9997,2,98,144
9617,1711892257547740,9997,2,98,145
9618,1711892257557742,9997,2,98,146
9619,1711892257567744,9997,2,98,147
9620,1711892257577746,9997,2,98,148
9621,1711892257587748,9997,2,98,149
9622,1711892257597750,9997,2,98,150
9623,1711892257607752,9997,2,98,151
9624,1711892257657552,0,49797,99,152
9625,1711892257667554,9997,2,99,153
9626,1711892257677557,9997,2,99,154
9627,1711892257687559,9997,2,99,155
9628,1711892257697561,9997,2,99,156
9629,1711892257707563,9997,2,99,157
9630,1711892257717565,9997,2,99,158
9631,1711892257727568,9997,2,99,159
9632,1711892257737570,9997,2,99,160
9633,1711892257747572,9997,2,99,161
9634,1711892257757574,9997,2,99,162
9635,1711892257767576,9997,2,99,163
9636,1711892257777578,9997,2,99,164
9637,1711892257787581,9997,2,99,165
9638,1711892257797583,9997,2,99,166
9639,1711892257807585,9997,2,99,167
9640,1711892257817587,9997,2,99,168
9641,1711892257827589,9997,2,99,169
9642,1711892257837591,9997,2,99,170
9643,1711892257847594,9997,2,99,171
9644,1711892257857596,9997,2,99,172
9645,1711892257867598,9997,2,99,173
9646,1711892257877600,9997,2,99,174
9647,1711892257887602,9997,2,99,175
9648,1711892257897604,9997,2,99,176
9649,1711892257907607,9997,2,99,177
9650,1711892257917609,9997,2,99,178
9651,1711892257927611,9997,2,99,179
9652,1711892257937613,9997,2,99,180
9653,1711892257947615,9997,2,99,181
9654,1711892257957618,9997,2,99,182
9655,1711892257967620,9997,2,99,183
9656,1711892257977622,9997,2,99,184
9657,1711892257987624,9997,2,99,185
9658,1711892257997626,9997,2,99,186
9659,1711892258007628,9997,2,99,187
9660,1711892258017630,9997,2,99,188
9661,1711892258027633,9997,2,99,189
9662,1711892258037635,9997,2,99,190
9663,1711892258047637,9997,2,99,191
9664,1711892258057639,9997,2,99,192
9665,1711892258067641,9997,2,99,193
9666,1711892258077643,9997,2,99,194
9667,1711892258087646,9997,2,99,195
9668,1711892258097648,9997,2,99,196
9669,1711892258107650,9997,2,99,197
9670,1711892258117652,9997,2,99,198
9671,1711892258127654,9997,2,99,199
9672,1711892258137657,9997,2,99,200
9673,1711892258147660,9997,2,99,201
9674,1711892258157662,9997,2,99,202
9675,1711892258167664,9997,2,99,203
9676,1711892258177666,9997,2,99,204
9677,1711892258187668,9997,2,99,205
9678,1711892258197670,9997,2,99,206
9679,1711892258207673,9997,2,99,207
9680,1711892258217675,9997,2,99,208
9681,1711892258227677,9997,2,99,209
9682,1711892258237679,9997,2,99,210
9683,1711892258247681,9997,2,99,211
9684,1711892258257684,9997,2,99,212
9685,1711892258267686,9997,2,99,213
9686,1711892258277688,9997,2,99,214
9687,1711892258287690,9997,2,99,215
9688,1711892258297692,9997,2,99,216
9689,1711892258307694,9997,2,99,217
9690,1711892258317697,9997,2,99,218
9691,1711892258327699,9997,2,99,219
9692,1711892258337701,9997,2,99,220
9693,1711892258347703,9997,2,99,221
9694,1711892258357705,9997,2,99,222
9695,1711892258367708,9997,2,99,223
9696,1711892258377710,9997,2,99,224
9697,1711892258387712,9997,2,99,225
9698,1711892258397714,9997,2,99,226
9699,1711892258407716,9997,2,99,227
9700,1711892258417718,9997,2,99,228
9701,1711892258427721,9997,2,99,229
9702,1711892258437723,9997,2,99,230
9703,1711892258447725,9997,2,99,231
9704,1711892258457727,9997,2,99,232
9705,1711892258467729,9997,2,99,233
9706,1711892258477731,9997,2,99,234
9707,1711892258487733,9997,2,99,235
9708,1711892258497736,9997,2,99,236
9709,1711892258507738,9997,2,99,237
9710,1711892258517740,9997,2,99,238
9711,1711892258527742,9997,2,99,239
9712,1711892258537744,9996,3,99,240
9713,1711892258547746,9997,2,99,241
9714,1711892258557749,9997,2,99,242
9715,1711892258567751,9997,2,99,243
9716,1711892258577753,9997,2,99,244
9717,1711892258587755,9997,2,99,245
9718,1711892258597757,9997,2,99,246
9719,1711892258607759,9997,2,99,247
9720,1711892258617762,9997,2,99,248
9721,1711892258657553,0,39787,100,249
9722,1711892258667555,9997,2,100,250
9723,1711892258677557,9997,2,100,251
9724,1711892258687559,9997,2,100,252
9725,1711892258697561,9997,2,100,253
9726,1711892258707564,9997,2,100,254
9727,1711892258717566,9997,2,100,255
9728,1711892258727568,9992,7,100,0
9729,1711892258737570,9997,2,100,1
9730,1711892258747572,9997,2,100,2
9731,1711892258757574,9997,2,100,3
9732,1711892258767576,9997,2,100,4
9733,1711892258777578,9997,2,100,5
9734,1711892258787580,9997,2,100,6
9735,1711892258797582,9997,2,100,7
9736,1711892258807584,9997,2,100,8
9737,1711892258817587,9997,2,100,9
9738,1711892258827589,9997,2,100,10
9739,1711892258837591,9997,2,100,11
9740,1711892258847593,9997,2,100,12
9741,1711892258857595,9997,2,100,13
9742,1711892258867597,9997,2,100,14
9743,1711892258877599,9997,2,100,15
9744,1711892258887601,9997,2,100,16
9745,1711892258897603,9997,2,100,17
9746,1711892258907605,9997,2,100,18
9747,1711892258917607,9997,2,100,19
9748,1711892258927610,9997,2,100,20
9749,1711892258937612,9997,2,100,21
9750,1711892258947614,9997,2,100,22
9751,1711892258957616,9997,2,100,23
9752,1711892258967618,9997,2,100,24
9753,1711892258977620,9997,2,100,25
9754,1711892258987622,9997,2,100,26
9755,1711892258997624,9997,2,100,27
9756,1711892259007626,9997,2,100,28
9757,1711892259017628,9997,2,100,29
9758,1711892259027630,9997,2,100,30
9759,1711892259037633,9997,2,100,31
9760,1711892259047635,9997,2,100,32
9761,1711892259057637,9997,2,100,33
9762,1711892259067639,9997,2,100,34
9763,1711892259077641,9997,2,100,35
9764,1711892259087643,9997,2,100,36
9765,1711892259097645,9997,2,100,37
9766,1711892259107647,9997,2,100,38
9767,1711892259117649,9997,2,100,39
9768,1711892259127651,9997,2,100,40
9769,1711892259137653,9997,2,100,41
9770,1711892259147655,9997,2,100,42
9771,1711892259157657,9997,2,100,43
9772,1711892259167659,9997,2,100,44
9773,1711892259177662,9997,2,100,45
9774,1711892259187664,9997,2,100,46
9775,1711892259197666,9997,2,100,47
9776,1711892259207668,9997,2,100,48
9777,1711892259217670,9997,2,100,49
9778,1711892259227672,9997,2,100,50
9779,1711892259237674,9997,2,100,51
9780,1711892259247676,9997,2,100,52
9781,1711892259257678,9997,2,100,53
9782,1711892259267680,9997,2,100,54
9783,1711892259277682,9997,2,100,55
9784,1711892259287685,9997,2,100,56
9785,1711892259297687,9997,2,100,57
9786,1711892259307689,9997,2,100,58
9787,1711892259317691,9997,2,100,59
9788,1711892259327693,9997,2,100,60
9789,1711892259337695,9997,2,100,61
9790,1711892259347697,9997,2,100,62
9791,1711892259357699,9997,2,100,63
9792,1711892259367701,9997,2,100,64
9793,1711892259377703,9997,2,100,65
9794,1711892259387705,9997,2,100,66
9795,1711892259397707,9997,2,100,67
9796,1711892259407709,9997,2,100,68
9797,1711892259417711,9997,2,100,69
9798,1711892259427713,9997,2,100,70
9799,1711892259437715,9997,2,100,71
9800,1711892259447718,9997,2,100,72
9801,1711892259457720,9997,2,100,73
9802,1711892259467722,9997,2,100,74
9803,1711892259477724,9997,2,100,75
9804,1711892259487726,9997,2,100,76
9805,1711892259497728,9997,2,100,77
9806,1711892259507730,9997,2,100,78
9807,1711892259517732,9997,2,100,79
9808,1711892259527734,9997,2,100,80
9809,1711892259537736,9997,2,100,81
9810,1711892259547738,9997,2,100,82
9811,1711892259557740,9997,2,100,83
9812,1711892259567742,9997,2,100,84
9813,1711892259577745,9997,2,100,85
9814,1711892259587747,9997,2,100,86
9815,1711892259597749,9997,2,100,87
9816,1711892259607751,9997,2,100,88
9817,1711892259657556,0,49802,101,89
9818,1711892259667559,9997,2,101,90
9819,1711892259677561,9997,2,101,91
9820,1711892259687564,9997,2,101,92
9821,1711892259697566,9997,2,101,93
9822,1711892259707568,9997,2,101,94
9823,1711892259717570,9997,2,101,95
9824,1711892259727572,9997,2,101,96
9825,1711892259737575,9997,2,101,97
9826,1711892259747577,9997,2,101,98
9827,1711892259757579,9997,2,101,99
9828,1711892259767581,9997,2,101,100
9829,1711892259777583,9997,2,101,101
9830,1711892259787586,9997,2,101,102
9831,1711892259797588,9997,2,101,103
9832,1711892259807590,9997,2,101,104
9833,1711892259817592,9997,2,101,105
9834,1711892259827595,9997,2,101,106
9835,1711892259837597,9997,2,101,107
9836,1711892259847599,9997,2,101,108
9837,1711892259857601,9997,2,101,109
9838,1711892259867603,9997,2,101,110
9839,1711892259877605,9997,2,101,111
9840,1711892259887608,9997,2,101,112
9841,1711892259897610,9997,2,101,113
9842,1711892259907612,9997,2,101,114
9843,1711892259917614,9997,2,101,115
9844,1711892259927616,9997,2,101,116
9845,1711892259937619,9997,2,101,117
9846,1711892259947621,9997,2,101,118
9847,1711892259957623,9997,2,101,119
9848,1711892259967625,9997,2,101,120
9849,1711892259977627,9997,2,101,121
9850,1711892259987629,9997,2,101,122
9851,1711892259997632,9997,2,101,123
9852,1711892260007634,9997,2,101,124
9853,1711892260017636,9997,2,101,125
9854,1711892260027638,9997,2,101,126
9855,1711892260037640,9997,2,101,127
9856,1711892260047643,9997,2,101,128
9857,1711892260057645,9997,2,101,129
9858,1711892260067647,9997,2,101,130
9859,1711892260077649,9997,2,101,131
9860,1711892260087651,9997,2,101,132
9861,1711892260097653,9997,2,101,133
9862,1711892260107656,9997,2,101,134
9863,1711892260117658,9997,2,101,135
9864,1711892260127660,9997,2,101,136
9865,1711892260137662,9997,2,101,137
9866,1711892260147664,9997,2,101,138
9867,1711892260157667,9997,2,101,139
9868,1711892260167669,9997,2,101,140
9869,1711892260177671,9997,2,101,141
9870,1711892260187673,9997,2,101,142
9871,1711892260197675,9997,2,101,143
9872,1711892260207677,9997,2,101,144
9873,1711892260217680,9997,2,101,145
9874,1711892260227682,9997,2,101,146
9875,1711892260237684,9997,2,101,147
9876,1711892260247686,9997,2,101,148
9877,1711892260257688,9997,2,101,149
9878,1711892260267691,9997,2,101,150
9879,1711892260277693,9997,2,101,151
9880,1711892260287695,9997,2,101,152
9881,1711892260297697,9997,2,101,153
9882,1711892260307699,9997,2,101,154
9883,1711892260317701,9997,2,101,155
9884,1711892260327704,9997,2,101,156
9885,1711892260337706,9997,2,101,157
9886,1711892260347708,9997,2,101,158
9887,1711892260357710,9997,2,101,159
9888,1711892260367712,9997,2,101,160
9889,1711892260377715,9997,2,101,161
9890,1711892260387717,9997,2,101,162
9891,1711892260397719,9997,2,101,163
9892,1711892260407721,9997,2,101,164
9893,1711892260417723,9997,2,101,165
9894,1711892260427725,9997,2,101,166
9895,1711892260437728,9997,2,101,167
9896,1711892260447730,9997,2,101,168
9897,1711892260457732,9997,2,101,169
9898,1711892260467734,9997,2,101,170
9899,1711892260477736,9997,2,101,171
9900,1711892260487738,9997,2,101,172
9901,1711892260497741,9997,2,101,173
9902,1711892260507743,9997,2,101,174
9903,1711892260517745,9997,2,101,175
9904,1711892260527747,9997,2,101,176
9905,1711892260537749,9997,2,101,177
9906,1711892260547752,9997,2,101,178
9907,1711892260557754,9997,2,101,179
9908,1711892260567756,9997,2,101,180
9909,1711892260577758,9997,2,101,181
9910,1711892260587760,9997,2,101,182
9911,1711892260597762,9997,2,101,183
9912,1711892260607764,9997,2,101,184
9913,1711892260657552,0,49785,102,185
9914,1711892260667555,9997,2,102,186
9915,1711892260677557,9997,2,102,187
9916,1711892260687559,9997,2,102,188
9917,1711892260697561,9997,2,102,189
9918,1711892260707563,9997,2,102,190
9919,1711892260717565,9997,2,102,191
9920,1711892260727567,9997,2,102,192
9921,1711892260737569,9997,2,102,193
9922,1711892260747571,9997,2,102,194
9923,1711892260757573,9997,2,102,195
9924,1711892260767575,9997,2,102,196
9925,1711892260777577,9997,2,102,197
9926,1711892260787579,9997,2,102,198
9927,1711892260797581,9997,2,102,199
9928,1711892260807583,9997,2,102,200
9929,1711892260817585,9997,2,102,201
9930,1711892260827587,9997,2,102,202
9931,1711892260837589,9997,2,102,203
9932,1711892260847591,9997,2,102,204
9933,1711892260857593,9997,2,102,205
9934,1711892260867595,9997,2,102,206
9935,1711892260877597,9997,2,102,207
9936,1711892260887599,9997,2,102,208
9937,1711892260897602,9997,2,102,209
9938,1711892260907604,9997,2,102,210
9939,1711892260917606,9997,2,102,211
9940,1711892260927608,9997,2,102,212
9941,1711892260937610,9997,2,102,213
9942,1711892260947612,9997,2,102,214
9943,1711892260957614,9997,2,102,215
9944,1711892260967616,9997,2,102,216
9945,1711892260977618,9997,2,102,217
9946,1711892260987620,9997,2,102,218
9947,1711892260997622,9997,2,102,219
9948,1711892261007624,9997,2,102,220
9949,1711892261017626,9997,2,102,221
9950,1711892261027628,9997,2,102,222
9951,1711892261037630,9997,2,102,223
9952,1711892261047632,9997,2,102,224
9953,1711892261057634,9997,2,102,225
9954,1711892261067636,9997,2,102,226
9955,1711892261077638,9997,2,102,227
9956,1711892261087640,9997,2,102,228
9957,1711892261097642,9997,2,102,229
9958,1711892261107644,9997,2,102,230
9959,1711892261117646,9997,2,102,231
9960,1711892261127649,9997,2,102,232
9961,1711892261137651,9997,2,102,233
9962,1711892261147653,9997,2,102,234
9963,1711892261157656,9997,2,102,235
9964,1711892261167658,9997,2,102,236
9965,1711892261177660,9997,2,102,237
9966,1711892261187662,9997,2,102,238
9967,1711892261197664,9997,2,102,239
9968,1711892261207666,9997,2,102,240
9969,1711892261217668,9997,2,102,241
9970,1711892261227670,9997,2,102,242
9971,1711892261237672,9997,2,102,243
9972,1711892261247674,9997,2,102,244
9973,1711892261257676,9997,2,102,245
9974,1711892261267678,9997,2,102,246
9975,1711892261277680,9997,2,102,247
9976,1711892261287682,9997,2,102,248
9977,1711892261297685,9997,2,102,249
9978,1711892261307687,9997,2,102,250
9979,1711892261317689,9997,2,102,251
9980,1711892261327691,9997,2,102,252
9981,1711892261337693,9997,2,102,253
9982,1711892261347695,9997,2,102,254
9983,1711892261357697,9997,2,102,255
9984,1711892261367699,9997,2,102,0
9985,1711892261377701,9997,2,102,1
9986,1711892261387703,9997,2,102,2
9987,1711892261397705,9997,2,102,3
9988,1711892261407707,9997,2,102,4
9989,1711892261417709,9997,2,102,5
9990,1711892261427711,9997,2,102,6
9991,1711892261437713,9997,2,102,7
9992,1711892261447715,9997,2,102,8
9993,1711892261457717,9997,2,102,9
9994,1711892261467719,9997,2,102,10
9995,1711892261477721,9997,2,102,11
9996,1711892261487724,9997,2,102,12
9997,1711892261497726,9997,2,102,13
9998,1711892261507728,9997,2,102,14
9999,1711892261517730,9997,2,102,15
