i,time,sleep,duration,overruns
0,1711893191479602,0,0,0
1,1711893191489609,9977,22,0
2,1711893191499613,9984,15,0
3,1711893191509617,9987,12,0
4,1711893191519621,9989,10,0
5,1711893191529625,9986,13,0
6,1711893191539629,9989,10,0
7,1711893191549633,9989,10,0
8,1711893191559637,9989,10,0
9,1711893191569641,9988,11,0
10,1711893191579647,9989,10,0
11,1711893191589650,9989,10,0
12,1711893191599654,9989,10,0
13,1711893191609659,9989,10,0
14,1711893191619662,9989,10,0
15,1711893191629666,9989,10,0
16,1711893191639670,9989,10,0
17,1711893191649674,9989,11,0
18,1711893191659678,9989,10,0
19,1711893191669682,9989,10,0
20,1711893191679687,9989,10,0
21,1711893191689691,9990,9,0
22,1711893191699695,9989,10,0
23,1711893191709699,9988,11,0
24,1711893191719702,9989,10,0
25,1711893191729706,9989,10,0
26,1711893191739710,9989,10,0
27,1711893191749714,9989,10,0
28,1711893191759718,9989,10,0
29,1711893191769721,9989,10,0
30,1711893191779727,9989,10,0
31,1711893191789731,9988,11,0
32,1711893191799735,9989,10,0
33,1711893191809738,9989,10,0
34,1711893191819742,9989,10,0
35,1711893191829746,9989,10,0
36,1711893191839750,9989,10,0
37,1711893191849754,9989,10,0
38,1711893191859758,9989,10,0
39,1711893191869761,9989,10,0
40,1711893191879766,9989,10,0
41,1711893191889770,9989,10,0
42,1711893191899774,9989,10,0
43,1711893191909778,9989,10,0
44,1711893191919782,9989,10,0
45,1711893191929786,9989,10,0
46,1711893191939790,9989,10,0
47,1711893191949794,9989,10,0
48,1711893191959798,9989,10,0
49,1711893191969802,9989,10,0
50,1711893191979807,9989,10,0
51,1711893191989811,9988,11,0
52,1711893191999815,9989,10,0
53,1711893192009819,9989,10,0
54,1711893192019822,9989,10,0
55,1711893192029826,9989,10,0
56,1711893192039830,9989,10,0
57,1711893192049833,9989,10,0
58,1711893192059837,9989,10,0
59,1711893192069841,9989,10,0
60,1711893192079845,9989,10,0
61,1711893192089849,9989,10,0
62,1711893192099853,9989,10,0
63,1711893192109856,9989,10,0
64,1711893192119860,9989,10,0
65,1711893192129864,9989,10,0
66,1711893192139867,9989,10,0
67,1711893192149871,9989,10,0
68,1711893192159875,9989,10,0
69,1711893192169879,9989,10,0
70,1711893192179884,9990,9,0
71,1711893192189888,9990,9,0
72,1711893192199891,9989,10,0
73,1711893192209895,9989,10,0
74,1711893192219898,9990,10,0
75,1711893192229902,9989,10,0
76,1711893192239906,9989,10,0
77,1711893192249909,9989,10,0
78,1711893192259913,9990,10,0
79,1711893192269916,9989,10,0
80,1711893192279921,9989,10,0
81,1711893192289925,9989,10,0
82,1711893192299928,9989,10,0
83,1711893192309932,9989,10,0
84,1711893192319936,9990,9,0
85,1711893192329939,9989,10,0
86,1711893192339946,9989,10,0
87,1711893192349950,9988,11,0
88,1711893192359954,9989,10,0
89,1711893192369958,9989,10,0
90,1711893192379963,9989,10,0
91,1711893192389967,9990,9,0
92,1711893192399971,9989,10,0
93,1711893192409975,9989,10,0
94,1711893192419979,9989,10,0
95,1711893192429982,9989,10,0
96,1711893192439986,9989,10,0
97,1711893192449990,9989,10,0
98,1711893192459994,9989,10,0
99,1711893192469998,9989,10,0
100,1711893192480003,9989,10,0
101,1711893192490007,9989,10,0
102,1711893192500011,9989,10,0
103,1711893192510014,9989,10,0
104,1711893192520018,9989,10,0
105,1711893192530021,9989,10,0
106,1711893192540025,9989,10,0
107,1711893192550034,9988,11,0
108,1711893192560039,9985,14,0
109,1711893192570044,9989,10,0
110,1711893192580050,9989,10,0
111,1711893192590054,9989,10,0
112,1711893192600057,9989,10,0
113,1711893192610061,9989,10,0
114,1711893192620065,9989,10,0
115,1711893192630069,9989,10,0
116,1711893192640072,9989,10,0
117,1711893192650076,9989,10,0
118,1711893192660079,9989,10,0
119,1711893192670083,9989,10,0
120,1711893192680088,9989,10,0
121,1711893192690092,9990,9,0
122,1711893192700095,9989,10,0
123,1711893192710099,9989,10,0
124,1711893192720103,9989,10,0
125,1711893192730106,9989,10,0
126,1711893192740110,9989,10,0
127,1711893192750113,9989,10,0
128,1711893192760117,9989,10,0
129,1711893192770120,9987,12,0
130,1711893192780125,9989,10,0
131,1711893192790129,9990,9,0
132,1711893192800132,9989,10,0
133,1711893192810136,9989,10,0
134,1711893192820140,9989,10,0
135,1711893192830143,9989,10,0
136,1711893192840147,9989,10,0
137,1711893192850150,9989,10,0
138,1711893192860154,9989,10,0
139,1711893192870157,9989,10,0
140,1711893192880162,9989,10,0
141,1711893192890166,9989,10,0
142,1711893192900170,9989,10,0
143,1711893192910174,9989,10,0
144,1711893192920177,9989,10,0
145,1711893192930181,9989,10,0
146,1711893192940184,9989,10,0
147,1711893192950188,9989,10,0
148,1711893192960192,9989,10,0
149,1711893192970195,9989,10,0
150,1711893192980201,9989,10,0
151,1711893192990205,9989,10,0
152,1711893193000208,9989,10,0
153,1711893193010212,9989,10,0
154,1711893193020215,9989,10,0
155,1711893193030219,9989,10,0
156,1711893193040223,9989,10,0
157,1711893193050226,9989,10,0
158,1711893193060230,9989,10,0
159,1711893193070233,9989,10,0
160,1711893193080238,9989,10,0
161,1711893193090242,9990,9,0
162,1711893193100245,9989,10,0
163,1711893193110249,9989,10,0
164,1711893193120253,9989,10,0
165,1711893193130256,9989,10,0
166,1711893193140260,9989,10,0
167,1711893193150264,9989,10,0
168,1711893193160267,9989,10,0
169,1711893193170271,9989,10,0
170,1711893193180276,9989,10,0
171,1711893193190279,9989,10,0
172,1711893193200283,9989,10,0
173,1711893193210286,9989,10,0
174,1711893193220290,9989,10,0
175,1711893193230294,9989,10,0
176,1711893193240297,9989,10,0
177,1711893193250301,9989,10,0
178,1711893193260305,9983,16,0
179,1711893193270308,9989,10,0
180,1711893193280313,9982,17,0
181,1711893193290317,9989,10,0
182,1711893193300321,9989,10,0
183,1711893193310324,9989,10,0
184,1711893193320328,9989,10,0
185,1711893193330331,9989,10,0
186,1711893193340335,9989,10,0
187,1711893193350339,9989,10,0
188,1711893193360342,9989,10,0
189,1711893193370346,9989,10,0
190,1711893193380350,9989,10,0
191,1711893193390354,9989,10,0
192,1711893193400358,9989,10,0
193,1711893193410361,9989,10,0
194,1711893193420365,9989,10,0
195,1711893193430368,9989,10,0
196,1711893193440372,9989,10,0
197,1711893193450375,9989,10,0
198,1711893193460379,9989,10,0
199,1711893193470383,9989,10,0
200,1711893193480387,9989,10,0
201,1711893193490391,9989,10,0
202,1711893193500395,9989,10,0
203,1711893193510399,9989,10,0
204,1711893193520403,9989,10,0
205,1711893193530407,9989,10,0
206,1711893193540410,9989,10,0
207,1711893193550414,9989,10,0
208,1711893193560418,9989,10,0
209,1711893193570422,9989,10,0
210,1711893193580426,9989,10,0
211,1711893193590430,9989,10,0
212,1711893193600434,9989,10,0
213,1711893193610438,9989,10,0
214,1711893193620442,9989,10,0
215,1711893193630446,9989,10,0
216,1711893193640449,9989,10,0
217,1711893193650453,9989,10,0
218,1711893193660457,9989,10,0
219,1711893193670461,9988,11,0
220,1711893193680466,9989,10,0
221,1711893193690469,9989,10,0
222,1711893193700473,9989,10,0
223,1711893193710478,9989,10,0
224,1711893193720481,9989,10,0
225,1711893193730485,9989,10,0
226,1711893193740489,9989,10,0
227,1711893193750493,9989,10,0
228,1711893193760497,9989,10,0
229,1711893193770500,9989,10,0
230,1711893193780505,9989,10,0
231,1711893193790509,9989,10,0
232,1711893193800513,9989,10,0
233,1711893193810517,9989,10,0
234,1711893193820521,9989,10,0
235,1711893193830524,9989,10,0
236,1711893193840528,9989,10,0
237,1711893193850532,9989,10,0
238,1711893193860536,9989,10,0
239,1711893193870539,9989,10,0
240,1711893193880544,9989,10,0
241,1711893193890548,9989,10,0
242,1711893193900552,9989,10,0
243,1711893193910556,9989,10,0
244,1711893193920560,9989,10,0
245,1711893193930563,9989,10,0
246,1711893193940567,9989,10,0
247,1711893193950571,9989,10,0
248,1711893193960575,9989,10,0
249,1711893193970579,9989,10,0
250,1711893193980584,9989,10,0
251,1711893193990588,9989,10,0
252,1711893194000591,9990,9,0
253,1711893194010596,9989,10,0
254,1711893194020599,9989,10,0
255,1711893194030603,9989,10,0
256,1711893194040607,9989,10,0
257,1711893194050615,9981,18,0
258,1711893194060619,9985,14,0
259,1711893194070624,9989,10,0
260,1711893194080630,9989,10,0
261,1711893194090634,9989,10,0
262,1711893194100638,9989,10,0
263,1711893194110641,9989,10,0
264,1711893194120645,9989,10,0
265,1711893194130649,9989,10,0
266,1711893194140652,9989,10,0
267,1711893194150656,9989,10,0
268,1711893194160660,9989,10,0
269,1711893194170663,9989,10,0
270,1711893194180668,9989,10,0
271,1711893194190672,9990,9,0
272,1711893194200676,9989,10,0
273,1711893194210679,9989,10,0
274,1711893194220683,9989,10,0
275,1711893194230686,9989,10,0
276,1711893194240690,9989,10,0
277,1711893194250694,9989,10,0
278,1711893194260697,9989,10,0
279,1711893194270701,9989,10,0
280,1711893194280705,9989,10,0
281,1711893194290709,9989,10,0
282,1711893194300713,9989,10,0
283,1711893194310716,9989,10,0
284,1711893194320720,9990,9,0
285,1711893194330724,9989,10,0
286,1711893194340727,9989,10,0
287,1711893194350731,9989,10,0
288,1711893194360734,9989,10,0
289,1711893194370738,9989,10,0
290,1711893194380743,9989,10,0
291,1711893194390746,9989,10,0
292,1711893194400750,9989,10,0
293,1711893194410753,9989,10,0
294,1711893194420757,9989,10,0
295,1711893194430760,9989,10,0
296,1711893194440764,9990,9,0
297,1711893194450768,9989,10,0
298,1711893194460771,9989,10,0
299,1711893194470775,9989,10,0
300,1711893194480780,9989,10,0
301,1711893194490783,9989,10,0
302,1711893194500787,9989,10,0
303,1711893194510790,9989,10,0
304,1711893194520794,9989,10,0
305,1711893194530798,9989,10,0
306,1711893194540801,9989,10,0
307,1711893194550805,9989,10,0
308,1711893194560808,9989,10,0
309,1711893194570812,9989,10,0
310,1711893194580817,9989,10,0
311,1711893194590821,9989,10,0
312,1711893194600824,9989,10,0
313,1711893194610828,9989,10,0
314,1711893194620831,9989,10,0
315,1711893194630835,9989,10,0
316,1711893194640839,9989,10,0
317,1711893194650842,9989,10,0
318,1711893194660846,9989,10,0
319,1711893194670850,9989,10,0
320,1711893194680854,9989,10,0
321,1711893194690858,9989,10,0
322,1711893194700862,9989,10,0
323,1711893194710865,9989,10,0
324,1711893194720869,9989,10,0
325,1711893194730872,9989,10,0
326,1711893194740876,9989,10,0
327,1711893194750880,9989,10,0
328,1711893194760883,9989,10,0
329,1711893194770887,9989,10,0
330,1711893194780894,9989,10,0
331,1711893194790901,9986,13,0
332,1711893194800905,9987,12,0
333,1711893194810909,9989,10,0
334,1711893194820912,9989,10,0
335,1711893194830916,9989,10,0
336,1711893194840919,9989,10,0
337,1711893194850923,9989,10,0
338,1711893194860927,9989,10,0
339,1711893194870930,9989,10,0
340,1711893194880936,9989,10,0
341,1711893194890939,9989,10,0
342,1711893194900943,9989,10,0
343,1711893194910946,9989,10,0
344,1711893194920950,9989,10,0
345,1711893194930954,9989,10,0
346,1711893194940957,9989,10,0
347,1711893194950961,9989,10,0
348,1711893194960964,9989,10,0
349,1711893194970968,9989,10,0
350,1711893194980972,9989,10,0
351,1711893194990977,9989,10,0
352,1711893195000980,9989,10,0
353,1711893195010984,9989,10,0
354,1711893195020987,9989,10,0
355,1711893195030991,9989,10,0
356,1711893195040995,9989,10,0
357,1711893195050998,9989,10,0
358,1711893195061002,9989,10,0
359,1711893195071006,9989,10,0
360,1711893195081010,9989,10,0
361,1711893195091014,9989,10,0
362,1711893195101018,9989,10,0
363,1711893195111021,9989,10,0
364,1711893195121025,9989,10,0
365,1711893195131028,9989,10,0
366,1711893195141032,9989,10,0
367,1711893195151036,9989,10,0
368,1711893195161039,9989,10,0
369,1711893195171043,9989,10,0
370,1711893195181047,9989,10,0
371,1711893195191051,9989,10,0
372,1711893195201055,9989,10,0
373,1711893195211058,9989,10,0
374,1711893195221062,9989,10,0
375,1711893195231066,9989,10,0
376,1711893195241069,9989,10,0
377,1711893195251073,9989,10,0
378,1711893195261076,9989,10,0
379,1711893195271080,9989,10,0
380,1711893195281084,9989,10,0
381,1711893195291088,9989,10,0
382,1711893195301092,9989,10,0
383,1711893195311095,9989,10,0
384,1711893195321099,9989,10,0
385,1711893195331102,9989,10,0
386,1711893195341106,9989,10,0
387,1711893195351110,9989,10,0
388,1711893195361113,9989,10,0
389,1711893195371117,9989,10,0
390,1711893195381121,9989,10,0
391,1711893195391125,9989,10,0
392,1711893195401129,9989,10,0
393,1711893195411132,9989,10,0
394,1711893195421136,9989,10,0
395,1711893195431139,9989,10,0
396,1711893195441143,9989,10,0
397,1711893195451147,9989,10,0
398,1711893195461150,9989,10,0
399,1711893195471154,9989,10,0
400,1711893195481158,9989,10,0
401,1711893195491162,9989,10,0
402,1711893195501166,9989,10,0
403,1711893195511170,9989,10,0
404,1711893195521173,9989,10,0
405,1711893195531177,9989,10,0
406,1711893195541181,9989,10,0
407,1711893195551190,9989,10,0
408,1711893195561194,9985,14,0
409,1711893195571200,9989,10,0
410,1711893195581205,9988,11,0
411,1711893195591209,9989,10,0
412,1711893195601213,9989,10,0
413,1711893195611217,9989,10,0
414,1711893195621221,9989,10,0
415,1711893195631224,9989,10,0
416,1711893195641228,9989,10,0
417,1711893195651232,9989,10,0
418,1711893195661236,9989,10,0
419,1711893195671240,9989,10,0
420,1711893195681245,9989,10,0
421,1711893195691248,9989,10,0
422,1711893195701253,9989,10,0
423,1711893195711256,9989,10,0
424,1711893195721260,9989,10,0
425,1711893195731264,9989,10,0
426,1711893195741268,9989,10,0
427,1711893195751272,9989,10,0
428,1711893195761276,9989,10,0
429,1711893195771280,9989,10,0
430,1711893195781285,9989,10,0
431,1711893195791289,9989,10,0
432,1711893195801293,9989,10,0
433,1711893195811297,9989,10,0
434,1711893195821300,9989,10,0
435,1711893195831304,9989,10,0
436,1711893195841308,9989,10,0
437,1711893195851312,9989,10,0
438,1711893195861315,9989,10,0
439,1711893195871319,9989,10,0
440,1711893195881324,9989,10,0
441,1711893195891328,9989,10,0
442,1711893195901332,9989,10,0
443,1711893195911336,9989,10,0
444,1711893195921339,9989,10,0
445,1711893195931343,9989,10,0
446,1711893195941347,9989,10,0
447,1711893195951351,9989,10,0
448,1711893195961355,9989,10,0
449,1711893195971358,9989,10,0
450,1711893195981363,9989,10,0
451,1711893195991367,9990,9,0
452,1711893196001371,9989,10,0
453,1711893196011375,9989,10,0
454,1711893196021379,9989,10,0
455,1711893196031382,9989,10,0
456,1711893196041386,9989,10,0
457,1711893196051390,9989,10,0
458,1711893196061394,9989,10,0
459,1711893196071397,9989,10,0
460,1711893196081402,9989,10,0
461,1711893196091405,9990,9,0
462,1711893196101409,9989,10,0
463,1711893196111413,9989,10,0
464,1711893196121416,9989,10,0
465,1711893196131420,9989,10,0
466,1711893196141423,9989,10,0
467,1711893196151427,9989,10,0
468,1711893196161430,9989,10,0
469,1711893196171434,9989,10,0
470,1711893196181439,9990,9,0
471,1711893196191442,9989,10,0
472,1711893196201446,9989,10,0
473,1711893196211450,9989,10,0
474,1711893196221453,9989,10,0
475,1711893196231457,9989,10,0
476,1711893196241461,9989,10,0
477,1711893196251464,9989,10,0
478,1711893196261468,9989,10,0
479,1711893196271471,9989,10,0
480,1711893196281476,9989,10,0
481,1711893196291479,9989,10,0
482,1711893196301483,9989,10,0
483,1711893196311486,9989,10,0
484,1711893196321490,9989,10,0
485,1711893196331493,9989,10,0
486,1711893196341497,9989,10,0
487,1711893196351500,9989,10,0
488,1711893196361504,9989,10,0
489,1711893196371507,9989,10,0
490,1711893196381512,9989,10,0
491,1711893196391516,9990,9,0
492,1711893196401519,9989,10,0
493,1711893196411523,9989,10,0
494,1711893196421526,9989,10,0
495,1711893196431530,9989,10,0
496,1711893196441533,9989,10,0
497,1711893196451537,9989,10,0
498,1711893196461540,9989,10,0
499,1711893196471544,9989,10,0
500,1711893196481549,9989,10,0
501,1711893196491552,9989,10,0
502,1711893196501556,9989,10,0
503,1711893196511559,9989,10,0
504,1711893196521563,9989,10,0
505,1711893196531566,9989,10,0
506,1711893196541570,9990,10,0
507,1711893196551574,9989,10,0
508,1711893196561577,9989,10,0
509,1711893196571581,9989,10,0
510,1711893196581586,9989,10,0
511,1711893196591590,9990,9,0
512,1711893196601593,9989,10,0
513,1711893196611597,9980,19,0
514,1711893196621601,9989,10,0
515,1711893196631604,9989,10,0
516,1711893196641608,9989,10,0
517,1711893196651611,9989,10,0
518,1711893196661615,9989,10,0
519,1711893196671618,9989,10,0
520,1711893196681623,9989,10,0
521,1711893196691627,9989,10,0
522,1711893196701630,9989,10,0
523,1711893196711634,9989,10,0
524,1711893196721638,9989,10,0
525,1711893196731642,9989,10,0
526,1711893196741645,9989,10,0
527,1711893196751649,9989,10,0
528,1711893196761652,9989,10,0
529,1711893196771656,9989,10,0
530,1711893196781660,9989,10,0
531,1711893196791664,9989,10,0
532,1711893196801668,9989,10,0
533,1711893196811671,9989,10,0
534,1711893196821675,9989,10,0
535,1711893196831678,9989,10,0
536,1711893196841682,9989,10,0
537,1711893196851685,9989,10,0
538,1711893196861689,9989,10,0
539,1711893196871692,9989,10,0
540,1711893196881697,9989,10,0
541,1711893196891701,9989,10,0
542,1711893196901704,9989,10,0
543,1711893196911708,9989,10,0
544,1711893196921711,9989,10,0
545,1711893196931715,9989,10,0
546,1711893196941719,9989,10,0
547,1711893196951722,9989,10,0
548,1711893196961726,9989,10,0
549,1711893196971729,9989,10,0
550,1711893196981734,9989,10,0
551,1711893196991738,9989,10,0
552,1711893197001741,9989,10,0
553,1711893197011745,9989,10,0
554,1711893197021748,9989,10,0
555,1711893197031752,9989,10,0
556,1711893197041756,9989,10,0
557,1711893197051760,9989,10,0
558,1711893197061768,9989,10,0
559,1711893197071772,9984,15,0
560,1711893197081777,9989,10,0
561,1711893197091782,9989,10,0
562,1711893197101785,9989,10,0
563,1711893197111789,9989,10,0
564,1711893197121793,9990,10,0
565,1711893197131796,9989,10,0
566,1711893197141800,9989,10,0
567,1711893197151803,9989,10,0
568,1711893197161807,9989,10,0
569,1711893197171810,9989,10,0
570,1711893197181815,9989,10,0
571,1711893197191819,9989,10,0
572,1711893197201823,9989,10,0
573,1711893197211826,9989,10,0
574,1711893197221830,9989,10,0
575,1711893197231834,9989,10,0
576,1711893197241838,9989,10,0
577,1711893197251841,9989,10,0
578,1711893197261845,9989,10,0
579,1711893197271848,9989,10,0
580,1711893197281853,9989,10,0
581,1711893197291857,9989,10,0
582,1711893197301860,9989,10,0
583,1711893197311864,9989,10,0
584,1711893197321868,9989,10,0
585,1711893197331871,9989,10,0
586,1711893197341877,9989,10,0
587,1711893197351883,9987,12,0
588,1711893197361887,9988,11,0
589,1711893197371891,9989,10,0
590,1711893197381896,9989,10,0
591,1711893197391900,9990,9,0
592,1711893197401903,9989,10,0
593,1711893197411907,9989,10,0
594,1711893197421911,9989,10,0
595,1711893197431914,9989,10,0
596,1711893197441918,9989,10,0
597,1711893197451922,9989,10,0
598,1711893197461925,9989,10,0
599,1711893197471929,9989,10,0
600,1711893197481934,9989,10,0
601,1711893197491937,9989,10,0
602,1711893197501941,9989,10,0
603,1711893197511945,9989,10,0
604,1711893197521949,9989,10,0
605,1711893197531953,9989,10,0
606,1711893197541956,9989,10,0
607,1711893197551960,9989,10,0
608,1711893197561964,9989,10,0
609,1711893197571968,9989,10,0
610,1711893197581973,9989,10,0
611,1711893197591977,9989,10,0
612,1711893197601980,9989,10,0
613,1711893197611984,9989,10,0
614,1711893197621988,9989,10,0
615,1711893197631992,9989,10,0
616,1711893197641996,9989,10,0
617,1711893197651999,9989,10,0
618,1711893197662003,9989,10,0
619,1711893197672007,9989,10,0
620,1711893197682012,9989,10,0
621,1711893197692016,9989,10,0
622,1711893197702020,9989,10,0
623,1711893197712024,9989,10,0
624,1711893197722027,9989,10,0
625,1711893197732031,9989,10,0
626,1711893197742035,9989,10,0
627,1711893197752039,9989,10,0
628,1711893197762043,9989,10,0
629,1711893197772047,9989,10,0
630,1711893197782051,9989,10,0
631,1711893197792056,9989,10,0
632,1711893197802059,9989,10,0
633,1711893197812064,9989,10,0
634,1711893197822067,9989,10,0
635,1711893197832071,9989,10,0
636,1711893197842075,9989,10,0
637,1711893197852079,9989,10,0
638,1711893197862082,9989,10,0
639,1711893197872086,9989,10,0
640,1711893197882091,9989,10,0
641,1711893197892095,9989,10,0
642,1711893197902099,9989,10,0
643,1711893197912102,9989,10,0
644,1711893197922106,9989,10,0
645,1711893197932110,9989,10,0
646,1711893197942114,9989,10,0
647,1711893197952118,9989,10,0
648,1711893197962121,9989,10,0
649,1711893197972125,9989,10,0
650,1711893197982130,9989,10,0
651,1711893197992134,9989,10,0
652,1711893198002138,9989,10,0
653,1711893198012142,9989,10,0
654,1711893198022146,9989,10,0
655,1711893198032149,9989,10,0
656,1711893198042153,9989,10,0
657,1711893198052157,9989,10,0
658,1711893198062160,9989,10,0
659,1711893198072164,9989,10,0
660,1711893198082169,9989,10,0
661,1711893198092173,9989,10,0
662,1711893198102177,9989,10,0
663,1711893198112181,9989,10,0
664,1711893198122184,9989,10,0
665,1711893198132188,9989,10,0
666,1711893198142192,9989,10,0
667,1711893198152195,9989,10,0
668,1711893198162199,9989,10,0
669,1711893198172203,9989,10,0
670,1711893198182207,9989,10,0
671,1711893198192211,9989,10,0
672,1711893198202215,9989,10,0
673,1711893198212219,9989,10,0
674,1711893198222222,9989,10,0
675,1711893198232226,9989,10,0
676,1711893198242230,9989,10,0
677,1711893198252233,9989,10,0
678,1711893198262237,9989,10,0
679,1711893198272241,9989,10,0
680,1711893198282246,9989,10,0
681,1711893198292249,9989,10,0
682,1711893198302253,9989,10,0
683,1711893198312257,9989,10,0
684,1711893198322260,9989,10,0
685,1711893198332264,9989,10,0
686,1711893198342268,9989,10,0
687,1711893198352271,9989,10,0
688,1711893198362275,9989,10,0
689,1711893198372279,9989,10,0
690,1711893198382283,9989,10,0
691,1711893198392287,9989,10,0
692,1711893198402291,9989,10,0
693,1711893198412294,9989,10,0
694,1711893198422298,9989,10,0
695,1711893198432302,9982,17,0
696,1711893198442306,9989,10,0
697,1711893198452310,9989,10,0
698,1711893198462313,9989,10,0
699,1711893198472317,9989,10,0
700,1711893198482322,9989,10,0
701,1711893198492326,9989,10,0
702,1711893198502329,9989,10,0
703,1711893198512333,9989,10,0
704,1711893198522336,9989,10,0
705,1711893198532340,9989,10,0
706,1711893198542344,9989,10,0
707,1711893198552347,9989,10,0
708,1711893198562355,9989,10,0
709,1711893198572360,9984,15,0
710,1711893198582366,9989,10,0
711,1711893198592371,9989,10,0
712,1711893198602374,9989,10,0
713,1711893198612378,9989,10,0
714,1711893198622382,9989,10,0
715,1711893198632385,9989,10,0
716,1711893198642389,9989,10,0
717,1711893198652392,9989,10,0
718,1711893198662396,9989,10,0
719,1711893198672400,9989,10,0
720,1711893198682404,9989,10,0
721,1711893198692408,9989,10,0
722,1711893198702412,9989,10,0
723,1711893198712415,9989,10,0
724,1711893198722419,9989,10,0
725,1711893198732422,9989,10,0
726,1711893198742426,9989,10,0
727,1711893198752429,9989,10,0
728,1711893198762433,9989,10,0
729,1711893198772437,9989,10,0
730,1711893198782442,9989,10,0
731,1711893198792446,9990,9,0
732,1711893198802449,9989,10,0
733,1711893198812453,9989,10,0
734,1711893198822456,9989,10,0
735,1711893198832460,9989,10,0
736,1711893198842464,9989,10,0
737,1711893198852467,9989,10,0
738,1711893198862471,9989,10,0
739,1711893198872474,9989,10,0
740,1711893198882479,9989,10,0
741,1711893198892483,9989,10,0
742,1711893198902486,9989,10,0
743,1711893198912490,9989,10,0
744,1711893198922494,9989,10,0
745,1711893198932497,9989,10,0
746,1711893198942501,9989,10,0
747,1711893198952504,9989,10,0
748,1711893198962508,9989,10,0
749,1711893198972511,9989,10,0
750,1711893198982516,9989,10,0
751,1711893198992520,9989,10,0
752,1711893199002524,9989,10,0
753,1711893199012527,9989,10,0
754,1711893199022531,9989,10,0
755,1711893199032534,9989,10,0
756,1711893199042538,9989,10,0
757,1711893199052541,9989,10,0
758,1711893199062545,9989,10,0
759,1711893199072549,9989,10,0
760,1711893199082553,9989,10,0
761,1711893199092557,9989,10,0
762,1711893199102561,9989,10,0
763,1711893199112564,9989,10,0
764,1711893199122569,9989,10,0
765,1711893199132572,9989,10,0
766,1711893199142576,9989,10,0
767,1711893199152579,9989,10,0
768,1711893199162583,9990,9,0
769,1711893199172586,9989,10,0
770,1711893199182591,9989,10,0
771,1711893199192595,9989,10,0
772,1711893199202598,9989,10,0
773,1711893199212602,9989,10,0
774,1711893199222606,9989,10,0
775,1711893199232609,9989,10,0
776,1711893199242613,9989,10,0
777,1711893199252616,9989,10,0
778,1711893199262620,9989,10,0
779,1711893199272623,9989,10,0
780,1711893199282628,9989,10,0
781,1711893199292632,9989,10,0
782,1711893199302636,9989,10,0
783,1711893199312639,9989,10,0
784,1711893199322643,9989,10,0
785,1711893199332646,9989,10,0
786,1711893199342650,9989,10,0
787,1711893199352653,9989,10,0
788,1711893199362657,9989,10,0
789,1711893199372661,9989,10,0
790,1711893199382665,9989,10,0
791,1711893199392669,9989,10,0
792,1711893199402673,9989,10,0
793,1711893199412677,9989,10,0
794,1711893199422680,9989,10,0
795,1711893199432684,9989,10,0
796,1711893199442687,9989,10,0
797,1711893199452691,9989,10,0
798,1711893199462694,9989,10,0
799,1711893199472698,9989,10,0
800,1711893199482703,9989,10,0
801,1711893199492707,9989,10,0
802,1711893199502711,9989,10,0
803,1711893199512714,9989,10,0
804,1711893199522718,9989,10,0
805,1711893199532722,9989,10,0
806,1711893199542726,9989,10,0
807,1711893199552730,9989,10,0
808,1711893199562734,9989,10,0
809,1711893199572738,9989,10,0
810,1711893199582743,9989,10,0
811,1711893199592747,9988,11,0
812,1711893199602751,9989,10,0
813,1711893199612754,9989,10,0
814,1711893199622758,9989,10,0
815,1711893199632762,9989,10,0
816,1711893199642766,9989,10,0
817,1711893199652770,9989,10,0
818,1711893199662773,9989,10,0
819,1711893199672777,9989,10,0
820,1711893199682782,9989,10,0
821,1711893199692786,9989,10,0
822,1711893199702790,9989,10,0
823,1711893199712794,9989,10,0
824,1711893199722797,9989,10,0
825,1711893199732801,9989,10,0
826,1711893199742805,9989,10,0
827,1711893199752809,9989,10,0
828,1711893199762813,9989,10,0
829,1711893199772816,9989,10,0
830,1711893199782821,9989,10,0
831,1711893199792826,9989,10,0
832,1711893199802830,9989,10,0
833,1711893199812833,9989,10,0
834,1711893199822837,9989,10,0
835,1711893199832841,9989,10,0
836,1711893199842845,9989,10,0
837,1711893199852848,9989,10,0
838,1711893199862852,9989,10,0
839,1711893199872856,9989,10,0
840,1711893199882861,9989,10,0
841,1711893199892865,9989,10,0
842,1711893199902869,9989,10,0
843,1711893199912873,9989,10,0
844,1711893199922876,9989,10,0
845,1711893199932880,9989,10,0
846,1711893199942884,9989,10,0
847,1711893199952888,9989,10,0
848,1711893199962892,9989,10,0
849,1711893199972895,9989,10,0
850,1711893199982900,9989,10,0
851,1711893199992904,9989,10,0
852,1711893200002908,9989,10,0
853,1711893200012912,9989,10,0
854,1711893200022916,9989,10,0
855,1711893200032919,9989,10,0
856,1711893200042923,9989,10,0
857,1711893200052927,9989,10,0
858,1711893200062930,9989,10,0
859,1711893200072938,9989,10,0
860,1711893200082944,9984,15,0
861,1711893200092948,9989,10,0
862,1711893200102953,9989,10,0
863,1711893200112957,9989,10,0
864,1711893200122960,9989,10,0
865,1711893200132964,9989,10,0
866,1711893200142968,9989,10,0
867,1711893200152972,9989,10,0
868,1711893200162975,9990,10,0
869,1711893200172979,9989,10,0
870,1711893200182984,9989,10,0
871,1711893200192988,9990,9,0
872,1711893200202991,9989,10,0
873,1711893200212995,9989,10,0
874,1711893200222998,9990,10,0
875,1711893200233002,9989,10,0
876,1711893200243006,9989,10,0
877,1711893200253009,9989,10,0
878,1711893200263013,9989,10,0
879,1711893200273016,9989,10,0
880,1711893200283021,9989,10,0
881,1711893200293025,9989,10,0
882,1711893200303029,9989,10,0
883,1711893200313033,9989,10,0
884,1711893200323036,9989,10,0
885,1711893200333040,9989,10,0
886,1711893200343044,9989,10,0
887,1711893200353047,9989,10,0
888,1711893200363051,9989,10,0
889,1711893200373055,9989,10,0
890,1711893200383059,9989,10,0
891,1711893200393063,9989,10,0
892,1711893200403066,9989,10,0
893,1711893200413070,9989,10,0
894,1711893200423074,9989,10,0
895,1711893200433077,9989,10,0
896,1711893200443081,9989,10,0
897,1711893200453084,9989,10,0
898,1711893200463088,9989,10,0
899,1711893200473091,9989,10,0
900,1711893200483096,9989,10,0
901,1711893200493100,9989,11,0
902,1711893200503103,9989,10,0
903,1711893200513107,9989,10,0
904,1711893200523111,9989,10,0
905,1711893200533114,9989,10,0
906,1711893200543118,9989,10,0
907,1711893200553121,9989,10,0
908,1711893200563125,9989,10,0
909,1711893200573129,9989,10,0
910,1711893200583134,9990,10,0
911,1711893200593138,9989,10,0
912,1711893200603141,9989,10,0
913,1711893200613145,9989,10,0
914,1711893200623149,9989,10,0
915,1711893200633152,9989,10,0
916,1711893200643155,9989,10,0
917,1711893200653160,9989,10,0
918,1711893200663163,9989,10,0
919,1711893200673167,9989,10,0
920,1711893200683171,9989,10,0
921,1711893200693175,9989,10,0
922,1711893200703179,9989,10,0
923,1711893200713182,9989,10,0
924,1711893200723186,9989,10,0
925,1711893200733189,9989,10,0
926,1711893200743193,9989,10,0
927,1711893200753196,9989,10,0
928,1711893200763200,9989,10,0
929,1711893200773203,9989,10,0
930,1711893200783208,9989,10,0
931,1711893200793212,9989,10,0
932,1711893200803215,9989,10,0
933,1711893200813219,9989,10,0
934,1711893200823223,9989,10,0
935,1711893200833226,9989,10,0
936,1711893200843230,9989,10,0
937,1711893200853234,9989,10,0
938,1711893200863237,9989,10,0
939,1711893200873241,9989,10,0
940,1711893200883246,9989,10,0
941,1711893200893250,9989,10,0
942,1711893200903253,9989,10,0
943,1711893200913257,9989,10,0
944,1711893200923260,9989,10,0
945,1711893200933264,9989,10,0
946,1711893200943267,9989,10,0
947,1711893200953271,9989,10,0
948,1711893200963275,9989,10,0
949,1711893200973278,9989,10,0
950,1711893200983283,9989,10,0
951,1711893200993287,9989,10,0
952,1711893201003290,9989,10,0
953,1711893201013294,9989,10,0
954,1711893201023298,9989,10,0
955,1711893201033301,9989,10,0
956,1711893201043305,9989,10,0
957,1711893201053308,9989,10,0
958,1711893201063312,9989,10,0
959,1711893201073315,9989,10,0
960,1711893201083320,9989,10,0
961,1711893201093324,9989,10,0
962,1711893201103327,9989,10,0
963,1711893201113331,9989,10,0
964,1711893201123335,9989,10,0
965,1711893201133338,9989,10,0
966,1711893201143342,9989,10,0
967,1711893201153346,9989,10,0
968,1711893201163349,9989,10,0
969,1711893201173353,9989,10,0
970,1711893201183358,9989,10,0
971,1711893201193361,9990,9,0
972,1711893201203365,9989,10,0
973,1711893201213368,9989,10,0
974,1711893201223372,9989,10,0
975,1711893201233376,9989,10,0
976,1711893201243379,9989,10,0
977,1711893201253383,9989,10,0
978,1711893201263386,9989,10,0
979,1711893201273390,9989,10,0
980,1711893201283395,9989,10,0
981,1711893201293398,9989,10,0
982,1711893201303402,9989,10,0
983,1711893201313405,9989,10,0
984,1711893201323409,9989,10,0
985,1711893201333413,9989,10,0
986,1711893201343416,9989,10,0
987,1711893201353420,9989,10,0
988,1711893201363424,9989,10,0
989,1711893201373427,9989,10,0
990,1711893201383432,9989,10,0
991,1711893201393436,9989,10,0
992,1711893201403439,9989,10,0
993,1711893201413443,9989,10,0
994,1711893201423446,9989,10,0
995,1711893201433450,9989,10,0
996,1711893201443453,9989,10,0
997,1711893201453457,9989,10,0
998,1711893201463461,9989,10,0
999,1711893201473464,9989,10,0
1000,1711893201483469,9989,10,0
1001,1711893201493473,9989,10,0
1002,1711893201503477,9989,10,0
1003,1711893201513481,9989,10,0
1004,1711893201523485,9989,10,0
1005,1711893201533489,9989,10,0
1006,1711893201543492,9989,10,0
1007,1711893201553496,9989,10,0
1008,1711893201563500,9989,10,0
1009,1711893201573508,9989,10,0
1010,1711893201583514,9981,18,0
1011,1711893201593518,9988,11,0
1012,1711893201603522,9989,10,0
1013,1711893201613526,9989,10,0
1014,1711893201623530,9989,10,0
1015,1711893201633533,9989,10,0
1016,1711893201643537,9989,10,0
1017,1711893201653541,9989,10,0
1018,1711893201663545,9989,10,0
1019,1711893201673549,9989,10,0
1020,1711893201683554,9989,10,0
1021,1711893201693558,9989,10,0
1022,1711893201703561,9989,10,0
1023,1711893201713565,9989,10,0
1024,1711893201723569,9989,10,0
1025,1711893201733573,9972,27,0
1026,1711893201743577,9989,10,0
1027,1711893201753581,9989,10,0
1028,1711893201763584,9989,10,0
1029,1711893201773588,9989,10,0
1030,1711893201783593,9989,10,0
1031,1711893201793597,9989,10,0
1032,1711893201803601,9989,10,0
1033,1711893201813605,9989,10,0
1034,1711893201823609,9989,10,0
1035,1711893201833613,9989,10,0
1036,1711893201843617,9989,10,0
1037,1711893201853621,9989,10,0
1038,1711893201863624,9989,10,0
1039,1711893201873628,9989,10,0
1040,1711893201883633,9989,10,0
1041,1711893201893637,9989,10,0
1042,1711893201903642,9989,10,0
1043,1711893201913645,9989,10,0
1044,1711893201923649,9989,10,0
1045,1711893201933653,9989,10,0
1046,1711893201943657,9989,10,0
1047,1711893201953660,9989,10,0
1048,1711893201963664,9989,10,0
1049,1711893201973668,9989,10,0
1050,1711893201983673,9989,10,0
1051,1711893201993677,9990,9,0
1052,1711893202003681,9989,10,0
1053,1711893202013685,9989,10,0
1054,1711893202023689,9989,10,0
1055,1711893202033692,9989,10,0
1056,1711893202043696,9989,10,0
1057,1711893202053700,9989,10,0
1058,1711893202063704,9989,10,0
1059,1711893202073707,9989,10,0
1060,1711893202083712,9989,10,0
1061,1711893202093716,9989,10,0
1062,1711893202103720,9989,10,0
1063,1711893202113723,9989,10,0
1064,1711893202123727,9989,10,0
1065,1711893202133731,9989,10,0
1066,1711893202143734,9989,10,0
1067,1711893202153738,9989,10,0
1068,1711893202163742,9989,10,0
1069,1711893202173746,9989,10,0
1070,1711893202183750,9989,10,0
1071,1711893202193754,9989,10,0
1072,1711893202203757,9989,10,0
1073,1711893202213761,9990,9,0
1074,1711893202223764,9990,9,0
1075,1711893202233769,9990,9,0
1076,1711893202243772,9989,10,0
1077,1711893202253776,9989,10,0
1078,1711893202263779,9989,10,0
1079,1711893202273783,9989,10,0
1080,1711893202283788,9989,10,0
1081,1711893202293791,9989,10,0
1082,1711893202303794,9991,8,0
1083,1711893202313797,9991,8,0
1084,1711893202323800,9991,8,0
1085,1711893202333803,9991,8,0
1086,1711893202343807,9992,7,0
1087,1711893202353813,9989,10,0
1088,1711893202363816,9990,9,0
1089,1711893202373819,9991,8,0
1090,1711893202383823,9991,8,0
1091,1711893202393828,9992,7,0
1092,1711893202403831,9989,10,0
1093,1711893202413835,9989,10,0
1094,1711893202423838,9989,10,0
1095,1711893202433842,9989,10,0
1096,1711893202443846,9989,10,0
1097,1711893202453849,9989,10,0
1098,1711893202463853,9989,10,0
1099,1711893202473857,9989,10,0
1100,1711893202483861,9989,10,0
1101,1711893202493865,9988,11,0
1102,1711893202503869,9989,10,0
1103,1711893202513872,9989,10,0
1104,1711893202523876,9989,10,0
1105,1711893202533880,9989,10,0
1106,1711893202543883,9989,10,0
1107,1711893202553887,9989,10,0
1108,1711893202563891,9989,10,0
1109,1711893202573895,9989,10,0
1110,1711893202583899,9989,10,0
1111,1711893202593904,9989,10,0
1112,1711893202603907,9989,10,0
1113,1711893202613911,9989,10,0
1114,1711893202623914,9989,10,0
1115,1711893202633918,9989,10,0
1116,1711893202643922,9989,10,0
1117,1711893202653925,9989,10,0
1118,1711893202663929,9989,10,0
1119,1711893202673932,9989,10,0
1120,1711893202683937,9989,10,0
1121,1711893202693941,9989,10,0
1122,1711893202703945,9989,10,0
1123,1711893202713948,9989,10,0
1124,1711893202723952,9989,10,0
1125,1711893202733956,9989,10,0
1126,1711893202743959,9989,10,0
1127,1711893202753963,9989,10,0
1128,1711893202763966,9989,10,0
1129,1711893202773970,9989,10,0
1130,1711893202783975,9989,10,0
1131,1711893202793978,9989,10,0
1132,1711893202803982,9989,10,0
1133,1711893202813986,9989,10,0
1134,1711893202823989,9989,10,0
1135,1711893202833993,9988,11,0
1136,1711893202843996,9989,10,0
1137,1711893202854000,9989,10,0
1138,1711893202864004,9989,10,0
1139,1711893202874008,9989,10,0
1140,1711893202884013,9989,10,0
1141,1711893202894016,9989,10,0
1142,1711893202904020,9989,10,0
1143,1711893202914024,9989,10,0
1144,1711893202924027,9989,10,0
1145,1711893202934031,9989,10,0
1146,1711893202944035,9989,10,0
1147,1711893202954038,9989,10,0
1148,1711893202964042,9989,10,0
1149,1711893202974045,9989,10,0
1150,1711893202984050,9989,10,0
1151,1711893202994054,9989,10,0
1152,1711893203004058,9989,10,0
1153,1711893203014061,9989,10,0
1154,1711893203024065,9989,10,0
1155,1711893203034068,9989,10,0
1156,1711893203044072,9989,10,0
1157,1711893203054076,9989,10,0
1158,1711893203064079,9989,10,0
1159,1711893203074083,9989,10,0
1160,1711893203084094,9988,11,0
1161,1711893203094098,9985,14,0
1162,1711893203104102,9989,10,0
1163,1711893203114105,9989,10,0
1164,1711893203124109,9989,10,0
1165,1711893203134113,9989,10,0
1166,1711893203144116,9989,10,0
1167,1711893203154120,9989,10,0
1168,1711893203164123,9989,10,0
1169,1711893203174127,9989,10,0
1170,1711893203184133,9989,10,0
1171,1711893203194137,9989,10,0
1172,1711893203204140,9989,10,0
1173,1711893203214144,9989,10,0
1174,1711893203224147,9989,10,0
1175,1711893203234151,9989,10,0
1176,1711893203244154,9989,10,0
1177,1711893203254159,9989,10,0
1178,1711893203264162,9989,10,0
1179,1711893203274166,9989,10,0
1180,1711893203284170,9989,10,0
1181,1711893203294174,9990,9,0
1182,1711893203304178,9989,10,0
1183,1711893203314181,9989,10,0
1184,1711893203324185,9989,10,0
1185,1711893203334188,9989,10,0
1186,1711893203344192,9989,10,0
1187,1711893203354196,9989,10,0
1188,1711893203364199,9989,10,0
1189,1711893203374203,9989,10,0
1190,1711893203384208,9989,10,0
1191,1711893203394211,9989,10,0
1192,1711893203404215,9989,10,0
1193,1711893203414218,9989,10,0
1194,1711893203424222,9989,10,0
1195,1711893203434226,9989,10,0
1196,1711893203444229,9989,10,0
1197,1711893203454233,9989,10,0
1198,1711893203464236,9989,10,0
1199,1711893203474240,9989,10,0
1200,1711893203484245,9989,10,0
1201,1711893203494249,9988,11,0
1202,1711893203504253,9989,10,0
1203,1711893203514256,9989,10,0
1204,1711893203524260,9989,10,0
1205,1711893203534264,9989,10,0
1206,1711893203544267,9989,10,0
1207,1711893203554271,9989,10,0
1208,1711893203564276,9989,10,0
1209,1711893203574279,9989,10,0
1210,1711893203584284,9989,10,0
1211,1711893203594288,9989,10,0
1212,1711893203604292,9989,10,0
1213,1711893203614296,9989,10,0
1214,1711893203624300,9989,10,0
1215,1711893203634303,9989,10,0
1216,1711893203644307,9984,15,0
1217,1711893203654311,9989,10,0
1218,1711893203664315,9989,10,0
1219,1711893203674319,9989,10,0
1220,1711893203684324,9989,10,0
1221,1711893203694327,9989,10,0
1222,1711893203704331,9989,10,0
1223,1711893203714335,9989,10,0
1224,1711893203724339,9989,10,0
1225,1711893203734342,9989,10,0
1226,1711893203744346,9989,10,0
1227,1711893203754350,9989,10,0
1228,1711893203764354,9989,10,0
1229,1711893203774357,9989,10,0
1230,1711893203784362,9989,10,0
1231,1711893203794366,9989,10,0
1232,1711893203804370,9989,10,0
1233,1711893203814374,9989,10,0
1234,1711893203824378,9989,10,0
1235,1711893203834381,9989,10,0
1236,1711893203844385,9989,10,0
1237,1711893203854389,9989,10,0
1238,1711893203864393,9989,10,0
1239,1711893203874397,9989,10,0
1240,1711893203884401,9989,10,0
1241,1711893203894406,9989,10,0
1242,1711893203904409,9989,10,0
1243,1711893203914413,9989,10,0
1244,1711893203924417,9989,10,0
1245,1711893203934421,9989,10,0
1246,1711893203944424,9989,10,0
1247,1711893203954429,9989,10,0
1248,1711893203964432,9989,10,0
1249,1711893203974436,9989,10,0
1250,1711893203984441,9989,10,0
1251,1711893203994445,9989,10,0
1252,1711893204004449,9989,10,0
1253,1711893204014453,9989,10,0
1254,1711893204024457,9989,10,0
1255,1711893204034460,9989,10,0
1256,1711893204044464,9989,10,0
1257,1711893204054468,9989,10,0
1258,1711893204064472,9989,10,0
1259,1711893204074475,9989,10,0
1260,1711893204084480,9989,10,0
1261,1711893204094484,9989,10,0
1262,1711893204104487,9989,10,0
1263,1711893204114491,9989,10,0
1264,1711893204124495,9989,10,0
1265,1711893204134498,9989,10,0
1266,1711893204144502,9989,10,0
1267,1711893204154506,9989,10,0
1268,1711893204164509,9989,10,0
1269,1711893204174513,9989,10,0
1270,1711893204184518,9989,10,0
1271,1711893204194522,9989,10,0
1272,1711893204204525,9989,10,0
1273,1711893204214529,9989,10,0
1274,1711893204224533,9989,10,0
1275,1711893204234536,9989,10,0
1276,1711893204244540,9989,10,0
1277,1711893204254543,9989,10,0
1278,1711893204264547,9989,10,0
1279,1711893204274551,9989,10,0
1280,1711893204284556,9989,10,0
1281,1711893204294559,9989,10,0
1282,1711893204304563,9989,10,0
1283,1711893204314567,9989,10,0
1284,1711893204324570,9989,10,0
1285,1711893204334574,9989,10,0
1286,1711893204344577,9989,10,0
1287,1711893204354581,9989,10,0
1288,1711893204364585,9989,10,0
1289,1711893204374588,9989,10,0
1290,1711893204384593,9989,10,0
1291,1711893204394596,9989,10,0
1292,1711893204404600,9989,10,0
1293,1711893204414604,9989,10,0
1294,1711893204424608,9989,10,0
1295,1711893204434611,9989,10,0
1296,1711893204444615,9989,10,0
1297,1711893204454618,9989,10,0
1298,1711893204464622,9989,10,0
1299,1711893204474626,9989,10,0
1300,1711893204484631,9989,10,0
1301,1711893204494634,9989,10,0
1302,1711893204504638,9989,10,0
1303,1711893204514641,9989,10,0
1304,1711893204524645,9989,10,0
1305,1711893204534649,9989,10,0
1306,1711893204544652,9989,10,0
1307,1711893204554656,9989,10,0
1308,1711893204564660,9989,10,0
1309,1711893204574664,9989,10,0
1310,1711893204584674,9989,10,0
1311,1711893204594679,9985,14,0
1312,1711893204604682,9989,10,0
1313,1711893204614687,9989,10,0
1314,1711893204624691,9989,10,0
1315,1711893204634694,9989,10,0
1316,1711893204644698,9989,10,0
1317,1711893204654701,9989,10,0
1318,1711893204664705,9989,10,0
1319,1711893204674709,9989,10,0
1320,1711893204684714,9989,10,0
1321,1711893204694718,9989,10,0
1322,1711893204704721,9989,10,0
1323,1711893204714725,9989,10,0
1324,1711893204724728,9989,10,0
1325,1711893204734732,9989,10,0
1326,1711893204744736,9989,10,0
1327,1711893204754739,9989,10,0
1328,1711893204764743,9989,10,0
1329,1711893204774746,9989,10,0
1330,1711893204784753,9989,10,0
1331,1711893204794760,9986,13,0
1332,1711893204804764,9988,11,0
1333,1711893204814768,9989,10,0
1334,1711893204824771,9989,10,0
1335,1711893204834775,9989,10,0
1336,1711893204844778,9989,10,0
1337,1711893204854782,9989,10,0
1338,1711893204864786,9989,10,0
1339,1711893204874789,9989,10,0
1340,1711893204884794,9989,10,0
1341,1711893204894798,9989,10,0
1342,1711893204904802,9989,10,0
1343,1711893204914806,9989,10,0
1344,1711893204924809,9989,10,0
1345,1711893204934813,9989,10,0
1346,1711893204944816,9989,10,0
1347,1711893204954820,9989,10,0
1348,1711893204964824,9989,10,0
1349,1711893204974828,9989,10,0
1350,1711893204984833,9989,10,0
1351,1711893204994836,9990,9,0
1352,1711893205004840,9989,10,0
1353,1711893205014844,9989,10,0
1354,1711893205024847,9989,10,0
1355,1711893205034851,9989,10,0
1356,1711893205044854,9989,10,0
1357,1711893205054858,9989,10,0
1358,1711893205064861,9989,10,0
1359,1711893205074865,9989,10,0
1360,1711893205084870,9989,10,0
1361,1711893205094874,9989,10,0
1362,1711893205104877,9989,10,0
1363,1711893205114881,9989,10,0
1364,1711893205124884,9989,10,0
1365,1711893205134888,9989,10,0
1366,1711893205144891,9989,10,0
1367,1711893205154895,9989,10,0
1368,1711893205164898,9989,10,0
1369,1711893205174902,9989,10,0
1370,1711893205184907,9989,10,0
1371,1711893205194910,9989,10,0
1372,1711893205204914,9989,10,0
1373,1711893205214917,9989,10,0
1374,1711893205224921,9989,10,0
1375,1711893205234925,9989,10,0
1376,1711893205244929,9989,10,0
1377,1711893205254932,9989,10,0
1378,1711893205264936,9989,10,0
1379,1711893205274939,9989,10,0
1380,1711893205284944,9989,10,0
1381,1711893205294947,9989,10,0
1382,1711893205304951,9989,10,0
1383,1711893205314955,9989,10,0
1384,1711893205324959,9989,10,0
1385,1711893205334962,9989,10,0
1386,1711893205344966,9989,10,0
1387,1711893205354969,9989,10,0
1388,1711893205364973,9989,10,0
1389,1711893205374976,9989,10,0
1390,1711893205384981,9989,10,0
1391,1711893205394985,9989,10,0
1392,1711893205404988,9989,10,0
1393,1711893205414992,9989,10,0
1394,1711893205424996,9989,10,0
1395,1711893205435000,9989,10,0
1396,1711893205445003,9989,10,0
1397,1711893205455007,9989,10,0
1398,1711893205465010,9989,10,0
1399,1711893205475014,9989,10,0
1400,1711893205485019,9989,10,0
1401,1711893205495023,9989,10,0
1402,1711893205505026,9989,10,0
1403,1711893205515030,9989,10,0
1404,1711893205525034,9989,10,0
1405,1711893205535038,9989,10,0
1406,1711893205545041,9989,10,0
1407,1711893205555045,9989,10,0
1408,1711893205565049,9989,10,0
1409,1711893205575053,9989,10,0
1410,1711893205585058,9989,10,0
1411,1711893205595062,9989,10,0
1412,1711893205605066,9989,10,0
1413,1711893205615069,9989,10,0
1414,1711893205625073,9989,10,0
1415,1711893205635077,9983,16,0
1416,1711893205645081,9989,10,0
1417,1711893205655085,9989,10,0
1418,1711893205665088,9989,10,0
1419,1711893205675092,9989,10,0
1420,1711893205685097,9989,10,0
1421,1711893205695101,9989,10,0
1422,1711893205705105,9989,10,0
1423,1711893205715109,9989,10,0
1424,1711893205725112,9989,10,0
1425,1711893205735116,9989,10,0
1426,1711893205745120,9989,10,0
1427,1711893205755124,9989,10,0
1428,1711893205765127,9989,10,0
1429,1711893205775131,9989,10,0
1430,1711893205785136,9989,10,0
1431,1711893205795140,9989,10,0
1432,1711893205805144,9989,10,0
1433,1711893205815148,9989,10,0
1434,1711893205825152,9989,10,0
1435,1711893205835156,9989,10,0
1436,1711893205845159,9989,10,0
1437,1711893205855163,9989,10,0
1438,1711893205865167,9989,10,0
1439,1711893205875171,9989,10,0
1440,1711893205885175,9989,10,0
1441,1711893205895179,9989,10,0
1442,1711893205905183,9989,10,0
1443,1711893205915187,9989,10,0
1444,1711893205925191,9989,10,0
1445,1711893205935195,9989,10,0
1446,1711893205945199,9989,10,0
1447,1711893205955202,9989,10,0
1448,1711893205965206,9989,10,0
1449,1711893205975210,9989,10,0
1450,1711893205985215,9989,10,0
1451,1711893205995218,9989,10,0
1452,1711893206005223,9989,10,0
1453,1711893206015227,9989,10,0
1454,1711893206025231,9989,10,0
1455,1711893206035234,9989,10,0
1456,1711893206045238,9989,10,0
1457,1711893206055242,9989,10,0
1458,1711893206065246,9989,10,0
1459,1711893206075250,9989,10,0
1460,1711893206085260,9989,10,0
1461,1711893206095265,9985,14,0
1462,1711893206105268,9989,10,0
1463,1711893206115273,9989,10,0
1464,1711893206125277,9989,10,0
1465,1711893206135280,9989,10,0
1466,1711893206145284,9989,10,0
1467,1711893206155288,9989,10,0
1468,1711893206165291,9989,10,0
1469,1711893206175295,9989,10,0
1470,1711893206185300,9989,10,0
1471,1711893206195304,9990,9,0
1472,1711893206205308,9989,10,0
1473,1711893206215311,9989,10,0
1474,1711893206225315,9989,10,0
1475,1711893206235318,9989,10,0
1476,1711893206245322,9989,10,0
1477,1711893206255326,9989,10,0
1478,1711893206265330,9989,10,0
1479,1711893206275333,9989,10,0
1480,1711893206285338,9989,10,0
1481,1711893206295342,9989,10,0
1482,1711893206305345,9989,10,0
1483,1711893206315349,9989,10,0
1484,1711893206325353,9989,10,0
1485,1711893206335357,9989,10,0
1486,1711893206345360,9989,10,0
1487,1711893206355364,9989,10,0
1488,1711893206365368,9989,10,0
1489,1711893206375371,9989,10,0
1490,1711893206385376,9989,10,0
1491,1711893206395380,9989,10,0
1492,1711893206405383,9989,10,0
1493,1711893206415387,9989,10,0
1494,1711893206425390,9989,10,0
1495,1711893206435394,9989,10,0
1496,1711893206445397,9989,10,0
1497,1711893206455401,9989,10,0
1498,1711893206465405,9989,10,0
1499,1711893206475409,9989,10,0
1500,1711893206485414,9989,10,0
1501,1711893206495417,9989,10,0
1502,1711893206505421,9989,10,0
1503,1711893206515425,9989,10,0
1504,1711893206525428,9989,10,0
1505,1711893206535432,9989,10,0
1506,1711893206545436,9989,10,0
1507,1711893206555439,9989,10,0
1508,1711893206565443,9989,10,0
1509,1711893206575447,9989,10,0
1510,1711893206585452,9989,10,0
1511,1711893206595455,9989,10,0
1512,1711893206605459,9989,10,0
1513,1711893206615463,9989,10,0
1514,1711893206625467,9989,10,0
1515,1711893206635470,9989,10,0
1516,1711893206645474,9989,10,0
1517,1711893206655477,9989,10,0
1518,1711893206665481,9989,10,0
1519,1711893206675485,9989,10,0
1520,1711893206685490,9989,10,0
1521,1711893206695493,9989,10,0
1522,1711893206705497,9989,10,0
1523,1711893206715500,9989,10,0
1524,1711893206725504,9989,10,0
1525,1711893206735508,9989,10,0
1526,1711893206745511,9989,10,0
1527,1711893206755515,9989,10,0
1528,1711893206765519,9989,10,0
1529,1711893206775522,9989,10,0
1530,1711893206785527,9989,10,0
1531,1711893206795531,9989,10,0
1532,1711893206805534,9989,10,0
1533,1711893206815538,9989,10,0
1534,1711893206825542,9989,10,0
1535,1711893206835545,9989,10,0
1536,1711893206845549,9989,10,0
1537,1711893206855552,9989,10,0
1538,1711893206865556,9989,10,0
1539,1711893206875559,9989,10,0
1540,1711893206885564,9989,10,0
1541,1711893206895568,9989,10,0
1542,1711893206905572,9989,10,0
1543,1711893206915575,9989,10,0
1544,1711893206925579,9989,10,0
1545,1711893206935582,9989,10,0
1546,1711893206945586,9990,9,0
1547,1711893206955589,9989,10,0
1548,1711893206965594,9989,10,0
1549,1711893206975597,9989,10,0
1550,1711893206985602,9989,10,0
1551,1711893206995606,9989,10,0
1552,1711893207005609,9989,10,0
1553,1711893207015613,9989,10,0
1554,1711893207025617,9989,10,0
1555,1711893207035621,9989,10,0
1556,1711893207045624,9989,10,0
1557,1711893207055628,9989,10,0
1558,1711893207065632,9989,10,0
1559,1711893207075635,9989,10,0
1560,1711893207085640,9989,10,0
1561,1711893207095644,9989,10,0
1562,1711893207105647,9989,10,0
1563,1711893207115651,9989,10,0
1564,1711893207125655,9989,10,0
1565,1711893207135658,9989,10,0
1566,1711893207145662,9989,10,0
1567,1711893207155665,9989,10,0
1568,1711893207165669,9989,10,0
1569,1711893207175673,9989,10,0
1570,1711893207185677,9989,10,0
1571,1711893207195681,9988,11,0
1572,1711893207205685,9989,10,0
1573,1711893207215688,9989,10,0
1574,1711893207225692,9989,10,0
1575,1711893207235695,9989,10,0
1576,1711893207245699,9989,10,0
1577,1711893207255703,9989,10,0
1578,1711893207265706,9989,10,0
1579,1711893207275710,9989,10,0
1580,1711893207285715,9989,10,0
1581,1711893207295719,9989,10,0
1582,1711893207305722,9989,10,0
1583,1711893207315726,9989,10,0
1584,1711893207325730,9989,10,0
1585,1711893207335733,9989,10,0
1586,1711893207345738,9989,10,0
1587,1711893207355745,9986,13,0
1588,1711893207365749,9988,11,0
1589,1711893207375753,9989,10,0
1590,1711893207385758,9989,10,0
1591,1711893207395762,9990,9,0
1592,1711893207405765,9989,10,0
1593,1711893207415769,9989,10,0
1594,1711893207425772,9989,10,0
1595,1711893207435776,9989,10,0
1596,1711893207445779,9989,10,0
1597,1711893207455783,9989,10,0
1598,1711893207465787,9989,10,0
1599,1711893207475791,9989,10,0
1600,1711893207485796,9989,10,0
1601,1711893207495799,9989,10,0
1602,1711893207505803,9989,10,0
1603,1711893207515807,9989,10,0
1604,1711893207525811,9989,10,0
1605,1711893207535815,9989,10,0
1606,1711893207545818,9989,10,0
1607,1711893207555822,9989,10,0
1608,1711893207565826,9989,10,0
1609,1711893207575830,9989,10,0
1610,1711893207585835,9989,10,0
1611,1711893207595843,9989,10,0
1612,1711893207605848,9985,14,0
1613,1711893207615852,9988,11,0
1614,1711893207625856,9989,10,0
1615,1711893207635860,9989,10,0
1616,1711893207645864,9989,10,0
1617,1711893207655868,9989,10,0
1618,1711893207665871,9989,10,0
1619,1711893207675875,9989,10,0
1620,1711893207685881,9989,10,0
1621,1711893207695885,9989,10,0
1622,1711893207705889,9989,10,0
1623,1711893207715893,9989,10,0
1624,1711893207725897,9989,10,0
1625,1711893207735900,9989,10,0
1626,1711893207745904,9989,10,0
1627,1711893207755908,9989,10,0
1628,1711893207765912,9989,10,0
1629,1711893207775916,9989,10,0
1630,1711893207785921,9989,10,0
1631,1711893207795925,9990,9,0
1632,1711893207805929,9989,10,0
1633,1711893207815933,9989,10,0
1634,1711893207825936,9989,10,0
1635,1711893207835940,9989,10,0
1636,1711893207845944,9989,10,0
1637,1711893207855948,9989,10,0
1638,1711893207865952,9989,10,0
1639,1711893207875955,9989,10,0
1640,1711893207885960,9989,10,0
1641,1711893207895964,9989,10,0
1642,1711893207905968,9989,10,0
1643,1711893207915972,9989,10,0
1644,1711893207925976,9989,10,0
1645,1711893207935980,9989,10,0
1646,1711893207945983,9989,10,0
1647,1711893207955987,9989,10,0
1648,1711893207965991,9989,10,0
1649,1711893207975995,9989,10,0
1650,1711893207986000,9989,10,0
1651,1711893207996004,9989,10,0
1652,1711893208006008,9989,10,0
1653,1711893208016012,9989,10,0
1654,1711893208026015,9989,10,0
1655,1711893208036019,9989,10,0
1656,1711893208046023,9989,10,0
1657,1711893208056027,9989,10,0
1658,1711893208066031,9989,10,0
1659,1711893208076034,9989,10,0
1660,1711893208086039,9989,10,0
1661,1711893208096043,9989,10,0
1662,1711893208106047,9989,10,0
1663,1711893208116051,9990,9,0
1664,1711893208126055,9989,10,0
1665,1711893208136058,9989,10,0
1666,1711893208146062,9989,10,0
1667,1711893208156066,9989,10,0
1668,1711893208166069,9989,10,0
1669,1711893208176073,9989,10,0
1670,1711893208186078,9989,10,0
1671,1711893208196081,9989,10,0
1672,1711893208206085,9989,10,0
1673,1711893208216089,9989,10,0
1674,1711893208226092,9989,10,0
1675,1711893208236096,9989,10,0
1676,1711893208246099,9989,10,0
1677,1711893208256103,9989,10,0
1678,1711893208266107,9989,10,0
1679,1711893208276110,9989,10,0
1680,1711893208286115,9989,10,0
1681,1711893208296119,9989,10,0
1682,1711893208306122,9989,10,0
1683,1711893208316126,9989,10,0
1684,1711893208326130,9989,10,0
1685,1711893208336133,9989,10,0
1686,1711893208346137,9989,10,0
1687,1711893208356140,9989,10,0
1688,1711893208366144,9989,10,0
1689,1711893208376148,9989,10,0
1690,1711893208386152,9989,10,0
1691,1711893208396156,9989,10,0
1692,1711893208406160,9989,10,0
1693,1711893208416163,9989,10,0
1694,1711893208426167,9989,10,0
1695,1711893208436170,9989,10,0
1696,1711893208446174,9989,10,0
1697,1711893208456177,9989,10,0
1698,1711893208466181,9989,10,0
1699,1711893208476184,9989,10,0
1700,1711893208486189,9989,10,0
1701,1711893208496194,9989,10,0
1702,1711893208506197,9989,10,0
1703,1711893208516201,9989,10,0
1704,1711893208526204,9989,10,0
1705,1711893208536208,9989,10,0
1706,1711893208546211,9989,10,0
1707,1711893208556215,9989,10,0
1708,1711893208566218,9989,10,0
1709,1711893208576222,9989,10,0
1710,1711893208586227,9989,10,0
1711,1711893208596231,9989,10,0
1712,1711893208606235,9989,10,0
1713,1711893208616238,9989,10,0
1714,1711893208626242,9989,10,0
1715,1711893208636246,9989,10,0
1716,1711893208646249,9989,10,0
1717,1711893208656253,9989,10,0
1718,1711893208666256,9989,10,0
1719,1711893208676260,9989,10,0
1720,1711893208686264,9989,10,0
1721,1711893208696268,9989,10,0
1722,1711893208706272,9989,10,0
1723,1711893208716275,9989,10,0
1724,1711893208726279,9989,10,0
1725,1711893208736282,9989,10,0
1726,1711893208746286,9990,10,0
1727,1711893208756290,9989,10,0
1728,1711893208766293,9989,10,0
1729,1711893208776297,9989,10,0
1730,1711893208786301,9989,10,0
1731,1711893208796305,9985,14,0
1732,1711893208806309,9989,10,0
1733,1711893208816313,9989,10,0
1734,1711893208826316,9989,10,0
1735,1711893208836320,9989,10,0
1736,1711893208846324,9989,10,0
1737,1711893208856327,9989,10,0
1738,1711893208866331,9989,10,0
1739,1711893208876334,9989,10,0
1740,1711893208886339,9989,10,0
1741,1711893208896343,9989,10,0
1742,1711893208906346,9989,10,0
1743,1711893208916350,9989,10,0
1744,1711893208926353,9989,10,0
1745,1711893208936357,9989,10,0
1746,1711893208946360,9989,10,0
1747,1711893208956364,9989,10,0
1748,1711893208966368,9989,10,0
1749,1711893208976371,9989,10,0
1750,1711893208986376,9989,10,0
1751,1711893208996379,9989,10,0
1752,1711893209006384,9989,10,0
1753,1711893209016387,9989,10,0
1754,1711893209026391,9989,10,0
1755,1711893209036394,9989,10,0
1756,1711893209046398,9989,10,0
1757,1711893209056401,9989,10,0
1758,1711893209066405,9989,10,0
1759,1711893209076409,9989,10,0
1760,1711893209086414,9989,10,0
1761,1711893209096422,9989,10,0
1762,1711893209106426,9984,15,0
1763,1711893209116430,9988,11,0
1764,1711893209126434,9989,10,0
1765,1711893209136437,9989,10,0
1766,1711893209146441,9989,10,0
1767,1711893209156445,9989,10,0
1768,1711893209166448,9989,10,0
1769,1711893209176452,9989,10,0
1770,1711893209186458,9989,10,0
1771,1711893209196462,9989,10,0
1772,1711893209206466,9989,10,0
1773,1711893209216469,9989,10,0
1774,1711893209226473,9989,10,0
1775,1711893209236477,9989,10,0
1776,1711893209246480,9989,10,0
1777,1711893209256484,9989,10,0
1778,1711893209266487,9989,10,0
1779,1711893209276491,9989,10,0
1780,1711893209286496,9989,10,0
1781,1711893209296499,9990,9,0
1782,1711893209306503,9989,10,0
1783,1711893209316507,9989,10,0
1784,1711893209326511,9989,10,0
1785,1711893209336515,9989,10,0
1786,1711893209346518,9989,10,0
1787,1711893209356522,9989,10,0
1788,1711893209366525,9989,10,0
1789,1711893209376529,9988,11,0
1790,1711893209386534,9989,10,0
1791,1711893209396538,9989,10,0
1792,1711893209406541,9989,10,0
1793,1711893209416545,9989,10,0
1794,1711893209426549,9989,10,0
1795,1711893209436552,9989,10,0
1796,1711893209446556,9989,10,0
1797,1711893209456559,9989,10,0
1798,1711893209466563,9989,10,0
1799,1711893209476567,9989,10,0
1800,1711893209486571,9989,10,0
1801,1711893209496575,9989,10,0
1802,1711893209506579,9989,10,0
1803,1711893209516583,9989,10,0
1804,1711893209526587,9989,10,0
1805,1711893209536591,9989,10,0
1806,1711893209546594,9989,10,0
1807,1711893209556598,9989,10,0
1808,1711893209566603,9989,10,0
1809,1711893209576606,9989,10,0
1810,1711893209586611,9989,10,0
1811,1711893209596615,9990,9,0
1812,1711893209606619,9989,10,0
1813,1711893209616623,9989,10,0
1814,1711893209626626,9989,10,0
1815,1711893209636630,9989,10,0
1816,1711893209646634,9989,10,0
1817,1711893209656638,9989,10,0
1818,1711893209666641,9989,10,0
1819,1711893209676645,9989,10,0
1820,1711893209686650,9989,10,0
1821,1711893209696654,9989,10,0
1822,1711893209706658,9989,10,0
1823,1711893209716662,9989,10,0
1824,1711893209726665,9989,10,0
1825,1711893209736669,9989,10,0
1826,1711893209746673,9989,10,0
1827,1711893209756677,9989,10,0
1828,1711893209766680,9989,10,0
1829,1711893209776684,9989,10,0
1830,1711893209786689,9989,10,0
1831,1711893209796693,9989,10,0
1832,1711893209806697,9989,10,0
1833,1711893209816701,9989,10,0
1834,1711893209826705,9989,10,0
1835,1711893209836708,9989,10,0
1836,1711893209846712,9989,10,0
1837,1711893209856716,9989,10,0
1838,1711893209866720,9989,10,0
1839,1711893209876723,9989,10,0
1840,1711893209886728,9989,10,0
1841,1711893209896732,9989,10,0
1842,1711893209906736,9989,10,0
1843,1711893209916740,9989,10,0
1844,1711893209926744,9989,10,0
1845,1711893209936747,9989,10,0
1846,1711893209946751,9989,10,0
1847,1711893209956755,9989,10,0
1848,1711893209966759,9989,10,0
1849,1711893209976762,9989,10,0
1850,1711893209986767,9989,10,0
1851,1711893209996771,9989,10,0
1852,1711893210006775,9989,10,0
1853,1711893210016779,9989,10,0
1854,1711893210026783,9989,10,0
1855,1711893210036787,9989,10,0
1856,1711893210046791,9989,10,0
1857,1711893210056795,9989,10,0
1858,1711893210066798,9989,10,0
1859,1711893210076802,9989,10,0
1860,1711893210086807,9989,10,0
1861,1711893210096812,9989,10,0
1862,1711893210106815,9989,10,0
1863,1711893210116819,9989,10,0
1864,1711893210126823,9989,10,0
1865,1711893210136827,9989,10,0
1866,1711893210146830,9989,10,0
1867,1711893210156834,9989,10,0
1868,1711893210166838,9989,10,0
1869,1711893210176841,9989,10,0
1870,1711893210186846,9989,10,0
1871,1711893210196850,9989,10,0
1872,1711893210206853,9989,10,0
1873,1711893210216857,9988,11,0
1874,1711893210226861,9989,10,0
1875,1711893210236864,9989,10,0
1876,1711893210246868,9989,10,0
1877,1711893210256871,9989,10,0
1878,1711893210266875,9989,10,0
1879,1711893210276878,9989,10,0
1880,1711893210286883,9989,10,0
1881,1711893210296887,9989,10,0
1882,1711893210306890,9989,10,0
1883,1711893210316894,9989,10,0
1884,1711893210326898,9989,10,0
1885,1711893210336901,9989,10,0
1886,1711893210346905,9989,10,0
1887,1711893210356909,9989,10,0
1888,1711893210366912,9989,10,0
1889,1711893210376916,9989,10,0
1890,1711893210386921,9989,10,0
1891,1711893210396925,9990,9,0
1892,1711893210406928,9989,10,0
1893,1711893210416932,9989,10,0
1894,1711893210426935,9989,10,0
1895,1711893210436939,9989,10,0
1896,1711893210446943,9989,10,0
1897,1711893210456946,9989,10,0
1898,1711893210466950,9989,10,0
1899,1711893210476953,9989,10,0
1900,1711893210486958,9989,10,0
1901,1711893210496962,9989,10,0
1902,1711893210506965,9989,10,0
1903,1711893210516969,9989,10,0
1904,1711893210526972,9989,10,0
1905,1711893210536976,9989,10,0
1906,1711893210546980,9989,10,0
1907,1711893210556985,9988,11,0
1908,1711893210566988,9989,10,0
1909,1711893210576992,9989,10,0
1910,1711893210586997,9989,10,0
1911,1711893210597001,9989,10,0
1912,1711893210607009,9988,11,0
1913,1711893210617015,9984,15,0
1914,1711893210627018,9989,10,0
1915,1711893210637022,9989,10,0
1916,1711893210647026,9989,10,0
1917,1711893210657029,9989,10,0
1918,1711893210667033,9989,10,0
1919,1711893210677037,9989,10,0
1920,1711893210687043,9989,10,0
1921,1711893210697046,9989,10,0
1922,1711893210707050,9989,10,0
1923,1711893210717054,9989,10,0
1924,1711893210727057,9989,10,0
1925,1711893210737061,9989,10,0
1926,1711893210747065,9989,10,0
1927,1711893210757069,9989,10,0
1928,1711893210767072,9989,10,0
1929,1711893210777076,9989,10,0
1930,1711893210787080,9989,10,0
1931,1711893210797084,9990,9,0
1932,1711893210807088,9989,10,0
1933,1711893210817091,9989,10,0
1934,1711893210827095,9989,10,0
1935,1711893210837098,9989,10,0
1936,1711893210847102,9989,10,0
1937,1711893210857106,9989,10,0
1938,1711893210867109,9989,10,0
1939,1711893210877113,9989,10,0
1940,1711893210887118,9989,10,0
1941,1711893210897121,9989,10,0
1942,1711893210907125,9989,10,0
1943,1711893210917128,9989,10,0
1944,1711893210927132,9989,10,0
1945,1711893210937136,9989,10,0
1946,1711893210947139,9989,10,0
1947,1711893210957143,9989,10,0
1948,1711893210967146,9989,10,0
1949,1711893210977150,9989,10,0
1950,1711893210987155,9989,10,0
1951,1711893210997158,9989,10,0
1952,1711893211007163,9989,10,0
1953,1711893211017167,9989,10,0
1954,1711893211027170,9989,10,0
1955,1711893211037174,9989,10,0
1956,1711893211047177,9989,10,0
1957,1711893211057182,9989,10,0
1958,1711893211067185,9989,10,0
1959,1711893211077189,9989,10,0
1960,1711893211087194,9989,10,0
1961,1711893211097197,9990,9,0
1962,1711893211107201,9989,10,0
1963,1711893211117204,9989,10,0
1964,1711893211127208,9989,10,0
1965,1711893211137212,9989,10,0
1966,1711893211147215,9989,10,0
1967,1711893211157219,9989,10,0
1968,1711893211167223,9989,10,0
1969,1711893211177226,9989,10,0
1970,1711893211187231,9989,10,0
1971,1711893211197235,9989,10,0
1972,1711893211207238,9989,10,0
1973,1711893211217242,9989,10,0
1974,1711893211227245,9989,10,0
1975,1711893211237249,9989,10,0
1976,1711893211247253,9989,10,0
1977,1711893211257256,9989,10,0
1978,1711893211267260,9989,10,0
1979,1711893211277263,9989,10,0
1980,1711893211287268,9989,10,0
1981,1711893211297272,9989,10,0
1982,1711893211307275,9989,10,0
1983,1711893211317279,9989,10,0
1984,1711893211327282,9989,10,0
1985,1711893211337286,9989,10,0
1986,1711893211347289,9989,10,0
1987,1711893211357293,9989,10,0
1988,1711893211367297,9989,10,0
1989,1711893211377301,9989,10,0
1990,1711893211387305,9989,10,0
1991,1711893211397309,9989,10,0
1992,1711893211407313,9989,10,0
1993,1711893211417316,9989,10,0
1994,1711893211427320,9989,10,0
1995,1711893211437323,9989,10,0
1996,1711893211447327,9989,10,0
1997,1711893211457331,9989,10,0
1998,1711893211467334,9989,10,0
1999,1711893211477338,9989,10,0
2000,1711893211487343,9989,10,0
2001,1711893211497347,9990,9,0
2002,1711893211507351,9989,10,0
2003,1711893211517355,9989,10,0
2004,1711893211527359,9989,10,0
2005,1711893211537363,9988,11,0
2006,1711893211547366,9989,10,0
2007,1711893211557370,9989,10,0
2008,1711893211567374,9989,10,0
2009,1711893211577378,9989,10,0
2010,1711893211587383,9989,10,0
2011,1711893211597387,9989,10,0
2012,1711893211607391,9989,10,0
2013,1711893211617395,9989,10,0
2014,1711893211627399,9989,10,0
2015,1711893211637402,9989,10,0
2016,1711893211647406,9989,10,0
2017,1711893211657410,9989,10,0
2018,1711893211667414,9989,10,0
2019,1711893211677418,9989,10,0
2020,1711893211687423,9989,10,0
2021,1711893211697426,9989,10,0
2022,1711893211707430,9989,10,0
2023,1711893211717434,9989,10,0
2024,1711893211727438,9989,10,0
2025,1711893211737441,9989,10,0
2026,1711893211747445,9989,10,0
2027,1711893211757449,9989,10,0
2028,1711893211767453,9989,10,0
2029,1711893211777457,9989,10,0
2030,1711893211787461,9989,10,0
2031,1711893211797465,9989,10,0
2032,1711893211807469,9989,10,0
2033,1711893211817473,9989,10,0
2034,1711893211827477,9989,10,0
2035,1711893211837481,9989,10,0
2036,1711893211847484,9989,10,0
2037,1711893211857488,9989,10,0
2038,1711893211867492,9989,10,0
2039,1711893211877496,9989,10,0
2040,1711893211887500,9989,10,0
2041,1711893211897504,9989,10,0
2042,1711893211907508,9989,10,0
2043,1711893211917512,9989,10,0
2044,1711893211927516,9989,10,0
2045,1711893211937519,9989,10,0
2046,1711893211947523,9989,10,0
2047,1711893211957527,9989,10,0
2048,1711893211967531,9989,10,0
2049,1711893211977535,9975,24,0
2050,1711893211987540,9989,10,0
2051,1711893211997544,9990,9,0
2052,1711893212007548,9989,10,0
2053,1711893212017551,9989,10,0
2054,1711893212027555,9989,10,0
2055,1711893212037559,9989,10,0
2056,1711893212047563,9989,10,0
2057,1711893212057567,9989,10,0
2058,1711893212067570,9989,10,0
2059,1711893212077574,9989,10,0
2060,1711893212087580,9989,10,0
2061,1711893212097584,9989,10,0
2062,1711893212107591,9989,10,0
2063,1711893212117595,9984,15,0
2064,1711893212127599,9989,10,0
2065,1711893212137603,9989,10,0
2066,1711893212147608,9990,9,0
2067,1711893212157611,9989,10,0
2068,1711893212167615,9989,10,0
2069,1711893212177619,9989,10,0
2070,1711893212187624,9989,10,0
2071,1711893212197627,9989,10,0
2072,1711893212207631,9989,10,0
2073,1711893212217635,9989,10,0
2074,1711893212227638,9989,10,0
2075,1711893212237642,9989,10,0
2076,1711893212247645,9989,10,0
2077,1711893212257649,9989,10,0
2078,1711893212267653,9989,10,0
2079,1711893212277656,9989,10,0
2080,1711893212287661,9989,10,0
2081,1711893212297665,9989,10,0
2082,1711893212307668,9989,10,0
2083,1711893212317672,9989,10,0
2084,1711893212327676,9989,10,0
2085,1711893212337679,9989,10,0
2086,1711893212347685,9989,10,0
2087,1711893212357692,9985,14,0
2088,1711893212367696,9988,11,0
2089,1711893212377700,9989,10,0
2090,1711893212387705,9989,10,0
2091,1711893212397709,9989,10,0
2092,1711893212407713,9989,10,0
2093,1711893212417716,9989,10,0
2094,1711893212427720,9989,10,0
2095,1711893212437724,9989,10,0
2096,1711893212447727,9989,10,0
2097,1711893212457731,9989,10,0
2098,1711893212467735,9989,10,0
2099,1711893212477739,9989,10,0
2100,1711893212487743,9989,10,0
2101,1711893212497747,9989,10,0
2102,1711893212507751,9989,10,0
2103,1711893212517754,9989,10,0
2104,1711893212527758,9989,10,0
2105,1711893212537761,9989,10,0
2106,1711893212547765,9989,10,0
2107,1711893212557769,9989,10,0
2108,1711893212567772,9989,10,0
2109,1711893212577776,9989,10,0
2110,1711893212587781,9989,10,0
2111,1711893212597784,9989,10,0
2112,1711893212607788,9989,10,0
2113,1711893212617792,9989,10,0
2114,1711893212627795,9989,10,0
2115,1711893212637799,9989,10,0
2116,1711893212647802,9989,10,0
2117,1711893212657806,9989,10,0
2118,1711893212667810,9989,10,0
2119,1711893212677813,9989,10,0
2120,1711893212687818,9989,10,0
2121,1711893212697822,9988,11,0
2122,1711893212707825,9989,10,0
2123,1711893212717829,9989,10,0
2124,1711893212727832,9989,10,0
2125,1711893212737836,9989,10,0
2126,1711893212747840,9989,10,0
2127,1711893212757843,9989,10,0
2128,1711893212767847,9989,10,0
2129,1711893212777850,9989,10,0
2130,1711893212787855,9989,10,0
2131,1711893212797859,9989,10,0
2132,1711893212807862,9989,10,0
2133,1711893212817866,9989,10,0
2134,1711893212827870,9989,10,0
2135,1711893212837873,9989,10,0
2136,1711893212847877,9989,10,0
2137,1711893212857880,9989,10,0
2138,1711893212867884,9989,10,0
2139,1711893212877887,9989,10,0
2140,1711893212887892,9989,10,0
2141,1711893212897896,9989,10,0
2142,1711893212907899,9989,10,0
2143,1711893212917903,9989,10,0
2144,1711893212927907,9989,10,0
2145,1711893212937910,9989,10,0
2146,1711893212947914,9989,10,0
2147,1711893212957917,9989,10,0
2148,1711893212967921,9989,10,0
2149,1711893212977925,9989,10,0
2150,1711893212987929,9989,10,0
2151,1711893212997933,9989,10,0
2152,1711893213007937,9989,10,0
2153,1711893213017941,9989,10,0
2154,1711893213027944,9989,10,0
2155,1711893213037948,9989,10,0
2156,1711893213047951,9989,10,0
2157,1711893213057955,9989,10,0
2158,1711893213067959,9989,10,0
2159,1711893213077962,9989,10,0
2160,1711893213087967,9989,10,0
2161,1711893213097971,9989,10,0
2162,1711893213107975,9989,10,0
2163,1711893213117978,9989,10,0
2164,1711893213127982,9989,10,0
2165,1711893213137985,9989,10,0
2166,1711893213147989,9989,10,0
2167,1711893213157993,9989,10,0
2168,1711893213167997,9989,10,0
2169,1711893213178000,9989,10,0
2170,1711893213188005,9989,10,0
2171,1711893213198009,9989,10,0
2172,1711893213208013,9989,10,0
2173,1711893213218016,9989,10,0
2174,1711893213228020,9989,10,0
2175,1711893213238024,9989,10,0
2176,1711893213248027,9989,10,0
2177,1711893213258031,9989,10,0
2178,1711893213268034,9989,10,0
2179,1711893213278038,9989,10,0
2180,1711893213288043,9989,10,0
2181,1711893213298046,9988,11,0
2182,1711893213308050,9989,10,0
2183,1711893213318054,9989,10,0
2184,1711893213328057,9989,10,0
2185,1711893213338061,9989,10,0
2186,1711893213348064,9989,10,0
2187,1711893213358068,9989,10,0
2188,1711893213368071,9989,10,0
2189,1711893213378075,9989,10,0
2190,1711893213388080,9989,10,0
2191,1711893213398083,9989,10,0
2192,1711893213408087,9989,10,0
2193,1711893213418091,9989,10,0
2194,1711893213428095,9989,10,0
2195,1711893213438098,9989,10,0
2196,1711893213448102,9989,10,0
2197,1711893213458105,9989,10,0
2198,1711893213468109,9989,10,0
2199,1711893213478113,9989,10,0
2200,1711893213488117,9989,10,0
2201,1711893213498122,9988,11,0
2202,1711893213508126,9989,10,0
2203,1711893213518129,9989,10,0
2204,1711893213528133,9989,10,0
2205,1711893213538137,9989,10,0
2206,1711893213548141,9989,10,0
2207,1711893213558145,9989,10,0
2208,1711893213568148,9989,10,0
2209,1711893213578152,9989,10,0
2210,1711893213588157,9989,10,0
2211,1711893213598161,9989,10,0
2212,1711893213608169,9989,10,0
2213,1711893213618174,9985,14,0
2214,1711893213628178,9989,10,0
2215,1711893213638182,9988,11,0
2216,1711893213648186,9989,10,0
2217,1711893213658190,9989,10,0
2218,1711893213668194,9989,10,0
2219,1711893213678198,9989,10,0
2220,1711893213688204,9989,10,0
2221,1711893213698208,9989,10,0
2222,1711893213708212,9989,10,0
2223,1711893213718215,9989,10,0
2224,1711893213728219,9989,10,0
2225,1711893213738223,9989,10,0
2226,1711893213748227,9989,10,0
2227,1711893213758231,9989,10,0
2228,1711893213768234,9989,10,0
2229,1711893213778238,9989,10,0
2230,1711893213788243,9989,10,0
2231,1711893213798247,9989,10,0
2232,1711893213808251,9989,10,0
2233,1711893213818255,9989,10,0
2234,1711893213828258,9989,10,0
2235,1711893213838262,9989,10,0
2236,1711893213848266,9989,10,0
2237,1711893213858270,9989,10,0
2238,1711893213868273,9989,10,0
2239,1711893213878277,9989,10,0
2240,1711893213888282,9989,10,0
2241,1711893213898286,9990,9,0
2242,1711893213908290,9989,10,0
2243,1711893213918294,9989,10,0
2244,1711893213928297,9989,10,0
2245,1711893213938301,9989,10,0
2246,1711893213948305,9985,14,0
2247,1711893213958309,9989,10,0
2248,1711893213968313,9989,10,0
2249,1711893213978317,9989,10,0
2250,1711893213988321,9989,10,0
2251,1711893213998325,9988,11,0
2252,1711893214008329,9989,10,0
2253,1711893214018333,9989,10,0
2254,1711893214028337,9989,10,0
2255,1711893214038341,9989,10,0
2256,1711893214048344,9989,10,0
2257,1711893214058348,9989,10,0
2258,1711893214068352,9989,10,0
2259,1711893214078356,9989,10,0
2260,1711893214088361,9989,10,0
2261,1711893214098365,9989,10,0
2262,1711893214108368,9989,10,0
2263,1711893214118372,9989,10,0
2264,1711893214128377,9989,10,0
2265,1711893214138380,9989,10,0
2266,1711893214148384,9989,10,0
2267,1711893214158388,9989,10,0
2268,1711893214168392,9989,10,0
2269,1711893214178395,9989,10,0
2270,1711893214188400,9989,10,0
2271,1711893214198404,9989,10,0
2272,1711893214208408,9989,10,0
2273,1711893214218411,9989,10,0
2274,1711893214228415,9989,10,0
2275,1711893214238419,9989,10,0
2276,1711893214248422,9989,10,0
2277,1711893214258426,9989,10,0
2278,1711893214268429,9989,10,0
2279,1711893214278433,9989,10,0
2280,1711893214288437,9989,10,0
2281,1711893214298441,9989,10,0
2282,1711893214308445,9989,10,0
2283,1711893214318448,9989,10,0
2284,1711893214328452,9989,10,0
2285,1711893214338455,9989,10,0
2286,1711893214348459,9989,10,0
2287,1711893214358463,9989,10,0
2288,1711893214368466,9989,10,0
2289,1711893214378470,9989,10,0
2290,1711893214388474,9989,10,0
2291,1711893214398478,9989,10,0
2292,1711893214408482,9989,10,0
2293,1711893214418485,9989,10,0
2294,1711893214428489,9989,10,0
2295,1711893214438492,9989,10,0
2296,1711893214448496,9989,10,0
2297,1711893214458500,9989,10,0
2298,1711893214468504,9989,10,0
2299,1711893214478507,9989,10,0
2300,1711893214488512,9990,10,0
2301,1711893214498516,9989,10,0
2302,1711893214508519,9989,10,0
2303,1711893214518523,9989,10,0
2304,1711893214528527,9989,10,0
2305,1711893214538530,9989,10,0
2306,1711893214548534,9989,10,0
2307,1711893214558538,9989,10,0
2308,1711893214568541,9989,10,0
2309,1711893214578545,9989,10,0
2310,1711893214588550,9989,10,0
2311,1711893214598554,9989,10,0
2312,1711893214608557,9989,10,0
2313,1711893214618561,9989,10,0
2314,1711893214628565,9989,10,0
2315,1711893214638569,9989,10,0
2316,1711893214648572,9989,10,0
2317,1711893214658576,9989,10,0
2318,1711893214668579,9989,10,0
2319,1711893214678583,9989,10,0
2320,1711893214688588,9989,10,0
2321,1711893214698591,9989,10,0
2322,1711893214708595,9989,10,0
2323,1711893214718599,9989,10,0
2324,1711893214728602,9989,10,0
2325,1711893214738606,9989,10,0
2326,1711893214748609,9989,10,0
2327,1711893214758613,9989,10,0
2328,1711893214768616,9989,10,0
2329,1711893214778620,9989,10,0
2330,1711893214788626,9989,10,0
2331,1711893214798633,9986,13,0
2332,1711893214808637,9988,11,0
2333,1711893214818641,9989,10,0
2334,1711893214828645,9989,10,0
2335,1711893214838648,9989,10,0
2336,1711893214848652,9989,10,0
2337,1711893214858655,9989,10,0
2338,1711893214868659,9989,10,0
2339,1711893214878663,9989,10,0
2340,1711893214888668,9989,10,0
2341,1711893214898671,9990,9,0
2342,1711893214908675,9989,10,0
2343,1711893214918679,9989,10,0
2344,1711893214928682,9989,10,0
2345,1711893214938686,9989,10,0
2346,1711893214948689,9989,10,0
2347,1711893214958693,9989,10,0
2348,1711893214968696,9989,10,0
2349,1711893214978700,9989,10,0
2350,1711893214988705,9989,10,0
2351,1711893214998708,9989,10,0
2352,1711893215008712,9989,10,0
2353,1711893215018716,9989,10,0
2354,1711893215028719,9989,10,0
2355,1711893215038723,9989,10,0
2356,1711893215048727,9989,10,0
2357,1711893215058730,9989,10,0
2358,1711893215068734,9989,10,0
2359,1711893215078737,9989,10,0
2360,1711893215088742,9989,10,0
2361,1711893215098746,9989,10,0
2362,1711893215108749,9989,10,0
2363,1711893215118758,9989,10,0
2364,1711893215128763,9985,14,0
2365,1711893215138768,9988,11,0
2366,1711893215148771,9989,10,0
2367,1711893215158775,9989,10,0
2368,1711893215168779,9989,10,0
2369,1711893215178783,9989,10,0
2370,1711893215188789,9989,10,0
2371,1711893215198792,9989,10,0
2372,1711893215208796,9989,10,0
2373,1711893215218800,9989,10,0
2374,1711893215228804,9989,10,0
2375,1711893215238807,9989,10,0
2376,1711893215248811,9989,10,0
2377,1711893215258815,9989,10,0
2378,1711893215268819,9989,10,0
2379,1711893215278822,9989,10,0
2380,1711893215288827,9989,10,0
2381,1711893215298831,9988,11,0
2382,1711893215308834,9989,10,0
2383,1711893215318838,9989,10,0
2384,1711893215328842,9989,10,0
2385,1711893215338845,9989,10,0
2386,1711893215348849,9989,10,0
2387,1711893215358853,9989,10,0
2388,1711893215368856,9989,10,0
2389,1711893215378860,9989,10,0
2390,1711893215388865,9989,10,0
2391,1711893215398869,9989,10,0
2392,1711893215408872,9989,10,0
2393,1711893215418876,9989,10,0
2394,1711893215428879,9989,10,0
2395,1711893215438883,9989,10,0
2396,1711893215448887,9989,10,0
2397,1711893215458890,9989,10,0
2398,1711893215468894,9989,10,0
2399,1711893215478897,9989,10,0
2400,1711893215488902,9989,10,0
2401,1711893215498906,9989,10,0
2402,1711893215508910,9989,10,0
2403,1711893215518914,9989,10,0
2404,1711893215528918,9989,10,0
2405,1711893215538922,9989,10,0
2406,1711893215548926,9989,10,0
2407,1711893215558930,9989,10,0
2408,1711893215568934,9989,10,0
2409,1711893215578938,9988,11,0
2410,1711893215588943,9989,10,0
2411,1711893215598947,9989,10,0
2412,1711893215608950,9989,10,0
2413,1711893215618954,9989,10,0
2414,1711893215628958,9989,10,0
2415,1711893215638962,9989,10,0
2416,1711893215648966,9989,10,0
2417,1711893215658969,9989,10,0
2418,1711893215668973,9989,10,0
2419,1711893215678977,9989,10,0
2420,1711893215688982,9989,10,0
2421,1711893215698986,9989,10,0
2422,1711893215708990,9987,12,0
2423,1711893215718994,9989,10,0
2424,1711893215728998,9989,10,0
2425,1711893215739002,9989,10,0
2426,1711893215749006,9989,10,0
2427,1711893215759009,9989,10,0
2428,1711893215769013,9989,10,0
2429,1711893215779017,9989,10,0
2430,1711893215789022,9989,10,0
2431,1711893215799026,9989,10,0
2432,1711893215809030,9989,10,0
2433,1711893215819033,9989,10,0
2434,1711893215829037,9989,10,0
2435,1711893215839041,9989,10,0
2436,1711893215849045,9989,10,0
2437,1711893215859048,9989,10,0
2438,1711893215869052,9989,10,0
2439,1711893215879056,9982,17,0
2440,1711893215889061,9989,10,0
2441,1711893215899065,9989,10,0
2442,1711893215909069,9989,10,0
2443,1711893215919073,9989,10,0
2444,1711893215929077,9989,10,0
2445,1711893215939081,9989,10,0
2446,1711893215949085,9989,10,0
2447,1711893215959088,9989,10,0
2448,1711893215969092,9989,10,0
2449,1711893215979096,9989,10,0
2450,1711893215989101,9989,10,0
2451,1711893215999105,9989,10,0
2452,1711893216009109,9989,10,0
2453,1711893216019113,9989,10,0
2454,1711893216029117,9989,10,0
2455,1711893216039120,9989,10,0
2456,1711893216049124,9989,10,0
2457,1711893216059128,9989,10,0
2458,1711893216069132,9989,10,0
2459,1711893216079135,9989,10,0
2460,1711893216089140,9989,10,0
2461,1711893216099144,9989,10,0
2462,1711893216109148,9989,10,0
2463,1711893216119152,9989,10,0
2464,1711893216129156,9989,10,0
2465,1711893216139159,9989,10,0
2466,1711893216149164,9989,10,0
2467,1711893216159167,9989,10,0
2468,1711893216169171,9989,10,0
2469,1711893216179175,9990,9,0
2470,1711893216189180,9989,10,0
2471,1711893216199184,9989,10,0
2472,1711893216209188,9989,10,0
2473,1711893216219191,9989,10,0
2474,1711893216229195,9989,10,0
2475,1711893216239199,9989,10,0
2476,1711893216249203,9989,10,0
2477,1711893216259206,9989,10,0
2478,1711893216269210,9989,10,0
2479,1711893216279213,9990,9,0
2480,1711893216289218,9989,10,0
2481,1711893216299222,9989,10,0
2482,1711893216309225,9989,10,0
2483,1711893216319229,9989,10,0
2484,1711893216329232,9989,10,0
2485,1711893216339236,9989,10,0
2486,1711893216349240,9989,10,0
2487,1711893216359243,9989,10,0
2488,1711893216369247,9989,10,0
2489,1711893216379250,9989,10,0
2490,1711893216389255,9989,10,0
2491,1711893216399259,9990,9,0
2492,1711893216409262,9989,10,0
2493,1711893216419266,9989,10,0
2494,1711893216429269,9989,10,0
2495,1711893216439273,9989,10,0
2496,1711893216449276,9989,10,0
2497,1711893216459280,9989,10,0
2498,1711893216469284,9989,10,0
2499,1711893216479287,9989,10,0
2500,1711893216489292,9989,10,0
2501,1711893216499296,9989,10,0
2502,1711893216509300,9989,10,0
2503,1711893216519303,9989,10,0
2504,1711893216529307,9989,10,0
2505,1711893216539310,9989,10,0
2506,1711893216549314,9989,10,0
2507,1711893216559317,9989,10,0
2508,1711893216569321,9989,10,0
2509,1711893216579325,9989,10,0
2510,1711893216589329,9989,10,0
2511,1711893216599333,9990,9,0
2512,1711893216609337,9989,10,0
2513,1711893216619346,9989,10,0
2514,1711893216629350,9983,16,0
2515,1711893216639354,9988,11,0
2516,1711893216649358,9989,10,0
2517,1711893216659362,9989,10,0
2518,1711893216669365,9989,10,0
2519,1711893216679369,9989,10,0
2520,1711893216689375,9989,10,0
2521,1711893216699379,9989,10,0
2522,1711893216709383,9989,10,0
2523,1711893216719386,9989,10,0
2524,1711893216729390,9989,10,0
2525,1711893216739394,9989,10,0
2526,1711893216749397,9989,10,0
2527,1711893216759401,9989,10,0
2528,1711893216769404,9989,10,0
2529,1711893216779408,9989,10,0
2530,1711893216789412,9989,10,0
2531,1711893216799416,9990,9,0
2532,1711893216809420,9989,10,0
2533,1711893216819423,9989,10,0
2534,1711893216829427,9989,10,0
2535,1711893216839430,9989,10,0
2536,1711893216849434,9989,10,0
2537,1711893216859437,9989,10,0
2538,1711893216869441,9989,10,0
2539,1711893216879445,9989,10,0
2540,1711893216889449,9989,10,0
2541,1711893216899453,9989,10,0
2542,1711893216909456,9989,10,0
2543,1711893216919460,9989,10,0
2544,1711893216929464,9989,10,0
2545,1711893216939467,9989,10,0
2546,1711893216949471,9989,10,0
2547,1711893216959474,9989,10,0
2548,1711893216969478,9989,10,0
2549,1711893216979481,9989,10,0
2550,1711893216989486,9989,10,0
2551,1711893216999490,9989,10,0
2552,1711893217009493,9989,10,0
2553,1711893217019497,9989,10,0
2554,1711893217029500,9989,10,0
2555,1711893217039504,9989,10,0
2556,1711893217049507,9989,10,0
2557,1711893217059511,9989,10,0
2558,1711893217069515,9989,10,0
2559,1711893217079518,9989,10,0
2560,1711893217089523,9989,10,0
2561,1711893217099527,9989,10,0
2562,1711893217109530,9989,10,0
2563,1711893217119534,9989,10,0
2564,1711893217129537,9989,10,0
2565,1711893217139541,9989,10,0
2566,1711893217149544,9989,10,0
2567,1711893217159548,9989,10,0
2568,1711893217169552,9989,10,0
2569,1711893217179555,9989,10,0
2570,1711893217189560,9989,10,0
2571,1711893217199564,9989,10,0
2572,1711893217209568,9989,10,0
2573,1711893217219571,9989,10,0
2574,1711893217229575,9989,10,0
2575,1711893217239578,9989,10,0
2576,1711893217249582,9989,10,0
2577,1711893217259585,9989,10,0
2578,1711893217269589,9989,10,0
2579,1711893217279593,9989,10,0
2580,1711893217289597,9989,10,0
2581,1711893217299601,9989,10,0
2582,1711893217309605,9989,10,0
2583,1711893217319608,9989,10,0
2584,1711893217329612,9989,10,0
2585,1711893217339616,9989,10,0
2586,1711893217349621,9989,10,0
2587,1711893217359628,9986,13,0
2588,1711893217369632,9988,11,0
2589,1711893217379635,9989,10,0
2590,1711893217389640,9989,10,0
2591,1711893217399644,9989,10,0
2592,1711893217409648,9989,10,0
2593,1711893217419651,9989,10,0
2594,1711893217429655,9989,10,0
2595,1711893217439659,9989,10,0
2596,1711893217449662,9989,10,0
2597,1711893217459666,9989,10,0
2598,1711893217469669,9989,10,0
2599,1711893217479673,9989,10,0
2600,1711893217489678,9989,10,0
2601,1711893217499682,9989,10,0
2602,1711893217509686,9989,10,0
2603,1711893217519690,9989,10,0
2604,1711893217529694,9989,10,0
2605,1711893217539698,9989,10,0
2606,1711893217549701,9989,10,0
2607,1711893217559705,9989,10,0
2608,1711893217569709,9989,10,0
2609,1711893217579713,9989,10,0
2610,1711893217589718,9989,10,0
2611,1711893217599722,9989,10,0
2612,1711893217609726,9989,10,0
2613,1711893217619730,9989,10,0
2614,1711893217629733,9989,10,0
2615,1711893217639737,9989,10,0
2616,1711893217649741,9989,10,0
2617,1711893217659745,9989,10,0
2618,1711893217669749,9989,10,0
2619,1711893217679753,9989,10,0
2620,1711893217689757,9989,10,0
2621,1711893217699761,9989,10,0
2622,1711893217709765,9989,10,0
2623,1711893217719769,9989,10,0
2624,1711893217729773,9989,10,0
2625,1711893217739777,9989,10,0
2626,1711893217749780,9989,10,0
2627,1711893217759784,9989,10,0
2628,1711893217769788,9989,10,0
2629,1711893217779792,9989,10,0
2630,1711893217789797,9989,10,0
2631,1711893217799801,9989,10,0
2632,1711893217809804,9989,10,0
2633,1711893217819808,9989,10,0
2634,1711893217829812,9989,10,0
2635,1711893217839816,9989,10,0
2636,1711893217849820,9989,10,0
2637,1711893217859824,9989,10,0
2638,1711893217869827,9989,10,0
2639,1711893217879831,9989,10,0
2640,1711893217889836,9989,10,0
2641,1711893217899840,9989,10,0
2642,1711893217909844,9989,10,0
2643,1711893217919847,9989,10,0
2644,1711893217929851,9989,10,0
2645,1711893217939855,9989,10,0
2646,1711893217949859,9989,10,0
2647,1711893217959862,9989,10,0
2648,1711893217969866,9989,10,0
2649,1711893217979870,9989,10,0
2650,1711893217989875,9989,10,0
2651,1711893217999879,9989,10,0
2652,1711893218009883,9989,10,0
2653,1711893218019886,9989,10,0
2654,1711893218029890,9989,10,0
2655,1711893218039894,9989,10,0
2656,1711893218049898,9989,10,0
2657,1711893218059902,9989,10,0
2658,1711893218069906,9989,10,0
2659,1711893218079909,9989,10,0
2660,1711893218089914,9989,10,0
2661,1711893218099918,9989,10,0
2662,1711893218109922,9989,10,0
2663,1711893218119926,9989,10,0
2664,1711893218129933,9989,10,0
2665,1711893218139938,9986,14,0
2666,1711893218149943,9988,11,0
2667,1711893218159947,9989,10,0
2668,1711893218169951,9989,10,0
2669,1711893218179955,9989,10,0
2670,1711893218189960,9989,10,0
2671,1711893218199964,9989,10,0
2672,1711893218209968,9989,10,0
2673,1711893218219971,9989,10,0
2674,1711893218229975,9989,10,0
2675,1711893218239979,9989,10,0
2676,1711893218249982,9989,10,0
2677,1711893218259986,9989,10,0
2678,1711893218269990,9989,10,0
2679,1711893218279993,9989,10,0
2680,1711893218289999,9989,10,0
2681,1711893218300002,9989,10,0
2682,1711893218310006,9989,10,0
2683,1711893218320009,9989,10,0
2684,1711893218330013,9989,10,0
2685,1711893218340017,9989,10,0
2686,1711893218350020,9989,10,0
2687,1711893218360024,9989,10,0
2688,1711893218370027,9989,10,0
2689,1711893218380031,9989,10,0
2690,1711893218390036,9989,10,0
2691,1711893218400039,9989,10,0
2692,1711893218410043,9989,10,0
2693,1711893218420047,9989,10,0
2694,1711893218430050,9989,10,0
2695,1711893218440054,9989,10,0
2696,1711893218450057,9989,10,0
2697,1711893218460061,9989,10,0
2698,1711893218470065,9989,10,0
2699,1711893218480068,9989,10,0
2700,1711893218490073,9989,10,0
2701,1711893218500076,9989,10,0
2702,1711893218510080,9989,10,0
2703,1711893218520084,9989,10,0
2704,1711893218530087,9989,10,0
2705,1711893218540091,9989,10,0
2706,1711893218550095,9989,10,0
2707,1711893218560098,9989,10,0
2708,1711893218570102,9989,10,0
2709,1711893218580106,9989,10,0
2710,1711893218590110,9989,10,0
2711,1711893218600114,9989,10,0
2712,1711893218610118,9989,10,0
2713,1711893218620121,9989,10,0
2714,1711893218630124,9990,9,0
2715,1711893218640128,9989,10,0
2716,1711893218650132,9990,9,0
2717,1711893218660136,9989,10,0
2718,1711893218670139,9989,10,0
2719,1711893218680143,9989,10,0
2720,1711893218690148,9989,10,0
2721,1711893218700151,9990,9,0
2722,1711893218710154,9991,8,0
2723,1711893218720157,9992,7,0
2724,1711893218730160,9992,7,0
2725,1711893218740163,9991,8,0
2726,1711893218750166,9991,8,0
2727,1711893218760168,9991,8,0
2728,1711893218770171,9991,8,0
2729,1711893218780174,9991,8,0
2730,1711893218790178,9991,8,0
2731,1711893218800182,9991,8,0
2732,1711893218810186,9989,10,0
2733,1711893218820189,9989,10,0
2734,1711893218830193,9989,10,0
2735,1711893218840197,9989,10,0
2736,1711893218850200,9989,10,0
2737,1711893218860204,9989,10,0
2738,1711893218870207,9989,10,0
2739,1711893218880211,9989,10,0
2740,1711893218890216,9989,10,0
2741,1711893218900219,9989,10,0
2742,1711893218910223,9989,10,0
2743,1711893218920227,9989,10,0
2744,1711893218930231,9989,10,0
2745,1711893218940234,9989,10,0
2746,1711893218950238,9989,10,0
2747,1711893218960241,9989,10,0
2748,1711893218970245,9989,10,0
2749,1711893218980249,9989,10,0
2750,1711893218990253,9989,10,0
2751,1711893219000257,9989,10,0
2752,1711893219010261,9989,10,0
2753,1711893219020264,9989,10,0
2754,1711893219030268,9989,10,0
2755,1711893219040271,9989,10,0
2756,1711893219050275,9989,10,0
2757,1711893219060279,9989,10,0
2758,1711893219070282,9989,10,0
2759,1711893219080286,9989,10,0
2760,1711893219090290,9989,10,0
2761,1711893219100294,9989,10,0
2762,1711893219110298,9989,10,0
2763,1711893219120301,9981,18,0
2764,1711893219130305,9989,10,0
2765,1711893219140309,9989,10,0
2766,1711893219150312,9989,10,0
2767,1711893219160316,9989,10,0
2768,1711893219170319,9989,10,0
2769,1711893219180323,9989,10,0
2770,1711893219190328,9989,10,0
2771,1711893219200331,9989,10,0
2772,1711893219210335,9989,10,0
2773,1711893219220338,9989,10,0
2774,1711893219230342,9989,10,0
2775,1711893219240346,9989,10,0
2776,1711893219250350,9989,10,0
2777,1711893219260353,9989,10,0
2778,1711893219270357,9990,9,0
2779,1711893219280360,9989,10,0
2780,1711893219290365,9990,9,0
2781,1711893219300369,9989,10,0
2782,1711893219310373,9989,10,0
2783,1711893219320376,9990,10,0
2784,1711893219330380,9990,9,0
2785,1711893219340384,9990,9,0
2786,1711893219350387,9990,9,0
2787,1711893219360391,9990,10,0
2788,1711893219370394,9989,10,0
2789,1711893219380398,9989,10,0
2790,1711893219390402,9989,10,0
2791,1711893219400406,9989,10,0
2792,1711893219410410,9990,9,0
2793,1711893219420413,9989,10,0
2794,1711893219430417,9990,9,0
2795,1711893219440420,9990,9,0
2796,1711893219450424,9990,9,0
2797,1711893219460427,9989,10,0
2798,1711893219470431,9989,10,0
2799,1711893219480435,9989,10,0
2800,1711893219490440,9989,10,0
2801,1711893219500443,9989,10,0
2802,1711893219510447,9989,10,0
2803,1711893219520451,9989,10,0
2804,1711893219530455,9989,10,0
2805,1711893219540458,9989,10,0
2806,1711893219550462,9989,10,0
2807,1711893219560466,9989,10,0
2808,1711893219570470,9989,10,0
2809,1711893219580474,9989,10,0
2810,1711893219590479,9989,10,0
2811,1711893219600483,9989,10,0
2812,1711893219610486,9989,10,0
2813,1711893219620490,9989,10,0
2814,1711893219630499,9989,10,0
2815,1711893219640503,9983,16,0
2816,1711893219650507,9989,10,0
2817,1711893219660511,9989,10,0
2818,1711893219670515,9989,10,0
2819,1711893219680519,9989,10,0
2820,1711893219690526,9989,10,0
2821,1711893219700530,9989,10,0
2822,1711893219710533,9989,10,0
2823,1711893219720537,9989,10,0
2824,1711893219730541,9989,10,0
2825,1711893219740545,9989,10,0
2826,1711893219750549,9989,10,0
2827,1711893219760553,9989,10,0
2828,1711893219770557,9989,10,0
2829,1711893219780561,9989,10,0
2830,1711893219790566,9989,10,0
2831,1711893219800570,9990,9,0
2832,1711893219810574,9989,10,0
2833,1711893219820578,9989,10,0
2834,1711893219830582,9989,10,0
2835,1711893219840586,9989,10,0
2836,1711893219850589,9989,10,0
2837,1711893219860593,9989,10,0
2838,1711893219870597,9989,10,0
2839,1711893219880601,9989,10,0
2840,1711893219890606,9989,10,0
2841,1711893219900610,9989,10,0
2842,1711893219910614,9989,10,0
2843,1711893219920618,9989,10,0
2844,1711893219930621,9989,10,0
2845,1711893219940625,9989,10,0
2846,1711893219950629,9989,10,0
2847,1711893219960633,9989,10,0
2848,1711893219970636,9989,10,0
2849,1711893219980640,9989,10,0
2850,1711893219990645,9989,10,0
2851,1711893220000649,9990,9,0
2852,1711893220010653,9989,10,0
2853,1711893220020657,9989,10,0
2854,1711893220030661,9989,10,0
2855,1711893220040664,9989,10,0
2856,1711893220050668,9989,10,0
2857,1711893220060672,9989,10,0
2858,1711893220070676,9989,10,0
2859,1711893220080679,9989,10,0
2860,1711893220090684,9989,10,0
2861,1711893220100688,9989,10,0
2862,1711893220110692,9989,10,0
2863,1711893220120696,9989,10,0
2864,1711893220130700,9989,10,0
2865,1711893220140703,9989,10,0
2866,1711893220150707,9989,10,0
2867,1711893220160711,9989,10,0
2868,1711893220170715,9989,10,0
2869,1711893220180719,9988,11,0
2870,1711893220190723,9989,10,0
2871,1711893220200727,9989,10,0
2872,1711893220210731,9990,9,0
2873,1711893220220735,9989,10,0
2874,1711893220230738,9989,10,0
2875,1711893220240742,9989,10,0
2876,1711893220250746,9989,10,0
2877,1711893220260749,9989,10,0
2878,1711893220270754,9989,10,0
2879,1711893220280757,9989,10,0
2880,1711893220290762,9989,10,0
2881,1711893220300766,9989,10,0
2882,1711893220310769,9989,10,0
2883,1711893220320773,9989,10,0
2884,1711893220330776,9989,10,0
2885,1711893220340780,9989,10,0
2886,1711893220350784,9989,10,0
2887,1711893220360787,9989,10,0
2888,1711893220370791,9989,10,0
2889,1711893220380794,9989,10,0
2890,1711893220390799,9989,10,0
2891,1711893220400803,9989,10,0
2892,1711893220410806,9989,10,0
2893,1711893220420810,9989,10,0
2894,1711893220430814,9989,10,0
2895,1711893220440817,9989,10,0
2896,1711893220450821,9989,10,0
2897,1711893220460824,9989,10,0
2898,1711893220470828,9989,10,0
2899,1711893220480831,9989,10,0
2900,1711893220490836,9989,10,0
2901,1711893220500840,9989,10,0
2902,1711893220510843,9989,10,0
2903,1711893220520847,9989,10,0
2904,1711893220530850,9989,10,0
2905,1711893220540854,9989,10,0
2906,1711893220550858,9989,10,0
2907,1711893220560861,9989,10,0
2908,1711893220570865,9989,10,0
2909,1711893220580868,9989,10,0
2910,1711893220590874,9989,10,0
2911,1711893220600877,9989,10,0
2912,1711893220610881,9989,10,0
2913,1711893220620885,9989,10,0
2914,1711893220630888,9989,10,0
2915,1711893220640892,9989,10,0
2916,1711893220650895,9989,10,0
2917,1711893220660899,9989,10,0
2918,1711893220670903,9989,10,0
2919,1711893220680906,9989,10,0
2920,1711893220690912,9989,10,0
2921,1711893220700915,9989,10,0
2922,1711893220710919,9989,10,0
2923,1711893220720923,9989,10,0
2924,1711893220730926,9989,10,0
2925,1711893220740930,9989,10,0
2926,1711893220750933,9989,10,0
2927,1711893220760937,9989,10,0
2928,1711893220770941,9989,10,0
2929,1711893220780944,9989,10,0
2930,1711893220790950,9988,11,0
2931,1711893220800954,9989,10,0
2932,1711893220810957,9989,10,0
2933,1711893220820961,9989,10,0
2934,1711893220830964,9989,10,0
2935,1711893220840968,9989,10,0
2936,1711893220850972,9989,10,0
2937,1711893220860975,9989,10,0
2938,1711893220870979,9989,10,0
2939,1711893220880982,9989,10,0
2940,1711893220890987,9989,10,0
2941,1711893220900991,9989,10,0
2942,1711893220910994,9989,10,0
2943,1711893220920998,9989,10,0
2944,1711893220931001,9989,10,0
2945,1711893220941005,9989,10,0
2946,1711893220951009,9989,10,0
2947,1711893220961012,9989,10,0
2948,1711893220971016,9989,10,0
2949,1711893220981019,9989,10,0
2950,1711893220991025,9989,10,0
2951,1711893221001029,9982,17,0
2952,1711893221011032,9989,10,0
2953,1711893221021036,9989,10,0
2954,1711893221031040,9989,10,0
2955,1711893221041043,9989,10,0
2956,1711893221051047,9989,10,0
2957,1711893221061050,9989,10,0
2958,1711893221071054,9989,10,0
2959,1711893221081058,9989,10,0
2960,1711893221091062,9989,10,0
2961,1711893221101066,9989,10,0
2962,1711893221111070,9989,10,0
2963,1711893221121073,9989,10,0
2964,1711893221131078,9989,10,0
2965,1711893221141085,9988,11,0
2966,1711893221151090,9985,14,0
2967,1711893221161095,9989,10,0
2968,1711893221171098,9989,10,0
2969,1711893221181102,9989,10,0
2970,1711893221191109,9989,10,0
2971,1711893221201113,9989,10,0
2972,1711893221211116,9989,10,0
2973,1711893221221120,9989,10,0
2974,1711893221231124,9989,10,0
2975,1711893221241127,9989,10,0
2976,1711893221251131,9989,10,0
2977,1711893221261134,9989,10,0
2978,1711893221271138,9989,10,0
2979,1711893221281142,9989,10,0
2980,1711893221291146,9989,10,0
2981,1711893221301150,9988,11,0
2982,1711893221311154,9989,10,0
2983,1711893221321158,9989,10,0
2984,1711893221331161,9989,10,0
2985,1711893221341165,9989,10,0
2986,1711893221351168,9989,10,0
2987,1711893221361173,9989,10,0
2988,1711893221371176,9989,10,0
2989,1711893221381180,9989,10,0
2990,1711893221391185,9989,10,0
2991,1711893221401188,9989,10,0
2992,1711893221411192,9989,10,0
2993,1711893221421195,9989,10,0
2994,1711893221431199,9989,10,0
2995,1711893221441203,9989,10,0
2996,1711893221451206,9989,10,0
2997,1711893221461210,9989,10,0
2998,1711893221471214,9989,10,0
2999,1711893221481218,9989,10,0
3000,1711893221491223,9989,10,0
3001,1711893221501227,9990,9,0
3002,1711893221511231,9989,10,0
3003,1711893221521235,9989,10,0
3004,1711893221531239,9989,10,0
3005,1711893221541242,9989,10,0
3006,1711893221551246,9989,10,0
3007,1711893221561250,9989,10,0
3008,1711893221571254,9989,10,0
3009,1711893221581258,9989,10,0
3010,1711893221591263,9989,10,0
3011,1711893221601267,9989,10,0
3012,1711893221611270,9989,10,0
3013,1711893221621275,9989,10,0
3014,1711893221631278,9989,10,0
3015,1711893221641282,9989,10,0
3016,1711893221651286,9989,10,0
3017,1711893221661290,9989,10,0
3018,1711893221671294,9989,10,0
3019,1711893221681297,9989,10,0
3020,1711893221691302,9989,10,0
3021,1711893221701306,9990,9,0
3022,1711893221711310,9989,10,0
3023,1711893221721314,9989,10,0
3024,1711893221731318,9989,10,0
3025,1711893221741322,9989,10,0
3026,1711893221751326,9989,10,0
3027,1711893221761329,9989,10,0
3028,1711893221771333,9989,10,0
3029,1711893221781337,9989,10,0
3030,1711893221791342,9989,10,0
3031,1711893221801346,9989,10,0
3032,1711893221811350,9989,10,0
3033,1711893221821354,9988,11,0
3034,1711893221831358,9989,10,0
3035,1711893221841362,9989,10,0
3036,1711893221851366,9989,10,0
3037,1711893221861369,9989,10,0
3038,1711893221871373,9989,10,0
3039,1711893221881377,9989,10,0
3040,1711893221891382,9989,10,0
3041,1711893221901386,9989,10,0
3042,1711893221911390,9989,10,0
3043,1711893221921393,9989,10,0
3044,1711893221931397,9989,10,0
3045,1711893221941401,9989,10,0
3046,1711893221951405,9989,10,0
3047,1711893221961409,9989,10,0
3048,1711893221971412,9989,10,0
3049,1711893221981416,9989,10,0
3050,1711893221991421,9989,10,0
3051,1711893222001425,9989,10,0
3052,1711893222011429,9989,10,0
3053,1711893222021433,9989,10,0
3054,1711893222031437,9989,10,0
3055,1711893222041441,9989,10,0
3056,1711893222051444,9989,10,0
3057,1711893222061448,9989,10,0
3058,1711893222071452,9989,10,0
3059,1711893222081456,9989,10,0
3060,1711893222091461,9989,10,0
3061,1711893222101465,9989,10,0
3062,1711893222111468,9989,10,0
3063,1711893222121472,9989,10,0
3064,1711893222131476,9989,10,0
3065,1711893222141480,9989,10,0
3066,1711893222151484,9989,10,0
3067,1711893222161487,9989,10,0
3068,1711893222171491,9989,10,0
3069,1711893222181495,9989,10,0
3070,1711893222191500,9989,10,0
3071,1711893222201504,9989,10,0
3072,1711893222211508,9989,10,0
3073,1711893222221511,9989,10,0
3074,1711893222231515,9989,10,0
3075,1711893222241519,9989,10,0
3076,1711893222251522,9989,10,0
3077,1711893222261526,9989,10,0
3078,1711893222271529,9989,10,0
3079,1711893222281533,9989,10,0
3080,1711893222291538,9989,10,0
3081,1711893222301541,9989,10,0
3082,1711893222311545,9989,10,0
3083,1711893222321549,9989,10,0
3084,1711893222331553,9989,10,0
3085,1711893222341556,9989,10,0
3086,1711893222351562,9989,10,0
3087,1711893222361569,9986,13,0
3088,1711893222371573,9988,11,0
3089,1711893222381576,9989,10,0
3090,1711893222391582,9989,10,0
3091,1711893222401586,9989,10,0
3092,1711893222411589,9989,10,0
3093,1711893222421593,9989,10,0
3094,1711893222431596,9989,10,0
3095,1711893222441600,9989,10,0
3096,1711893222451603,9989,10,0
3097,1711893222461607,9989,10,0
3098,1711893222471611,9989,10,0
3099,1711893222481614,9989,10,0
3100,1711893222491619,9989,10,0
3101,1711893222501623,9989,10,0
3102,1711893222511626,9989,10,0
3103,1711893222521630,9989,10,0
3104,1711893222531633,9989,10,0
3105,1711893222541637,9989,10,0
3106,1711893222551640,9989,10,0
3107,1711893222561644,9989,10,0
3108,1711893222571648,9989,10,0
3109,1711893222581651,9989,10,0
3110,1711893222591656,9989,10,0
3111,1711893222601660,9990,9,0
3112,1711893222611664,9989,10,0
3113,1711893222621667,9989,10,0
3114,1711893222631671,9989,10,0
3115,1711893222641679,9989,10,0
3116,1711893222651684,9983,16,0
3117,1711893222661688,9989,10,0
3118,1711893222671692,9989,10,0
3119,1711893222681696,9989,10,0
3120,1711893222691701,9989,10,0
3121,1711893222701705,9989,10,0
3122,1711893222711709,9989,10,0
3123,1711893222721712,9989,10,0
3124,1711893222731716,9989,10,0
3125,1711893222741720,9989,10,0
3126,1711893222751723,9989,10,0
3127,1711893222761727,9989,10,0
3128,1711893222771731,9989,10,0
3129,1711893222781734,9989,10,0
3130,1711893222791739,9989,10,0
3131,1711893222801742,9990,9,0
3132,1711893222811746,9989,10,0
3133,1711893222821750,9989,10,0
3134,1711893222831754,9989,10,0
3135,1711893222841757,9989,10,0
3136,1711893222851761,9989,10,0
3137,1711893222861765,9989,10,0
3138,1711893222871768,9989,10,0
3139,1711893222881772,9989,10,0
3140,1711893222891777,9989,10,0
3141,1711893222901780,9989,10,0
3142,1711893222911784,9989,10,0
3143,1711893222921788,9989,10,0
3144,1711893222931791,9989,10,0
3145,1711893222941795,9989,10,0
3146,1711893222951798,9989,10,0
3147,1711893222961802,9989,10,0
3148,1711893222971805,9989,10,0
3149,1711893222981809,9989,10,0
3150,1711893222991814,9989,10,0
3151,1711893223001817,9989,10,0
3152,1711893223011821,9989,10,0
3153,1711893223021825,9989,10,0
3154,1711893223031828,9989,10,0
3155,1711893223041832,9989,10,0
3156,1711893223051835,9989,10,0
3157,1711893223061839,9989,10,0
3158,1711893223071843,9989,10,0
3159,1711893223081846,9989,10,0
3160,1711893223091851,9989,10,0
3161,1711893223101855,9990,9,0
3162,1711893223111859,9989,10,0
3163,1711893223121862,9989,10,0
3164,1711893223131866,9989,10,0
3165,1711893223141869,9989,10,0
3166,1711893223151873,9989,10,0
3167,1711893223161876,9989,10,0
3168,1711893223171880,9989,10,0
3169,1711893223181884,9989,10,0
3170,1711893223191888,9989,10,0
3171,1711893223201892,9989,10,0
3172,1711893223211895,9989,10,0
3173,1711893223221899,9989,10,0
3174,1711893223231903,9989,10,0
3175,1711893223241906,9989,10,0
3176,1711893223251910,9989,10,0
3177,1711893223261913,9989,10,0
3178,1711893223271917,9989,10,0
3179,1711893223281920,9989,10,0
3180,1711893223291925,9989,10,0
3181,1711893223301929,9989,10,0
3182,1711893223311932,9989,10,0
3183,1711893223321936,9989,10,0
3184,1711893223331940,9989,10,0
3185,1711893223341943,9989,10,0
3186,1711893223351947,9989,10,0
3187,1711893223361950,9989,10,0
3188,1711893223371954,9989,10,0
3189,1711893223381958,9989,10,0
3190,1711893223391962,9989,10,0
3191,1711893223401966,9989,10,0
3192,1711893223411970,9989,10,0
3193,1711893223421974,9989,10,0
3194,1711893223431977,9989,10,0
3195,1711893223441981,9989,10,0
3196,1711893223451984,9989,10,0
3197,1711893223461988,9989,10,0
3198,1711893223471991,9989,10,0
3199,1711893223481995,9989,10,0
3200,1711893223492000,9989,10,0
3201,1711893223502004,9989,10,0
3202,1711893223512008,9989,10,0
3203,1711893223522011,9989,10,0
3204,1711893223532015,9989,10,0
3205,1711893223542019,9989,10,0
3206,1711893223552023,9989,10,0
3207,1711893223562026,9989,10,0
3208,1711893223572030,9989,10,0
3209,1711893223582034,9989,10,0
3210,1711893223592039,9989,10,0
3211,1711893223602043,9989,10,0
3212,1711893223612047,9989,10,0
3213,1711893223622051,9989,10,0
3214,1711893223632055,9989,10,0
3215,1711893223642058,9989,10,0
3216,1711893223652062,9989,10,0
3217,1711893223662066,9989,10,0
3218,1711893223672070,9989,10,0
3219,1711893223682074,9989,10,0
3220,1711893223692079,9989,10,0
3221,1711893223702082,9989,10,0
3222,1711893223712086,9989,10,0
3223,1711893223722090,9989,10,0
3224,1711893223732094,9989,10,0
3225,1711893223742098,9989,10,0
3226,1711893223752101,9989,10,0
3227,1711893223762105,9989,10,0
3228,1711893223772109,9989,10,0
3229,1711893223782113,9989,10,0
3230,1711893223792118,9989,10,0
3231,1711893223802122,9990,9,0
3232,1711893223812126,9989,10,0
3233,1711893223822130,9989,10,0
3234,1711893223832134,9989,10,0
3235,1711893223842137,9989,10,0
3236,1711893223852141,9989,10,0
3237,1711893223862145,9989,10,0
3238,1711893223872149,9989,10,0
3239,1711893223882152,9989,10,0
3240,1711893223892157,9989,10,0
3241,1711893223902161,9989,10,0
3242,1711893223912165,9989,10,0
3243,1711893223922169,9989,10,0
3244,1711893223932173,9989,10,0
3245,1711893223942176,9989,10,0
3246,1711893223952180,9989,10,0
3247,1711893223962184,9989,10,0
3248,1711893223972188,9989,10,0
3249,1711893223982191,9989,10,0
3250,1711893223992196,9989,10,0
3251,1711893224002200,9989,10,0
3252,1711893224012204,9989,10,0
3253,1711893224022208,9989,10,0
3254,1711893224032211,9989,10,0
3255,1711893224042215,9989,10,0
3256,1711893224052219,9989,10,0
3257,1711893224062223,9989,10,0
3258,1711893224072226,9989,10,0
3259,1711893224082230,9989,10,0
3260,1711893224092235,9989,10,0
3261,1711893224102239,9989,10,0
3262,1711893224112243,9989,10,0
3263,1711893224122246,9989,10,0
3264,1711893224132250,9989,10,0
3265,1711893224142258,9989,10,0
3266,1711893224152263,9984,15,0
3267,1711893224162267,9988,11,0
3268,1711893224172271,9989,10,0
3269,1711893224182275,9989,10,0
3270,1711893224192281,9989,10,0
3271,1711893224202285,9989,10,0
3272,1711893224212289,9989,10,0
3273,1711893224222293,9989,10,0
3274,1711893224232296,9989,10,0
3275,1711893224242300,9990,9,0
3276,1711893224252304,9984,15,0
3277,1711893224262308,9989,10,0
3278,1711893224272311,9984,15,0
3279,1711893224282315,9989,10,0
3280,1711893224292320,9989,10,0
3281,1711893224302324,9990,9,0
3282,1711893224312327,9989,10,0
3283,1711893224322331,9989,10,0
3284,1711893224332334,9989,10,0
3285,1711893224342338,9989,10,0
3286,1711893224352342,9989,10,0
3287,1711893224362345,9989,10,0
3288,1711893224372349,9989,10,0
3289,1711893224382353,9989,10,0
3290,1711893224392357,9989,10,0
3291,1711893224402361,9989,10,0
3292,1711893224412365,9989,10,0
3293,1711893224422368,9989,10,0
3294,1711893224432372,9989,10,0
3295,1711893224442376,9989,10,0
3296,1711893224452380,9989,10,0
3297,1711893224462383,9989,10,0
3298,1711893224472387,9989,10,0
3299,1711893224482391,9989,10,0
3300,1711893224492396,9989,10,0
3301,1711893224502399,9989,10,0
3302,1711893224512403,9989,10,0
3303,1711893224522406,9989,10,0
3304,1711893224532410,9989,10,0
3305,1711893224542414,9989,10,0
3306,1711893224552417,9989,10,0
3307,1711893224562421,9989,10,0
3308,1711893224572424,9989,10,0
3309,1711893224582428,9989,10,0
3310,1711893224592433,9989,10,0
3311,1711893224602437,9989,10,0
3312,1711893224612440,9989,10,0
3313,1711893224622444,9989,10,0
3314,1711893224632447,9989,10,0
3315,1711893224642451,9989,10,0
3316,1711893224652455,9989,10,0
3317,1711893224662458,9989,10,0
3318,1711893224672462,9989,10,0
3319,1711893224682466,9989,10,0
3320,1711893224692471,9989,10,0
3321,1711893224702474,9989,10,0
3322,1711893224712478,9989,10,0
3323,1711893224722481,9989,10,0
3324,1711893224732485,9989,10,0
3325,1711893224742489,9989,10,0
3326,1711893224752492,9989,10,0
3327,1711893224762496,9989,10,0
3328,1711893224772500,9989,10,0
3329,1711893224782503,9989,10,0
3330,1711893224792510,9989,10,0
3331,1711893224802517,9985,14,0
3332,1711893224812521,9987,12,0
3333,1711893224822525,9989,10,0
3334,1711893224832529,9989,10,0
3335,1711893224842532,9989,10,0
3336,1711893224852536,9989,10,0
3337,1711893224862540,9989,10,0
3338,1711893224872543,9989,10,0
3339,1711893224882547,9989,10,0
3340,1711893224892553,9989,10,0
3341,1711893224902556,9990,9,0
3342,1711893224912560,9989,10,0
3343,1711893224922564,9989,10,0
3344,1711893224932567,9989,10,0
3345,1711893224942571,9989,10,0
3346,1711893224952575,9989,10,0
3347,1711893224962578,9989,10,0
3348,1711893224972582,9989,10,0
3349,1711893224982585,9989,10,0
3350,1711893224992590,9989,10,0
3351,1711893225002594,9989,10,0
3352,1711893225012598,9989,10,0
3353,1711893225022601,9989,10,0
3354,1711893225032605,9989,10,0
3355,1711893225042608,9989,10,0
3356,1711893225052612,9989,10,0
3357,1711893225062616,9989,10,0
3358,1711893225072619,9989,10,0
3359,1711893225082623,9989,10,0
3360,1711893225092628,9989,10,0
3361,1711893225102632,9989,10,0
3362,1711893225112635,9989,10,0
3363,1711893225122639,9989,10,0
3364,1711893225132642,9989,10,0
3365,1711893225142646,9989,10,0
3366,1711893225152650,9989,10,0
3367,1711893225162653,9989,10,0
3368,1711893225172657,9989,10,0
3369,1711893225182661,9989,10,0
3370,1711893225192665,9989,10,0
3371,1711893225202669,9989,10,0
3372,1711893225212673,9989,10,0
3373,1711893225222676,9989,10,0
3374,1711893225232680,9989,10,0
3375,1711893225242684,9989,10,0
3376,1711893225252687,9989,10,0
3377,1711893225262691,9989,10,0
3378,1711893225272694,9989,10,0
3379,1711893225282698,9989,10,0
3380,1711893225292703,9989,10,0
3381,1711893225302707,9989,10,0
3382,1711893225312710,9989,10,0
3383,1711893225322714,9989,10,0
3384,1711893225332717,9989,10,0
3385,1711893225342721,9989,10,0
3386,1711893225352725,9989,10,0
3387,1711893225362728,9989,10,0
3388,1711893225372732,9989,10,0
3389,1711893225382735,9989,10,0
3390,1711893225392741,9989,10,0
3391,1711893225402745,9989,10,0
3392,1711893225412748,9989,10,0
3393,1711893225422752,9989,10,0
3394,1711893225432755,9989,10,0
3395,1711893225442759,9989,10,0
3396,1711893225452762,9989,10,0
3397,1711893225462766,9989,10,0
3398,1711893225472770,9989,10,0
3399,1711893225482774,9989,10,0
3400,1711893225492779,9989,10,0
3401,1711893225502783,9989,10,0
3402,1711893225512787,9989,10,0
3403,1711893225522791,9989,10,0
3404,1711893225532794,9989,10,0
3405,1711893225542798,9989,10,0
3406,1711893225552802,9989,10,0
3407,1711893225562806,9989,10,0
3408,1711893225572810,9989,10,0
3409,1711893225582814,9989,10,0
3410,1711893225592819,9989,10,0
3411,1711893225602823,9989,10,0
3412,1711893225612826,9989,10,0
3413,1711893225622830,9989,10,0
3414,1711893225632834,9989,10,0
3415,1711893225642838,9989,10,0
3416,1711893225652846,9989,10,0
3417,1711893225662850,9986,13,0
3418,1711893225672855,9988,11,0
3419,1711893225682859,9989,10,0
3420,1711893225692864,9989,10,0
3421,1711893225702868,9989,10,0
3422,1711893225712873,9989,10,0
3423,1711893225722877,9989,10,0
3424,1711893225732880,9989,10,0
3425,1711893225742884,9989,10,0
3426,1711893225752888,9989,10,0
3427,1711893225762892,9989,10,0
3428,1711893225772896,9989,10,0
3429,1711893225782899,9989,10,0
3430,1711893225792904,9989,10,0
3431,1711893225802908,9989,10,0
3432,1711893225812912,9989,10,0
3433,1711893225822916,9989,10,0
3434,1711893225832920,9989,10,0
3435,1711893225842923,9989,10,0
3436,1711893225852927,9989,10,0
3437,1711893225862931,9989,10,0
3438,1711893225872935,9989,10,0
3439,1711893225882939,9989,10,0
3440,1711893225892944,9989,10,0
3441,1711893225902948,9989,10,0
3442,1711893225912952,9989,10,0
3443,1711893225922956,9989,10,0
3444,1711893225932960,9989,10,0
3445,1711893225942964,9989,10,0
3446,1711893225952968,9989,10,0
3447,1711893225962972,9989,10,0
3448,1711893225972976,9989,10,0
3449,1711893225982979,9989,10,0
3450,1711893225992984,9989,10,0
3451,1711893226002988,9989,10,0
3452,1711893226012992,9989,10,0
3453,1711893226022996,9989,10,0
3454,1711893226033000,9989,10,0
3455,1711893226043004,9989,10,0
3456,1711893226053008,9989,10,0
3457,1711893226063012,9989,10,0
3458,1711893226073015,9989,10,0
3459,1711893226083019,9989,10,0
3460,1711893226093024,9989,10,0
3461,1711893226103028,9989,10,0
3462,1711893226113032,9989,10,0
3463,1711893226123036,9981,18,0
3464,1711893226133040,9989,10,0
3465,1711893226143044,9989,10,0
3466,1711893226153048,9989,10,0
3467,1711893226163051,9989,10,0
3468,1711893226173055,9989,10,0
3469,1711893226183059,9989,10,0
3470,1711893226193064,9989,10,0
3471,1711893226203068,9989,10,0
3472,1711893226213072,9989,10,0
3473,1711893226223076,9989,10,0
3474,1711893226233080,9989,10,0
3475,1711893226243083,9989,10,0
3476,1711893226253087,9989,10,0
3477,1711893226263091,9989,10,0
3478,1711893226273094,9989,10,0
3479,1711893226283098,9989,10,0
3480,1711893226293103,9989,10,0
3481,1711893226303106,9989,10,0
3482,1711893226313110,9989,10,0
3483,1711893226323113,9989,10,0
3484,1711893226333117,9989,10,0
3485,1711893226343121,9989,10,0
3486,1711893226353124,9989,10,0
3487,1711893226363128,9989,10,0
3488,1711893226373131,9989,10,0
3489,1711893226383135,9989,10,0
3490,1711893226393140,9989,10,0
3491,1711893226403144,9989,10,0
3492,1711893226413147,9989,10,0
3493,1711893226423151,9989,10,0
3494,1711893226433155,9989,10,0
3495,1711893226443158,9989,10,0
3496,1711893226453162,9989,10,0
3497,1711893226463165,9989,10,0
3498,1711893226473169,9989,10,0
3499,1711893226483173,9989,10,0
3500,1711893226493178,9989,10,0
3501,1711893226503181,9989,10,0
3502,1711893226513185,9989,10,0
3503,1711893226523189,9989,10,0
3504,1711893226533192,9989,10,0
3505,1711893226543196,9989,10,0
3506,1711893226553200,9989,10,0
3507,1711893226563203,9989,10,0
3508,1711893226573207,9989,10,0
3509,1711893226583211,9989,10,0
3510,1711893226593216,9989,10,0
3511,1711893226603219,9989,10,0
3512,1711893226613224,9989,10,0
3513,1711893226623227,9989,10,0
3514,1711893226633231,9989,10,0
3515,1711893226643234,9989,10,0
3516,1711893226653238,9989,10,0
3517,1711893226663241,9989,10,0
3518,1711893226673245,9989,10,0
3519,1711893226683249,9989,10,0
3520,1711893226693253,9989,10,0
3521,1711893226703257,9989,10,0
3522,1711893226713261,9989,10,0
3523,1711893226723264,9989,10,0
3524,1711893226733268,9989,10,0
3525,1711893226743272,9989,10,0
3526,1711893226753275,9989,10,0
3527,1711893226763279,9989,10,0
3528,1711893226773282,9989,10,0
3529,1711893226783286,9989,10,0
3530,1711893226793291,9989,10,0
3531,1711893226803294,9989,10,0
3532,1711893226813298,9989,10,0
3533,1711893226823301,9989,10,0
3534,1711893226833305,9989,10,0
3535,1711893226843309,9989,10,0
3536,1711893226853312,9989,10,0
3537,1711893226863316,9989,10,0
3538,1711893226873320,9989,10,0
3539,1711893226883323,9989,10,0
3540,1711893226893328,9989,10,0
3541,1711893226903332,9989,10,0
3542,1711893226913335,9989,10,0
3543,1711893226923339,9989,10,0
3544,1711893226933343,9989,10,0
3545,1711893226943346,9989,10,0
3546,1711893226953350,9989,10,0
3547,1711893226963353,9989,10,0
3548,1711893226973357,9989,10,0
3549,1711893226983361,9989,10,0
3550,1711893226993365,9989,10,0
3551,1711893227003369,9989,10,0
3552,1711893227013373,9989,10,0
3553,1711893227023376,9989,10,0
3554,1711893227033380,9989,10,0
3555,1711893227043384,9989,10,0
3556,1711893227053387,9989,10,0
3557,1711893227063391,9989,10,0
3558,1711893227073394,9989,10,0
3559,1711893227083398,9989,10,0
3560,1711893227093403,9989,10,0
3561,1711893227103406,9989,10,0
3562,1711893227113410,9989,10,0
3563,1711893227123414,9989,10,0
3564,1711893227133417,9989,10,0
3565,1711893227143421,9989,10,0
3566,1711893227153428,9989,10,0
3567,1711893227163432,9983,16,0
3568,1711893227173436,9989,10,0
3569,1711893227183440,9989,10,0
3570,1711893227193446,9989,10,0
3571,1711893227203450,9989,10,0
3572,1711893227213453,9989,10,0
3573,1711893227223457,9989,10,0
3574,1711893227233461,9989,10,0
3575,1711893227243464,9989,10,0
3576,1711893227253468,9989,10,0
3577,1711893227263471,9989,10,0
3578,1711893227273475,9989,10,0
3579,1711893227283479,9989,10,0
3580,1711893227293484,9989,10,0
3581,1711893227303487,9989,10,0
3582,1711893227313491,9989,10,0
3583,1711893227323495,9989,10,0
3584,1711893227333498,9989,10,0
3585,1711893227343502,9989,10,0
3586,1711893227353508,9989,10,0
3587,1711893227363514,9986,13,0
3588,1711893227373518,9988,11,0
3589,1711893227383522,9989,10,0
3590,1711893227393527,9989,10,0
3591,1711893227403531,9990,9,0
3592,1711893227413534,9989,10,0
3593,1711893227423538,9989,10,0
3594,1711893227433542,9989,10,0
3595,1711893227443546,9989,10,0
3596,1711893227453549,9989,10,0
3597,1711893227463553,9989,10,0
3598,1711893227473556,9989,10,0
3599,1711893227483560,9989,10,0
3600,1711893227493565,9989,10,0
3601,1711893227503569,9989,10,0
3602,1711893227513573,9989,10,0
3603,1711893227523576,9989,10,0
3604,1711893227533580,9989,10,0
3605,1711893227543584,9989,10,0
3606,1711893227553587,9989,10,0
3607,1711893227563591,9989,10,0
3608,1711893227573595,9989,10,0
3609,1711893227583599,9989,10,0
3610,1711893227593604,9989,10,0
3611,1711893227603607,9989,10,0
3612,1711893227613611,9989,10,0
3613,1711893227623614,9989,10,0
3614,1711893227633618,9989,10,0
3615,1711893227643622,9989,10,0
3616,1711893227653625,9989,10,0
3617,1711893227663629,9989,10,0
3618,1711893227673632,9989,10,0
3619,1711893227683636,9989,10,0
3620,1711893227693641,9989,10,0
3621,1711893227703644,9989,10,0
3622,1711893227713648,9989,10,0
3623,1711893227723651,9989,10,0
3624,1711893227733655,9989,10,0
3625,1711893227743659,9989,10,0
3626,1711893227753662,9989,10,0
3627,1711893227763666,9989,10,0
3628,1711893227773670,9989,10,0
3629,1711893227783674,9989,10,0
3630,1711893227793678,9989,10,0
3631,1711893227803682,9989,10,0
3632,1711893227813686,9989,10,0
3633,1711893227823690,9989,10,0
3634,1711893227833693,9989,10,0
3635,1711893227843697,9989,10,0
3636,1711893227853700,9989,10,0
3637,1711893227863704,9989,10,0
3638,1711893227873708,9989,10,0
3639,1711893227883714,9989,10,0
3640,1711893227893719,9988,11,0
3641,1711893227903723,9989,10,0
3642,1711893227913727,9989,10,0
3643,1711893227923731,9989,10,0
3644,1711893227933735,9989,10,0
3645,1711893227943739,9989,10,0
3646,1711893227953744,9989,10,0
3647,1711893227963747,9989,10,0
3648,1711893227973751,9989,10,0
3649,1711893227983755,9989,10,0
3650,1711893227993760,9989,10,0
3651,1711893228003764,9989,10,0
3652,1711893228013768,9989,10,0
3653,1711893228023772,9989,10,0
3654,1711893228033776,9989,10,0
3655,1711893228043780,9989,10,0
3656,1711893228053783,9989,10,0
3657,1711893228063787,9989,10,0
3658,1711893228073791,9989,10,0
3659,1711893228083795,9989,10,0
3660,1711893228093800,9989,10,0
3661,1711893228103804,9989,10,0
3662,1711893228113808,9989,10,0
3663,1711893228123811,9989,10,0
3664,1711893228133815,9989,10,0
3665,1711893228143819,9989,10,0
3666,1711893228153823,9989,10,0
3667,1711893228163827,9989,10,0
3668,1711893228173831,9989,10,0
3669,1711893228183835,9989,10,0
3670,1711893228193840,9989,10,0
3671,1711893228203844,9989,10,0
3672,1711893228213848,9989,10,0
3673,1711893228223852,9989,10,0
3674,1711893228233855,9989,10,0
3675,1711893228243859,9989,10,0
3676,1711893228253863,9989,10,0
3677,1711893228263867,9989,10,0
3678,1711893228273871,9990,9,0
3679,1711893228283875,9989,10,0
3680,1711893228293880,9989,10,0
3681,1711893228303883,9989,10,0
3682,1711893228313887,9989,10,0
3683,1711893228323890,9989,10,0
3684,1711893228333894,9989,10,0
3685,1711893228343898,9989,10,0
3686,1711893228353901,9989,10,0
3687,1711893228363905,9989,10,0
3688,1711893228373909,9989,10,0
3689,1711893228383912,9989,10,0
3690,1711893228393917,9989,10,0
3691,1711893228403921,9989,10,0
3692,1711893228413924,9989,10,0
3693,1711893228423928,9989,10,0
3694,1711893228433932,9989,10,0
3695,1711893228443935,9989,10,0
3696,1711893228453939,9989,10,0
3697,1711893228463943,9989,10,0
3698,1711893228473947,9989,10,0
3699,1711893228483950,9989,10,0
3700,1711893228493955,9989,10,0
3701,1711893228503959,9989,10,0
3702,1711893228513962,9989,10,0
3703,1711893228523966,9989,10,0
3704,1711893228533970,9989,10,0
3705,1711893228543974,9989,10,0
3706,1711893228553977,9989,10,0
3707,1711893228563981,9989,10,0
3708,1711893228573984,9989,10,0
3709,1711893228583989,9989,10,0
3710,1711893228593993,9989,10,0
3711,1711893228603997,9989,10,0
3712,1711893228614001,9989,10,0
3713,1711893228624005,9989,10,0
3714,1711893228634008,9989,10,0
3715,1711893228644012,9989,10,0
3716,1711893228654016,9989,10,0
3717,1711893228664024,9988,11,0
3718,1711893228674030,9985,14,0
3719,1711893228684034,9989,10,0
3720,1711893228694040,9989,10,0
3721,1711893228704044,9989,10,0
3722,1711893228714048,9989,10,0
3723,1711893228724051,9989,10,0
3724,1711893228734055,9989,10,0
3725,1711893228744059,9989,10,0
3726,1711893228754062,9989,10,0
3727,1711893228764066,9989,10,0
3728,1711893228774070,9989,10,0
3729,1711893228784074,9989,10,0
3730,1711893228794078,9989,10,0
3731,1711893228804082,9990,9,0
3732,1711893228814086,9989,10,0
3733,1711893228824089,9989,10,0
3734,1711893228834093,9989,10,0
3735,1711893228844097,9989,10,0
3736,1711893228854100,9989,10,0
3737,1711893228864104,9989,10,0
3738,1711893228874108,9989,10,0
3739,1711893228884112,9989,10,0
3740,1711893228894117,9989,10,0
3741,1711893228904120,9989,10,0
3742,1711893228914124,9989,10,0
3743,1711893228924128,9989,10,0
3744,1711893228934131,9989,10,0
3745,1711893228944135,9989,10,0
3746,1711893228954138,9989,10,0
3747,1711893228964142,9989,10,0
3748,1711893228974145,9989,10,0
3749,1711893228984149,9989,10,0
3750,1711893228994154,9989,10,0
3751,1711893229004158,9989,10,0
3752,1711893229014162,9989,10,0
3753,1711893229024165,9989,10,0
3754,1711893229034169,9989,10,0
3755,1711893229044173,9989,10,0
3756,1711893229054176,9989,10,0
3757,1711893229064180,9989,10,0
3758,1711893229074184,9989,10,0
3759,1711893229084187,9989,10,0
3760,1711893229094192,9989,10,0
3761,1711893229104196,9989,10,0
3762,1711893229114199,9989,10,0
3763,1711893229124203,9989,10,0
3764,1711893229134206,9989,10,0
3765,1711893229144210,9989,10,0
3766,1711893229154214,9989,10,0
3767,1711893229164217,9989,10,0
3768,1711893229174221,9989,10,0
3769,1711893229184225,9989,10,0
3770,1711893229194229,9989,10,0
3771,1711893229204233,9989,10,0
3772,1711893229214237,9989,10,0
3773,1711893229224240,9989,10,0
3774,1711893229234244,9989,10,0
3775,1711893229244248,9989,10,0
3776,1711893229254251,9989,10,0
3777,1711893229264255,9989,10,0
3778,1711893229274258,9989,10,0
3779,1711893229284262,9989,10,0
3780,1711893229294267,9989,10,0
3781,1711893229304270,9989,10,0
3782,1711893229314274,9989,10,0
3783,1711893229324278,9989,10,0
3784,1711893229334281,9989,10,0
3785,1711893229344285,9989,10,0
3786,1711893229354289,9989,10,0
3787,1711893229364292,9989,10,0
3788,1711893229374296,9989,10,0
3789,1711893229384300,9989,10,0
3790,1711893229394304,9989,10,0
3791,1711893229404308,9989,10,0
3792,1711893229414312,9989,10,0
3793,1711893229424316,9989,10,0
3794,1711893229434320,9989,10,0
3795,1711893229444323,9989,10,0
3796,1711893229454327,9989,10,0
3797,1711893229464330,9989,10,0
3798,1711893229474334,9989,10,0
3799,1711893229484338,9989,10,0
3800,1711893229494343,9989,10,0
3801,1711893229504347,9988,11,0
3802,1711893229514351,9989,10,0
3803,1711893229524355,9989,10,0
3804,1711893229534359,9989,10,0
3805,1711893229544363,9989,10,0
3806,1711893229554367,9989,10,0
3807,1711893229564371,9989,10,0
3808,1711893229574375,9989,10,0
3809,1711893229584379,9989,10,0
3810,1711893229594384,9989,10,0
3811,1711893229604388,9989,10,0
3812,1711893229614392,9989,10,0
3813,1711893229624396,9989,10,0
3814,1711893229634400,9989,10,0
3815,1711893229644404,9989,10,0
3816,1711893229654408,9989,10,0
3817,1711893229664411,9989,10,0
3818,1711893229674415,9989,10,0
3819,1711893229684419,9989,10,0
3820,1711893229694424,9989,10,0
3821,1711893229704428,9989,10,0
3822,1711893229714432,9989,10,0
3823,1711893229724436,9989,10,0
3824,1711893229734440,9989,10,0
3825,1711893229744444,9989,10,0
3826,1711893229754448,9989,10,0
3827,1711893229764452,9989,10,0
3828,1711893229774455,9989,10,0
3829,1711893229784459,9989,10,0
3830,1711893229794464,9989,10,0
3831,1711893229804468,9989,10,0
3832,1711893229814472,9989,10,0
3833,1711893229824476,9989,10,0
3834,1711893229834480,9989,10,0
3835,1711893229844484,9989,10,0
3836,1711893229854488,9989,10,0
3837,1711893229864492,9989,10,0
3838,1711893229874496,9989,10,0
3839,1711893229884500,9989,10,0
3840,1711893229894505,9989,10,0
3841,1711893229904508,9989,10,0
3842,1711893229914513,9989,10,0
3843,1711893229924517,9989,10,0
3844,1711893229934520,9989,10,0
3845,1711893229944524,9989,10,0
3846,1711893229954528,9989,10,0
3847,1711893229964532,9989,10,0
3848,1711893229974536,9989,10,0
3849,1711893229984540,9989,10,0
3850,1711893229994545,9989,10,0
3851,1711893230004549,9989,10,0
3852,1711893230014553,9989,10,0
3853,1711893230024557,9989,10,0
3854,1711893230034561,9989,10,0
3855,1711893230044564,9989,10,0
3856,1711893230054568,9989,10,0
3857,1711893230064572,9989,10,0
3858,1711893230074576,9989,10,0
3859,1711893230084580,9989,10,0
3860,1711893230094585,9989,10,0
3861,1711893230104589,9989,10,0
3862,1711893230114593,9989,10,0
3863,1711893230124597,9989,10,0
3864,1711893230134600,9989,10,0
3865,1711893230144604,9989,10,0
3866,1711893230154608,9989,10,0
3867,1711893230164616,9989,10,0
3868,1711893230174621,9984,15,0
3869,1711893230184625,9988,11,0
3870,1711893230194631,9989,10,0
3871,1711893230204635,9990,10,0
3872,1711893230214639,9989,10,0
3873,1711893230224643,9989,10,0
3874,1711893230234647,9989,10,0
3875,1711893230244650,9989,10,0
3876,1711893230254654,9989,10,0
3877,1711893230264658,9989,10,0
3878,1711893230274662,9989,10,0
3879,1711893230284666,9989,10,0
3880,1711893230294670,9989,10,0
3881,1711893230304674,9989,10,0
3882,1711893230314678,9989,10,0
3883,1711893230324681,9989,10,0
3884,1711893230334685,9989,10,0
3885,1711893230344688,9989,10,0
3886,1711893230354692,9989,10,0
3887,1711893230364696,9989,10,0
3888,1711893230374699,9989,10,0
3889,1711893230384703,9989,10,0
3890,1711893230394708,9989,10,0
3891,1711893230404711,9988,11,0
3892,1711893230414715,9989,10,0
3893,1711893230424718,9989,10,0
3894,1711893230434722,9989,10,0
3895,1711893230444726,9989,10,0
3896,1711893230454729,9989,10,0
3897,1711893230464733,9989,10,0
3898,1711893230474736,9989,10,0
3899,1711893230484740,9989,10,0
3900,1711893230494745,9989,10,0
3901,1711893230504748,9989,10,0
3902,1711893230514752,9989,10,0
3903,1711893230524756,9989,10,0
3904,1711893230534759,9989,10,0
3905,1711893230544763,9989,10,0
3906,1711893230554767,9989,10,0
3907,1711893230564770,9989,10,0
3908,1711893230574774,9989,10,0
3909,1711893230584779,9989,10,0
3910,1711893230594783,9989,10,0
3911,1711893230604787,9989,10,0
3912,1711893230614791,9989,10,0
3913,1711893230624795,9989,10,0
3914,1711893230634798,9989,10,0
3915,1711893230644802,9989,10,0
3916,1711893230654806,9989,10,0
3917,1711893230664809,9989,10,0
3918,1711893230674813,9989,10,0
3919,1711893230684816,9989,10,0
3920,1711893230694821,9989,10,0
3921,1711893230704825,9989,10,0
3922,1711893230714828,9989,10,0
3923,1711893230724832,9989,10,0
3924,1711893230734836,9989,10,0
3925,1711893230744839,9989,10,0
3926,1711893230754843,9989,10,0
3927,1711893230764846,9989,10,0
3928,1711893230774850,9989,10,0
3929,1711893230784853,9989,10,0
3930,1711893230794858,9989,10,0
3931,1711893230804862,9989,10,0
3932,1711893230814865,9989,10,0
3933,1711893230824869,9989,10,0
3934,1711893230834873,9989,10,0
3935,1711893230844876,9989,10,0
3936,1711893230854880,9989,10,0
3937,1711893230864884,9989,10,0
3938,1711893230874887,9989,10,0
3939,1711893230884891,9989,10,0
3940,1711893230894895,9989,10,0
3941,1711893230904899,9989,10,0
3942,1711893230914903,9989,10,0
3943,1711893230924906,9989,10,0
3944,1711893230934910,9989,10,0
3945,1711893230944914,9989,10,0
3946,1711893230954917,9989,10,0
3947,1711893230964921,9989,10,0
3948,1711893230974924,9989,10,0
3949,1711893230984928,9989,10,0
3950,1711893230994933,9989,10,0
3951,1711893231004936,9989,10,0
3952,1711893231014940,9989,10,0
3953,1711893231024944,9989,10,0
3954,1711893231034948,9989,10,0
3955,1711893231044951,9989,10,0
3956,1711893231054955,9989,10,0
3957,1711893231064958,9989,10,0
3958,1711893231074962,9989,10,0
3959,1711893231084965,9989,10,0
3960,1711893231094970,9989,10,0
3961,1711893231104974,9989,10,0
3962,1711893231114977,9989,10,0
3963,1711893231124981,9989,10,0
3964,1711893231134984,9989,10,0
3965,1711893231144988,9989,10,0
3966,1711893231154992,9989,10,0
3967,1711893231164995,9989,10,0
3968,1711893231174999,9989,10,0
3969,1711893231185002,9989,10,0
3970,1711893231195007,9989,10,0
3971,1711893231205011,9989,10,0
3972,1711893231215014,9989,10,0
3973,1711893231225018,9989,10,0
3974,1711893231235021,9990,9,0
3975,1711893231245025,9989,10,0
3976,1711893231255028,9989,10,0
3977,1711893231265032,9989,10,0
3978,1711893231275035,9989,10,0
3979,1711893231285039,9989,10,0
3980,1711893231295044,9989,10,0
3981,1711893231305047,9989,10,0
3982,1711893231315051,9989,10,0
3983,1711893231325054,9989,10,0
3984,1711893231335058,9989,10,0
3985,1711893231345062,9989,10,0
3986,1711893231355065,9989,10,0
3987,1711893231365069,9989,10,0
3988,1711893231375072,9989,10,0
3989,1711893231385076,9989,10,0
3990,1711893231395081,9989,10,0
3991,1711893231405084,9989,10,0
3992,1711893231415088,9989,10,0
3993,1711893231425091,9989,10,0
3994,1711893231435095,9989,10,0
3995,1711893231445099,9989,10,0
3996,1711893231455102,9990,10,0
3997,1711893231465106,9989,10,0
3998,1711893231475109,9989,10,0
3999,1711893231485113,9989,10,0
4000,1711893231495118,9989,10,0
4001,1711893231505122,9989,10,0
4002,1711893231515126,9989,10,0
4003,1711893231525130,9989,10,0
4004,1711893231535134,9989,10,0
4005,1711893231545138,9988,11,0
4006,1711893231555142,9989,10,0
4007,1711893231565145,9989,10,0
4008,1711893231575149,9989,10,0
4009,1711893231585153,9989,10,0
4010,1711893231595157,9989,10,0
4011,1711893231605162,9989,10,0
4012,1711893231615165,9989,10,0
4013,1711893231625169,9989,10,0
4014,1711893231635173,9989,10,0
4015,1711893231645177,9989,10,0
4016,1711893231655180,9989,10,0
4017,1711893231665187,9989,10,0
4018,1711893231675191,9984,15,0
4019,1711893231685195,9988,11,0
4020,1711893231695201,9989,10,0
4021,1711893231705205,9989,10,0
4022,1711893231715209,9989,10,0
4023,1711893231725213,9989,10,0
4024,1711893231735217,9989,10,0
4025,1711893231745221,9989,10,0
4026,1711893231755225,9989,10,0
4027,1711893231765228,9989,10,0
4028,1711893231775232,9989,10,0
4029,1711893231785236,9989,10,0
4030,1711893231795241,9989,10,0
4031,1711893231805245,9989,10,0
4032,1711893231815249,9989,10,0
4033,1711893231825252,9989,10,0
4034,1711893231835256,9989,10,0
4035,1711893231845260,9989,10,0
4036,1711893231855264,9989,10,0
4037,1711893231865268,9989,10,0
4038,1711893231875272,9989,10,0
4039,1711893231885276,9989,10,0
4040,1711893231895281,9989,10,0
4041,1711893231905285,9989,10,0
4042,1711893231915288,9989,10,0
4043,1711893231925292,9989,10,0
4044,1711893231935296,9989,10,0
4045,1711893231945300,9989,10,0
4046,1711893231955304,9989,10,0
4047,1711893231965308,9989,10,0
4048,1711893231975312,9989,10,0
4049,1711893231985315,9989,10,0
4050,1711893231995320,9989,10,0
4051,1711893232005324,9989,10,0
4052,1711893232015328,9989,10,0
4053,1711893232025332,9989,10,0
4054,1711893232035336,9989,10,0
4055,1711893232045339,9989,10,0
4056,1711893232055344,9989,10,0
4057,1711893232065347,9989,10,0
4058,1711893232075351,9989,10,0
4059,1711893232085355,9989,10,0
4060,1711893232095360,9989,10,0
4061,1711893232105364,9988,11,0
4062,1711893232115368,9989,10,0
4063,1711893232125371,9989,10,0
4064,1711893232135375,9989,10,0
4065,1711893232145380,9989,10,0
4066,1711893232155383,9989,10,0
4067,1711893232165387,9989,10,0
4068,1711893232175391,9989,10,0
4069,1711893232185395,9989,10,0
4070,1711893232195400,9989,10,0
4071,1711893232205404,9989,10,0
4072,1711893232215407,9989,10,0
4073,1711893232225411,9989,10,0
4074,1711893232235415,9989,10,0
4075,1711893232245419,9989,10,0
4076,1711893232255422,9989,10,0
4077,1711893232265426,9989,10,0
4078,1711893232275430,9989,10,0
4079,1711893232285434,9989,10,0
4080,1711893232295439,9989,10,0
4081,1711893232305443,9990,9,0
4082,1711893232315447,9989,10,0
4083,1711893232325450,9989,10,0
4084,1711893232335454,9989,10,0
4085,1711893232345457,9989,10,0
4086,1711893232355463,9989,10,0
4087,1711893232365469,9987,12,0
4088,1711893232375473,9988,11,0
4089,1711893232385477,9989,10,0
4090,1711893232395482,9989,10,0
4091,1711893232405486,9990,9,0
4092,1711893232415489,9989,10,0
4093,1711893232425493,9989,10,0
4094,1711893232435496,9989,10,0
4095,1711893232445500,9989,10,0
4096,1711893232455503,9989,10,0
4097,1711893232465507,9913,86,0
4098,1711893232475511,9989,10,0
4099,1711893232485514,9989,10,0
4100,1711893232495520,9989,10,0
4101,1711893232505523,9990,9,0
4102,1711893232515527,9989,10,0
4103,1711893232525530,9989,10,0
4104,1711893232535534,9989,10,0
4105,1711893232545537,9989,10,0
4106,1711893232555541,9989,10,0
4107,1711893232565545,9989,10,0
4108,1711893232575548,9989,10,0
4109,1711893232585552,9989,10,0
4110,1711893232595557,9989,10,0
4111,1711893232605560,9989,10,0
4112,1711893232615564,9989,10,0
4113,1711893232625569,9989,10,0
4114,1711893232635572,9989,10,0
4115,1711893232645576,9989,10,0
4116,1711893232655579,9989,10,0
4117,1711893232665583,9989,10,0
4118,1711893232675586,9989,10,0
4119,1711893232685590,9989,10,0
4120,1711893232695595,9989,10,0
4121,1711893232705598,9989,10,0
4122,1711893232715602,9989,10,0
4123,1711893232725605,9989,10,0
4124,1711893232735609,9989,10,0
4125,1711893232745612,9989,10,0
4126,1711893232755616,9989,10,0
4127,1711893232765619,9989,10,0
4128,1711893232775623,9989,10,0
4129,1711893232785626,9989,10,0
4130,1711893232795631,9989,10,0
4131,1711893232805635,9989,10,0
4132,1711893232815638,9989,10,0
4133,1711893232825642,9989,10,0
4134,1711893232835645,9989,10,0
4135,1711893232845649,9989,10,0
4136,1711893232855652,9989,10,0
4137,1711893232865656,9989,10,0
4138,1711893232875659,9989,10,0
4139,1711893232885663,9989,10,0
4140,1711893232895668,9989,10,0
4141,1711893232905672,9990,9,0
4142,1711893232915675,9989,10,0
4143,1711893232925679,9989,10,0
4144,1711893232935682,9989,10,0
4145,1711893232945686,9989,10,0
4146,1711893232955689,9990,10,0
4147,1711893232965693,9990,10,0
4148,1711893232975696,9989,10,0
4149,1711893232985700,9989,10,0
4150,1711893232995705,9989,10,0
4151,1711893233005709,9989,10,0
4152,1711893233015712,9989,10,0
4153,1711893233025716,9989,10,0
4154,1711893233035719,9989,10,0
4155,1711893233045723,9989,10,0
4156,1711893233055726,9989,10,0
4157,1711893233065730,9989,10,0
4158,1711893233075734,9989,10,0
4159,1711893233085738,9989,10,0
4160,1711893233095742,9989,10,0
4161,1711893233105746,9989,10,0
4162,1711893233115749,9989,10,0
4163,1711893233125753,9989,10,0
4164,1711893233135756,9989,10,0
4165,1711893233145760,9989,10,0
4166,1711893233155764,9989,10,0
4167,1711893233165767,9989,10,0
4168,1711893233175776,9989,10,0
4169,1711893233185780,9984,15,0
4170,1711893233195788,9989,10,0
4171,1711893233205792,9989,10,0
4172,1711893233215796,9989,10,0
4173,1711893233225800,9989,10,0
4174,1711893233235803,9989,10,0
4175,1711893233245807,9989,10,0
4176,1711893233255811,9989,10,0
4177,1711893233265815,9989,10,0
4178,1711893233275818,9989,10,0
4179,1711893233285822,9989,10,0
4180,1711893233295827,9989,10,0
4181,1711893233305831,9988,11,0
4182,1711893233315834,9989,10,0
4183,1711893233325838,9989,10,0
4184,1711893233335842,9989,10,0
4185,1711893233345846,9989,10,0
4186,1711893233355849,9989,10,0
4187,1711893233365853,9989,10,0
4188,1711893233375857,9989,10,0
4189,1711893233385860,9989,10,0
4190,1711893233395865,9989,10,0
4191,1711893233405869,9990,9,0
4192,1711893233415873,9989,10,0
4193,1711893233425876,9989,10,0
4194,1711893233435880,9989,10,0
4195,1711893233445884,9989,10,0
4196,1711893233455887,9989,10,0
4197,1711893233465891,9989,10,0
4198,1711893233475895,9989,10,0
4199,1711893233485899,9989,10,0
4200,1711893233495904,9989,10,0
4201,1711893233505908,9989,10,0
4202,1711893233515912,9989,10,0
4203,1711893233525915,9989,10,0
4204,1711893233535919,9989,10,0
4205,1711893233545923,9989,10,0
4206,1711893233555927,9989,10,0
4207,1711893233565931,9989,10,0
4208,1711893233575935,9989,10,0
4209,1711893233585939,9989,10,0
4210,1711893233595944,9989,10,0
4211,1711893233605948,9988,11,0
4212,1711893233615952,9989,10,0
4213,1711893233625956,9989,10,0
4214,1711893233635960,9989,10,0
4215,1711893233645963,9989,10,0
4216,1711893233655967,9989,10,0
4217,1711893233665971,9989,10,0
4218,1711893233675975,9989,10,0
4219,1711893233685979,9989,10,0
4220,1711893233695984,9989,10,0
4221,1711893233705988,9989,10,0
4222,1711893233715992,9989,10,0
4223,1711893233725995,9989,10,0
4224,1711893233735999,9989,10,0
4225,1711893233746003,9989,10,0
4226,1711893233756007,9989,10,0
4227,1711893233766011,9989,10,0
4228,1711893233776014,9989,10,0
4229,1711893233786018,9989,10,0
4230,1711893233796023,9989,10,0
4231,1711893233806027,9989,10,0
4232,1711893233816031,9989,10,0
4233,1711893233826035,9989,10,0
4234,1711893233836039,9989,10,0
4235,1711893233846043,9989,10,0
4236,1711893233856047,9989,10,0
4237,1711893233866050,9989,10,0
4238,1711893233876054,9989,10,0
4239,1711893233886058,9989,10,0
4240,1711893233896063,9989,10,0
4241,1711893233906067,9989,10,0
4242,1711893233916071,9989,10,0
4243,1711893233926075,9989,10,0
4244,1711893233936079,9989,10,0
4245,1711893233946082,9989,10,0
4246,1711893233956086,9989,10,0
4247,1711893233966090,9989,10,0
4248,1711893233976094,9989,10,0
4249,1711893233986098,9989,10,0
4250,1711893233996103,9989,10,0
4251,1711893234006107,9989,10,0
4252,1711893234016111,9989,10,0
4253,1711893234026115,9989,10,0
4254,1711893234036119,9989,10,0
4255,1711893234046123,9989,10,0
4256,1711893234056126,9989,10,0
4257,1711893234066130,9989,10,0
4258,1711893234076134,9989,10,0
4259,1711893234086138,9989,10,0
4260,1711893234096143,9989,10,0
4261,1711893234106147,9989,10,0
4262,1711893234116151,9989,10,0
4263,1711893234126155,9989,10,0
4264,1711893234136159,9989,10,0
4265,1711893234146162,9989,10,0
4266,1711893234156166,9989,10,0
4267,1711893234166170,9989,10,0
4268,1711893234176174,9989,10,0
4269,1711893234186178,9989,10,0
4270,1711893234196183,9989,10,0
4271,1711893234206187,9988,11,0
4272,1711893234216190,9989,10,0
4273,1711893234226194,9989,10,0
4274,1711893234236198,9989,10,0
4275,1711893234246202,9989,10,0
4276,1711893234256206,9989,10,0
4277,1711893234266209,9989,10,0
4278,1711893234276213,9989,10,0
4279,1711893234286217,9989,10,0
4280,1711893234296222,9989,10,0
4281,1711893234306226,9989,10,0
4282,1711893234316229,9989,10,0
4283,1711893234326233,9988,11,0
4284,1711893234336237,9989,10,0
4285,1711893234346241,9989,10,0
4286,1711893234356244,9989,10,0
4287,1711893234366248,9989,10,0
4288,1711893234376251,9989,10,0
4289,1711893234386255,9989,10,0
4290,1711893234396260,9989,10,0
4291,1711893234406263,9989,10,0
4292,1711893234416267,9989,10,0
4293,1711893234426271,9989,10,0
4294,1711893234436274,9989,10,0
4295,1711893234446278,9989,10,0
4296,1711893234456281,9989,10,0
4297,1711893234466285,9989,10,0
4298,1711893234476288,9989,10,0
4299,1711893234486292,9989,10,0
4300,1711893234496297,9989,10,0
4301,1711893234506301,9989,10,0
4302,1711893234516305,9985,14,0
4303,1711893234526308,9989,10,0
4304,1711893234536312,9989,10,0
4305,1711893234546316,9989,10,0
4306,1711893234556319,9989,10,0
4307,1711893234566323,9989,10,0
4308,1711893234576326,9989,10,0
4309,1711893234586331,9989,10,0
4310,1711893234596335,9989,10,0
4311,1711893234606339,9989,10,0
4312,1711893234616343,9989,10,0
4313,1711893234626347,9989,10,0
4314,1711893234636351,9989,10,0
4315,1711893234646354,9989,10,0
4316,1711893234656358,9989,10,0
4317,1711893234666361,9989,10,0
4318,1711893234676369,9989,10,0
4319,1711893234686374,9985,14,0
4320,1711893234696380,9989,10,0
4321,1711893234706384,9988,11,0
4322,1711893234716388,9989,10,0
4323,1711893234726391,9989,10,0
4324,1711893234736395,9989,10,0
4325,1711893234746398,9989,10,0
4326,1711893234756402,9989,10,0
4327,1711893234766406,9989,10,0
4328,1711893234776409,9989,10,0
4329,1711893234786413,9989,10,0
4330,1711893234796420,9989,10,0
4331,1711893234806427,9987,12,0
4332,1711893234816431,9987,12,0
4333,1711893234826435,9989,10,0
4334,1711893234836439,9989,10,0
4335,1711893234846443,9989,10,0
4336,1711893234856446,9989,10,0
4337,1711893234866450,9989,10,0
4338,1711893234876454,9989,10,0
4339,1711893234886457,9989,10,0
4340,1711893234896463,9989,10,0
4341,1711893234906466,9990,9,0
4342,1711893234916470,9989,10,0
4343,1711893234926474,9989,10,0
4344,1711893234936478,9989,10,0
4345,1711893234946482,9989,10,0
4346,1711893234956485,9989,10,0
4347,1711893234966489,9989,10,0
4348,1711893234976493,9989,10,0
4349,1711893234986496,9989,10,0
4350,1711893234996501,9989,10,0
4351,1711893235006505,9989,10,0
4352,1711893235016509,9989,10,0
4353,1711893235026512,9989,10,0
4354,1711893235036516,9990,9,0
4355,1711893235046519,9990,9,0
4356,1711893235056523,9990,9,0
4357,1711893235066527,9990,9,0
4358,1711893235076530,9989,10,0
4359,1711893235086534,9989,10,0
4360,1711893235096539,9989,10,0
4361,1711893235106542,9990,9,0
4362,1711893235116545,9991,8,0
4363,1711893235126548,9991,8,0
4364,1711893235136551,9991,8,0
4365,1711893235146554,9991,8,0
4366,1711893235156557,9991,8,0
4367,1711893235166560,9992,7,0
4368,1711893235176563,9991,8,0
4369,1711893235186565,9992,7,0
4370,1711893235196569,9991,8,0
4371,1711893235206573,9991,8,0
4372,1711893235216577,9989,10,0
4373,1711893235226581,9989,10,0
4374,1711893235236584,9989,10,0
4375,1711893235246588,9989,10,0
4376,1711893235256591,9989,10,0
4377,1711893235266595,9989,10,0
4378,1711893235276599,9989,10,0
4379,1711893235286602,9989,10,0
4380,1711893235296607,9989,10,0
4381,1711893235306611,9989,10,0
4382,1711893235316614,9989,10,0
4383,1711893235326618,9989,10,0
4384,1711893235336622,9989,10,0
4385,1711893235346625,9989,10,0
4386,1711893235356629,9989,10,0
4387,1711893235366632,9989,10,0
4388,1711893235376636,9989,10,0
4389,1711893235386640,9989,10,0
4390,1711893235396644,9989,10,0
4391,1711893235406648,9989,10,0
4392,1711893235416652,9989,10,0
4393,1711893235426655,9989,10,0
4394,1711893235436659,9989,10,0
4395,1711893235446663,9989,10,0
4396,1711893235456666,9989,10,0
4397,1711893235466670,9989,10,0
4398,1711893235476673,9989,10,0
4399,1711893235486677,9989,10,0
4400,1711893235496682,9989,10,0
4401,1711893235506686,9989,10,0
4402,1711893235516690,9989,10,0
4403,1711893235526694,9989,10,0
4404,1711893235536698,9989,10,0
4405,1711893235546702,9989,10,0
4406,1711893235556705,9989,10,0
4407,1711893235566709,9989,10,0
4408,1711893235576713,9989,10,0
4409,1711893235586717,9989,10,0
4410,1711893235596722,9989,10,0
4411,1711893235606726,9989,10,0
4412,1711893235616730,9989,10,0
4413,1711893235626733,9989,10,0
4414,1711893235636737,9989,10,0
4415,1711893235646741,9989,10,0
4416,1711893235656745,9989,10,0
4417,1711893235666749,9989,10,0
4418,1711893235676752,9989,10,0
4419,1711893235686756,9989,10,0
4420,1711893235696762,9989,10,0
4421,1711893235706765,9989,10,0
4422,1711893235716769,9989,10,0
4423,1711893235726773,9989,10,0
4424,1711893235736777,9989,10,0
4425,1711893235746780,9989,10,0
4426,1711893235756784,9989,10,0
4427,1711893235766788,9989,10,0
4428,1711893235776792,9989,10,0
4429,1711893235786795,9989,10,0
4430,1711893235796800,9989,10,0
4431,1711893235806804,9989,10,0
4432,1711893235816808,9989,10,0
4433,1711893235826812,9989,10,0
4434,1711893235836816,9989,10,0
4435,1711893235846819,9989,10,0
4436,1711893235856823,9989,10,0
4437,1711893235866827,9989,10,0
4438,1711893235876830,9989,10,0
4439,1711893235886834,9989,10,0
4440,1711893235896839,9989,10,0
4441,1711893235906843,9989,10,0
4442,1711893235916847,9989,10,0
4443,1711893235926850,9989,10,0
4444,1711893235936854,9989,10,0
4445,1711893235946858,9989,10,0
4446,1711893235956862,9989,10,0
4447,1711893235966866,9989,10,0
4448,1711893235976869,9989,10,0
4449,1711893235986873,9989,10,0
4450,1711893235996878,9989,10,0
4451,1711893236006882,9989,10,0
4452,1711893236016886,9989,10,0
4453,1711893236026889,9989,10,0
4454,1711893236036893,9989,10,0
4455,1711893236046897,9989,10,0
4456,1711893236056900,9989,10,0
4457,1711893236066904,9989,10,0
4458,1711893236076908,9989,10,0
4459,1711893236086912,9989,10,0
4460,1711893236096917,9989,10,0
4461,1711893236106921,9989,10,0
4462,1711893236116924,9989,10,0
4463,1711893236126928,9989,10,0
4464,1711893236136932,9989,10,0
4465,1711893236146936,9989,10,0
4466,1711893236156940,9983,16,0
4467,1711893236166944,9988,11,0
4468,1711893236176947,9989,10,0
4469,1711893236186955,9988,11,0
4470,1711893236196964,9985,14,0
4471,1711893236206968,9989,10,0
4472,1711893236216972,9989,10,0
4473,1711893236226975,9989,10,0
4474,1711893236236979,9989,10,0
4475,1711893236246983,9989,10,0
4476,1711893236256987,9989,10,0
4477,1711893236266991,9989,10,0
4478,1711893236276994,9988,11,0
4479,1711893236286998,9989,10,0
4480,1711893236297003,9989,10,0
4481,1711893236307007,9990,9,0
4482,1711893236317011,9989,10,0
4483,1711893236327015,9989,10,0
4484,1711893236337019,9989,10,0
4485,1711893236347023,9989,10,0
4486,1711893236357026,9989,10,0
4487,1711893236367030,9989,10,0
4488,1711893236377034,9989,10,0
4489,1711893236387043,9989,10,0
4490,1711893236397050,9981,18,0
4491,1711893236407054,9988,11,0
4492,1711893236417058,9988,11,0
4493,1711893236427062,9989,10,0
4494,1711893236437065,9989,10,0
4495,1711893236447069,9989,10,0
4496,1711893236457072,9989,10,0
4497,1711893236467076,9989,10,0
4498,1711893236477080,9989,10,0
4499,1711893236487084,9989,10,0
4500,1711893236497089,9989,10,0
4501,1711893236507092,9990,9,0
4502,1711893236517096,9989,10,0
4503,1711893236527100,9989,10,0
4504,1711893236537103,9989,10,0
4505,1711893236547107,9989,10,0
4506,1711893236557111,9989,10,0
4507,1711893236567114,9989,10,0
4508,1711893236577118,9989,10,0
4509,1711893236587121,9989,10,0
4510,1711893236597127,9989,10,0
4511,1711893236607130,9990,9,0
4512,1711893236617134,9989,10,0
4513,1711893236627138,9990,9,0
4514,1711893236637142,9989,10,0
4515,1711893236647145,9989,10,0
4516,1711893236657149,9989,10,0
4517,1711893236667153,9989,10,0
4518,1711893236677156,9989,10,0
4519,1711893236687160,9989,10,0
4520,1711893236697165,9989,10,0
4521,1711893236707168,9989,10,0
4522,1711893236717172,9989,10,0
4523,1711893236727176,9989,10,0
4524,1711893236737180,9989,10,0
4525,1711893236747183,9989,10,0
4526,1711893236757187,9989,10,0
4527,1711893236767190,9989,10,0
4528,1711893236777194,9989,10,0
4529,1711893236787198,9989,10,0
4530,1711893236797203,9989,10,0
4531,1711893236807206,9989,10,0
4532,1711893236817210,9989,10,0
4533,1711893236827214,9989,10,0
4534,1711893236837217,9989,10,0
4535,1711893236847221,9989,10,0
4536,1711893236857225,9989,10,0
4537,1711893236867228,9989,10,0
4538,1711893236877232,9989,10,0
4539,1711893236887235,9989,10,0
4540,1711893236897240,9989,10,0
4541,1711893236907244,9989,10,0
4542,1711893236917247,9989,10,0
4543,1711893236927251,9989,10,0
4544,1711893236937254,9989,10,0
4545,1711893236947258,9989,10,0
4546,1711893236957261,9989,10,0
4547,1711893236967265,9989,10,0
4548,1711893236977269,9989,10,0
4549,1711893236987273,9989,10,0
4550,1711893236997278,9989,10,0
4551,1711893237007282,9989,10,0
4552,1711893237017285,9989,10,0
4553,1711893237027289,9989,10,0
4554,1711893237037292,9989,10,0
4555,1711893237047296,9990,9,0
4556,1711893237057300,9989,10,0
4557,1711893237067303,9989,10,0
4558,1711893237077307,9989,10,0
4559,1711893237087311,9989,10,0
4560,1711893237097315,9989,10,0
4561,1711893237107320,9989,10,0
4562,1711893237117323,9989,10,0
4563,1711893237127327,9989,10,0
4564,1711893237137331,9989,10,0
4565,1711893237147334,9989,10,0
4566,1711893237157338,9989,10,0
4567,1711893237167342,9989,10,0
4568,1711893237177346,9989,10,0
4569,1711893237187349,9989,10,0
4570,1711893237197354,9989,10,0
4571,1711893237207357,9989,10,0
4572,1711893237217361,9989,10,0
4573,1711893237227365,9989,10,0
4574,1711893237237368,9989,10,0
4575,1711893237247372,9989,10,0
4576,1711893237257376,9989,10,0
4577,1711893237267379,9989,10,0
4578,1711893237277383,9989,10,0
4579,1711893237287386,9989,10,0
4580,1711893237297391,9989,10,0
4581,1711893237307395,9989,10,0
4582,1711893237317399,9989,10,0
4583,1711893237327402,9989,10,0
4584,1711893237337406,9989,10,0
4585,1711893237347409,9989,10,0
4586,1711893237357415,9989,10,0
4587,1711893237367421,9987,12,0
4588,1711893237377425,9988,11,0
4589,1711893237387429,9989,10,0
4590,1711893237397434,9989,10,0
4591,1711893237407438,9990,9,0
4592,1711893237417441,9989,10,0
4593,1711893237427445,9989,10,0
4594,1711893237437449,9989,10,0
4595,1711893237447452,9989,10,0
4596,1711893237457456,9989,10,0
4597,1711893237467459,9989,10,0
4598,1711893237477463,9989,10,0
4599,1711893237487467,9989,10,0
4600,1711893237497472,9989,10,0
4601,1711893237507476,9989,10,0
4602,1711893237517480,9989,10,0
4603,1711893237527483,9989,10,0
4604,1711893237537487,9989,10,0
4605,1711893237547491,9989,10,0
4606,1711893237557495,9989,10,0
4607,1711893237567498,9989,10,0
4608,1711893237577502,9981,18,0
4609,1711893237587506,9989,10,0
4610,1711893237597511,9989,10,0
4611,1711893237607515,9989,10,0
4612,1711893237617519,9989,10,0
4613,1711893237627523,9989,10,0
4614,1711893237637527,9989,10,0
4615,1711893237647530,9989,10,0
4616,1711893237657534,9989,10,0
4617,1711893237667538,9989,10,0
4618,1711893237677542,9989,10,0
4619,1711893237687551,9989,10,0
4620,1711893237697557,9984,15,0
4621,1711893237707561,9989,10,0
4622,1711893237717565,9989,10,0
4623,1711893237727569,9989,10,0
4624,1711893237737573,9989,10,0
4625,1711893237747577,9989,10,0
4626,1711893237757581,9989,10,0
4627,1711893237767585,9989,10,0
4628,1711893237777589,9989,10,0
4629,1711893237787592,9989,10,0
4630,1711893237797597,9989,10,0
4631,1711893237807601,9989,10,0
4632,1711893237817605,9989,10,0
4633,1711893237827609,9989,10,0
4634,1711893237837613,9989,10,0
4635,1711893237847617,9989,10,0
4636,1711893237857621,9989,10,0
4637,1711893237867624,9989,10,0
4638,1711893237877628,9989,10,0
4639,1711893237887632,9989,10,0
4640,1711893237897637,9989,10,0
4641,1711893237907641,9989,10,0
4642,1711893237917645,9989,10,0
4643,1711893237927649,9989,10,0
4644,1711893237937652,9989,10,0
4645,1711893237947656,9989,10,0
4646,1711893237957660,9989,10,0
4647,1711893237967664,9989,10,0
4648,1711893237977668,9989,10,0
4649,1711893237987672,9989,10,0
4650,1711893237997676,9989,10,0
4651,1711893238007681,9989,10,0
4652,1711893238017685,9989,10,0
4653,1711893238027688,9989,10,0
4654,1711893238037692,9989,10,0
4655,1711893238047696,9989,10,0
4656,1711893238057700,9989,10,0
4657,1711893238067704,9989,10,0
4658,1711893238077708,9989,10,0
4659,1711893238087711,9989,10,0
4660,1711893238097716,9989,10,0
4661,1711893238107720,9989,10,0
4662,1711893238117724,9989,10,0
4663,1711893238127728,9989,10,0
4664,1711893238137732,9989,11,0
4665,1711893238147736,9989,10,0
4666,1711893238157740,9989,10,0
4667,1711893238167743,9989,10,0
4668,1711893238177747,9989,10,0
4669,1711893238187751,9989,10,0
4670,1711893238197756,9989,10,0
4671,1711893238207760,9989,10,0
4672,1711893238217764,9989,10,0
4673,1711893238227768,9989,10,0
4674,1711893238237772,9989,10,0
4675,1711893238247775,9989,10,0
4676,1711893238257779,9989,10,0
4677,1711893238267783,9989,10,0
4678,1711893238277787,9989,10,0
4679,1711893238287790,9989,10,0
4680,1711893238297795,9989,10,0
4681,1711893238307799,9989,10,0
4682,1711893238317803,9989,10,0
4683,1711893238327807,9989,10,0
4684,1711893238337811,9989,10,0
4685,1711893238347814,9989,10,0
4686,1711893238357818,9989,10,0
4687,1711893238367821,9989,10,0
4688,1711893238377825,9989,10,0
4689,1711893238387829,9989,10,0
4690,1711893238397833,9989,10,0
4691,1711893238407837,9989,10,0
4692,1711893238417841,9989,10,0
4693,1711893238427844,9989,10,0
4694,1711893238437848,9989,10,0
4695,1711893238447851,9989,10,0
4696,1711893238457855,9989,10,0
4697,1711893238467858,9989,10,0
4698,1711893238477862,9989,10,0
4699,1711893238487865,9989,10,0
4700,1711893238497870,9989,10,0
4701,1711893238507874,9989,10,0
4702,1711893238517877,9989,10,0
4703,1711893238527881,9989,10,0
4704,1711893238537884,9989,10,0
4705,1711893238547888,9989,10,0
4706,1711893238557892,9989,10,0
4707,1711893238567895,9989,10,0
4708,1711893238577899,9989,10,0
4709,1711893238587902,9989,10,0
4710,1711893238597907,9989,10,0
4711,1711893238607911,9989,10,0
4712,1711893238617914,9989,10,0
4713,1711893238627918,9989,10,0
4714,1711893238637921,9989,10,0
4715,1711893238647925,9989,10,0
4716,1711893238657929,9989,10,0
4717,1711893238667932,9989,10,0
4718,1711893238677936,9989,10,0
4719,1711893238687939,9989,10,0
4720,1711893238697944,9989,10,0
4721,1711893238707948,9989,10,0
4722,1711893238717952,9989,10,0
4723,1711893238727955,9989,10,0
4724,1711893238737959,9989,10,0
4725,1711893238747962,9989,10,0
4726,1711893238757966,9989,10,0
4727,1711893238767970,9989,10,0
4728,1711893238777974,9989,10,0
4729,1711893238787977,9989,10,0
4730,1711893238797982,9989,10,0
4731,1711893238807985,9990,9,0
4732,1711893238817989,9989,10,0
4733,1711893238827993,9989,10,0
4734,1711893238837996,9989,10,0
4735,1711893238848000,9989,10,0
4736,1711893238858003,9989,10,0
4737,1711893238868007,9989,10,0
4738,1711893238878010,9989,10,0
4739,1711893238888014,9989,10,0
4740,1711893238898019,9989,10,0
4741,1711893238908022,9989,10,0
4742,1711893238918026,9989,10,0
4743,1711893238928030,9989,10,0
4744,1711893238938033,9989,10,0
4745,1711893238948037,9989,10,0
4746,1711893238958040,9989,10,0
4747,1711893238968044,9989,10,0
4748,1711893238978048,9989,10,0
4749,1711893238988051,9989,10,0
4750,1711893238998056,9989,10,0
4751,1711893239008060,9989,10,0
4752,1711893239018063,9989,10,0
4753,1711893239028067,9989,10,0
4754,1711893239038071,9989,10,0
4755,1711893239048074,9989,10,0
4756,1711893239058078,9989,10,0
4757,1711893239068081,9989,10,0
4758,1711893239078085,9989,10,0
4759,1711893239088088,9989,10,0
4760,1711893239098093,9989,10,0
4761,1711893239108097,9990,9,0
4762,1711893239118100,9989,10,0
4763,1711893239128104,9989,10,0
4764,1711893239138107,9989,10,0
4765,1711893239148111,9989,10,0
4766,1711893239158119,9989,10,0
4767,1711893239168124,9985,14,0
4768,1711893239178132,9989,10,0
4769,1711893239188139,9986,13,0
4770,1711893239198151,9985,14,0
4771,1711893239208156,9984,15,0
4772,1711893239218161,9988,11,0
4773,1711893239228165,9989,10,0
4774,1711893239238168,9989,10,0
4775,1711893239248172,9990,10,0
4776,1711893239258176,9989,10,0
4777,1711893239268180,9989,10,0
4778,1711893239278184,9989,10,0
4779,1711893239288187,9989,10,0
4780,1711893239298193,9989,10,0
4781,1711893239308197,9990,9,0
4782,1711893239318200,9989,10,0
4783,1711893239328204,9989,10,0
4784,1711893239338208,9989,10,0
4785,1711893239348211,9989,10,0
4786,1711893239358215,9989,10,0
4787,1711893239368219,9989,10,0
4788,1711893239378223,9989,10,0
4789,1711893239388226,9989,10,0
4790,1711893239398231,9989,10,0
4791,1711893239408235,9990,9,0
4792,1711893239418239,9989,10,0
4793,1711893239428243,9989,10,0
4794,1711893239438246,9989,10,0
4795,1711893239448250,9989,10,0
4796,1711893239458254,9989,10,0
4797,1711893239468258,9989,10,0
4798,1711893239478262,9989,10,0
4799,1711893239488265,9989,10,0
4800,1711893239498271,9989,10,0
4801,1711893239508275,9989,10,0
4802,1711893239518279,9989,10,0
4803,1711893239528282,9989,10,0
4804,1711893239538286,9989,10,0
4805,1711893239548290,9989,10,0
4806,1711893239558294,9989,10,0
4807,1711893239568298,9989,10,0
4808,1711893239578302,9989,10,0
4809,1711893239588306,9982,17,0
4810,1711893239598311,9989,10,0
4811,1711893239608315,9989,10,0
4812,1711893239618319,9989,10,0
4813,1711893239628322,9989,10,0
4814,1711893239638326,9989,10,0
4815,1711893239648330,9989,10,0
4816,1711893239658334,9989,10,0
4817,1711893239668338,9989,10,0
4818,1711893239678342,9989,10,0
4819,1711893239688346,9989,10,0
4820,1711893239698351,9989,10,0
4821,1711893239708355,9989,10,0
4822,1711893239718359,9989,10,0
4823,1711893239728364,9989,10,0
4824,1711893239738367,9989,10,0
4825,1711893239748371,9989,10,0
4826,1711893239758375,9989,10,0
4827,1711893239768379,9989,10,0
4828,1711893239778383,9989,10,0
4829,1711893239788386,9989,10,0
4830,1711893239798392,9989,10,0
4831,1711893239808396,9990,10,0
4832,1711893239818399,9989,10,0
4833,1711893239828403,9989,10,0
4834,1711893239838407,9989,10,0
4835,1711893239848411,9989,10,0
4836,1711893239858415,9989,10,0
4837,1711893239868419,9989,10,0
4838,1711893239878422,9989,10,0
4839,1711893239888426,9989,10,0
4840,1711893239898431,9989,10,0
4841,1711893239908435,9989,10,0
4842,1711893239918439,9989,10,0
4843,1711893239928442,9989,10,0
4844,1711893239938446,9989,10,0
4845,1711893239948450,9989,10,0
4846,1711893239958454,9989,10,0
4847,1711893239968457,9989,10,0
4848,1711893239978461,9989,10,0
4849,1711893239988465,9989,10,0
4850,1711893239998470,9989,10,0
4851,1711893240008474,9990,9,0
4852,1711893240018478,9989,10,0
4853,1711893240028482,9989,10,0
4854,1711893240038485,9989,10,0
4855,1711893240048490,9989,10,0
4856,1711893240058494,9989,10,0
4857,1711893240068497,9989,10,0
4858,1711893240078501,9989,10,0
4859,1711893240088505,9989,10,0
4860,1711893240098510,9989,10,0
4861,1711893240108514,9989,10,0
4862,1711893240118518,9989,10,0
4863,1711893240128521,9989,10,0
4864,1711893240138525,9989,10,0
4865,1711893240148528,9985,14,0
4866,1711893240158532,9988,11,0
4867,1711893240168536,9989,10,0
4868,1711893240178541,9989,10,0
4869,1711893240188545,9989,10,0
4870,1711893240198550,9989,10,0
4871,1711893240208553,9990,9,0
4872,1711893240218557,9989,10,0
4873,1711893240228561,9989,10,0
4874,1711893240238566,9988,11,0
4875,1711893240248569,9989,10,0
4876,1711893240258573,9989,10,0
4877,1711893240268577,9989,10,0
4878,1711893240278581,9989,10,0
4879,1711893240288584,9989,10,0
4880,1711893240298589,9989,10,0
4881,1711893240308593,9989,10,0
4882,1711893240318597,9989,10,0
4883,1711893240328601,9989,10,0
4884,1711893240338605,9989,10,0
4885,1711893240348608,9989,10,0
4886,1711893240358612,9989,10,0
4887,1711893240368616,9990,9,0
4888,1711893240378620,9989,10,0
4889,1711893240388624,9989,10,0
4890,1711893240398628,9989,10,0
4891,1711893240408632,9989,10,0
4892,1711893240418636,9989,10,0
4893,1711893240428639,9989,10,0
4894,1711893240438643,9989,10,0
4895,1711893240448646,9989,10,0
4896,1711893240458650,9989,10,0
4897,1711893240468654,9989,10,0
4898,1711893240478658,9989,10,0
4899,1711893240488661,9989,10,0
4900,1711893240498666,9989,10,0
4901,1711893240508670,9989,10,0
4902,1711893240518673,9989,10,0
4903,1711893240528677,9989,10,0
4904,1711893240538680,9989,10,0
4905,1711893240548684,9989,10,0
4906,1711893240558688,9989,10,0
4907,1711893240568691,9989,10,0
4908,1711893240578695,9989,10,0
4909,1711893240588698,9988,11,0
4910,1711893240598703,9989,10,0
4911,1711893240608707,9989,10,0
4912,1711893240618711,9989,10,0
4913,1711893240628715,9989,10,0
4914,1711893240638718,9989,10,0
4915,1711893240648722,9989,10,0
4916,1711893240658725,9989,10,0
4917,1711893240668729,9989,10,0
4918,1711893240678732,9989,10,0
4919,1711893240688736,9989,10,0
4920,1711893240698746,9989,10,0
4921,1711893240708751,9984,15,0
4922,1711893240718756,9989,10,0
4923,1711893240728759,9989,10,0
4924,1711893240738763,9989,10,0
4925,1711893240748766,9989,10,0
4926,1711893240758770,9989,10,0
4927,1711893240768774,9989,10,0
4928,1711893240778778,9989,10,0
4929,1711893240788781,9989,10,0
4930,1711893240798787,9989,10,0
4931,1711893240808790,9990,9,0
4932,1711893240818794,9989,10,0
4933,1711893240828798,9989,10,0
4934,1711893240838802,9989,10,0
4935,1711893240848805,9989,10,0
4936,1711893240858809,9989,10,0
4937,1711893240868812,9989,10,0
4938,1711893240878816,9989,10,0
4939,1711893240888819,9989,10,0
4940,1711893240898824,9989,10,0
4941,1711893240908828,9989,10,0
4942,1711893240918831,9989,10,0
4943,1711893240928835,9989,10,0
4944,1711893240938839,9989,10,0
4945,1711893240948842,9989,10,0
4946,1711893240958846,9989,10,0
4947,1711893240968849,9989,10,0
4948,1711893240978853,9989,10,0
4949,1711893240988856,9989,10,0
4950,1711893240998861,9989,10,0
4951,1711893241008865,9989,10,0
4952,1711893241018869,9989,10,0
4953,1711893241028872,9989,10,0
4954,1711893241038876,9989,10,0
4955,1711893241048879,9989,10,0
4956,1711893241058883,9989,10,0
4957,1711893241068886,9989,10,0
4958,1711893241078890,9989,10,0
4959,1711893241088894,9989,10,0
4960,1711893241098899,9989,10,0
4961,1711893241108902,9989,10,0
4962,1711893241118906,9989,10,0
4963,1711893241128909,9989,10,0
4964,1711893241138913,9989,10,0
4965,1711893241148917,9989,10,0
4966,1711893241158920,9989,10,0
4967,1711893241168924,9989,10,0
4968,1711893241178927,9989,10,0
4969,1711893241188931,9989,10,0
4970,1711893241198935,9989,10,0
4971,1711893241208939,9989,10,0
4972,1711893241218943,9989,10,0
4973,1711893241228946,9989,10,0
4974,1711893241238950,9989,10,0
4975,1711893241248954,9989,10,0
4976,1711893241258957,9989,10,0
4977,1711893241268961,9989,10,0
4978,1711893241278965,9989,10,0
4979,1711893241288968,9989,10,0
4980,1711893241298973,9989,10,0
4981,1711893241308977,9989,10,0
4982,1711893241318980,9989,10,0
4983,1711893241328984,9989,10,0
4984,1711893241338987,9989,10,0
4985,1711893241348991,9989,10,0
4986,1711893241358995,9989,10,0
4987,1711893241368998,9989,10,0
4988,1711893241379002,9989,10,0
4989,1711893241389005,9989,10,0
4990,1711893241399010,9989,10,0
4991,1711893241409014,9989,10,0
4992,1711893241419017,9989,10,0
4993,1711893241429021,9989,10,0
4994,1711893241439024,9989,10,0
4995,1711893241449028,9989,10,0
4996,1711893241459031,9989,10,0
4997,1711893241469035,9989,10,0
4998,1711893241479039,9989,10,0
4999,1711893241489042,9989,10,0
5000,1711893241499047,9989,10,0
5001,1711893241509051,9989,10,0
5002,1711893241519054,9989,10,0
5003,1711893241529058,9989,10,0
5004,1711893241539061,9989,10,0
5005,1711893241549065,9989,10,0
5006,1711893241559068,9989,10,0
5007,1711893241569072,9989,10,0
5008,1711893241579076,9989,10,0
5009,1711893241589079,9989,10,0
5010,1711893241599084,9989,10,0
5011,1711893241609088,9989,10,0
5012,1711893241619091,9989,10,0
5013,1711893241629095,9989,10,0
5014,1711893241639098,9989,11,0
5015,1711893241649102,9989,10,0
5016,1711893241659105,9989,10,0
5017,1711893241669109,9989,10,0
5018,1711893241679113,9989,10,0
5019,1711893241689116,9989,10,0
5020,1711893241699121,9989,10,0
5021,1711893241709125,9989,10,0
5022,1711893241719128,9989,10,0
5023,1711893241729132,9989,10,0
5024,1711893241739136,9989,10,0
5025,1711893241749139,9989,10,0
5026,1711893241759143,9989,10,0
5027,1711893241769147,9989,10,0
5028,1711893241779150,9989,10,0
5029,1711893241789154,9989,10,0
5030,1711893241799159,9989,10,0
5031,1711893241809162,9989,10,0
5032,1711893241819166,9989,10,0
5033,1711893241829170,9989,10,0
5034,1711893241839174,9989,10,0
5035,1711893241849177,9989,10,0
5036,1711893241859181,9989,10,0
5037,1711893241869184,9989,10,0
5038,1711893241879188,9989,10,0
5039,1711893241889192,9989,10,0
5040,1711893241899196,9989,10,0
5041,1711893241909200,9989,10,0
5042,1711893241919203,9989,10,0
5043,1711893241929207,9989,10,0
5044,1711893241939211,9989,10,0
5045,1711893241949214,9989,10,0
5046,1711893241959218,9989,10,0
5047,1711893241969221,9989,10,0
5048,1711893241979227,9989,10,0
5049,1711893241989231,9986,13,0
5050,1711893241999239,9989,10,0
5051,1711893242009244,9987,12,0
5052,1711893242019249,9989,10,0
5053,1711893242029253,9989,10,0
5054,1711893242039257,9989,10,0
5055,1711893242049261,9989,10,0
5056,1711893242059265,9989,10,0
5057,1711893242069269,9989,10,0
5058,1711893242079273,9989,10,0
5059,1711893242089276,9989,10,0
5060,1711893242099283,9990,9,0
5061,1711893242109287,9988,11,0
5062,1711893242119292,9989,10,0
5063,1711893242129295,9989,10,0
5064,1711893242139299,9989,10,0
5065,1711893242149303,9989,10,0
5066,1711893242159307,9989,10,0
5067,1711893242169311,9989,10,0
5068,1711893242179315,9989,10,0
5069,1711893242189319,9989,10,0
5070,1711893242199326,9989,10,0
5071,1711893242209331,9987,12,0
5072,1711893242219335,9987,12,0
5073,1711893242229339,9989,10,0
5074,1711893242239343,9989,10,0
5075,1711893242249347,9989,10,0
5076,1711893242259351,9989,10,0
5077,1711893242269355,9989,10,0
5078,1711893242279359,9989,10,0
5079,1711893242289363,9989,10,0
5080,1711893242299369,9989,10,0
5081,1711893242309374,9989,10,0
5082,1711893242319378,9988,11,0
5083,1711893242329383,9989,10,0
5084,1711893242339387,9989,10,0
5085,1711893242349391,9989,10,0
5086,1711893242359396,9989,10,0
5087,1711893242369403,9986,13,0
5088,1711893242379407,9986,13,0
5089,1711893242389411,9989,10,0
5090,1711893242399416,9989,10,0
5091,1711893242409421,9990,9,0
5092,1711893242419426,9987,12,0
5093,1711893242429430,9989,10,0
5094,1711893242439434,9989,10,0
5095,1711893242449438,9989,10,0
5096,1711893242459442,9989,10,0
5097,1711893242469445,9989,10,0
5098,1711893242479449,9989,10,0
5099,1711893242489453,9989,10,0
5100,1711893242499458,9989,10,0
5101,1711893242509462,9990,9,0
5102,1711893242519468,9988,11,0
5103,1711893242529472,9988,11,0
5104,1711893242539476,9989,10,0
5105,1711893242549480,9989,10,0
5106,1711893242559484,9989,10,0
5107,1711893242569488,9989,10,0
5108,1711893242579492,9989,10,0
5109,1711893242589495,9989,10,0
5110,1711893242599501,9989,10,0
5111,1711893242609505,9990,9,0
5112,1711893242619509,9989,10,0
5113,1711893242629514,9988,11,0
5114,1711893242639518,9989,10,0
5115,1711893242649522,9989,10,0
5116,1711893242659526,9989,10,0
5117,1711893242669530,9989,10,0
5118,1711893242679534,9989,10,0
5119,1711893242689538,9989,10,0
5120,1711893242699543,9981,18,0
5121,1711893242709547,9989,10,0
5122,1711893242719552,9989,10,0
5123,1711893242729557,9988,11,0
5124,1711893242739562,9988,11,0
5125,1711893242749566,9989,10,0
5126,1711893242759570,9989,10,0
5127,1711893242769574,9989,10,0
5128,1711893242779577,9989,10,0
5129,1711893242789581,9989,10,0
5130,1711893242799587,9989,10,0
5131,1711893242809591,9989,10,0
5132,1711893242819596,9989,10,0
5133,1711893242829601,9988,11,0
5134,1711893242839605,9988,11,0
5135,1711893242849609,9989,10,0
5136,1711893242859613,9989,10,0
5137,1711893242869617,9989,10,0
5138,1711893242879621,9989,10,0
5139,1711893242889625,9989,10,0
5140,1711893242899630,9989,10,0
5141,1711893242909634,9989,10,0
5142,1711893242919638,9989,10,0
5143,1711893242929642,9990,9,0
5144,1711893242939647,9988,11,0
5145,1711893242949651,9989,10,0
5146,1711893242959655,9989,10,0
5147,1711893242969659,9989,10,0
5148,1711893242979663,9989,10,0
5149,1711893242989667,9989,10,0
5150,1711893242999672,9989,10,0
5151,1711893243009676,9990,9,0
5152,1711893243019680,9989,10,0
5153,1711893243029685,9989,10,0
5154,1711893243039690,9988,11,0
5155,1711893243049694,9988,11,0
5156,1711893243059698,9989,10,0
5157,1711893243069703,9989,10,0
5158,1711893243079707,9989,10,0
5159,1711893243089710,9989,10,0
5160,1711893243099716,9989,10,0
5161,1711893243109720,9990,9,0
5162,1711893243119724,9989,10,0
5163,1711893243129728,9989,10,0
5164,1711893243139733,9990,9,0
5165,1711893243149737,9988,11,0
5166,1711893243159741,9989,10,0
5167,1711893243169745,9989,10,0
5168,1711893243179749,9989,10,0
5169,1711893243189753,9989,10,0
5170,1711893243199759,9989,10,0
5171,1711893243209763,9990,10,0
5172,1711893243219767,9989,10,0
5173,1711893243229770,9989,10,0
5174,1711893243239775,9989,10,0
5175,1711893243249780,9989,10,0
5176,1711893243259784,9987,12,0
5177,1711893243269788,9989,10,0
5178,1711893243279793,9989,10,0
5179,1711893243289797,9989,10,0
5180,1711893243299802,9989,10,0
5181,1711893243309806,9989,10,0
5182,1711893243319811,9989,10,0
5183,1711893243329814,9989,10,0
5184,1711893243339818,9989,10,0
5185,1711893243349824,9990,9,0
5186,1711893243359829,9987,12,0
5187,1711893243369833,9989,10,0
5188,1711893243379837,9989,10,0
5189,1711893243389842,9989,10,0
5190,1711893243399847,9989,10,0
5191,1711893243409851,9989,10,0
5192,1711893243419855,9989,10,0
5193,1711893243429859,9989,10,0
5194,1711893243439863,9989,10,0
5195,1711893243449867,9989,10,0
5196,1711893243459873,9988,11,0
5197,1711893243469876,9988,11,0
5198,1711893243479880,9989,10,0
5199,1711893243489885,9989,10,0
5200,1711893243499890,9989,10,0
5201,1711893243509894,9989,10,0
5202,1711893243519898,9989,10,0
5203,1711893243529902,9989,10,0
5204,1711893243539906,9989,10,0
5205,1711893243549909,9989,10,0
5206,1711893243559915,9990,9,0
5207,1711893243569919,9988,11,0
5208,1711893243579923,9989,10,0
5209,1711893243589927,9989,10,0
5210,1711893243599933,9989,10,0
5211,1711893243609937,9989,10,0
5212,1711893243619941,9989,10,0
5213,1711893243629944,9989,10,0
5214,1711893243639948,9989,10,0
5215,1711893243649952,9989,10,0
5216,1711893243659957,9989,10,0
5217,1711893243669962,9988,11,0
5218,1711893243679967,9988,11,0
5219,1711893243689971,9989,10,0
5220,1711893243699976,9989,10,0
5221,1711893243709981,9989,10,0
5222,1711893243719986,9988,11,0
5223,1711893243729990,9989,10,0
5224,1711893243739994,9989,10,0
5225,1711893243749998,9989,10,0
5226,1711893243760003,9989,10,0
5227,1711893243770008,9988,11,0
5228,1711893243780012,9988,11,0
5229,1711893243790016,9989,10,0
5230,1711893243800023,9989,10,0
5231,1711893243810027,9989,10,0
5232,1711893243820031,9989,10,0
5233,1711893243830035,9989,10,0
5234,1711893243840039,9989,10,0
5235,1711893243850043,9989,10,0
5236,1711893243860047,9989,10,0
5237,1711893243870051,9990,9,0
5238,1711893243880056,9988,11,0
5239,1711893243890060,9989,10,0
5240,1711893243900065,9989,10,0
5241,1711893243910070,9989,10,0
5242,1711893243920074,9989,10,0
5243,1711893243930077,9989,10,0
5244,1711893243940081,9989,10,0
5245,1711893243950085,9989,10,0
5246,1711893243960089,9989,10,0
5247,1711893243970093,9989,10,0
5248,1711893243980099,9988,11,0
5249,1711893243990103,9988,11,0
5250,1711893244000109,9989,10,0
5251,1711893244010113,9989,10,0
5252,1711893244020117,9989,10,0
5253,1711893244030121,9989,10,0
5254,1711893244040125,9989,10,0
5255,1711893244050129,9989,10,0
5256,1711893244060132,9989,10,0
5257,1711893244070136,9989,10,0
5258,1711893244080142,9990,9,0
5259,1711893244090146,9988,11,0
5260,1711893244100152,9989,10,0
5261,1711893244110156,9990,9,0
5262,1711893244120160,9989,10,0
5263,1711893244130164,9989,10,0
5264,1711893244140168,9989,10,0
5265,1711893244150172,9986,13,0
5266,1711893244160176,9988,11,0
5267,1711893244170180,9989,10,0
5268,1711893244180184,9989,10,0
5269,1711893244190189,9988,11,0
5270,1711893244200196,9988,11,0
5271,1711893244210200,9989,10,0
5272,1711893244220204,9989,10,0
5273,1711893244230208,9989,10,0
5274,1711893244240212,9989,10,0
5275,1711893244250215,9989,10,0
5276,1711893244260219,9989,10,0
5277,1711893244270223,9989,10,0
5278,1711893244280227,9989,10,0
5279,1711893244290233,9988,11,0
5280,1711893244300238,9988,11,0
5281,1711893244310243,9990,9,0
5282,1711893244320247,9989,10,0
5283,1711893244330251,9989,10,0
5284,1711893244340255,9989,10,0
5285,1711893244350259,9989,10,0
5286,1711893244360263,9989,10,0
5287,1711893244370267,9989,10,0
5288,1711893244380271,9989,10,0
5289,1711893244390276,9989,10,0
5290,1711893244400281,9988,11,0
5291,1711893244410285,9989,10,0
5292,1711893244420289,9989,10,0
5293,1711893244430293,9989,10,0
5294,1711893244440297,9989,10,0
5295,1711893244450300,9989,10,0
5296,1711893244460304,9983,16,0
5297,1711893244470308,9989,10,0
5298,1711893244480312,9983,16,0
5299,1711893244490317,9989,10,0
5300,1711893244500323,9988,11,0
5301,1711893244510328,9989,10,0
5302,1711893244520332,9989,10,0
5303,1711893244530336,9989,10,0
5304,1711893244540340,9989,10,0
5305,1711893244550344,9989,10,0
5306,1711893244560348,9989,10,0
5307,1711893244570352,9989,10,0
5308,1711893244580356,9989,11,0
5309,1711893244590360,9989,10,0
5310,1711893244600368,9988,11,0
5311,1711893244610372,9987,12,0
5312,1711893244620376,9989,10,0
5313,1711893244630381,9989,10,0
5314,1711893244640384,9989,10,0
5315,1711893244650388,9989,10,0
5316,1711893244660392,9989,10,0
5317,1711893244670396,9989,10,0
5318,1711893244680400,9989,10,0
5319,1711893244690404,9989,10,0
5320,1711893244700408,9989,10,0
5321,1711893244710413,9988,11,0
5322,1711893244720417,9989,10,0
5323,1711893244730421,9989,10,0
5324,1711893244740425,9989,10,0
5325,1711893244750429,9989,10,0
5326,1711893244760433,9989,10,0
5327,1711893244770436,9989,10,0
5328,1711893244780440,9989,10,0
5329,1711893244790444,9989,10,0
5330,1711893244800450,9989,10,0
5331,1711893244810455,9989,10,0
5332,1711893244820459,9988,11,0
5333,1711893244830463,9989,10,0
5334,1711893244840468,9989,10,0
5335,1711893244850472,9989,10,0
5336,1711893244860476,9989,10,0
5337,1711893244870480,9989,10,0
5338,1711893244880484,9989,10,0
5339,1711893244890488,9989,10,0
5340,1711893244900493,9989,10,0
5341,1711893244910499,9990,9,0
5342,1711893244920503,9987,12,0
5343,1711893244930507,9989,10,0
5344,1711893244940511,9989,10,0
5345,1711893244950515,9989,10,0
5346,1711893244960519,9989,10,0
5347,1711893244970523,9989,10,0
5348,1711893244980527,9989,10,0
5349,1711893244990531,9989,10,0
5350,1711893245000536,9989,10,0
5351,1711893245010541,9990,9,0
5352,1711893245020546,9988,11,0
5353,1711893245030551,9988,11,0
5354,1711893245040555,9989,10,0
5355,1711893245050559,9989,10,0
5356,1711893245060563,9989,10,0
5357,1711893245070567,9989,10,0
5358,1711893245080571,9989,10,0
5359,1711893245090574,9989,10,0
5360,1711893245100580,9989,10,0
5361,1711893245110584,9990,9,0
5362,1711893245120589,9989,10,0
5363,1711893245130593,9988,11,0
5364,1711893245140597,9989,10,0
5365,1711893245150602,9989,10,0
5366,1711893245160606,9989,10,0
5367,1711893245170610,9989,10,0
5368,1711893245180614,9989,10,0
5369,1711893245190618,9989,10,0
5370,1711893245200623,9989,10,0
5371,1711893245210628,9990,9,0
5372,1711893245220634,9988,11,0
5373,1711893245230638,9987,12,0
5374,1711893245240642,9989,10,0
5375,1711893245250646,9989,10,0
5376,1711893245260650,9989,10,0
5377,1711893245270654,9989,10,0
5378,1711893245280658,9988,11,0
5379,1711893245290662,9989,10,0
5380,1711893245300668,9989,10,0
5381,1711893245310672,9989,10,0
5382,1711893245320676,9989,10,0
5383,1711893245330682,9989,10,0
5384,1711893245340686,9988,11,0
5385,1711893245350690,9989,10,0
5386,1711893245360695,9989,10,0
5387,1711893245370698,9989,10,0
5388,1711893245380702,9989,10,0
5389,1711893245390706,9989,10,0
5390,1711893245400711,9989,10,0
5391,1711893245410715,9989,10,0
5392,1711893245420719,9989,10,0
5393,1711893245430724,9990,9,0
5394,1711893245440728,9988,11,0
5395,1711893245450732,9989,10,0
5396,1711893245460736,9989,10,0
5397,1711893245470740,9989,10,0
5398,1711893245480744,9989,10,0
5399,1711893245490748,9989,10,0
5400,1711893245500753,9989,10,0
5401,1711893245510757,9989,10,0
5402,1711893245520761,9989,10,0
5403,1711893245530766,9989,10,0
5404,1711893245540771,9988,11,0
5405,1711893245550776,9988,11,0
5406,1711893245560780,9989,10,0
5407,1711893245570784,9989,10,0
5408,1711893245580788,9989,10,0
5409,1711893245590791,9989,10,0
5410,1711893245600797,9989,10,0
5411,1711893245610801,9990,9,0
5412,1711893245620805,9989,10,0
5413,1711893245630810,9989,10,0
5414,1711893245640815,9988,11,0
5415,1711893245650819,9988,11,0
5416,1711893245660823,9989,10,0
5417,1711893245670828,9989,10,0
5418,1711893245680831,9989,10,0
5419,1711893245690835,9989,10,0
5420,1711893245700841,9989,10,0
5421,1711893245710844,9990,9,0
5422,1711893245720848,9989,10,0
5423,1711893245730852,9989,10,0
5424,1711893245740861,9990,9,0
5425,1711893245750870,9984,15,0
5426,1711893245760875,9987,12,0
5427,1711893245770880,9989,10,0
5428,1711893245780884,9989,10,0
5429,1711893245790887,9989,10,0
5430,1711893245800895,9989,10,0
5431,1711893245810899,9989,10,0
5432,1711893245820902,9989,10,0
5433,1711893245830906,9989,10,0
5434,1711893245840910,9989,10,0
5435,1711893245850914,9989,10,0
5436,1711893245860918,9989,10,0
5437,1711893245870922,9989,10,0
5438,1711893245880926,9989,10,0
5439,1711893245890930,9989,10,0
5440,1711893245900935,9989,10,0
5441,1711893245910939,9990,9,0
5442,1711893245920943,9989,10,0
5443,1711893245930946,9989,10,0
5444,1711893245940950,9989,10,0
5445,1711893245950954,9989,10,0
5446,1711893245960958,9989,10,0
5447,1711893245970962,9989,10,0
5448,1711893245980965,9989,10,0
5449,1711893245990969,9989,10,0
5450,1711893246000975,9989,10,0
5451,1711893246010978,9989,10,0
5452,1711893246020982,9989,10,0
5453,1711893246030986,9989,10,0
5454,1711893246040990,9989,10,0
5455,1711893246050994,9989,10,0
5456,1711893246060997,9989,10,0
5457,1711893246071001,9989,10,0
5458,1711893246081005,9989,10,0
5459,1711893246091009,9989,10,0
5460,1711893246101014,9989,10,0
5461,1711893246111018,9989,10,0
5462,1711893246121021,9989,10,0
5463,1711893246131025,9989,10,0
5464,1711893246141029,9989,10,0
5465,1711893246151033,9989,10,0
5466,1711893246161037,9989,10,0
5467,1711893246171040,9989,10,0
5468,1711893246181044,9989,10,0
5469,1711893246191049,9989,10,0
5470,1711893246201053,9989,10,0
5471,1711893246211057,9989,10,0
5472,1711893246221061,9989,10,0
5473,1711893246231065,9989,10,0
5474,1711893246241069,9989,10,0
5475,1711893246251073,9989,10,0
5476,1711893246261076,9989,10,0
5477,1711893246271080,9989,10,0
5478,1711893246281084,9989,10,0
5479,1711893246291088,9989,10,0
5480,1711893246301093,9989,10,0
5481,1711893246311096,9989,10,0
5482,1711893246321100,9989,10,0
5483,1711893246331104,9989,10,0
5484,1711893246341108,9989,10,0
5485,1711893246351112,9989,10,0
5486,1711893246361116,9989,10,0
5487,1711893246371119,9989,10,0
5488,1711893246381123,9989,10,0
5489,1711893246391127,9989,10,0
5490,1711893246401132,9989,10,0
5491,1711893246411136,9989,10,0
5492,1711893246421139,9989,10,0
5493,1711893246431143,9989,10,0
5494,1711893246441147,9989,10,0
5495,1711893246451150,9989,10,0
5496,1711893246461154,9989,10,0
5497,1711893246471157,9989,10,0
5498,1711893246481161,9989,10,0
5499,1711893246491165,9989,10,0
5500,1711893246501170,9989,10,0
5501,1711893246511173,9989,10,0
5502,1711893246521177,9989,10,0
5503,1711893246531180,9989,10,0
5504,1711893246541184,9989,10,0
5505,1711893246551188,9989,10,0
5506,1711893246561191,9989,10,0
5507,1711893246571195,9989,10,0
5508,1711893246581198,9989,10,0
5509,1711893246591202,9989,10,0
5510,1711893246601207,9989,10,0
5511,1711893246611210,9989,10,0
5512,1711893246621214,9989,10,0
5513,1711893246631217,9989,10,0
5514,1711893246641221,9989,10,0
5515,1711893246651225,9989,10,0
5516,1711893246661228,9989,10,0
5517,1711893246671232,9989,10,0
5518,1711893246681235,9989,10,0
5519,1711893246691239,9989,10,0
5520,1711893246701244,9989,10,0
5521,1711893246711248,9989,10,0
5522,1711893246721252,9989,10,0
5523,1711893246731256,9988,11,0
5524,1711893246741260,9989,10,0
5525,1711893246751264,9989,10,0
5526,1711893246761267,9989,10,0
5527,1711893246771271,9989,10,0
5528,1711893246781274,9989,10,0
5529,1711893246791278,9989,10,0
5530,1711893246801283,9989,10,0
5531,1711893246811287,9990,9,0
5532,1711893246821291,9989,10,0
5533,1711893246831294,9989,10,0
5534,1711893246841298,9989,10,0
5535,1711893246851301,9989,10,0
5536,1711893246861305,9989,10,0
5537,1711893246871308,9989,10,0
5538,1711893246881312,9989,10,0
5539,1711893246891316,9989,10,0
5540,1711893246901321,9989,10,0
5541,1711893246911324,9989,10,0
5542,1711893246921328,9989,10,0
5543,1711893246931331,9989,10,0
5544,1711893246941335,9989,10,0
5545,1711893246951338,9989,10,0
5546,1711893246961343,9989,10,0
5547,1711893246971346,9989,10,0
5548,1711893246981350,9989,10,0
5549,1711893246991353,9989,10,0
5550,1711893247001358,9989,10,0
5551,1711893247011362,9989,10,0
5552,1711893247021365,9989,10,0
5553,1711893247031369,9989,10,0
5554,1711893247041373,9989,10,0
5555,1711893247051376,9989,10,0
5556,1711893247061380,9989,10,0
5557,1711893247071383,9989,10,0
5558,1711893247081387,9989,10,0
5559,1711893247091391,9989,10,0
5560,1711893247101395,9989,10,0
5561,1711893247111399,9990,9,0
5562,1711893247121402,9989,10,0
5563,1711893247131406,9989,10,0
5564,1711893247141410,9989,10,0
5565,1711893247151414,9989,10,0
5566,1711893247161417,9989,10,0
5567,1711893247171421,9989,10,0
5568,1711893247181424,9989,10,0
5569,1711893247191428,9989,10,0
5570,1711893247201433,9989,10,0
5571,1711893247211436,9989,10,0
5572,1711893247221440,9989,10,0
5573,1711893247231444,9989,10,0
5574,1711893247241448,9989,10,0
5575,1711893247251451,9989,10,0
5576,1711893247261455,9989,10,0
5577,1711893247271458,9989,10,0
5578,1711893247281462,9989,10,0
5579,1711893247291465,9989,10,0
5580,1711893247301470,9989,10,0
5581,1711893247311474,9989,10,0
5582,1711893247321477,9989,10,0
5583,1711893247331481,9989,10,0
5584,1711893247341484,9989,10,0
5585,1711893247351488,9989,10,0
5586,1711893247361494,9989,10,0
5587,1711893247371500,9986,13,0
5588,1711893247381504,9988,11,0
5589,1711893247391508,9989,10,0
5590,1711893247401513,9989,10,0
5591,1711893247411517,9990,9,0
5592,1711893247421520,9989,10,0
5593,1711893247431524,9989,10,0
5594,1711893247441527,9989,10,0
5595,1711893247451531,9989,10,0
5596,1711893247461535,9989,10,0
5597,1711893247471538,9989,10,0
5598,1711893247481542,9989,10,0
5599,1711893247491545,9989,10,0
5600,1711893247501550,9989,10,0
5601,1711893247511554,9989,10,0
5602,1711893247521558,9989,10,0
5603,1711893247531562,9989,10,0
5604,1711893247541565,9988,11,0
5605,1711893247551569,9989,10,0
5606,1711893247561573,9989,10,0
5607,1711893247571577,9989,10,0
5608,1711893247581580,9989,10,0
5609,1711893247591584,9989,10,0
5610,1711893247601590,9989,10,0
5611,1711893247611593,9989,10,0
5612,1711893247621597,9989,10,0
5613,1711893247631601,9989,10,0
5614,1711893247641605,9989,10,0
5615,1711893247651609,9989,10,0
5616,1711893247661612,9989,10,0
5617,1711893247671616,9989,10,0
5618,1711893247681620,9989,10,0
5619,1711893247691623,9989,10,0
5620,1711893247701628,9989,10,0
5621,1711893247711632,9989,10,0
5622,1711893247721636,9989,10,0
5623,1711893247731640,9989,10,0
5624,1711893247741643,9989,10,0
5625,1711893247751647,9989,10,0
5626,1711893247761651,9988,11,0
5627,1711893247771655,9989,10,0
5628,1711893247781658,9989,10,0
5629,1711893247791662,9989,10,0
5630,1711893247801667,9989,10,0
5631,1711893247811671,9989,10,0
5632,1711893247821675,9980,19,0
5633,1711893247831678,9989,10,0
5634,1711893247841683,9989,10,0
5635,1711893247851687,9989,10,0
5636,1711893247861690,9989,10,0
5637,1711893247871694,9989,10,0
5638,1711893247881698,9989,10,0
5639,1711893247891702,9989,10,0
5640,1711893247901706,9989,10,0
5641,1711893247911710,9989,10,0
5642,1711893247921715,9989,10,0
5643,1711893247931718,9989,10,0
5644,1711893247941722,9989,10,0
5645,1711893247951726,9989,10,0
5646,1711893247961730,9989,10,0
5647,1711893247971733,9989,10,0
5648,1711893247981737,9989,10,0
5649,1711893247991741,9989,10,0
5650,1711893248001746,9989,10,0
5651,1711893248011750,9989,10,0
5652,1711893248021754,9989,10,0
5653,1711893248031758,9989,10,0
5654,1711893248041761,9989,10,0
5655,1711893248051765,9989,10,0
5656,1711893248061769,9989,10,0
5657,1711893248071773,9989,10,0
5658,1711893248081777,9989,10,0
5659,1711893248091780,9989,10,0
5660,1711893248101785,9989,10,0
5661,1711893248111789,9989,10,0
5662,1711893248121793,9989,10,0
5663,1711893248131797,9989,10,0
5664,1711893248141800,9989,10,0
5665,1711893248151805,9985,14,0
5666,1711893248161808,9987,12,0
5667,1711893248171812,9989,10,0
5668,1711893248181816,9989,10,0
5669,1711893248191820,9989,10,0
5670,1711893248201825,9989,10,0
5671,1711893248211829,9989,10,0
5672,1711893248221833,9989,10,0
5673,1711893248231838,9988,11,0
5674,1711893248241842,9988,11,0
5675,1711893248251846,9989,10,0
5676,1711893248261849,9989,10,0
5677,1711893248271853,9989,10,0
5678,1711893248281857,9989,10,0
5679,1711893248291861,9989,10,0
5680,1711893248301866,9989,10,0
5681,1711893248311870,9990,9,0
5682,1711893248321874,9989,10,0
5683,1711893248331877,9989,10,0
5684,1711893248341881,9989,10,0
5685,1711893248351885,9989,10,0
5686,1711893248361889,9989,10,0
5687,1711893248371893,9989,10,0
5688,1711893248381897,9989,10,0
5689,1711893248391901,9989,10,0
5690,1711893248401906,9989,10,0
5691,1711893248411910,9989,10,0
5692,1711893248421913,9989,10,0
5693,1711893248431918,9989,10,0
5694,1711893248441921,9989,10,0
5695,1711893248451925,9989,10,0
5696,1711893248461929,9989,10,0
5697,1711893248471932,9989,10,0
5698,1711893248481936,9989,10,0
5699,1711893248491939,9989,10,0
5700,1711893248501944,9989,10,0
5701,1711893248511948,9989,10,0
5702,1711893248521951,9989,10,0
5703,1711893248531955,9989,10,0
5704,1711893248541959,9989,10,0
5705,1711893248551962,9989,10,0
5706,1711893248561966,9989,10,0
5707,1711893248571969,9989,10,0
5708,1711893248581973,9989,10,0
5709,1711893248591976,9989,10,0
5710,1711893248601982,9989,10,0
5711,1711893248611985,9989,10,0
5712,1711893248621989,9989,10,0
5713,1711893248631993,9989,10,0
5714,1711893248641996,9989,10,0
5715,1711893248652000,9989,10,0
5716,1711893248662004,9989,10,0
5717,1711893248672007,9989,10,0
5718,1711893248682011,9989,10,0
5719,1711893248692014,9989,10,0
5720,1711893248702019,9989,10,0
5721,1711893248712023,9989,10,0
5722,1711893248722026,9989,10,0
5723,1711893248732030,9989,10,0
5724,1711893248742033,9989,10,0
5725,1711893248752037,9989,10,0
5726,1711893248762041,9989,10,0
5727,1711893248772044,9989,10,0
5728,1711893248782048,9989,10,0
5729,1711893248792051,9989,10,0
5730,1711893248802056,9989,10,0
5731,1711893248812060,9989,10,0
5732,1711893248822063,9989,10,0
5733,1711893248832067,9989,10,0
5734,1711893248842070,9989,10,0
5735,1711893248852074,9989,10,0
5736,1711893248862078,9989,10,0
5737,1711893248872081,9989,10,0
5738,1711893248882085,9989,10,0
5739,1711893248892088,9989,10,0
5740,1711893248902093,9989,10,0
5741,1711893248912097,9982,17,0
5742,1711893248922100,9989,10,0
5743,1711893248932104,9989,10,0
5744,1711893248942107,9989,10,0
5745,1711893248952111,9989,10,0
5746,1711893248962115,9989,10,0
5747,1711893248972118,9989,10,0
5748,1711893248982122,9989,10,0
5749,1711893248992125,9989,10,0
5750,1711893249002130,9989,10,0
5751,1711893249012134,9989,10,0
5752,1711893249022138,9989,10,0
5753,1711893249032142,9989,10,0
5754,1711893249042145,9989,10,0
5755,1711893249052149,9989,10,0
5756,1711893249062152,9989,10,0
5757,1711893249072156,9989,10,0
5758,1711893249082160,9989,10,0
5759,1711893249092163,9989,10,0
5760,1711893249102168,9989,10,0
5761,1711893249112172,9989,10,0
5762,1711893249122175,9989,10,0
5763,1711893249132179,9989,10,0
5764,1711893249142183,9989,10,0
5765,1711893249152186,9989,10,0
5766,1711893249162190,9989,10,0
5767,1711893249172193,9989,10,0
5768,1711893249182197,9989,10,0
5769,1711893249192200,9989,10,0
5770,1711893249202206,9989,10,0
5771,1711893249212209,9989,10,0
5772,1711893249222213,9989,10,0
5773,1711893249232217,9989,10,0
5774,1711893249242220,9989,10,0
5775,1711893249252224,9989,10,0
5776,1711893249262227,9989,10,0
5777,1711893249272231,9989,10,0
5778,1711893249282235,9989,10,0
5779,1711893249292238,9989,10,0
5780,1711893249302243,9989,10,0
5781,1711893249312247,9989,10,0
5782,1711893249322250,9989,10,0
5783,1711893249332254,9989,10,0
5784,1711893249342258,9989,10,0
5785,1711893249352261,9989,10,0
5786,1711893249362265,9989,10,0
5787,1711893249372268,9989,10,0
5788,1711893249382272,9989,10,0
5789,1711893249392276,9989,10,0
5790,1711893249402281,9989,10,0
5791,1711893249412284,9989,10,0
5792,1711893249422288,9989,10,0
5793,1711893249432292,9989,10,0
5794,1711893249442295,9989,10,0
5795,1711893249452299,9989,10,0
5796,1711893249462303,9989,10,0
5797,1711893249472306,9984,15,0
5798,1711893249482310,9989,10,0
5799,1711893249492314,9989,10,0
5800,1711893249502319,9989,10,0
5801,1711893249512323,9989,10,0
5802,1711893249522327,9989,10,0
5803,1711893249532330,9989,10,0
5804,1711893249542334,9989,10,0
5805,1711893249552338,9989,10,0
5806,1711893249562342,9989,10,0
5807,1711893249572345,9989,10,0
5808,1711893249582349,9989,10,0
5809,1711893249592353,9989,10,0
5810,1711893249602358,9989,10,0
5811,1711893249612362,9988,11,0
5812,1711893249622366,9989,10,0
5813,1711893249632370,9989,10,0
5814,1711893249642373,9989,10,0
5815,1711893249652377,9989,10,0
5816,1711893249662381,9989,10,0
5817,1711893249672385,9989,10,0
5818,1711893249682388,9989,10,0
5819,1711893249692392,9989,10,0
5820,1711893249702397,9989,10,0
5821,1711893249712401,9989,10,0
5822,1711893249722405,9989,10,0
5823,1711893249732409,9988,11,0
5824,1711893249742413,9988,11,0
5825,1711893249752417,9989,10,0
5826,1711893249762421,9989,10,0
5827,1711893249772425,9989,10,0
5828,1711893249782429,9989,10,0
5829,1711893249792433,9989,10,0
5830,1711893249802438,9989,10,0
5831,1711893249812442,9990,9,0
5832,1711893249822446,9989,10,0
5833,1711893249832450,9989,10,0
5834,1711893249842454,9989,10,0
5835,1711893249852458,9989,10,0
5836,1711893249862462,9989,10,0
5837,1711893249872465,9989,10,0
5838,1711893249882469,9989,10,0
5839,1711893249892473,9989,10,0
5840,1711893249902478,9988,11,0
5841,1711893249912482,9989,10,0
5842,1711893249922486,9989,10,0
5843,1711893249932490,9989,10,0
5844,1711893249942494,9989,10,0
5845,1711893249952497,9989,10,0
5846,1711893249962501,9989,10,0
5847,1711893249972505,9989,10,0
5848,1711893249982509,9989,10,0
5849,1711893249992513,9989,10,0
5850,1711893250002518,9989,10,0
5851,1711893250012522,9990,9,0
5852,1711893250022526,9989,10,0
5853,1711893250032530,9989,10,0
5854,1711893250042534,9989,10,0
5855,1711893250052538,9989,10,0
5856,1711893250062542,9989,10,0
5857,1711893250072545,9989,10,0
5858,1711893250082549,9989,10,0
5859,1711893250092553,9989,10,0
5860,1711893250102558,9989,10,0
5861,1711893250112562,9989,10,0
5862,1711893250122566,9989,10,0
5863,1711893250132570,9989,10,0
5864,1711893250142574,9989,10,0
5865,1711893250152578,9989,10,0
5866,1711893250162581,9989,10,0
5867,1711893250172585,9989,10,0
5868,1711893250182589,9989,10,0
5869,1711893250192593,9989,10,0
5870,1711893250202598,9989,10,0
5871,1711893250212602,9990,9,0
5872,1711893250222606,9989,10,0
5873,1711893250232610,9989,10,0
5874,1711893250242614,9989,10,0
5875,1711893250252617,9989,10,0
5876,1711893250262621,9989,10,0
5877,1711893250272625,9989,10,0
5878,1711893250282629,9989,10,0
5879,1711893250292633,9989,10,0
5880,1711893250302638,9989,10,0
5881,1711893250312641,9989,10,0
5882,1711893250322645,9989,10,0
5883,1711893250332649,9989,10,0
5884,1711893250342653,9989,10,0
5885,1711893250352657,9989,10,0
5886,1711893250362660,9989,10,0
5887,1711893250372664,9989,10,0
5888,1711893250382668,9989,10,0
5889,1711893250392672,9989,10,0
5890,1711893250402676,9989,10,0
5891,1711893250412680,9989,10,0
5892,1711893250422684,9989,10,0
5893,1711893250432688,9989,10,0
5894,1711893250442692,9989,10,0
5895,1711893250452696,9989,10,0
5896,1711893250462699,9989,10,0
5897,1711893250472703,9989,10,0
5898,1711893250482707,9989,10,0
5899,1711893250492710,9989,10,0
5900,1711893250502715,9989,10,0
5901,1711893250512719,9989,10,0
5902,1711893250522722,9989,10,0
5903,1711893250532726,9989,10,0
5904,1711893250542729,9989,10,0
5905,1711893250552733,9989,10,0
5906,1711893250562737,9989,10,0
5907,1711893250572740,9989,10,0
5908,1711893250582744,9989,10,0
5909,1711893250592747,9989,10,0
5910,1711893250602752,9989,10,0
5911,1711893250612756,9989,10,0
5912,1711893250622760,9989,10,0
5913,1711893250632763,9989,10,0
5914,1711893250642767,9989,10,0
5915,1711893250652770,9989,10,0
5916,1711893250662774,9989,10,0
5917,1711893250672778,9989,10,0
5918,1711893250682781,9989,10,0
5919,1711893250692785,9989,10,0
5920,1711893250702789,9989,10,0
5921,1711893250712793,9989,10,0
5922,1711893250722797,9989,10,0
5923,1711893250732800,9989,10,0
5924,1711893250742804,9989,10,0
5925,1711893250752807,9989,10,0
5926,1711893250762811,9989,10,0
5927,1711893250772814,9989,10,0
5928,1711893250782818,9989,10,0
5929,1711893250792822,9989,10,0
5930,1711893250802826,9989,10,0
5931,1711893250812830,9990,10,0
5932,1711893250822833,9989,10,0
5933,1711893250832837,9989,10,0
5934,1711893250842840,9989,10,0
5935,1711893250852844,9989,10,0
5936,1711893250862848,9989,10,0
5937,1711893250872851,9989,10,0
5938,1711893250882855,9989,10,0
5939,1711893250892858,9989,10,0
5940,1711893250902863,9989,10,0
5941,1711893250912867,9989,10,0
5942,1711893250922870,9989,10,0
5943,1711893250932874,9989,10,0
5944,1711893250942877,9989,10,0
5945,1711893250952881,9989,10,0
5946,1711893250962884,9989,10,0
5947,1711893250972888,9989,10,0
5948,1711893250982891,9989,10,0
5949,1711893250992895,9989,10,0
5950,1711893251002900,9989,10,0
5951,1711893251012904,9989,10,0
5952,1711893251022907,9989,10,0
5953,1711893251032911,9989,10,0
5954,1711893251042915,9989,10,0
5955,1711893251052918,9989,10,0
5956,1711893251062922,9989,10,0
5957,1711893251072925,9989,10,0
5958,1711893251082929,9990,9,0
5959,1711893251092933,9989,10,0
5960,1711893251102937,9989,10,0
5961,1711893251112941,9989,10,0
5962,1711893251122945,9989,10,0
5963,1711893251132948,9989,10,0
5964,1711893251142952,9989,10,0
5965,1711893251152955,9989,10,0
5966,1711893251162959,9989,10,0
5967,1711893251172962,9989,10,0
5968,1711893251182966,9989,10,0
5969,1711893251192970,9989,10,0
5970,1711893251202974,9989,10,0
5971,1711893251212978,9989,10,0
5972,1711893251222981,9989,10,0
5973,1711893251232985,9989,10,0
5974,1711893251242989,9988,11,0
5975,1711893251252993,9989,10,0
5976,1711893251262997,9989,10,0
5977,1711893251273000,9989,10,0
5978,1711893251283004,9989,10,0
5979,1711893251293007,9989,10,0
5980,1711893251303012,9989,10,0
5981,1711893251313017,9990,9,0
5982,1711893251323020,9989,10,0
5983,1711893251333024,9989,10,0
5984,1711893251343027,9990,10,0
5985,1711893251353031,9989,10,0
5986,1711893251363035,9989,10,0
5987,1711893251373038,9989,10,0
5988,1711893251383042,9989,10,0
5989,1711893251393045,9989,10,0
5990,1711893251403050,9989,10,0
5991,1711893251413053,9989,10,0
5992,1711893251423057,9989,10,0
5993,1711893251433061,9989,10,0
5994,1711893251443064,9989,10,0
5995,1711893251453067,9989,10,0
5996,1711893251463071,9990,9,0
5997,1711893251473074,9990,9,0
5998,1711893251483078,9990,9,0
5999,1711893251493082,9989,10,0
6000,1711893251503086,9989,10,0
6001,1711893251513090,9989,10,0
6002,1711893251523093,9991,8,0
6003,1711893251533096,9991,8,0
6004,1711893251543099,9991,8,0
6005,1711893251553101,9991,8,0
6006,1711893251563104,9991,8,0
6007,1711893251573107,9991,8,0
6008,1711893251583110,9991,8,0
6009,1711893251593112,9992,7,0
6010,1711893251603117,9991,8,0
6011,1711893251613121,9991,8,0
6012,1711893251623125,9989,10,0
6013,1711893251633128,9989,10,0
6014,1711893251643132,9989,10,0
6015,1711893251653135,9989,10,0
6016,1711893251663139,9989,10,0
6017,1711893251673143,9989,10,0
6018,1711893251683146,9989,10,0
6019,1711893251693150,9989,10,0
6020,1711893251703154,9989,10,0
6021,1711893251713159,9989,10,0
6022,1711893251723162,9989,10,0
6023,1711893251733166,9989,10,0
6024,1711893251743169,9989,10,0
6025,1711893251753173,9989,10,0
6026,1711893251763176,9989,10,0
6027,1711893251773180,9989,10,0
6028,1711893251783184,9989,10,0
6029,1711893251793187,9989,10,0
6030,1711893251803192,9989,10,0
6031,1711893251813195,9989,10,0
6032,1711893251823199,9989,10,0
6033,1711893251833203,9989,10,0
6034,1711893251843206,9989,10,0
6035,1711893251853210,9989,10,0
6036,1711893251863214,9989,10,0
6037,1711893251873217,9989,10,0
6038,1711893251883221,9989,10,0
6039,1711893251893224,9989,10,0
6040,1711893251903229,9989,10,0
6041,1711893251913233,9989,10,0
6042,1711893251923236,9989,10,0
6043,1711893251933240,9989,10,0
6044,1711893251943243,9989,10,0
6045,1711893251953247,9989,10,0
6046,1711893251963251,9989,10,0
6047,1711893251973254,9989,10,0
6048,1711893251983258,9989,10,0
6049,1711893251993261,9989,10,0
6050,1711893252003266,9989,10,0
6051,1711893252013270,9989,10,0
6052,1711893252023274,9989,10,0
6053,1711893252033277,9989,10,0
6054,1711893252043281,9990,9,0
6055,1711893252053284,9990,9,0
6056,1711893252063288,9989,10,0
6057,1711893252073292,9989,10,0
6058,1711893252083295,9990,9,0
6059,1711893252093299,9990,9,0
6060,1711893252103304,9989,10,0
6061,1711893252113307,9990,9,0
6062,1711893252123311,9989,10,0
6063,1711893252133315,9990,9,0
6064,1711893252143319,9990,9,0
6065,1711893252153322,9986,13,0
6066,1711893252163326,9988,11,0
6067,1711893252173330,9989,10,0
6068,1711893252183333,9989,10,0
6069,1711893252193337,9989,10,0
6070,1711893252203341,9990,10,0
6071,1711893252213345,9989,10,0
6072,1711893252223349,9989,10,0
6073,1711893252233352,9989,10,0
6074,1711893252243356,9989,10,0
6075,1711893252253359,9989,10,0
6076,1711893252263363,9989,10,0
6077,1711893252273367,9989,10,0
6078,1711893252283370,9989,10,0
6079,1711893252293374,9989,10,0
6080,1711893252303379,9989,10,0
6081,1711893252313382,9989,10,0
6082,1711893252323386,9989,10,0
6083,1711893252333389,9989,10,0
6084,1711893252343393,9989,10,0
6085,1711893252353397,9989,10,0
6086,1711893252363402,9989,10,0
6087,1711893252373408,9988,11,0
6088,1711893252383413,9988,11,0
6089,1711893252393417,9989,10,0
6090,1711893252403422,9989,10,0
6091,1711893252413426,9989,10,0
6092,1711893252423430,9989,10,0
6093,1711893252433434,9989,10,0
6094,1711893252443437,9989,10,0
6095,1711893252453441,9989,10,0
6096,1711893252463445,9989,10,0
6097,1711893252473449,9989,10,0
6098,1711893252483453,9989,10,0
6099,1711893252493456,9989,10,0
6100,1711893252503461,9989,10,0
6101,1711893252513465,9989,10,0
6102,1711893252523469,9989,10,0
6103,1711893252533473,9989,10,0
6104,1711893252543476,9989,10,0
6105,1711893252553480,9989,10,0
6106,1711893252563484,9989,10,0
6107,1711893252573487,9989,10,0
6108,1711893252583491,9989,10,0
6109,1711893252593494,9989,10,0
6110,1711893252603500,9989,10,0
6111,1711893252613503,9989,10,0
6112,1711893252623507,9989,10,0
6113,1711893252633511,9989,10,0
6114,1711893252643514,9989,10,0
6115,1711893252653518,9989,10,0
6116,1711893252663522,9989,10,0
6117,1711893252673525,9989,10,0
6118,1711893252683529,9989,10,0
6119,1711893252693533,9989,10,0
6120,1711893252703537,9989,10,0
6121,1711893252713541,9989,10,0
6122,1711893252723545,9989,10,0
6123,1711893252733549,9989,10,0
6124,1711893252743553,9988,11,0
6125,1711893252753557,9989,10,0
6126,1711893252763561,9989,10,0
6127,1711893252773564,9989,10,0
6128,1711893252783568,9989,10,0
6129,1711893252793571,9989,10,0
6130,1711893252803577,9989,10,0
6131,1711893252813580,9989,10,0
6132,1711893252823584,9989,10,0
6133,1711893252833588,9989,10,0
6134,1711893252843591,9989,10,0
6135,1711893252853595,9989,10,0
6136,1711893252863599,9989,10,0
6137,1711893252873602,9989,10,0
6138,1711893252883606,9989,10,0
6139,1711893252893609,9989,10,0
6140,1711893252903614,9989,10,0
6141,1711893252913618,9989,10,0
6142,1711893252923621,9989,10,0
6143,1711893252933626,9989,10,0
6144,1711893252943629,9983,16,0
6145,1711893252953633,9989,10,0
6146,1711893252963637,9989,10,0
6147,1711893252973640,9989,10,0
6148,1711893252983644,9989,10,0
6149,1711893252993647,9989,10,0
6150,1711893253003652,9989,10,0
6151,1711893253013656,9989,10,0
6152,1711893253023660,9989,10,0
6153,1711893253033663,9989,10,0
6154,1711893253043667,9989,10,0
6155,1711893253053671,9989,10,0
6156,1711893253063674,9989,10,0
6157,1711893253073678,9989,10,0
6158,1711893253083681,9989,10,0
6159,1711893253093685,9989,10,0
6160,1711893253103690,9989,10,0
6161,1711893253113694,9989,10,0
6162,1711893253123698,9989,10,0
6163,1711893253133701,9989,10,0
6164,1711893253143705,9989,10,0
6165,1711893253153709,9989,10,0
6166,1711893253163712,9989,10,0
6167,1711893253173716,9989,10,0
6168,1711893253183720,9989,10,0
6169,1711893253193723,9989,10,0
6170,1711893253203728,9989,10,0
6171,1711893253213732,9989,10,0
6172,1711893253223735,9989,10,0
6173,1711893253233739,9989,10,0
6174,1711893253243742,9989,10,0
6175,1711893253253746,9989,10,0
6176,1711893253263750,9989,10,0
6177,1711893253273753,9989,10,0
6178,1711893253283757,9989,10,0
6179,1711893253293760,9989,10,0
6180,1711893253303765,9989,10,0
6181,1711893253313769,9989,10,0
6182,1711893253323772,9989,10,0
6183,1711893253333776,9989,10,0
6184,1711893253343779,9989,10,0
6185,1711893253353783,9989,10,0
6186,1711893253363787,9989,10,0
6187,1711893253373791,9989,10,0
6188,1711893253383794,9989,10,0
6189,1711893253393798,9989,10,0
6190,1711893253403802,9989,10,0
6191,1711893253413806,9989,10,0
6192,1711893253423810,9989,10,0
6193,1711893253433813,9989,10,0
6194,1711893253443817,9989,10,0
6195,1711893253453821,9989,10,0
6196,1711893253463824,9989,10,0
6197,1711893253473828,9989,10,0
6198,1711893253483832,9989,10,0
6199,1711893253493835,9989,10,0
6200,1711893253503840,9989,10,0
6201,1711893253513844,9988,11,0
6202,1711893253523849,9989,10,0
6203,1711893253533852,9989,10,0
6204,1711893253543856,9989,10,0
6205,1711893253553861,9989,10,0
6206,1711893253563864,9989,10,0
6207,1711893253573868,9989,10,0
6208,1711893253583872,9989,10,0
6209,1711893253593876,9989,10,0
6210,1711893253603881,9989,10,0
6211,1711893253613885,9989,10,0
6212,1711893253623889,9989,10,0
6213,1711893253633893,9989,10,0
6214,1711893253643897,9989,10,0
6215,1711893253653900,9989,10,0
6216,1711893253663904,9989,10,0
6217,1711893253673908,9989,10,0
6218,1711893253683912,9989,10,0
6219,1711893253693915,9989,10,0
6220,1711893253703920,9989,10,0
6221,1711893253713924,9989,10,0
6222,1711893253723928,9989,10,0
6223,1711893253733932,9989,10,0
6224,1711893253743936,9989,10,0
6225,1711893253753940,9989,10,0
6226,1711893253763943,9989,10,0
6227,1711893253773947,9989,10,0
6228,1711893253783951,9989,10,0
6229,1711893253793955,9989,10,0
6230,1711893253803960,9989,10,0
6231,1711893253813964,9989,10,0
6232,1711893253823967,9989,10,0
6233,1711893253833971,9989,10,0
6234,1711893253843975,9989,10,0
6235,1711893253853979,9989,10,0
6236,1711893253863983,9989,10,0
6237,1711893253873987,9989,10,0
6238,1711893253883990,9989,10,0
6239,1711893253893994,9989,10,0
6240,1711893253903999,9989,10,0
6241,1711893253914003,9988,11,0
6242,1711893253924007,9989,10,0
6243,1711893253934010,9989,10,0
6244,1711893253944014,9989,10,0
6245,1711893253954018,9989,10,0
6246,1711893253964022,9989,10,0
6247,1711893253974026,9989,10,0
6248,1711893253984029,9989,10,0
6249,1711893253994033,9989,10,0
6250,1711893254004038,9989,10,0
6251,1711893254014042,9989,10,0
6252,1711893254024046,9989,10,0
6253,1711893254034050,9989,10,0
6254,1711893254044053,9989,10,0
6255,1711893254054057,9989,10,0
6256,1711893254064062,9989,10,0
6257,1711893254074066,9989,10,0
6258,1711893254084069,9989,10,0
6259,1711893254094073,9989,10,0
6260,1711893254104078,9989,10,0
6261,1711893254114082,9989,10,0
6262,1711893254124086,9989,10,0
6263,1711893254134090,9989,10,0
6264,1711893254144094,9989,10,0
6265,1711893254154097,9989,10,0
6266,1711893254164101,9989,10,0
6267,1711893254174105,9989,10,0
6268,1711893254184109,9989,10,0
6269,1711893254194112,9989,10,0
6270,1711893254204117,9989,10,0
6271,1711893254214121,9988,11,0
6272,1711893254224125,9989,10,0
6273,1711893254234129,9989,10,0
6274,1711893254244133,9989,10,0
6275,1711893254254137,9988,11,0
6276,1711893254264142,9989,10,0
6277,1711893254274146,9989,10,0
6278,1711893254284150,9989,10,0
6279,1711893254294153,9989,10,0
6280,1711893254304159,9989,10,0
6281,1711893254314163,9990,9,0
6282,1711893254324166,9989,10,0
6283,1711893254334170,9989,10,0
6284,1711893254344174,9989,10,0
6285,1711893254354178,9989,10,0
6286,1711893254364182,9989,10,0
6287,1711893254374185,9989,10,0
6288,1711893254384190,9989,10,0
6289,1711893254394194,9989,10,0
6290,1711893254404199,9989,10,0
6291,1711893254414202,9989,10,0
6292,1711893254424206,9989,10,0
6293,1711893254434210,9989,10,0
6294,1711893254444214,9989,10,0
6295,1711893254454218,9989,10,0
6296,1711893254464222,9989,10,0
6297,1711893254474225,9989,10,0
6298,1711893254484230,9990,9,0
6299,1711893254494234,9989,10,0
6300,1711893254504238,9989,10,0
6301,1711893254514242,9989,10,0
6302,1711893254524246,9989,10,0
6303,1711893254534250,9989,10,0
6304,1711893254544253,9989,10,0
6305,1711893254554257,9989,10,0
6306,1711893254564261,9989,10,0
6307,1711893254574264,9989,10,0
6308,1711893254584268,9989,10,0
6309,1711893254594272,9989,10,0
6310,1711893254604277,9989,10,0
6311,1711893254614281,9989,10,0
6312,1711893254624285,9989,10,0
6313,1711893254634288,9989,10,0
6314,1711893254644292,9989,10,0
6315,1711893254654296,9989,10,0
6316,1711893254664299,9989,10,0
6317,1711893254674303,9989,10,0
6318,1711893254684307,9984,15,0
6319,1711893254694310,9989,10,0
6320,1711893254704315,9989,10,0
6321,1711893254714319,9989,10,0
6322,1711893254724323,9989,10,0
6323,1711893254734326,9989,10,0
6324,1711893254744330,9989,10,0
6325,1711893254754333,9989,10,0
6326,1711893254764337,9989,10,0
6327,1711893254774341,9989,10,0
6328,1711893254784344,9989,10,0
6329,1711893254794348,9989,10,0
6330,1711893254804352,9989,10,0
6331,1711893254814356,9989,10,0
6332,1711893254824360,9989,10,0
6333,1711893254834363,9989,10,0
6334,1711893254844367,9989,10,0
6335,1711893254854370,9989,10,0
6336,1711893254864374,9989,10,0
6337,1711893254874378,9989,10,0
6338,1711893254884381,9989,10,0
6339,1711893254894385,9989,10,0
6340,1711893254904389,9989,10,0
6341,1711893254914393,9989,10,0
6342,1711893254924397,9989,10,0
6343,1711893254934400,9989,10,0
6344,1711893254944404,9989,10,0
6345,1711893254954408,9989,10,0
6346,1711893254964411,9989,10,0
6347,1711893254974415,9989,10,0
6348,1711893254984418,9989,10,0
6349,1711893254994422,9989,10,0
6350,1711893255004427,9989,10,0
6351,1711893255014431,9989,10,0
6352,1711893255024434,9989,10,0
6353,1711893255034438,9989,10,0
6354,1711893255044441,9989,10,0
6355,1711893255054445,9989,10,0
6356,1711893255064449,9989,10,0
6357,1711893255074452,9989,10,0
6358,1711893255084455,9989,10,0
6359,1711893255094459,9989,10,0
6360,1711893255104464,9989,10,0
6361,1711893255114468,9989,10,0
6362,1711893255124472,9989,10,0
6363,1711893255134475,9989,10,0
6364,1711893255144479,9989,10,0
6365,1711893255154483,9989,10,0
6366,1711893255164486,9989,10,0
6367,1711893255174490,9989,10,0
6368,1711893255184493,9989,10,0
6369,1711893255194497,9989,10,0
6370,1711893255204502,9989,10,0
6371,1711893255214505,9990,9,0
6372,1711893255224509,9989,10,0
6373,1711893255234513,9989,10,0
6374,1711893255244516,9989,10,0
6375,1711893255254520,9989,10,0
6376,1711893255264523,9989,10,0
6377,1711893255274527,9989,10,0
6378,1711893255284530,9989,10,0
6379,1711893255294534,9989,10,0
6380,1711893255304539,9989,10,0
6381,1711893255314542,9989,10,0
6382,1711893255324546,9989,10,0
6383,1711893255334549,9989,10,0
6384,1711893255344553,9989,10,0
6385,1711893255354557,9989,10,0
6386,1711893255364560,9989,10,0
6387,1711893255374564,9989,10,0
6388,1711893255384567,9989,10,0
6389,1711893255394571,9989,10,0
6390,1711893255404575,9989,10,0
6391,1711893255414579,9989,10,0
6392,1711893255424583,9989,10,0
6393,1711893255434587,9989,10,0
6394,1711893255444590,9989,10,0
6395,1711893255454594,9989,10,0
6396,1711893255464597,9989,10,0
6397,1711893255474601,9989,10,0
6398,1711893255484604,9989,10,0
6399,1711893255494608,9989,10,0
6400,1711893255504613,9989,10,0
6401,1711893255514617,9989,10,0
6402,1711893255524620,9989,10,0
6403,1711893255534624,9989,10,0
6404,1711893255544627,9989,10,0
6405,1711893255554631,9989,10,0
6406,1711893255564634,9989,10,0
6407,1711893255574638,9989,10,0
6408,1711893255584642,9989,10,0
6409,1711893255594645,9989,10,0
6410,1711893255604651,9989,10,0
6411,1711893255614654,9989,10,0
6412,1711893255624658,9989,10,0
6413,1711893255634661,9989,10,0
6414,1711893255644665,9989,10,0
6415,1711893255654669,9989,10,0
6416,1711893255664672,9989,10,0
6417,1711893255674676,9989,10,0
6418,1711893255684679,9989,10,0
6419,1711893255694683,9989,10,0
6420,1711893255704687,9989,10,0
6421,1711893255714691,9989,10,0
6422,1711893255724695,9989,10,0
6423,1711893255734698,9989,10,0
6424,1711893255744704,9989,10,0
6425,1711893255754711,9986,13,0
6426,1711893255764715,9988,11,0
6427,1711893255774719,9989,10,0
6428,1711893255784722,9989,10,0
6429,1711893255794726,9989,10,0
6430,1711893255804731,9989,10,0
6431,1711893255814735,9990,9,0
6432,1711893255824739,9989,10,0
6433,1711893255834743,9989,10,0
6434,1711893255844747,9989,10,0
6435,1711893255854751,9989,10,0
6436,1711893255864754,9989,10,0
6437,1711893255874758,9989,10,0
6438,1711893255884761,9989,10,0
6439,1711893255894765,9989,10,0
6440,1711893255904770,9989,10,0
6441,1711893255914773,9989,10,0
6442,1711893255924777,9989,10,0
6443,1711893255934781,9989,10,0
6444,1711893255944784,9989,10,0
6445,1711893255954788,9989,10,0
6446,1711893255964792,9989,10,0
6447,1711893255974795,9989,10,0
6448,1711893255984799,9989,10,0
6449,1711893255994803,9989,10,0
6450,1711893256004808,9989,10,0
6451,1711893256014811,9989,10,0
6452,1711893256024815,9989,10,0
6453,1711893256034819,9989,10,0
6454,1711893256044822,9989,10,0
6455,1711893256054826,9989,10,0
6456,1711893256064829,9989,10,0
6457,1711893256074833,9989,10,0
6458,1711893256084837,9989,10,0
6459,1711893256094840,9989,10,0
6460,1711893256104845,9989,10,0
6461,1711893256114849,9989,10,0
6462,1711893256124853,9989,10,0
6463,1711893256134856,9990,9,0
6464,1711893256144861,9989,10,0
6465,1711893256154864,9985,14,0
6466,1711893256164868,9989,10,0
6467,1711893256174872,9989,10,0
6468,1711893256184876,9989,10,0
6469,1711893256194879,9989,10,0
6470,1711893256204884,9989,10,0
6471,1711893256214888,9989,10,0
6472,1711893256224891,9989,10,0
6473,1711893256234895,9989,10,0
6474,1711893256244898,9989,10,0
6475,1711893256254902,9989,10,0
6476,1711893256264906,9989,10,0
6477,1711893256274909,9989,10,0
6478,1711893256284913,9989,10,0
6479,1711893256294916,9989,10,0
6480,1711893256304921,9989,10,0
6481,1711893256314925,9989,10,0
6482,1711893256324928,9989,10,0
6483,1711893256334932,9989,10,0
6484,1711893256344935,9989,10,0
6485,1711893256354939,9989,10,0
6486,1711893256364943,9989,10,0
6487,1711893256374946,9989,10,0
6488,1711893256384950,9989,10,0
6489,1711893256394953,9989,10,0
6490,1711893256404958,9989,10,0
6491,1711893256414962,9990,10,0
6492,1711893256424966,9989,10,0
6493,1711893256434970,9989,10,0
6494,1711893256444973,9989,10,0
6495,1711893256454977,9989,10,0
6496,1711893256464980,9989,10,0
6497,1711893256474984,9989,10,0
6498,1711893256484988,9989,10,0
6499,1711893256494992,9989,10,0
6500,1711893256504997,9989,10,0
6501,1711893256515001,9989,10,0
6502,1711893256525004,9989,10,0
6503,1711893256535008,9989,10,0
6504,1711893256545011,9989,10,0
6505,1711893256555015,9989,10,0
6506,1711893256565019,9989,10,0
6507,1711893256575022,9989,10,0
6508,1711893256585026,9989,10,0
6509,1711893256595030,9989,10,0
6510,1711893256605035,9989,10,0
6511,1711893256615039,9989,10,0
6512,1711893256625043,9989,10,0
6513,1711893256635047,9989,10,0
6514,1711893256645051,9989,10,0
6515,1711893256655054,9989,10,0
6516,1711893256665058,9989,10,0
6517,1711893256675061,9989,10,0
6518,1711893256685065,9989,10,0
6519,1711893256695068,9989,10,0
6520,1711893256705073,9989,10,0
6521,1711893256715077,9989,10,0
6522,1711893256725080,9989,10,0
6523,1711893256735084,9989,10,0
6524,1711893256745088,9989,10,0
6525,1711893256755091,9989,10,0
6526,1711893256765095,9989,10,0
6527,1711893256775098,9989,10,0
6528,1711893256785102,9989,10,0
6529,1711893256795105,9989,10,0
6530,1711893256805110,9989,10,0
6531,1711893256815114,9990,10,0
6532,1711893256825117,9989,10,0
6533,1711893256835121,9989,10,0
6534,1711893256845125,9989,10,0
6535,1711893256855128,9989,10,0
6536,1711893256865132,9989,10,0
6537,1711893256875135,9989,10,0
6538,1711893256885139,9989,10,0
6539,1711893256895142,9989,10,0
6540,1711893256905147,9989,10,0
6541,1711893256915151,9989,10,0
6542,1711893256925154,9989,10,0
6543,1711893256935158,9989,10,0
6544,1711893256945162,9989,10,0
6545,1711893256955165,9989,10,0
6546,1711893256965169,9989,10,0
6547,1711893256975172,9989,10,0
6548,1711893256985176,9989,10,0
6549,1711893256995179,9989,10,0
6550,1711893257005184,9989,10,0
6551,1711893257015188,9989,10,0
6552,1711893257025192,9989,10,0
6553,1711893257035195,9989,10,0
6554,1711893257045199,9989,10,0
6555,1711893257055202,9989,10,0
6556,1711893257065206,9989,10,0
6557,1711893257075210,9989,10,0
6558,1711893257085213,9989,10,0
6559,1711893257095217,9989,10,0
6560,1711893257105222,9989,10,0
6561,1711893257115225,9989,10,0
6562,1711893257125229,9989,10,0
6563,1711893257135233,9989,10,0
6564,1711893257145237,9989,10,0
6565,1711893257155240,9989,10,0
6566,1711893257165244,9989,10,0
6567,1711893257175248,9989,10,0
6568,1711893257185251,9989,10,0
6569,1711893257195255,9989,10,0
6570,1711893257205260,9989,10,0
6571,1711893257215264,9989,10,0
6572,1711893257225267,9989,10,0
6573,1711893257235271,9989,10,0
6574,1711893257245275,9989,10,0
6575,1711893257255279,9988,11,0
6576,1711893257265283,9988,11,0
6577,1711893257275287,9989,10,0
6578,1711893257285290,9989,10,0
6579,1711893257295294,9989,10,0
6580,1711893257305299,9989,10,0
6581,1711893257315303,9990,9,0
6582,1711893257325306,9989,10,0
6583,1711893257335310,9989,10,0
6584,1711893257345314,9989,10,0
6585,1711893257355317,9989,10,0
6586,1711893257365323,9989,10,0
6587,1711893257375329,9987,12,0
6588,1711893257385333,9988,11,0
6589,1711893257395337,9989,10,0
6590,1711893257405342,9989,10,0
6591,1711893257415345,9990,9,0
6592,1711893257425349,9989,10,0
6593,1711893257435353,9989,10,0
6594,1711893257445356,9989,10,0
6595,1711893257455360,9989,10,0
6596,1711893257465364,9989,10,0
6597,1711893257475367,9989,10,0
6598,1711893257485371,9989,10,0
6599,1711893257495375,9989,10,0
6600,1711893257505379,9989,10,0
6601,1711893257515383,9989,10,0
6602,1711893257525387,9989,10,0
6603,1711893257535390,9989,10,0
6604,1711893257545394,9989,10,0
6605,1711893257555398,9989,10,0
6606,1711893257565401,9989,10,0
6607,1711893257575405,9989,10,0
6608,1711893257585408,9989,10,0
6609,1711893257595412,9989,10,0
6610,1711893257605417,9989,10,0
6611,1711893257615421,9989,10,0
6612,1711893257625424,9988,11,0
6613,1711893257635428,9989,10,0
6614,1711893257645431,9989,10,0
6615,1711893257655435,9989,10,0
6616,1711893257665439,9989,10,0
6617,1711893257675443,9989,10,0
6618,1711893257685446,9989,10,0
6619,1711893257695450,9989,10,0
6620,1711893257705455,9990,10,0
6621,1711893257715458,9989,10,0
6622,1711893257725462,9989,10,0
6623,1711893257735466,9989,10,0
6624,1711893257745469,9989,10,0
6625,1711893257755473,9989,10,0
6626,1711893257765476,9989,10,0
6627,1711893257775480,9989,10,0
6628,1711893257785484,9989,10,0
6629,1711893257795487,9989,10,0
6630,1711893257805492,9989,10,0
6631,1711893257815496,9989,10,0
6632,1711893257825499,9989,10,0
6633,1711893257835503,9989,10,0
6634,1711893257845506,9989,10,0
6635,1711893257855510,9989,10,0
6636,1711893257865514,9989,10,0
6637,1711893257875518,9989,10,0
6638,1711893257885521,9989,10,0
6639,1711893257895525,9989,10,0
6640,1711893257905529,9989,10,0
6641,1711893257915533,9989,10,0
6642,1711893257925537,9989,10,0
6643,1711893257935540,9989,10,0
6644,1711893257945544,9989,10,0
6645,1711893257955547,9989,10,0
6646,1711893257965551,9989,10,0
6647,1711893257975555,9989,10,0
6648,1711893257985558,9990,10,0
6649,1711893257995562,9989,10,0
6650,1711893258005567,9989,10,0
6651,1711893258015570,9989,10,0
6652,1711893258025574,9989,10,0
6653,1711893258035578,9989,10,0
6654,1711893258045581,9989,10,0
6655,1711893258055585,9989,10,0
6656,1711893258065588,9983,16,0
6657,1711893258075592,9989,10,0
6658,1711893258085596,9989,10,0
6659,1711893258095599,9989,10,0
6660,1711893258105604,9989,10,0
6661,1711893258115608,9989,10,0
6662,1711893258125611,9989,10,0
6663,1711893258135615,9989,10,0
6664,1711893258145619,9989,10,0
6665,1711893258155622,9989,10,0
6666,1711893258165626,9989,10,0
6667,1711893258175630,9989,10,0
6668,1711893258185633,9989,10,0
6669,1711893258195637,9989,10,0
6670,1711893258205642,9989,10,0
6671,1711893258215645,9989,10,0
6672,1711893258225649,9989,10,0
6673,1711893258235653,9989,10,0
6674,1711893258245657,9989,10,0
6675,1711893258255660,9989,10,0
6676,1711893258265664,9989,10,0
6677,1711893258275667,9989,10,0
6678,1711893258285671,9989,10,0
6679,1711893258295675,9989,10,0
6680,1711893258305679,9989,10,0
6681,1711893258315683,9989,10,0
6682,1711893258325687,9989,10,0
6683,1711893258335690,9989,10,0
6684,1711893258345694,9989,10,0
6685,1711893258355697,9989,10,0
6686,1711893258365701,9989,10,0
6687,1711893258375704,9989,10,0
6688,1711893258385708,9989,10,0
6689,1711893258395712,9989,10,0
6690,1711893258405716,9989,10,0
6691,1711893258415720,9989,10,0
6692,1711893258425724,9989,10,0
6693,1711893258435727,9989,10,0
6694,1711893258445731,9989,10,0
6695,1711893258455734,9989,10,0
6696,1711893258465738,9989,10,0
6697,1711893258475742,9989,10,0
6698,1711893258485745,9989,10,0
6699,1711893258495749,9989,10,0
6700,1711893258505754,9989,10,0
6701,1711893258515758,9990,9,0
6702,1711893258525762,9989,10,0
6703,1711893258535766,9989,10,0
6704,1711893258545769,9989,10,0
6705,1711893258555773,9989,10,0
6706,1711893258565776,9989,10,0
6707,1711893258575780,9989,10,0
6708,1711893258585783,9989,10,0
6709,1711893258595787,9989,10,0
6710,1711893258605791,9989,10,0
6711,1711893258615796,9989,10,0
6712,1711893258625799,9989,10,0
6713,1711893258635803,9989,10,0
6714,1711893258645807,9989,10,0
6715,1711893258655810,9989,10,0
6716,1711893258665814,9989,10,0
6717,1711893258675818,9989,10,0
6718,1711893258685821,9989,10,0
6719,1711893258695825,9989,10,0
6720,1711893258705830,9989,10,0
6721,1711893258715833,9989,10,0
6722,1711893258725837,9989,10,0
6723,1711893258735840,9989,10,0
6724,1711893258745844,9989,10,0
6725,1711893258755849,9989,10,0
6726,1711893258765852,9988,12,0
6727,1711893258775856,9989,10,0
6728,1711893258785860,9989,10,0
6729,1711893258795863,9989,10,0
6730,1711893258805869,9989,10,0
6731,1711893258815873,9990,9,0
6732,1711893258825876,9989,10,0
6733,1711893258835880,9989,10,0
6734,1711893258845883,9989,10,0
6735,1711893258855887,9989,10,0
6736,1711893258865891,9989,10,0
6737,1711893258875894,9989,10,0
6738,1711893258885898,9989,10,0
6739,1711893258895902,9989,10,0
6740,1711893258905906,9989,10,0
6741,1711893258915910,9989,10,0
6742,1711893258925914,9989,10,0
6743,1711893258935917,9989,10,0
6744,1711893258945921,9989,10,0
6745,1711893258955924,9990,9,0
6746,1711893258965928,9989,10,0
6747,1711893258975932,9989,10,0
6748,1711893258985935,9989,10,0
6749,1711893258995939,9989,10,0
6750,1711893259005944,9989,10,0
6751,1711893259015947,9989,10,0
6752,1711893259025951,9989,10,0
6753,1711893259035955,9989,10,0
6754,1711893259045958,9989,10,0
6755,1711893259055962,9989,10,0
6756,1711893259065965,9989,10,0
6757,1711893259075969,9989,10,0
6758,1711893259085973,9989,10,0
6759,1711893259095976,9989,10,0
6760,1711893259105981,9989,10,0
6761,1711893259115985,9989,10,0
6762,1711893259125988,9989,10,0
6763,1711893259135992,9989,10,0
6764,1711893259145995,9989,10,0
6765,1711893259155999,9989,10,0
6766,1711893259166003,9989,10,0
6767,1711893259176006,9989,10,0
6768,1711893259186011,9989,10,0
6769,1711893259196014,9989,10,0
6770,1711893259206019,9989,10,0
6771,1711893259216023,9989,10,0
6772,1711893259226026,9989,10,0
6773,1711893259236030,9989,10,0
6774,1711893259246033,9989,10,0
6775,1711893259256037,9989,10,0
6776,1711893259266041,9989,10,0
6777,1711893259276044,9989,10,0
6778,1711893259286048,9989,10,0
6779,1711893259296052,9989,10,0
6780,1711893259306057,9989,10,0
6781,1711893259316060,9989,10,0
6782,1711893259326064,9989,10,0
6783,1711893259336068,9989,10,0
6784,1711893259346071,9989,10,0
6785,1711893259356075,9989,10,0
6786,1711893259366078,9989,10,0
6787,1711893259376082,9989,10,0
6788,1711893259386086,9989,10,0
6789,1711893259396089,9989,10,0
6790,1711893259406094,9989,10,0
6791,1711893259416098,9989,10,0
6792,1711893259426101,9989,10,0
6793,1711893259436105,9989,10,0
6794,1711893259446109,9989,10,0
6795,1711893259456112,9989,10,0
6796,1711893259466116,9989,10,0
6797,1711893259476119,9989,10,0
6798,1711893259486123,9989,10,0
6799,1711893259496127,9989,10,0
6800,1711893259506132,9989,10,0
6801,1711893259516136,9990,9,0
6802,1711893259526139,9989,10,0
6803,1711893259536143,9989,10,0
6804,1711893259546147,9989,10,0
6805,1711893259556150,9989,10,0
6806,1711893259566154,9989,10,0
6807,1711893259576157,9989,10,0
6808,1711893259586161,9989,10,0
6809,1711893259596165,9989,10,0
6810,1711893259606169,9989,10,0
6811,1711893259616173,9989,10,0
6812,1711893259626177,9989,10,0
6813,1711893259636180,9989,10,0
6814,1711893259646184,9989,10,0
6815,1711893259656187,9989,10,0
6816,1711893259666191,9989,10,0
6817,1711893259676195,9989,10,0
6818,1711893259686198,9989,10,0
6819,1711893259696203,9989,10,0
6820,1711893259706207,9989,10,0
6821,1711893259716211,9989,10,0
6822,1711893259726215,9990,9,0
6823,1711893259736218,9990,9,0
6824,1711893259746222,9990,9,0
6825,1711893259756225,9989,10,0
6826,1711893259766229,9989,10,0
6827,1711893259776233,9990,9,0
6828,1711893259786236,9989,10,0
6829,1711893259796240,9989,10,0
6830,1711893259806245,9989,10,0
6831,1711893259816248,9989,10,0
6832,1711893259826252,9990,9,0
6833,1711893259836255,9990,9,0
6834,1711893259846259,9989,10,0
6835,1711893259856263,9990,9,0
6836,1711893259866267,9990,9,0
6837,1711893259876270,9989,10,0
6838,1711893259886274,9989,10,0
6839,1711893259896277,9989,10,0
6840,1711893259906282,9989,10,0
6841,1711893259916286,9989,10,0
6842,1711893259926289,9989,10,0
6843,1711893259936293,9989,10,0
6844,1711893259946297,9990,9,0
6845,1711893259956309,9989,10,0
6846,1711893259966312,9989,10,0
6847,1711893259976316,9990,9,0
6848,1711893259986319,9990,9,0
6849,1711893259996323,9989,10,0
6850,1711893260006328,9989,10,0
6851,1711893260016331,9989,10,0
6852,1711893260026335,9990,9,0
6853,1711893260036339,9989,10,0
6854,1711893260046342,9989,10,0
6855,1711893260056346,9990,9,0
6856,1711893260066350,9989,10,0
6857,1711893260076353,9990,9,0
6858,1711893260086357,9989,10,0
6859,1711893260096360,9989,10,0
6860,1711893260106365,9989,10,0
6861,1711893260116369,9989,10,0
6862,1711893260126372,9990,9,0
6863,1711893260136376,9990,9,0
6864,1711893260146380,9989,10,0
6865,1711893260156383,9986,13,0
6866,1711893260166387,9988,11,0
6867,1711893260176391,9989,10,0
6868,1711893260186394,9989,10,0
6869,1711893260196398,9989,10,0
6870,1711893260206403,9989,10,0
6871,1711893260216407,9988,11,0
6872,1711893260226411,9989,10,0
6873,1711893260236414,9989,10,0
6874,1711893260246418,9989,10,0
6875,1711893260256422,9989,10,0
6876,1711893260266426,9987,12,0
6877,1711893260276429,9989,10,0
6878,1711893260286433,9989,10,0
6879,1711893260296437,9989,10,0
6880,1711893260306442,9989,10,0
6881,1711893260316446,9990,10,0
6882,1711893260326449,9989,10,0
6883,1711893260336453,9989,10,0
6884,1711893260346456,9989,10,0
6885,1711893260356460,9989,10,0
6886,1711893260366464,9989,10,0
6887,1711893260376467,9989,10,0
6888,1711893260386471,9989,10,0
6889,1711893260396474,9989,10,0
6890,1711893260406479,9989,10,0
6891,1711893260416483,9990,9,0
6892,1711893260426486,9989,10,0
6893,1711893260436490,9989,10,0
6894,1711893260446493,9989,10,0
6895,1711893260456497,9989,10,0
6896,1711893260466501,9989,10,0
6897,1711893260476504,9989,10,0
6898,1711893260486508,9989,10,0
6899,1711893260496512,9989,10,0
6900,1711893260506517,9989,10,0
6901,1711893260516521,9989,10,0
6902,1711893260526525,9989,10,0
6903,1711893260536528,9989,10,0
6904,1711893260546532,9989,10,0
6905,1711893260556535,9989,10,0
6906,1711893260566539,9989,10,0
6907,1711893260576543,9989,10,0
6908,1711893260586546,9989,10,0
6909,1711893260596550,9989,10,0
6910,1711893260606555,9989,10,0
6911,1711893260616559,9989,10,0
6912,1711893260626562,9989,10,0
6913,1711893260636566,9989,10,0
6914,1711893260646570,9989,10,0
6915,1711893260656574,9989,10,0
6916,1711893260666577,9989,10,0
6917,1711893260676581,9989,10,0
6918,1711893260686584,9989,10,0
6919,1711893260696587,9989,10,0
6920,1711893260706593,9989,10,0
6921,1711893260716596,9989,10,0
6922,1711893260726600,9989,10,0
6923,1711893260736604,9989,10,0
6924,1711893260746608,9989,10,0
6925,1711893260756611,9989,10,0
6926,1711893260766615,9989,10,0
6927,1711893260776619,9989,10,0
6928,1711893260786622,9989,10,0
6929,1711893260796626,9989,10,0
6930,1711893260806631,9989,10,0
6931,1711893260816635,9989,10,0
6932,1711893260826638,9989,10,0
6933,1711893260836642,9989,10,0
6934,1711893260846646,9989,10,0
6935,1711893260856649,9989,10,0
6936,1711893260866653,9989,10,0
6937,1711893260876657,9989,10,0
6938,1711893260886660,9989,10,0
6939,1711893260896664,9989,10,0
6940,1711893260906669,9989,10,0
6941,1711893260916673,9989,10,0
6942,1711893260926676,9989,10,0
6943,1711893260936680,9989,10,0
6944,1711893260946684,9989,10,0
6945,1711893260956687,9989,10,0
6946,1711893260966691,9989,10,0
6947,1711893260976695,9989,10,0
6948,1711893260986698,9989,10,0
6949,1711893260996702,9989,10,0
6950,1711893261006707,9989,10,0
6951,1711893261016711,9989,10,0
6952,1711893261026714,9989,10,0
6953,1711893261036718,9989,10,0
6954,1711893261046722,9989,10,0
6955,1711893261056726,9989,10,0
6956,1711893261066729,9989,10,0
6957,1711893261076733,9989,10,0
6958,1711893261086737,9989,10,0
6959,1711893261096740,9989,10,0
6960,1711893261106745,9989,10,0
6961,1711893261116749,9989,10,0
6962,1711893261126753,9989,10,0
6963,1711893261136756,9989,10,0
6964,1711893261146760,9989,10,0
6965,1711893261156764,9988,11,0
6966,1711893261166767,9989,10,0
6967,1711893261176771,9989,10,0
6968,1711893261186775,9989,10,0
6969,1711893261196778,9989,10,0
6970,1711893261206783,9989,10,0
6971,1711893261216787,9989,10,0
6972,1711893261226791,9989,10,0
6973,1711893261236795,9989,10,0
6974,1711893261246798,9989,10,0
6975,1711893261256802,9989,10,0
6976,1711893261266806,9989,10,0
6977,1711893261276809,9989,10,0
6978,1711893261286813,9989,10,0
6979,1711893261296817,9989,10,0
6980,1711893261306822,9989,10,0
6981,1711893261316826,9990,9,0
6982,1711893261326829,9989,10,0
6983,1711893261336833,9989,10,0
6984,1711893261346837,9989,10,0
6985,1711893261356840,9989,10,0
6986,1711893261366844,9989,10,0
6987,1711893261376848,9989,10,0
6988,1711893261386851,9989,10,0
6989,1711893261396855,9989,10,0
6990,1711893261406860,9989,10,0
6991,1711893261416864,9989,10,0
6992,1711893261426867,9989,10,0
6993,1711893261436871,9989,10,0
6994,1711893261446875,9989,10,0
6995,1711893261456878,9989,10,0
6996,1711893261466882,9989,10,0
6997,1711893261476886,9989,10,0
6998,1711893261486890,9989,10,0
6999,1711893261496894,9989,10,0
7000,1711893261506898,9989,10,0
7001,1711893261516902,9989,10,0
7002,1711893261526906,9989,10,0
7003,1711893261536909,9989,10,0
7004,1711893261546913,9989,10,0
7005,1711893261556917,9989,10,0
7006,1711893261566921,9989,10,0
7007,1711893261576924,9989,10,0
7008,1711893261586928,9989,10,0
7009,1711893261596932,9989,10,0
7010,1711893261606937,9989,10,0
7011,1711893261616941,9989,10,0
7012,1711893261626944,9989,10,0
7013,1711893261636948,9989,10,0
7014,1711893261646952,9989,10,0
7015,1711893261656955,9989,10,0
7016,1711893261666959,9989,10,0
7017,1711893261676963,9989,10,0
7018,1711893261686967,9989,10,0
7019,1711893261696970,9989,10,0
7020,1711893261706975,9989,10,0
7021,1711893261716979,9989,10,0
7022,1711893261726983,9989,10,0
7023,1711893261736986,9989,10,0
7024,1711893261746990,9989,10,0
7025,1711893261756994,9989,10,0
7026,1711893261766998,9989,10,0
7027,1711893261777002,9988,11,0
7028,1711893261787005,9989,10,0
7029,1711893261797009,9989,10,0
7030,1711893261807014,9989,10,0
7031,1711893261817018,9990,9,0
7032,1711893261827022,9989,10,0
7033,1711893261837026,9989,10,0
7034,1711893261847029,9989,10,0
7035,1711893261857033,9989,10,0
7036,1711893261867037,9989,10,0
7037,1711893261877040,9989,10,0
7038,1711893261887044,9989,10,0
7039,1711893261897047,9989,10,0
7040,1711893261907052,9989,10,0
7041,1711893261917056,9989,10,0
7042,1711893261927059,9989,10,0
7043,1711893261937063,9989,10,0
7044,1711893261947067,9989,10,0
7045,1711893261957070,9989,10,0
7046,1711893261967074,9989,10,0
7047,1711893261977077,9989,10,0
7048,1711893261987081,9989,10,0
7049,1711893261997085,9989,10,0
7050,1711893262007090,9989,10,0
7051,1711893262017093,9989,10,0
7052,1711893262027097,9989,10,0
7053,1711893262037100,9989,10,0
7054,1711893262047104,9989,10,0
7055,1711893262057108,9989,10,0
7056,1711893262067111,9989,10,0
7057,1711893262077115,9989,10,0
7058,1711893262087118,9989,10,0
7059,1711893262097122,9989,10,0
7060,1711893262107127,9989,10,0
7061,1711893262117130,9989,10,0
7062,1711893262127134,9989,10,0
7063,1711893262137138,9989,10,0
7064,1711893262147141,9989,10,0
7065,1711893262157145,9989,10,0
7066,1711893262167148,9989,10,0
7067,1711893262177152,9989,10,0
7068,1711893262187156,9989,10,0
7069,1711893262197159,9989,10,0
7070,1711893262207164,9989,10,0
7071,1711893262217168,9989,10,0
7072,1711893262227171,9989,10,0
7073,1711893262237175,9989,10,0
7074,1711893262247178,9989,10,0
7075,1711893262257183,9989,10,0
7076,1711893262267186,9988,11,0
7077,1711893262277190,9989,10,0
7078,1711893262287193,9989,10,0
7079,1711893262297197,9989,10,0
7080,1711893262307202,9989,10,0
7081,1711893262317205,9989,10,0
7082,1711893262327209,9989,10,0
7083,1711893262337213,9989,10,0
7084,1711893262347216,9989,10,0
7085,1711893262357220,9989,10,0
7086,1711893262367225,9989,10,0
7087,1711893262377231,9987,12,0
7088,1711893262387235,9988,11,0
7089,1711893262397239,9989,10,0
7090,1711893262407244,9989,10,0
7091,1711893262417248,9989,10,0
7092,1711893262427252,9989,10,0
7093,1711893262437255,9989,10,0
7094,1711893262447259,9989,10,0
7095,1711893262457263,9989,10,0
7096,1711893262467266,9989,10,0
7097,1711893262477270,9989,10,0
7098,1711893262487274,9989,10,0
7099,1711893262497277,9989,10,0
7100,1711893262507282,9989,10,0
7101,1711893262517286,9989,10,0
7102,1711893262527290,9989,10,0
7103,1711893262537294,9989,10,0
7104,1711893262547298,9990,9,0
7105,1711893262557302,9989,10,0
7106,1711893262567305,9989,10,0
7107,1711893262577309,9989,10,0
7108,1711893262587313,9989,10,0
7109,1711893262597317,9989,10,0
7110,1711893262607321,9989,10,0
7111,1711893262617325,9990,9,0
7112,1711893262627329,9989,10,0
7113,1711893262637333,9989,10,0
7114,1711893262647337,9989,10,0
7115,1711893262657340,9989,10,0
7116,1711893262667344,9989,10,0
7117,1711893262677347,9989,10,0
7118,1711893262687351,9989,10,0
7119,1711893262697354,9989,10,0
7120,1711893262707359,9989,10,0
7121,1711893262717363,9989,10,0
7122,1711893262727366,9989,10,0
7123,1711893262737370,9989,10,0
7124,1711893262747374,9989,10,0
7125,1711893262757377,9989,10,0
7126,1711893262767382,9989,10,0
7127,1711893262777385,9989,10,0
7128,1711893262787389,9989,10,0
7129,1711893262797393,9989,10,0
7130,1711893262807397,9989,10,0
7131,1711893262817401,9989,10,0
7132,1711893262827404,9989,10,0
7133,1711893262837408,9989,10,0
7134,1711893262847412,9989,10,0
7135,1711893262857415,9989,10,0
7136,1711893262867419,9989,10,0
7137,1711893262877422,9989,10,0
7138,1711893262887426,9989,10,0
7139,1711893262897430,9989,10,0
7140,1711893262907434,9989,10,0
7141,1711893262917438,9989,10,0
7142,1711893262927442,9989,10,0
7143,1711893262937445,9989,10,0
7144,1711893262947449,9989,10,0
7145,1711893262957452,9989,10,0
7146,1711893262967456,9989,10,0
7147,1711893262977459,9989,10,0
7148,1711893262987463,9989,10,0
7149,1711893262997467,9989,10,0
7150,1711893263007471,9989,10,0
7151,1711893263017475,9989,10,0
7152,1711893263027479,9989,10,0
7153,1711893263037482,9989,10,0
7154,1711893263047486,9989,10,0
7155,1711893263057489,9989,10,0
7156,1711893263067493,9989,10,0
7157,1711893263077497,9989,10,0
7158,1711893263087500,9989,10,0
7159,1711893263097504,9989,10,0
7160,1711893263107508,9989,10,0
7161,1711893263117512,9989,10,0
7162,1711893263127516,9989,10,0
7163,1711893263137519,9989,10,0
7164,1711893263147523,9989,10,0
7165,1711893263157526,9989,10,0
7166,1711893263167530,9989,10,0
7167,1711893263177533,9989,10,0
7168,1711893263187537,9983,16,0
7169,1711893263197541,9989,10,0
7170,1711893263207546,9989,10,0
7171,1711893263217549,9989,10,0
7172,1711893263227553,9989,10,0
7173,1711893263237556,9989,10,0
7174,1711893263247560,9989,10,0
7175,1711893263257564,9989,10,0
7176,1711893263267568,9989,10,0
7177,1711893263277571,9989,10,0
7178,1711893263287575,9989,10,0
7179,1711893263297579,9989,10,0
7180,1711893263307584,9989,10,0
7181,1711893263317588,9989,10,0
7182,1711893263327591,9989,10,0
7183,1711893263337595,9989,10,0
7184,1711893263347599,9989,10,0
7185,1711893263357602,9989,10,0
7186,1711893263367606,9989,10,0
7187,1711893263377610,9989,10,0
7188,1711893263387613,9989,10,0
7189,1711893263397617,9989,10,0
7190,1711893263407621,9989,10,0
7191,1711893263417625,9989,10,0
7192,1711893263427629,9989,10,0
7193,1711893263437632,9989,10,0
7194,1711893263447636,9989,10,0
7195,1711893263457640,9989,10,0
7196,1711893263467643,9989,10,0
7197,1711893263477647,9989,10,0
7198,1711893263487650,9989,10,0
7199,1711893263497654,9989,10,0
7200,1711893263507659,9989,10,0
7201,1711893263517662,9989,10,0
7202,1711893263527666,9989,10,0
7203,1711893263537670,9989,10,0
7204,1711893263547673,9989,10,0
7205,1711893263557677,9989,10,0
7206,1711893263567681,9989,10,0
7207,1711893263577684,9989,10,0
7208,1711893263587688,9989,10,0
7209,1711893263597691,9989,10,0
7210,1711893263607696,9989,10,0
7211,1711893263617700,9990,9,0
7212,1711893263627704,9989,10,0
7213,1711893263637707,9989,10,0
7214,1711893263647711,9989,10,0
7215,1711893263657714,9989,10,0
7216,1711893263667718,9989,10,0
7217,1711893263677721,9989,10,0
7218,1711893263687725,9989,10,0
7219,1711893263697729,9989,10,0
7220,1711893263707733,9989,10,0
7221,1711893263717737,9989,10,0
7222,1711893263727741,9989,10,0
7223,1711893263737744,9989,10,0
7224,1711893263747748,9989,10,0
7225,1711893263757751,9989,10,0
7226,1711893263767755,9989,10,0
7227,1711893263777759,9989,10,0
7228,1711893263787762,9989,10,0
7229,1711893263797766,9989,10,0
7230,1711893263807771,9989,10,0
7231,1711893263817775,9990,9,0
7232,1711893263827778,9990,9,0
7233,1711893263837782,9990,9,0
7234,1711893263847785,9989,10,0
7235,1711893263857789,9989,10,0
7236,1711893263867793,9990,9,0
7237,1711893263877796,9989,10,0
7238,1711893263887800,9989,10,0
7239,1711893263897804,9989,10,0
7240,1711893263907808,9989,10,0
7241,1711893263917812,9989,10,0
7242,1711893263927816,9989,10,0
7243,1711893263937819,9989,10,0
7244,1711893263947823,9990,9,0
7245,1711893263957826,9989,10,0
7246,1711893263967830,9989,10,0
7247,1711893263977834,9989,10,0
7248,1711893263987837,9989,10,0
7249,1711893263997841,9989,10,0
7250,1711893264007846,9990,9,0
7251,1711893264017849,9990,9,0
7252,1711893264027853,9989,10,0
7253,1711893264037856,9990,9,0
7254,1711893264047860,9990,9,0
7255,1711893264057864,9989,10,0
7256,1711893264067867,9990,9,0
7257,1711893264077871,9990,9,0
7258,1711893264087874,9989,10,0
7259,1711893264097878,9989,10,0
7260,1711893264107883,9990,9,0
7261,1711893264117886,9989,10,0
7262,1711893264127890,9989,10,0
7263,1711893264137894,9989,10,0
7264,1711893264147897,9989,10,0
7265,1711893264157901,9986,13,0
7266,1711893264167904,9989,10,0
7267,1711893264177908,9989,10,0
7268,1711893264187912,9989,10,0
7269,1711893264197915,9988,11,0
7270,1711893264207920,9989,10,0
7271,1711893264217924,9989,10,0
7272,1711893264227927,9989,10,0
7273,1711893264237931,9989,10,0
7274,1711893264247934,9989,10,0
7275,1711893264257938,9989,10,0
7276,1711893264267941,9989,10,0
7277,1711893264277945,9989,10,0
7278,1711893264287949,9989,10,0
7279,1711893264297952,9989,10,0
7280,1711893264307957,9989,10,0
7281,1711893264317961,9989,10,0
7282,1711893264327965,9989,10,0
7283,1711893264337968,9989,10,0
7284,1711893264347972,9989,10,0
7285,1711893264357975,9989,10,0
7286,1711893264367980,9989,10,0
7287,1711893264377983,9989,10,0
7288,1711893264387987,9989,10,0
7289,1711893264397990,9989,10,0
7290,1711893264407995,9989,10,0
7291,1711893264417999,9989,10,0
7292,1711893264428002,9989,10,0
7293,1711893264438006,9989,10,0
7294,1711893264448010,9989,10,0
7295,1711893264458013,9989,10,0
7296,1711893264468017,9989,10,0
7297,1711893264478020,9989,10,0
7298,1711893264488024,9989,10,0
7299,1711893264498028,9989,10,0
7300,1711893264508033,9989,10,0
7301,1711893264518037,9989,10,0
7302,1711893264528041,9989,10,0
7303,1711893264538044,9989,10,0
7304,1711893264548048,9989,10,0
7305,1711893264558052,9989,10,0
7306,1711893264568056,9989,10,0
7307,1711893264578059,9989,10,0
7308,1711893264588063,9989,10,0
7309,1711893264598067,9989,10,0
7310,1711893264608071,9989,10,0
7311,1711893264618075,9989,10,0
7312,1711893264628079,9989,10,0
7313,1711893264638083,9989,10,0
7314,1711893264648087,9989,10,0
7315,1711893264658090,9989,10,0
7316,1711893264668094,9989,10,0
7317,1711893264678097,9989,10,0
7318,1711893264688101,9989,10,0
7319,1711893264698105,9989,10,0
7320,1711893264708109,9989,10,0
7321,1711893264718113,9989,10,0
7322,1711893264728117,9989,10,0
7323,1711893264738120,9989,10,0
7324,1711893264748124,9989,10,0
7325,1711893264758128,9989,10,0
7326,1711893264768131,9989,10,0
7327,1711893264778135,9989,10,0
7328,1711893264788139,9988,11,0
7329,1711893264798143,9989,10,0
7330,1711893264808148,9989,10,0
7331,1711893264818152,9990,9,0
7332,1711893264828156,9989,10,0
7333,1711893264838160,9989,10,0
7334,1711893264848163,9989,10,0
7335,1711893264858167,9989,10,0
7336,1711893264868171,9989,10,0
7337,1711893264878175,9989,10,0
7338,1711893264888178,9989,10,0
7339,1711893264898182,9989,10,0
7340,1711893264908187,9989,10,0
7341,1711893264918191,9989,10,0
7342,1711893264928194,9989,10,0
7343,1711893264938198,9989,10,0
7344,1711893264948202,9989,10,0
7345,1711893264958205,9989,10,0
7346,1711893264968209,9989,10,0
7347,1711893264978213,9989,10,0
7348,1711893264988216,9989,10,0
7349,1711893264998220,9989,10,0
7350,1711893265008225,9989,10,0
7351,1711893265018229,9989,10,0
7352,1711893265028232,9989,10,0
7353,1711893265038236,9989,10,0
7354,1711893265048240,9989,10,0
7355,1711893265058243,9989,10,0
7356,1711893265068247,9989,10,0
7357,1711893265078251,9989,10,0
7358,1711893265088254,9989,10,0
7359,1711893265098258,9989,10,0
7360,1711893265108263,9989,10,0
7361,1711893265118267,9989,10,0
7362,1711893265128270,9989,10,0
7363,1711893265138274,9989,10,0
7364,1711893265148278,9989,10,0
7365,1711893265158281,9989,10,0
7366,1711893265168285,9989,10,0
7367,1711893265178289,9989,10,0
7368,1711893265188292,9989,10,0
7369,1711893265198296,9989,10,0
7370,1711893265208301,9989,10,0
7371,1711893265218305,9989,10,0
7372,1711893265228308,9991,8,0
7373,1711893265238312,9989,10,0
7374,1711893265248316,9989,10,0
7375,1711893265258320,9989,10,0
7376,1711893265268323,9989,10,0
7377,1711893265278327,9989,10,0
7378,1711893265288331,9989,10,0
7379,1711893265298334,9989,10,0
7380,1711893265308339,9989,10,0
7381,1711893265318343,9989,10,0
7382,1711893265328347,9989,10,0
7383,1711893265338351,9989,10,0
7384,1711893265348354,9989,10,0
7385,1711893265358358,9989,10,0
7386,1711893265368362,9989,10,0
7387,1711893265378365,9989,10,0
7388,1711893265388369,9989,10,0
7389,1711893265398373,9989,10,0
7390,1711893265408378,9989,10,0
7391,1711893265418381,9989,10,0
7392,1711893265428385,9989,10,0
7393,1711893265438389,9989,10,0
7394,1711893265448392,9989,10,0
7395,1711893265458396,9989,10,0
7396,1711893265468400,9989,10,0
7397,1711893265478403,9989,10,0
7398,1711893265488407,9989,10,0
7399,1711893265498411,9989,10,0
7400,1711893265508416,9989,10,0
7401,1711893265518420,9989,10,0
7402,1711893265528424,9989,10,0
7403,1711893265538427,9989,10,0
7404,1711893265548431,9989,10,0
7405,1711893265558435,9989,10,0
7406,1711893265568438,9989,10,0
7407,1711893265578442,9989,10,0
7408,1711893265588446,9989,10,0
7409,1711893265598449,9989,10,0
7410,1711893265608454,9989,10,0
7411,1711893265618458,9989,10,0
7412,1711893265628462,9989,10,0
7413,1711893265638465,9989,10,0
7414,1711893265648469,9989,10,0
7415,1711893265658473,9989,10,0
7416,1711893265668477,9989,10,0
7417,1711893265678480,9989,10,0
7418,1711893265688484,9989,10,0
7419,1711893265698488,9989,10,0
7420,1711893265708493,9989,10,0
7421,1711893265718496,9989,10,0
7422,1711893265728500,9989,10,0
7423,1711893265738504,9989,10,0
7424,1711893265748510,9989,10,0
7425,1711893265758516,9987,12,0
7426,1711893265768520,9988,11,0
7427,1711893265778524,9989,10,0
7428,1711893265788528,9989,10,0
7429,1711893265798532,9989,10,0
7430,1711893265808537,9989,10,0
7431,1711893265818541,9990,9,0
7432,1711893265828544,9989,10,0
7433,1711893265838549,9989,10,0
7434,1711893265848552,9989,10,0
7435,1711893265858556,9989,10,0
7436,1711893265868560,9989,10,0
7437,1711893265878564,9989,10,0
7438,1711893265888567,9989,10,0
7439,1711893265898571,9989,10,0
7440,1711893265908576,9989,10,0
7441,1711893265918580,9989,10,0
7442,1711893265928583,9989,10,0
7443,1711893265938587,9989,10,0
7444,1711893265948591,9989,10,0
7445,1711893265958594,9989,10,0
7446,1711893265968598,9989,10,0
7447,1711893265978602,9989,10,0
7448,1711893265988605,9989,10,0
7449,1711893265998609,9989,10,0
7450,1711893266008614,9989,10,0
7451,1711893266018618,9989,10,0
7452,1711893266028622,9989,10,0
7453,1711893266038625,9989,10,0
7454,1711893266048629,9989,10,0
7455,1711893266058633,9990,9,0
7456,1711893266068636,9989,10,0
7457,1711893266078640,9989,10,0
7458,1711893266088644,9989,10,0
7459,1711893266098648,9989,10,0
7460,1711893266108653,9989,10,0
7461,1711893266118656,9989,10,0
7462,1711893266128660,9989,10,0
7463,1711893266138664,9989,10,0
7464,1711893266148667,9989,10,0
7465,1711893266158671,9989,10,0
7466,1711893266168675,9989,10,0
7467,1711893266178679,9989,10,0
7468,1711893266188682,9989,10,0
7469,1711893266198686,9989,10,0
7470,1711893266208691,9989,10,0
7471,1711893266218695,9989,10,0
7472,1711893266228698,9989,10,0
7473,1711893266238702,9989,10,0
7474,1711893266248706,9989,10,0
7475,1711893266258709,9989,10,0
7476,1711893266268713,9989,10,0
7477,1711893266278717,9989,10,0
7478,1711893266288721,9988,11,0
7479,1711893266298725,9989,10,0
7480,1711893266308731,9989,10,0
7481,1711893266318734,9990,9,0
7482,1711893266328738,9989,10,0
7483,1711893266338742,9989,10,0
7484,1711893266348745,9989,10,0
7485,1711893266358749,9989,10,0
7486,1711893266368753,9989,10,0
7487,1711893266378756,9989,10,0
7488,1711893266388760,9989,10,0
7489,1711893266398763,9989,10,0
7490,1711893266408768,9989,10,0
7491,1711893266418772,9989,10,0
7492,1711893266428776,9989,10,0
7493,1711893266438779,9989,10,0
7494,1711893266448783,9989,10,0
7495,1711893266458787,9989,10,0
7496,1711893266468790,9989,10,0
7497,1711893266478794,9989,10,0
7498,1711893266488798,9989,10,0
7499,1711893266498802,9989,10,0
7500,1711893266508806,9989,10,0
7501,1711893266518810,9989,10,0
7502,1711893266528814,9989,10,0
7503,1711893266538818,9989,10,0
7504,1711893266548822,9989,10,0
7505,1711893266558826,9989,10,0
7506,1711893266568829,9989,10,0
7507,1711893266578834,9990,9,0
7508,1711893266588837,9989,10,0
7509,1711893266598841,9989,10,0
7510,1711893266608846,9989,10,0
7511,1711893266618850,9989,10,0
7512,1711893266628854,9989,10,0
7513,1711893266638857,9989,10,0
7514,1711893266648861,9989,10,0
7515,1711893266658865,9989,10,0
7516,1711893266668868,9989,10,0
7517,1711893266678872,9989,10,0
7518,1711893266688876,9989,10,0
7519,1711893266698880,9989,10,0
7520,1711893266708884,9989,10,0
7521,1711893266718888,9989,10,0
7522,1711893266728892,9989,10,0
7523,1711893266738895,9989,10,0
7524,1711893266748899,9989,10,0
7525,1711893266758903,9989,10,0
7526,1711893266768906,9989,10,0
7527,1711893266778910,9989,10,0
7528,1711893266788913,9989,10,0
7529,1711893266798917,9989,10,0
7530,1711893266808922,9989,10,0
7531,1711893266818925,9989,10,0
7532,1711893266828929,9989,10,0
7533,1711893266838933,9989,10,0
7534,1711893266848937,9989,10,0
7535,1711893266858940,9989,10,0
7536,1711893266868944,9989,10,0
7537,1711893266878948,9989,10,0
7538,1711893266888951,9989,10,0
7539,1711893266898955,9989,10,0
7540,1711893266908960,9989,10,0
7541,1711893266918963,9989,10,0
7542,1711893266928967,9989,10,0
7543,1711893266938971,9989,10,0
7544,1711893266948974,9989,10,0
7545,1711893266958978,9989,10,0
7546,1711893266968981,9989,10,0
7547,1711893266978985,9989,10,0
7548,1711893266988988,9989,10,0
7549,1711893266998992,9989,10,0
7550,1711893267008997,9989,10,0
7551,1711893267019000,9989,10,0
7552,1711893267029004,9989,10,0
7553,1711893267039008,9989,10,0
7554,1711893267049011,9989,10,0
7555,1711893267059015,9989,10,0
7556,1711893267069018,9989,10,0
7557,1711893267079022,9989,10,0
7558,1711893267089026,9989,10,0
7559,1711893267099029,9989,10,0
7560,1711893267109034,9989,10,0
7561,1711893267119038,9989,10,0
7562,1711893267129041,9989,10,0
7563,1711893267139045,9989,10,0
7564,1711893267149048,9989,10,0
7565,1711893267159052,9989,10,0
7566,1711893267169056,9989,10,0
7567,1711893267179059,9989,10,0
7568,1711893267189063,9989,10,0
7569,1711893267199066,9989,10,0
7570,1711893267209071,9989,10,0
7571,1711893267219075,9989,10,0
7572,1711893267229078,9989,10,0
7573,1711893267239082,9989,10,0
7574,1711893267249085,9989,10,0
7575,1711893267259089,9989,10,0
7576,1711893267269093,9989,10,0
7577,1711893267279096,9989,10,0
7578,1711893267289100,9989,10,0
7579,1711893267299103,9989,10,0
7580,1711893267309108,9989,10,0
7581,1711893267319112,9989,10,0
7582,1711893267329115,9989,10,0
7583,1711893267339119,9989,10,0
7584,1711893267349122,9989,10,0
7585,1711893267359126,9989,10,0
7586,1711893267369131,9989,10,0
7587,1711893267379137,9988,11,0
7588,1711893267389141,9988,11,0
7589,1711893267399145,9989,10,0
7590,1711893267409150,9989,10,0
7591,1711893267419154,9990,9,0
7592,1711893267429158,9989,10,0
7593,1711893267439162,9989,10,0
7594,1711893267449165,9989,10,0
7595,1711893267459169,9989,10,0
7596,1711893267469173,9989,10,0
7597,1711893267479176,9989,10,0
7598,1711893267489180,9989,10,0
7599,1711893267499183,9989,10,0
7600,1711893267509188,9989,10,0
7601,1711893267519192,9989,10,0
7602,1711893267529195,9989,10,0
7603,1711893267539199,9989,10,0
7604,1711893267549203,9989,10,0
7605,1711893267559206,9989,10,0
7606,1711893267569210,9989,10,0
7607,1711893267579213,9989,10,0
7608,1711893267589217,9989,10,0
7609,1711893267599220,9989,10,0
7610,1711893267609225,9989,10,0
7611,1711893267619229,9989,10,0
7612,1711893267629232,9989,10,0
7613,1711893267639237,9989,10,0
7614,1711893267649240,9989,10,0
7615,1711893267659244,9989,10,0
7616,1711893267669247,9989,10,0
7617,1711893267679251,9989,10,0
7618,1711893267689255,9989,10,0
7619,1711893267699259,9989,10,0
7620,1711893267709263,9989,10,0
7621,1711893267719267,9989,10,0
7622,1711893267729271,9989,10,0
7623,1711893267739274,9989,10,0
7624,1711893267749278,9989,10,0
7625,1711893267759281,9989,10,0
7626,1711893267769285,9989,10,0
7627,1711893267779290,9989,10,0
7628,1711893267789293,9988,11,0
7629,1711893267799297,9989,10,0
7630,1711893267809303,9989,10,0
7631,1711893267819306,9990,9,0
7632,1711893267829310,9989,10,0
7633,1711893267839314,9989,10,0
7634,1711893267849317,9989,10,0
7635,1711893267859321,9989,10,0
7636,1711893267869324,9989,10,0
7637,1711893267879327,9990,9,0
7638,1711893267889331,9990,9,0
7639,1711893267899335,9990,9,0
7640,1711893267909340,9989,10,0
7641,1711893267919343,9989,10,0
7642,1711893267929346,9991,8,0
7643,1711893267939349,9992,7,0
7644,1711893267949352,9992,8,0
7645,1711893267959355,9992,7,0
7646,1711893267969358,9992,7,0
7647,1711893267979360,9992,7,0
7648,1711893267989363,9991,8,0
7649,1711893267999366,9992,7,0
7650,1711893268009370,9992,7,0
7651,1711893268019374,9992,7,0
7652,1711893268029377,9989,10,0
7653,1711893268039381,9989,10,0
7654,1711893268049385,9989,10,0
7655,1711893268059388,9989,10,0
7656,1711893268069392,9989,10,0
7657,1711893268079395,9990,9,0
7658,1711893268089399,9989,10,0
7659,1711893268099403,9990,9,0
7660,1711893268109407,9990,9,0
7661,1711893268119411,9989,10,0
7662,1711893268129415,9989,10,0
7663,1711893268139418,9989,10,0
7664,1711893268149422,9986,13,0
7665,1711893268159426,9988,11,0
7666,1711893268169429,9989,10,0
7667,1711893268179433,9989,10,0
7668,1711893268189436,9989,10,0
7669,1711893268199440,9989,10,0
7670,1711893268209445,9989,10,0
7671,1711893268219448,9989,10,0
7672,1711893268229452,9989,10,0
7673,1711893268239456,9989,10,0
7674,1711893268249459,9989,10,0
7675,1711893268259463,9989,10,0
7676,1711893268269466,9989,10,0
7677,1711893268279470,9989,10,0
7678,1711893268289474,9989,10,0
7679,1711893268299477,9989,10,0
7680,1711893268309482,9982,17,0
7681,1711893268319486,9989,10,0
7682,1711893268329490,9989,10,0
7683,1711893268339493,9989,10,0
7684,1711893268349497,9989,10,0
7685,1711893268359500,9989,10,0
7686,1711893268369504,9989,10,0
7687,1711893268379508,9989,10,0
7688,1711893268389511,9989,10,0
7689,1711893268399515,9989,10,0
7690,1711893268409520,9989,10,0
7691,1711893268419524,9989,10,0
7692,1711893268429528,9989,10,0
7693,1711893268439531,9989,10,0
7694,1711893268449535,9989,10,0
7695,1711893268459538,9989,10,0
7696,1711893268469542,9989,10,0
7697,1711893268479546,9989,10,0
7698,1711893268489550,9989,10,0
7699,1711893268499554,9989,10,0
7700,1711893268509558,9989,10,0
7701,1711893268519562,9989,10,0
7702,1711893268529566,9989,10,0
7703,1711893268539570,9989,10,0
7704,1711893268549574,9989,10,0
7705,1711893268559578,9989,10,0
7706,1711893268569581,9989,10,0
7707,1711893268579585,9989,10,0
7708,1711893268589589,9989,10,0
7709,1711893268599592,9989,10,0
7710,1711893268609597,9989,10,0
7711,1711893268619601,9989,10,0
7712,1711893268629605,9989,10,0
7713,1711893268639608,9989,10,0
7714,1711893268649612,9989,10,0
7715,1711893268659616,9989,10,0
7716,1711893268669620,9989,10,0
7717,1711893268679623,9989,10,0
7718,1711893268689627,9989,10,0
7719,1711893268699630,9989,10,0
7720,1711893268709635,9989,10,0
7721,1711893268719639,9989,10,0
7722,1711893268729643,9989,10,0
7723,1711893268739647,9989,10,0
7724,1711893268749650,9989,10,0
7725,1711893268759654,9989,10,0
7726,1711893268769657,9989,10,0
7727,1711893268779661,9989,10,0
7728,1711893268789665,9989,10,0
7729,1711893268799668,9989,10,0
7730,1711893268809673,9989,10,0
7731,1711893268819677,9989,10,0
7732,1711893268829680,9989,10,0
7733,1711893268839684,9989,10,0
7734,1711893268849688,9989,10,0
7735,1711893268859691,9989,10,0
7736,1711893268869695,9989,10,0
7737,1711893268879698,9989,10,0
7738,1711893268889702,9989,10,0
7739,1711893268899705,9989,10,0
7740,1711893268909710,9989,10,0
7741,1711893268919714,9989,10,0
7742,1711893268929718,9989,10,0
7743,1711893268939721,9989,10,0
7744,1711893268949725,9989,10,0
7745,1711893268959729,9989,10,0
7746,1711893268969732,9989,10,0
7747,1711893268979736,9989,10,0
7748,1711893268989739,9989,10,0
7749,1711893268999743,9989,10,0
7750,1711893269009748,9989,10,0
7751,1711893269019751,9989,10,0
7752,1711893269029755,9989,10,0
7753,1711893269039759,9989,10,0
7754,1711893269049762,9989,10,0
7755,1711893269059766,9989,10,0
7756,1711893269069769,9989,10,0
7757,1711893269079773,9989,10,0
7758,1711893269089777,9989,10,0
7759,1711893269099780,9989,10,0
7760,1711893269109785,9989,10,0
7761,1711893269119789,9990,9,0
7762,1711893269129792,9989,10,0
7763,1711893269139796,9989,10,0
7764,1711893269149799,9989,10,0
7765,1711893269159803,9989,10,0
7766,1711893269169807,9989,10,0
7767,1711893269179810,9989,10,0
7768,1711893269189814,9989,10,0
7769,1711893269199817,9989,10,0
7770,1711893269209822,9989,10,0
7771,1711893269219826,9989,10,0
7772,1711893269229830,9989,10,0
7773,1711893269239833,9989,10,0
7774,1711893269249837,9989,10,0
7775,1711893269259840,9989,10,0
7776,1711893269269844,9989,10,0
7777,1711893269279847,9989,10,0
7778,1711893269289852,9989,10,0
7779,1711893269299856,9987,12,0
7780,1711893269309861,9988,11,0
7781,1711893269319865,9988,11,0
7782,1711893269329869,9989,10,0
7783,1711893269339873,9989,10,0
7784,1711893269349876,9989,10,0
7785,1711893269359880,9989,10,0
7786,1711893269369883,9989,10,0
7787,1711893269379887,9989,10,0
7788,1711893269389891,9989,10,0
7789,1711893269399894,9989,10,0
7790,1711893269409899,9989,10,0
7791,1711893269419902,9989,10,0
7792,1711893269429906,9989,10,0
7793,1711893269439910,9989,10,0
7794,1711893269449914,9989,10,0
7795,1711893269459917,9989,10,0
7796,1711893269469921,9989,10,0
7797,1711893269479924,9989,10,0
7798,1711893269489929,9989,10,0
7799,1711893269499932,9989,10,0
7800,1711893269509937,9989,10,0
7801,1711893269519941,9989,10,0
7802,1711893269529944,9989,10,0
7803,1711893269539948,9989,10,0
7804,1711893269549951,9989,10,0
7805,1711893269559955,9989,10,0
7806,1711893269569959,9989,10,0
7807,1711893269579962,9989,10,0
7808,1711893269589966,9989,10,0
7809,1711893269599969,9989,10,0
7810,1711893269609974,9989,10,0
7811,1711893269619978,9989,10,0
7812,1711893269629982,9989,10,0
7813,1711893269639985,9989,10,0
7814,1711893269649989,9989,10,0
7815,1711893269659992,9989,10,0
7816,1711893269669996,9989,10,0
7817,1711893269680000,9989,10,0
7818,1711893269690003,9989,10,0
7819,1711893269700007,9989,10,0
7820,1711893269710012,9989,10,0
7821,1711893269720015,9989,10,0
7822,1711893269730019,9989,10,0
7823,1711893269740022,9989,10,0
7824,1711893269750026,9989,10,0
7825,1711893269760030,9989,10,0
7826,1711893269770034,9989,10,0
7827,1711893269780037,9989,10,0
7828,1711893269790041,9989,10,0
7829,1711893269800044,9989,10,0
7830,1711893269810049,9989,10,0
7831,1711893269820053,9989,10,0
7832,1711893269830057,9989,10,0
7833,1711893269840060,9989,10,0
7834,1711893269850064,9989,10,0
7835,1711893269860067,9989,10,0
7836,1711893269870071,9989,10,0
7837,1711893269880075,9989,10,0
7838,1711893269890079,9989,10,0
7839,1711893269900082,9989,10,0
7840,1711893269910087,9989,10,0
7841,1711893269920091,9989,10,0
7842,1711893269930094,9989,10,0
7843,1711893269940098,9989,10,0
7844,1711893269950102,9989,10,0
7845,1711893269960106,9989,10,0
7846,1711893269970109,9989,10,0
7847,1711893269980113,9990,9,0
7848,1711893269990117,9989,10,0
7849,1711893270000120,9989,10,0
7850,1711893270010125,9989,10,0
7851,1711893270020129,9989,10,0
7852,1711893270030132,9989,10,0
7853,1711893270040136,9989,10,0
7854,1711893270050139,9989,10,0
7855,1711893270060143,9989,10,0
7856,1711893270070147,9989,10,0
7857,1711893270080150,9989,10,0
7858,1711893270090154,9989,10,0
7859,1711893270100157,9989,10,0
7860,1711893270110162,9989,10,0
7861,1711893270120166,9989,10,0
7862,1711893270130170,9989,10,0
7863,1711893270140173,9989,10,0
7864,1711893270150177,9989,10,0
7865,1711893270160180,9989,10,0
7866,1711893270170184,9989,10,0
7867,1711893270180188,9989,10,0
7868,1711893270190191,9989,10,0
7869,1711893270200195,9989,10,0
7870,1711893270210200,9989,10,0
7871,1711893270220203,9989,10,0
7872,1711893270230207,9989,10,0
7873,1711893270240210,9989,10,0
7874,1711893270250214,9989,10,0
7875,1711893270260218,9989,10,0
7876,1711893270270221,9989,10,0
7877,1711893270280225,9989,10,0
7878,1711893270290228,9989,10,0
7879,1711893270300232,9989,10,0
7880,1711893270310237,9989,10,0
7881,1711893270320241,9989,10,0
7882,1711893270330244,9989,10,0
7883,1711893270340248,9990,9,0
7884,1711893270350251,9989,10,0
7885,1711893270360255,9989,10,0
7886,1711893270370259,9989,10,0
7887,1711893270380262,9989,10,0
7888,1711893270390266,9989,10,0
7889,1711893270400269,9989,10,0
7890,1711893270410274,9989,10,0
7891,1711893270420278,9989,10,0
7892,1711893270430281,9989,10,0
7893,1711893270440285,9989,10,0
7894,1711893270450289,9989,10,0
7895,1711893270460292,9989,10,0
7896,1711893270470296,9989,10,0
7897,1711893270480300,9989,10,0
7898,1711893270490304,9989,10,0
7899,1711893270500308,9984,16,0
7900,1711893270510313,9989,10,0
7901,1711893270520317,9989,10,0
7902,1711893270530321,9989,10,0
7903,1711893270540325,9989,10,0
7904,1711893270550329,9989,10,0
7905,1711893270560332,9989,10,0
7906,1711893270570336,9989,10,0
7907,1711893270580340,9989,10,0
7908,1711893270590344,9989,10,0
7909,1711893270600347,9989,10,0
7910,1711893270610352,9990,9,0
7911,1711893270620356,9989,10,0
7912,1711893270630360,9989,10,0
7913,1711893270640363,9989,10,0
7914,1711893270650367,9989,10,0
7915,1711893270660371,9989,10,0
7916,1711893270670374,9989,10,0
7917,1711893270680378,9989,10,0
7918,1711893270690381,9989,10,0
7919,1711893270700385,9989,10,0
7920,1711893270710390,9989,10,0
7921,1711893270720393,9989,10,0
7922,1711893270730397,9989,10,0
7923,1711893270740401,9989,10,0
7924,1711893270750404,9989,10,0
7925,1711893270760408,9989,10,0
7926,1711893270770412,9989,10,0
7927,1711893270780415,9989,10,0
7928,1711893270790420,9989,10,0
7929,1711893270800424,9987,12,0
7930,1711893270810429,9989,10,0
7931,1711893270820433,9988,11,0
7932,1711893270830437,9989,10,0
7933,1711893270840441,9989,10,0
7934,1711893270850444,9989,10,0
7935,1711893270860448,9989,10,0
7936,1711893270870451,9989,10,0
7937,1711893270880455,9989,10,0
7938,1711893270890459,9989,10,0
7939,1711893270900462,9989,10,0
7940,1711893270910467,9989,10,0
7941,1711893270920471,9989,10,0
7942,1711893270930474,9989,10,0
7943,1711893270940478,9989,10,0
7944,1711893270950481,9989,10,0
7945,1711893270960485,9989,10,0
7946,1711893270970489,9989,10,0
7947,1711893270980493,9989,10,0
7948,1711893270990496,9989,10,0
7949,1711893271000500,9989,10,0
7950,1711893271010505,9989,10,0
7951,1711893271020508,9990,9,0
7952,1711893271030512,9989,10,0
7953,1711893271040516,9989,10,0
7954,1711893271050519,9989,10,0
7955,1711893271060523,9989,10,0
7956,1711893271070526,9989,10,0
7957,1711893271080530,9989,10,0
7958,1711893271090534,9989,10,0
7959,1711893271100537,9989,10,0
7960,1711893271110542,9989,10,0
7961,1711893271120546,9989,10,0
7962,1711893271130549,9989,10,0
7963,1711893271140553,9989,10,0
7964,1711893271150557,9989,10,0
7965,1711893271160560,9989,10,0
7966,1711893271170564,9989,10,0
7967,1711893271180567,9989,10,0
7968,1711893271190571,9989,10,0
7969,1711893271200575,9989,10,0
7970,1711893271210579,9989,10,0
7971,1711893271220583,9989,10,0
7972,1711893271230586,9989,10,0
7973,1711893271240590,9989,10,0
7974,1711893271250594,9989,10,0
7975,1711893271260597,9989,10,0
7976,1711893271270601,9989,10,0
7977,1711893271280604,9989,10,0
7978,1711893271290608,9989,10,0
7979,1711893271300612,9989,10,0
7980,1711893271310616,9989,10,0
7981,1711893271320620,9989,10,0
7982,1711893271330624,9989,10,0
7983,1711893271340627,9989,10,0
7984,1711893271350631,9989,10,0
7985,1711893271360634,9989,10,0
7986,1711893271370638,9990,9,0
7987,1711893271380642,9989,10,0
7988,1711893271390645,9989,10,0
7989,1711893271400649,9989,10,0
7990,1711893271410653,9989,10,0
7991,1711893271420657,9989,10,0
7992,1711893271430661,9989,10,0
7993,1711893271440664,9989,10,0
7994,1711893271450668,9989,10,0
7995,1711893271460671,9989,10,0
7996,1711893271470676,9989,10,0
7997,1711893271480679,9989,10,0
7998,1711893271490683,9989,10,0
7999,1711893271500686,9989,10,0
8000,1711893271510691,9989,10,0
8001,1711893271520695,9989,10,0
8002,1711893271530698,9989,10,0
8003,1711893271540702,9989,10,0
8004,1711893271550706,9989,10,0
8005,1711893271560710,9989,10,0
8006,1711893271570713,9989,10,0
8007,1711893271580717,9989,10,0
8008,1711893271590721,9989,10,0
8009,1711893271600724,9989,10,0
8010,1711893271610729,9989,10,0
8011,1711893271620733,9989,10,0
8012,1711893271630737,9989,10,0
8013,1711893271640741,9989,10,0
8014,1711893271650744,9989,10,0
8015,1711893271660748,9989,10,0
8016,1711893271670752,9989,10,0
8017,1711893271680755,9989,10,0
8018,1711893271690759,9989,10,0
8019,1711893271700762,9989,10,0
8020,1711893271710767,9989,10,0
8021,1711893271720771,9989,10,0
8022,1711893271730774,9989,10,0
8023,1711893271740778,9989,10,0
8024,1711893271750782,9989,10,0
8025,1711893271760785,9989,10,0
8026,1711893271770789,9989,10,0
8027,1711893271780792,9989,10,0
8028,1711893271790798,9989,10,0
8029,1711893271800801,9989,10,0
8030,1711893271810806,9989,10,0
8031,1711893271820810,9990,9,0
8032,1711893271830813,9989,10,0
8033,1711893271840817,9989,10,0
8034,1711893271850820,9989,10,0
8035,1711893271860824,9989,10,0
8036,1711893271870828,9989,10,0
8037,1711893271880832,9989,10,0
8038,1711893271890835,9989,10,0
8039,1711893271900839,9989,10,0
8040,1711893271910843,9989,10,0
8041,1711893271920847,9989,10,0
8042,1711893271930851,9989,10,0
8043,1711893271940854,9989,10,0
8044,1711893271950858,9989,10,0
8045,1711893271960862,9989,10,0
8046,1711893271970865,9989,10,0
8047,1711893271980868,9989,10,0
8048,1711893271990873,9989,10,0
8049,1711893272000876,9989,10,0
8050,1711893272010881,9989,10,0
8051,1711893272020885,9990,9,0
8052,1711893272030888,9990,9,0
8053,1711893272040892,9990,9,0
8054,1711893272050896,9989,10,0
8055,1711893272060899,9990,9,0
8056,1711893272070903,9989,10,0
8057,1711893272080906,9990,9,0
8058,1711893272090910,9990,9,0
8059,1711893272100914,9989,10,0
8060,1711893272110918,9989,10,0
8061,1711893272120922,9989,10,0
8062,1711893272130926,9990,9,0
8063,1711893272140929,9989,10,0
8064,1711893272150933,9986,13,0
8065,1711893272160937,9989,10,0
8066,1711893272170940,9989,10,0
8067,1711893272180944,9989,10,0
8068,1711893272190947,9989,10,0
8069,1711893272200951,9989,10,0
8070,1711893272210956,9989,10,0
8071,1711893272220959,9989,10,0
8072,1711893272230963,9989,10,0
8073,1711893272240967,9989,10,0
8074,1711893272250970,9989,10,0
8075,1711893272260974,9989,10,0
8076,1711893272270977,9989,10,0
8077,1711893272280981,9989,10,0
8078,1711893272290984,9989,10,0
8079,1711893272300988,9989,10,0
8080,1711893272310994,9988,11,0
8081,1711893272320998,9988,11,0
8082,1711893272331002,9989,10,0
8083,1711893272341005,9989,10,0
8084,1711893272351009,9989,10,0
8085,1711893272361012,9989,10,0
8086,1711893272371017,9989,10,0
8087,1711893272381024,9987,12,0
8088,1711893272391028,9988,11,0
8089,1711893272401032,9989,10,0
8090,1711893272411037,9989,10,0
8091,1711893272421041,9989,10,0
8092,1711893272431045,9989,10,0
8093,1711893272441048,9989,10,0
8094,1711893272451052,9989,10,0
8095,1711893272461056,9989,10,0
8096,1711893272471059,9989,10,0
8097,1711893272481063,9989,10,0
8098,1711893272491067,9989,10,0
8099,1711893272501071,9989,10,0
8100,1711893272511076,9989,10,0
8101,1711893272521080,9989,10,0
8102,1711893272531084,9989,10,0
8103,1711893272541087,9989,10,0
8104,1711893272551091,9989,10,0
8105,1711893272561096,9989,10,0
8106,1711893272571099,9989,10,0
8107,1711893272581103,9989,10,0
8108,1711893272591107,9989,10,0
8109,1711893272601111,9989,10,0
8110,1711893272611116,9989,10,0
8111,1711893272621119,9990,9,0
8112,1711893272631123,9989,10,0
8113,1711893272641126,9989,10,0
8114,1711893272651130,9989,10,0
8115,1711893272661134,9989,10,0
8116,1711893272671138,9989,10,0
8117,1711893272681141,9989,10,0
8118,1711893272691145,9989,10,0
8119,1711893272701149,9989,10,0
8120,1711893272711153,9989,10,0
8121,1711893272721157,9989,10,0
8122,1711893272731161,9989,10,0
8123,1711893272741164,9989,10,0
8124,1711893272751168,9989,10,0
8125,1711893272761172,9989,10,0
8126,1711893272771175,9989,10,0
8127,1711893272781179,9989,10,0
8128,1711893272791182,9989,10,0
8129,1711893272801186,9989,10,0
8130,1711893272811191,9989,10,0
8131,1711893272821195,9989,10,0
8132,1711893272831198,9989,10,0
8133,1711893272841202,9989,10,0
8134,1711893272851205,9989,10,0
8135,1711893272861209,9989,10,0
8136,1711893272871213,9989,10,0
8137,1711893272881216,9989,10,0
8138,1711893272891220,9989,10,0
8139,1711893272901223,9989,10,0
8140,1711893272911228,9989,10,0
8141,1711893272921232,9989,10,0
8142,1711893272931236,9989,10,0
8143,1711893272941239,9989,10,0
8144,1711893272951243,9989,10,0
8145,1711893272961246,9989,10,0
8146,1711893272971250,9989,10,0
8147,1711893272981254,9989,10,0
8148,1711893272991257,9989,10,0
8149,1711893273001261,9989,10,0
8150,1711893273011267,9989,10,0
8151,1711893273021270,9989,10,0
8152,1711893273031274,9989,10,0
8153,1711893273041278,9989,10,0
8154,1711893273051281,9989,10,0
8155,1711893273061285,9989,10,0
8156,1711893273071288,9989,10,0
8157,1711893273081292,9989,10,0
8158,1711893273091296,9989,10,0
8159,1711893273101299,9989,10,0
8160,1711893273111304,9989,10,0
8161,1711893273121308,9989,10,0
8162,1711893273131311,9989,10,0
8163,1711893273141315,9989,10,0
8164,1711893273151319,9989,10,0
8165,1711893273161322,9989,10,0
8166,1711893273171326,9989,10,0
8167,1711893273181330,9989,10,0
8168,1711893273191333,9989,10,0
8169,1711893273201337,9989,10,0
8170,1711893273211342,9989,10,0
8171,1711893273221345,9989,10,0
8172,1711893273231349,9989,10,0
8173,1711893273241353,9989,10,0
8174,1711893273251356,9989,10,0
8175,1711893273261360,9989,10,0
8176,1711893273271363,9989,10,0
8177,1711893273281367,9989,10,0
8178,1711893273291371,9989,10,0
8179,1711893273301374,9989,10,0
8180,1711893273311379,9989,10,0
8181,1711893273321383,9989,10,0
8182,1711893273331386,9989,10,0
8183,1711893273341390,9989,10,0
8184,1711893273351394,9989,10,0
8185,1711893273361397,9989,10,0
8186,1711893273371401,9989,10,0
8187,1711893273381404,9989,10,0
8188,1711893273391408,9989,10,0
8189,1711893273401412,9989,10,0
8190,1711893273411416,9989,10,0
8191,1711893273421420,9990,10,0
8192,1711893273431424,9984,15,0
8193,1711893273441427,9953,46,0
8194,1711893273451431,9989,10,0
8195,1711893273461435,9989,10,0
8196,1711893273471438,9989,10,0
8197,1711893273481442,9989,10,0
8198,1711893273491445,9989,10,0
8199,1711893273501449,9989,10,0
8200,1711893273511454,9989,10,0
8201,1711893273521458,9990,9,0
8202,1711893273531462,9989,10,0
8203,1711893273541465,9989,10,0
8204,1711893273551469,9989,10,0
8205,1711893273561472,9989,10,0
8206,1711893273571476,9989,10,0
8207,1711893273581480,9989,10,0
8208,1711893273591484,9989,10,0
8209,1711893273601487,9989,10,0
8210,1711893273611492,9989,10,0
8211,1711893273621496,9989,10,0
8212,1711893273631500,9989,10,0
8213,1711893273641503,9989,10,0
8214,1711893273651507,9989,10,0
8215,1711893273661511,9989,10,0
8216,1711893273671514,9989,10,0
8217,1711893273681518,9989,10,0
8218,1711893273691521,9989,10,0
8219,1711893273701525,9989,10,0
8220,1711893273711530,9989,10,0
8221,1711893273721533,9989,10,0
8222,1711893273731537,9989,10,0
8223,1711893273741541,9989,10,0
8224,1711893273751544,9989,10,0
8225,1711893273761548,9989,10,0
8226,1711893273771551,9989,10,0
8227,1711893273781555,9989,10,0
8228,1711893273791559,9989,10,0
8229,1711893273801563,9989,10,0
8230,1711893273811568,9988,11,0
8231,1711893273821572,9989,10,0
8232,1711893273831576,9989,10,0
8233,1711893273841580,9989,10,0
8234,1711893273851584,9989,10,0
8235,1711893273861587,9989,10,0
8236,1711893273871592,9989,10,0
8237,1711893273881595,9989,10,0
8238,1711893273891599,9989,10,0
8239,1711893273901602,9989,10,0
8240,1711893273911607,9989,10,0
8241,1711893273921611,9989,10,0
8242,1711893273931615,9989,10,0
8243,1711893273941618,9989,10,0
8244,1711893273951622,9989,10,0
8245,1711893273961625,9989,10,0
8246,1711893273971629,9989,10,0
8247,1711893273981633,9989,10,0
8248,1711893273991636,9989,10,0
8249,1711893274001640,9989,10,0
8250,1711893274011645,9989,10,0
8251,1711893274021648,9989,10,0
8252,1711893274031652,9989,10,0
8253,1711893274041656,9989,10,0
8254,1711893274051659,9989,10,0
8255,1711893274061663,9989,10,0
8256,1711893274071667,9989,10,0
8257,1711893274081670,9989,10,0
8258,1711893274091674,9989,10,0
8259,1711893274101677,9989,10,0
8260,1711893274111682,9989,10,0
8261,1711893274121686,9989,10,0
8262,1711893274131690,9989,10,0
8263,1711893274141693,9989,10,0
8264,1711893274151697,9989,10,0
8265,1711893274161701,9989,10,0
8266,1711893274171704,9989,10,0
8267,1711893274181708,9989,10,0
8268,1711893274191712,9989,10,0
8269,1711893274201715,9989,10,0
8270,1711893274211720,9989,10,0
8271,1711893274221724,9989,10,0
8272,1711893274231728,9989,10,0
8273,1711893274241731,9989,10,0
8274,1711893274251735,9989,10,0
8275,1711893274261738,9989,10,0
8276,1711893274271742,9989,10,0
8277,1711893274281746,9989,10,0
8278,1711893274291749,9989,10,0
8279,1711893274301753,9989,10,0
8280,1711893274311757,9989,10,0
8281,1711893274321761,9989,10,0
8282,1711893274331765,9989,10,0
8283,1711893274341769,9989,10,0
8284,1711893274351772,9989,10,0
8285,1711893274361776,9989,10,0
8286,1711893274371779,9989,10,0
8287,1711893274381783,9989,10,0
8288,1711893274391787,9989,10,0
8289,1711893274401790,9989,10,0
8290,1711893274411795,9989,10,0
8291,1711893274421799,9989,10,0
8292,1711893274431802,9989,10,0
8293,1711893274441806,9989,10,0
8294,1711893274451809,9989,10,0
8295,1711893274461813,9989,10,0
8296,1711893274471817,9989,10,0
8297,1711893274481820,9989,10,0
8298,1711893274491824,9989,10,0
8299,1711893274501828,9989,10,0
8300,1711893274511833,9989,10,0
8301,1711893274521837,9989,10,0
8302,1711893274531841,9989,10,0
8303,1711893274541844,9989,10,0
8304,1711893274551848,9989,10,0
8305,1711893274561852,9989,10,0
8306,1711893274571856,9989,10,0
8307,1711893274581860,9989,10,0
8308,1711893274591864,9989,10,0
8309,1711893274601867,9989,10,0
8310,1711893274611873,9989,10,0
8311,1711893274621877,9989,10,0
8312,1711893274631881,9989,10,0
8313,1711893274641885,9990,9,0
8314,1711893274651889,9989,10,0
8315,1711893274661893,9989,10,0
8316,1711893274671896,9989,10,0
8317,1711893274681900,9989,10,0
8318,1711893274691904,9989,10,0
8319,1711893274701907,9989,10,0
8320,1711893274711912,9989,10,0
8321,1711893274721916,9990,9,0
8322,1711893274731920,9989,10,0
8323,1711893274741923,9989,10,0
8324,1711893274751927,9989,10,0
8325,1711893274761930,9989,10,0
8326,1711893274771934,9989,10,0
8327,1711893274781938,9989,10,0
8328,1711893274791941,9989,10,0
8329,1711893274801945,9989,10,0
8330,1711893274811950,9989,10,0
8331,1711893274821953,9989,10,0
8332,1711893274831957,9989,10,0
8333,1711893274841961,9989,10,0
8334,1711893274851964,9989,10,0
8335,1711893274861968,9989,10,0
8336,1711893274871972,9989,10,0
8337,1711893274881975,9989,10,0
8338,1711893274891979,9989,10,0
8339,1711893274901982,9989,10,0
8340,1711893274911987,9989,10,0
8341,1711893274921991,9989,10,0
8342,1711893274931995,9989,10,0
8343,1711893274941998,9989,10,0
8344,1711893274952002,9989,10,0
8345,1711893274962005,9989,10,0
8346,1711893274972009,9989,10,0
8347,1711893274982013,9989,10,0
8348,1711893274992016,9989,10,0
8349,1711893275002020,9989,10,0
8350,1711893275012025,9989,10,0
8351,1711893275022028,9989,10,0
8352,1711893275032032,9989,10,0
8353,1711893275042036,9989,10,0
8354,1711893275052039,9989,10,0
8355,1711893275062043,9989,10,0
8356,1711893275072047,9989,10,0
8357,1711893275082050,9989,10,0
8358,1711893275092054,9989,10,0
8359,1711893275102057,9989,10,0
8360,1711893275112062,9989,10,0
8361,1711893275122066,9989,10,0
8362,1711893275132069,9989,10,0
8363,1711893275142073,9989,10,0
8364,1711893275152077,9989,10,0
8365,1711893275162080,9989,10,0
8366,1711893275172084,9989,10,0
8367,1711893275182087,9989,10,0
8368,1711893275192091,9989,10,0
8369,1711893275202095,9989,10,0
8370,1711893275212099,9989,10,0
8371,1711893275222103,9989,10,0
8372,1711893275232107,9989,10,0
8373,1711893275242110,9989,10,0
8374,1711893275252114,9989,10,0
8375,1711893275262117,9989,10,0
8376,1711893275272121,9989,10,0
8377,1711893275282125,9989,10,0
8378,1711893275292128,9989,10,0
8379,1711893275302132,9989,10,0
8380,1711893275312137,9988,11,0
8381,1711893275322141,9988,11,0
8382,1711893275332145,9989,10,0
8383,1711893275342149,9989,10,0
8384,1711893275352152,9989,10,0
8385,1711893275362156,9989,10,0
8386,1711893275372160,9989,10,0
8387,1711893275382163,9989,10,0
8388,1711893275392167,9989,10,0
8389,1711893275402170,9989,10,0
8390,1711893275412175,9989,10,0
8391,1711893275422179,9990,9,0
8392,1711893275432182,9989,10,0
8393,1711893275442186,9989,10,0
8394,1711893275452190,9989,10,0
8395,1711893275462193,9989,10,0
8396,1711893275472197,9989,10,0
8397,1711893275482201,9989,10,0
8398,1711893275492204,9989,10,0
8399,1711893275502208,9989,10,0
8400,1711893275512213,9989,10,0
8401,1711893275522216,9989,10,0
8402,1711893275532220,9989,10,0
8403,1711893275542224,9989,10,0
8404,1711893275552227,9989,10,0
8405,1711893275562231,9989,10,0
8406,1711893275572235,9989,10,0
8407,1711893275582238,9989,10,0
8408,1711893275592242,9989,10,0
8409,1711893275602245,9989,10,0
8410,1711893275612250,9989,10,0
8411,1711893275622254,9989,10,0
8412,1711893275632259,9989,10,0
8413,1711893275642262,9989,10,0
8414,1711893275652266,9989,10,0
8415,1711893275662269,9989,10,0
8416,1711893275672273,9989,10,0
8417,1711893275682277,9989,10,0
8418,1711893275692280,9989,10,0
8419,1711893275702284,9989,10,0
8420,1711893275712288,9989,10,0
8421,1711893275722292,9989,10,0
8422,1711893275732296,9989,10,0
8423,1711893275742299,9989,10,0
8424,1711893275752305,9989,10,0
8425,1711893275762311,9987,12,0
8426,1711893275772315,9988,11,0
8427,1711893275782319,9989,10,0
8428,1711893275792323,9989,10,0
8429,1711893275802326,9989,10,0
8430,1711893275812331,9989,10,0
8431,1711893275822335,9989,10,0
8432,1711893275832339,9989,10,0
8433,1711893275842342,9989,10,0
8434,1711893275852346,9988,11,0
8435,1711893275862350,9989,10,0
8436,1711893275872354,9989,10,0
8437,1711893275882357,9989,10,0
8438,1711893275892361,9989,10,0
8439,1711893275902365,9989,10,0
8440,1711893275912370,9989,10,0
8441,1711893275922373,9989,10,0
8442,1711893275932377,9989,10,0
8443,1711893275942381,9989,10,0
8444,1711893275952384,9989,10,0
8445,1711893275962388,9989,10,0
8446,1711893275972391,9989,10,0
8447,1711893275982395,9989,10,0
8448,1711893275992399,9989,10,0
8449,1711893276002402,9989,10,0
8450,1711893276012407,9989,10,0
8451,1711893276022411,9989,10,0
8452,1711893276032415,9989,10,0
8453,1711893276042418,9989,10,0
8454,1711893276052422,9989,10,0
8455,1711893276062425,9989,10,0
8456,1711893276072429,9989,10,0
8457,1711893276082433,9989,10,0
8458,1711893276092437,9989,10,0
8459,1711893276102440,9989,10,0
8460,1711893276112445,9989,10,0
8461,1711893276122449,9989,10,0
8462,1711893276132453,9989,10,0
8463,1711893276142457,9990,9,0
8464,1711893276152461,9985,14,0
8465,1711893276162464,9989,10,0
8466,1711893276172468,9989,10,0
8467,1711893276182471,9989,10,0
8468,1711893276192475,9989,10,0
8469,1711893276202479,9989,10,0
8470,1711893276212484,9989,10,0
8471,1711893276222487,9989,10,0
8472,1711893276232491,9989,10,0
8473,1711893276242494,9989,10,0
8474,1711893276252498,9989,10,0
8475,1711893276262502,9989,10,0
8476,1711893276272505,9989,10,0
8477,1711893276282509,9989,10,0
8478,1711893276292512,9989,10,0
8479,1711893276302516,9989,10,0
8480,1711893276312521,9989,10,0
8481,1711893276322525,9989,10,0
8482,1711893276332528,9989,10,0
8483,1711893276342532,9989,10,0
8484,1711893276352535,9989,10,0
8485,1711893276362539,9989,10,0
8486,1711893276372543,9989,10,0
8487,1711893276382546,9989,10,0
8488,1711893276392550,9989,10,0
8489,1711893276402553,9989,10,0
8490,1711893276412558,9989,10,0
8491,1711893276422562,9989,10,0
8492,1711893276432566,9989,10,0
8493,1711893276442569,9989,10,0
8494,1711893276452573,9989,10,0
8495,1711893276462576,9989,10,0
8496,1711893276472580,9989,10,0
8497,1711893276482584,9989,10,0
8498,1711893276492588,9989,10,0
8499,1711893276502592,9989,10,0
8500,1711893276512597,9989,10,0
8501,1711893276522601,9989,10,0
8502,1711893276532604,9989,10,0
8503,1711893276542608,9989,10,0
8504,1711893276552612,9989,10,0
8505,1711893276562616,9989,10,0
8506,1711893276572620,9989,10,0
8507,1711893276582624,9989,10,0
8508,1711893276592628,9989,10,0
8509,1711893276602632,9989,10,0
8510,1711893276612637,9989,10,0
8511,1711893276622641,9989,10,0
8512,1711893276632645,9989,10,0
8513,1711893276642649,9989,10,0
8514,1711893276652652,9989,10,0
8515,1711893276662656,9989,10,0
8516,1711893276672660,9989,10,0
8517,1711893276682664,9989,10,0
8518,1711893276692667,9990,9,0
8519,1711893276702671,9989,10,0
8520,1711893276712676,9990,9,0
8521,1711893276722679,9989,10,0
8522,1711893276732683,9989,10,0
8523,1711893276742687,9990,10,0
8524,1711893276752690,9990,9,0
8525,1711893276762694,9989,10,0
8526,1711893276772697,9989,10,0
8527,1711893276782701,9989,10,0
8528,1711893276792705,9989,10,0
8529,1711893276802708,9989,10,0
8530,1711893276812715,9989,10,0
8531,1711893276822719,9987,12,0
8532,1711893276832723,9988,11,0
8533,1711893276842727,9989,10,0
8534,1711893276852730,9989,10,0
8535,1711893276862734,9989,10,0
8536,1711893276872737,9989,10,0
8537,1711893276882741,9989,10,0
8538,1711893276892745,9989,10,0
8539,1711893276902748,9989,10,0
8540,1711893276912754,9989,10,0
8541,1711893276922757,9989,10,0
8542,1711893276932761,9989,10,0
8543,1711893276942764,9989,10,0
8544,1711893276952768,9989,10,0
8545,1711893276962772,9989,10,0
8546,1711893276972775,9989,10,0
8547,1711893276982779,9989,10,0
8548,1711893276992782,9989,10,0
8549,1711893277002786,9989,10,0
8550,1711893277012791,9989,10,0
8551,1711893277022794,9989,10,0
8552,1711893277032798,9989,10,0
8553,1711893277042802,9989,10,0
8554,1711893277052805,9989,10,0
8555,1711893277062809,9989,10,0
8556,1711893277072812,9989,10,0
8557,1711893277082816,9989,10,0
8558,1711893277092820,9989,10,0
8559,1711893277102823,9989,10,0
8560,1711893277112828,9989,10,0
8561,1711893277122832,9989,10,0
8562,1711893277132835,9989,10,0
8563,1711893277142839,9989,10,0
8564,1711893277152843,9989,10,0
8565,1711893277162846,9989,10,0
8566,1711893277172850,9989,10,0
8567,1711893277182853,9989,10,0
8568,1711893277192857,9989,10,0
8569,1711893277202860,9989,10,0
8570,1711893277212865,9989,10,0
8571,1711893277222869,9989,10,0
8572,1711893277232873,9989,10,0
8573,1711893277242876,9989,10,0
8574,1711893277252880,9989,10,0
8575,1711893277262883,9989,10,0
8576,1711893277272887,9989,10,0
8577,1711893277282891,9989,10,0
8578,1711893277292894,9989,10,0
8579,1711893277302898,9989,10,0
8580,1711893277312903,9989,10,0
8581,1711893277322906,9989,10,0
8582,1711893277332910,9989,10,0
8583,1711893277342913,9989,10,0
8584,1711893277352917,9989,10,0
8585,1711893277362921,9989,10,0
8586,1711893277372926,9989,10,0
8587,1711893277382932,9987,12,0
8588,1711893277392936,9988,11,0
8589,1711893277402939,9989,10,0
8590,1711893277412944,9989,10,0
8591,1711893277422948,9989,10,0
8592,1711893277432952,9989,10,0
8593,1711893277442955,9989,10,0
8594,1711893277452959,9989,10,0
8595,1711893277462963,9989,10,0
8596,1711893277472966,9989,10,0
8597,1711893277482970,9989,10,0
8598,1711893277492974,9989,10,0
8599,1711893277502977,9989,10,0
8600,1711893277512982,9989,10,0
8601,1711893277522986,9989,10,0
8602,1711893277532989,9989,10,0
8603,1711893277542993,9989,10,0
8604,1711893277552996,9989,10,0
8605,1711893277563000,9989,10,0
8606,1711893277573004,9989,10,0
8607,1711893277583007,9989,10,0
8608,1711893277593011,9989,10,0
8609,1711893277603014,9989,10,0
8610,1711893277613019,9989,10,0
8611,1711893277623023,9989,10,0
8612,1711893277633027,9989,10,0
8613,1711893277643030,9989,10,0
8614,1711893277653034,9989,10,0
8615,1711893277663038,9989,10,0
8616,1711893277673041,9989,10,0
8617,1711893277683045,9989,10,0
8618,1711893277693049,9989,10,0
8619,1711893277703052,9989,10,0
8620,1711893277713057,9989,10,0
8621,1711893277723061,9989,10,0
8622,1711893277733065,9989,10,0
8623,1711893277743068,9989,10,0
8624,1711893277753072,9989,10,0
8625,1711893277763076,9989,10,0
8626,1711893277773079,9989,10,0
8627,1711893277783083,9989,10,0
8628,1711893277793086,9989,10,0
8629,1711893277803090,9989,10,0
8630,1711893277813095,9989,10,0
8631,1711893277823098,9989,10,0
8632,1711893277833102,9989,10,0
8633,1711893277843106,9989,10,0
8634,1711893277853109,9989,10,0
8635,1711893277863113,9989,10,0
8636,1711893277873116,9989,10,0
8637,1711893277883120,9989,10,0
8638,1711893277893123,9989,10,0
8639,1711893277903127,9989,10,0
8640,1711893277913132,9989,10,0
8641,1711893277923136,9989,10,0
8642,1711893277933139,9989,10,0
8643,1711893277943143,9990,10,0
8644,1711893277953147,9989,10,0
8645,1711893277963150,9989,10,0
8646,1711893277973154,9989,10,0
8647,1711893277983158,9989,10,0
8648,1711893277993161,9989,10,0
8649,1711893278003165,9989,10,0
8650,1711893278013170,9989,10,0
8651,1711893278023173,9989,10,0
8652,1711893278033177,9989,10,0
8653,1711893278043180,9989,10,0
8654,1711893278053184,9989,10,0
8655,1711893278063188,9989,10,0
8656,1711893278073191,9989,10,0
8657,1711893278083195,9989,10,0
8658,1711893278093199,9989,10,0
8659,1711893278103202,9989,10,0
8660,1711893278113207,9989,10,0
8661,1711893278123210,9989,10,0
8662,1711893278133214,9989,10,0
8663,1711893278143218,9989,10,0
8664,1711893278153222,9989,10,0
8665,1711893278163226,9989,10,0
8666,1711893278173229,9989,10,0
8667,1711893278183233,9989,10,0
8668,1711893278193237,9989,10,0
8669,1711893278203240,9989,10,0
8670,1711893278213245,9989,10,0
8671,1711893278223249,9989,10,0
8672,1711893278233253,9989,10,0
8673,1711893278243257,9989,10,0
8674,1711893278253260,9989,10,0
8675,1711893278263264,9989,10,0
8676,1711893278273268,9989,10,0
8677,1711893278283271,9989,10,0
8678,1711893278293275,9989,10,0
8679,1711893278303279,9989,10,0
8680,1711893278313285,9989,10,0
8681,1711893278323288,9988,11,0
8682,1711893278333292,9989,10,0
8683,1711893278343296,9989,10,0
8684,1711893278353299,9989,10,0
8685,1711893278363303,9989,10,0
8686,1711893278373307,9989,10,0
8687,1711893278383311,9989,10,0
8688,1711893278393314,9989,10,0
8689,1711893278403318,9989,10,0
8690,1711893278413323,9989,10,0
8691,1711893278423327,9989,10,0
8692,1711893278433330,9989,10,0
8693,1711893278443334,9989,10,0
8694,1711893278453338,9989,10,0
8695,1711893278463342,9989,10,0
8696,1711893278473345,9989,10,0
8697,1711893278483349,9989,10,0
8698,1711893278493353,9989,10,0
8699,1711893278503357,9989,10,0
8700,1711893278513362,9989,10,0
8701,1711893278523366,9989,10,0
8702,1711893278533369,9989,10,0
8703,1711893278543374,9989,10,0
8704,1711893278553378,9983,16,0
8705,1711893278563382,9989,10,0
8706,1711893278573385,9989,10,0
8707,1711893278583389,9989,10,0
8708,1711893278593393,9989,10,0
8709,1711893278603397,9989,10,0
8710,1711893278613403,9989,10,0
8711,1711893278623407,9989,10,0
8712,1711893278633411,9989,10,0
8713,1711893278643415,9989,10,0
8714,1711893278653419,9989,10,0
8715,1711893278663423,9989,10,0
8716,1711893278673427,9990,9,0
8717,1711893278683430,9989,10,0
8718,1711893278693434,9989,10,0
8719,1711893278703438,9989,10,0
8720,1711893278713443,9989,10,0
8721,1711893278723447,9989,10,0
8722,1711893278733451,9989,10,0
8723,1711893278743455,9989,10,0
8724,1711893278753458,9989,10,0
8725,1711893278763462,9988,11,0
8726,1711893278773466,9989,10,0
8727,1711893278783469,9989,10,0
8728,1711893278793473,9989,10,0
8729,1711893278803477,9989,10,0
8730,1711893278813482,9989,10,0
8731,1711893278823486,9989,10,0
8732,1711893278833489,9989,10,0
8733,1711893278843493,9989,10,0
8734,1711893278853497,9989,10,0
8735,1711893278863500,9989,10,0
8736,1711893278873504,9989,10,0
8737,1711893278883508,9989,10,0
8738,1711893278893511,9989,10,0
8739,1711893278903515,9989,10,0
8740,1711893278913520,9989,10,0
8741,1711893278923524,9989,10,0
8742,1711893278933527,9989,10,0
8743,1711893278943531,9989,10,0
8744,1711893278953535,9989,10,0
8745,1711893278963539,9989,10,0
8746,1711893278973542,9989,10,0
8747,1711893278983546,9989,10,0
8748,1711893278993550,9989,10,0
8749,1711893279003554,9989,10,0
8750,1711893279013558,9989,10,0
8751,1711893279023562,9989,10,0
8752,1711893279033566,9989,10,0
8753,1711893279043570,9989,10,0
8754,1711893279053573,9989,10,0
8755,1711893279063577,9989,10,0
8756,1711893279073581,9989,10,0
8757,1711893279083585,9989,10,0
8758,1711893279093588,9989,10,0
8759,1711893279103592,9989,10,0
8760,1711893279113597,9989,10,0
8761,1711893279123601,9989,10,0
8762,1711893279133604,9989,10,0
8763,1711893279143608,9989,10,0
8764,1711893279153611,9989,10,0
8765,1711893279163615,9989,10,0
8766,1711893279173619,9989,10,0
8767,1711893279183623,9989,10,0
8768,1711893279193626,9989,10,0
8769,1711893279203630,9989,10,0
8770,1711893279213635,9989,10,0
8771,1711893279223638,9989,10,0
8772,1711893279233642,9989,10,0
8773,1711893279243646,9989,10,0
8774,1711893279253649,9989,10,0
8775,1711893279263653,9989,10,0
8776,1711893279273656,9989,10,0
8777,1711893279283660,9989,10,0
8778,1711893279293664,9989,10,0
8779,1711893279303667,9989,10,0
8780,1711893279313672,9989,10,0
8781,1711893279323676,9989,10,0
8782,1711893279333679,9989,10,0
8783,1711893279343683,9989,10,0
8784,1711893279353687,9989,10,0
8785,1711893279363690,9989,10,0
8786,1711893279373694,9989,10,0
8787,1711893279383697,9989,10,0
8788,1711893279393701,9989,10,0
8789,1711893279403705,9989,10,0
8790,1711893279413709,9989,10,0
8791,1711893279423713,9989,10,0
8792,1711893279433717,9989,10,0
8793,1711893279443720,9989,10,0
8794,1711893279453724,9989,10,0
8795,1711893279463728,9989,10,0
8796,1711893279473731,9989,10,0
8797,1711893279483735,9989,10,0
8798,1711893279493739,9989,10,0
8799,1711893279503742,9989,10,0
8800,1711893279513747,9989,10,0
8801,1711893279523751,9989,10,0
8802,1711893279533754,9989,10,0
8803,1711893279543758,9989,10,0
8804,1711893279553762,9989,10,0
8805,1711893279563765,9989,10,0
8806,1711893279573769,9989,10,0
8807,1711893279583772,9989,10,0
8808,1711893279593776,9989,10,0
8809,1711893279603780,9989,10,0
8810,1711893279613784,9989,10,0
8811,1711893279623788,9989,10,0
8812,1711893279633792,9989,10,0
8813,1711893279643796,9989,10,0
8814,1711893279653799,9989,10,0
8815,1711893279663804,9989,10,0
8816,1711893279673807,9989,10,0
8817,1711893279683811,9989,10,0
8818,1711893279693814,9990,9,0
8819,1711893279703818,9990,9,0
8820,1711893279713823,9990,9,0
8821,1711893279723827,9989,10,0
8822,1711893279733831,9990,9,0
8823,1711893279743834,9990,9,0
8824,1711893279753838,9990,9,0
8825,1711893279763841,9990,9,0
8826,1711893279773845,9990,10,0
8827,1711893279783849,9990,9,0
8828,1711893279793852,9990,9,0
8829,1711893279803856,9989,10,0
8830,1711893279813859,9989,10,0
8831,1711893279823864,9989,10,0
8832,1711893279833867,9988,11,0
8833,1711893279843871,9989,10,0
8834,1711893279853875,9989,10,0
8835,1711893279863878,9990,9,0
8836,1711893279873882,9990,9,0
8837,1711893279883886,9989,10,0
8838,1711893279893889,9990,9,0
8839,1711893279903893,9990,9,0
8840,1711893279913898,9989,10,0
8841,1711893279923902,9990,9,0
8842,1711893279933906,9990,9,0
8843,1711893279943909,9990,9,0
8844,1711893279953913,9989,10,0
8845,1711893279963916,9989,10,0
8846,1711893279973920,9990,9,0
8847,1711893279983924,9990,9,0
8848,1711893279993928,9989,10,0
8849,1711893280003932,9990,9,0
8850,1711893280013937,9990,9,0
8851,1711893280023940,9989,10,0
8852,1711893280033944,9989,10,0
8853,1711893280043948,9989,10,0
8854,1711893280053951,9989,10,0
8855,1711893280063955,9990,9,0
8856,1711893280073959,9990,9,0
8857,1711893280083962,9990,9,0
8858,1711893280093966,9989,10,0
8859,1711893280103969,9990,9,0
8860,1711893280113974,9990,9,0
8861,1711893280123978,9989,10,0
8862,1711893280133981,9989,10,0
8863,1711893280143985,9990,10,0
8864,1711893280153989,9986,13,0
8865,1711893280163993,9989,10,0
8866,1711893280173996,9989,10,0
8867,1711893280184000,9989,10,0
8868,1711893280194004,9989,10,0
8869,1711893280204008,9989,10,0
8870,1711893280214012,9989,10,0
8871,1711893280224016,9989,10,0
8872,1711893280234020,9989,10,0
8873,1711893280244023,9990,10,0
8874,1711893280254027,9989,10,0
8875,1711893280264031,9989,10,0
8876,1711893280274034,9989,10,0
8877,1711893280284038,9989,10,0
8878,1711893280294041,9989,10,0
8879,1711893280304045,9989,10,0
8880,1711893280314050,9989,10,0
8881,1711893280324053,9989,10,0
8882,1711893280334057,9989,10,0
8883,1711893280344061,9989,10,0
8884,1711893280354064,9989,10,0
8885,1711893280364068,9989,10,0
8886,1711893280374072,9989,10,0
8887,1711893280384075,9989,10,0
8888,1711893280394079,9989,10,0
8889,1711893280404082,9989,10,0
8890,1711893280414087,9989,10,0
8891,1711893280424091,9989,10,0
8892,1711893280434095,9989,10,0
8893,1711893280444098,9989,10,0
8894,1711893280454102,9989,10,0
8895,1711893280464105,9989,10,0
8896,1711893280474109,9989,10,0
8897,1711893280484113,9989,10,0
8898,1711893280494117,9989,10,0
8899,1711893280504121,9989,10,0
8900,1711893280514125,9988,11,0
8901,1711893280524129,9989,10,0
8902,1711893280534133,9989,10,0
8903,1711893280544137,9989,10,0
8904,1711893280554141,9989,10,0
8905,1711893280564145,9989,10,0
8906,1711893280574149,9989,10,0
8907,1711893280584152,9989,10,0
8908,1711893280594156,9989,10,0
8909,1711893280604160,9989,10,0
8910,1711893280614165,9989,10,0
8911,1711893280624169,9989,10,0
8912,1711893280634173,9989,10,0
8913,1711893280644177,9989,10,0
8914,1711893280654181,9989,10,0
8915,1711893280664185,9989,10,0
8916,1711893280674189,9989,10,0
8917,1711893280684192,9989,10,0
8918,1711893280694196,9989,10,0
8919,1711893280704200,9989,10,0
8920,1711893280714205,9989,10,0
8921,1711893280724208,9989,10,0
8922,1711893280734212,9989,10,0
8923,1711893280744216,9989,10,0
8924,1711893280754220,9989,10,0
8925,1711893280764223,9989,10,0
8926,1711893280774227,9989,10,0
8927,1711893280784231,9989,10,0
8928,1711893280794234,9989,10,0
8929,1711893280804238,9989,10,0
8930,1711893280814242,9989,10,0
8931,1711893280824246,9990,10,0
8932,1711893280834250,9989,10,0
8933,1711893280844253,9989,10,0
8934,1711893280854257,9989,10,0
8935,1711893280864261,9989,10,0
8936,1711893280874264,9989,10,0
8937,1711893280884268,9989,10,0
8938,1711893280894271,9989,10,0
8939,1711893280904275,9989,10,0
8940,1711893280914280,9989,10,0
8941,1711893280924283,9989,10,0
8942,1711893280934287,9989,10,0
8943,1711893280944290,9989,10,0
8944,1711893280954294,9989,10,0
8945,1711893280964298,9989,10,0
8946,1711893280974301,9989,10,0
8947,1711893280984305,9985,14,0
8948,1711893280994309,9989,10,0
8949,1711893281004312,9989,10,0
8950,1711893281014317,9989,10,0
8951,1711893281024321,9989,10,0
8952,1711893281034325,9989,10,0
8953,1711893281044328,9989,10,0
8954,1711893281054332,9989,10,0
8955,1711893281064335,9989,10,0
8956,1711893281074339,9989,10,0
8957,1711893281084342,9989,10,0
8958,1711893281094346,9989,10,0
8959,1711893281104349,9989,10,0
8960,1711893281114354,9989,10,0
8961,1711893281124358,9989,10,0
8962,1711893281134362,9989,10,0
8963,1711893281144365,9989,10,0
8964,1711893281154369,9989,10,0
8965,1711893281164372,9989,10,0
8966,1711893281174376,9989,10,0
8967,1711893281184380,9989,10,0
8968,1711893281194383,9989,10,0
8969,1711893281204387,9989,10,0
8970,1711893281214392,9989,10,0
8971,1711893281224395,9989,10,0
8972,1711893281234399,9989,10,0
8973,1711893281244403,9989,10,0
8974,1711893281254406,9989,10,0
8975,1711893281264410,9989,10,0
8976,1711893281274413,9989,10,0
8977,1711893281284417,9989,10,0
8978,1711893281294421,9989,10,0
8979,1711893281304424,9989,10,0
8980,1711893281314429,9989,10,0
8981,1711893281324433,9989,10,0
8982,1711893281334437,9988,11,0
8983,1711893281344441,9989,10,0
8984,1711893281354445,9989,10,0
8985,1711893281364448,9989,10,0
8986,1711893281374452,9989,10,0
8987,1711893281384455,9989,10,0
8988,1711893281394459,9989,10,0
8989,1711893281404463,9989,10,0
8990,1711893281414468,9989,10,0
8991,1711893281424472,9990,9,0
8992,1711893281434476,9989,10,0
8993,1711893281444479,9989,10,0
8994,1711893281454483,9989,10,0
8995,1711893281464486,9989,10,0
8996,1711893281474490,9989,10,0
8997,1711893281484494,9989,10,0
8998,1711893281494497,9989,10,0
8999,1711893281504501,9989,10,0
9000,1711893281514506,9989,10,0
9001,1711893281524509,9990,9,0
9002,1711893281534513,9989,10,0
9003,1711893281544517,9989,10,0
9004,1711893281554520,9989,10,0
9005,1711893281564524,9989,10,0
9006,1711893281574527,9989,10,0
9007,1711893281584531,9989,10,0
9008,1711893281594535,9989,10,0
9009,1711893281604538,9989,10,0
9010,1711893281614543,9989,10,0
9011,1711893281624547,9990,9,0
9012,1711893281634551,9989,10,0
9013,1711893281644554,9989,10,0
9014,1711893281654558,9989,10,0
9015,1711893281664562,9989,10,0
9016,1711893281674565,9989,10,0
9017,1711893281684569,9989,10,0
9018,1711893281694572,9989,10,0
9019,1711893281704576,9989,10,0
9020,1711893281714581,9989,10,0
9021,1711893281724585,9989,10,0
9022,1711893281734588,9989,10,0
9023,1711893281744592,9989,10,0
9024,1711893281754596,9989,10,0
9025,1711893281764599,9989,10,0
9026,1711893281774603,9989,10,0
9027,1711893281784607,9989,10,0
9028,1711893281794610,9989,10,0
9029,1711893281804614,9989,10,0
9030,1711893281814619,9989,10,0
9031,1711893281824623,9990,9,0
9032,1711893281834626,9989,10,0
9033,1711893281844630,9989,10,0
9034,1711893281854633,9989,10,0
9035,1711893281864637,9989,10,0
9036,1711893281874640,9989,10,0
9037,1711893281884644,9989,10,0
9038,1711893281894648,9989,10,0
9039,1711893281904651,9989,10,0
9040,1711893281914656,9989,10,0
9041,1711893281924660,9989,10,0
9042,1711893281934663,9989,10,0
9043,1711893281944667,9989,10,0
9044,1711893281954671,9989,10,0
9045,1711893281964674,9989,10,0
9046,1711893281974678,9989,10,0
9047,1711893281984681,9989,10,0
9048,1711893281994685,9989,10,0
9049,1711893282004689,9989,10,0
9050,1711893282014693,9989,10,0
9051,1711893282024697,9989,10,0
9052,1711893282034701,9989,10,0
9053,1711893282044705,9989,10,0
9054,1711893282054708,9989,10,0
9055,1711893282064712,9989,10,0
9056,1711893282074715,9989,10,0
9057,1711893282084719,9989,10,0
9058,1711893282094722,9989,10,0
9059,1711893282104726,9989,10,0
9060,1711893282114731,9989,10,0
9061,1711893282124734,9989,10,0
9062,1711893282134738,9989,10,0
9063,1711893282144742,9989,10,0
9064,1711893282154745,9989,10,0
9065,1711893282164749,9989,10,0
9066,1711893282174752,9989,10,0
9067,1711893282184756,9989,10,0
9068,1711893282194760,9989,10,0
9069,1711893282204763,9989,10,0
9070,1711893282214768,9989,10,0
9071,1711893282224771,9989,10,0
9072,1711893282234775,9989,10,0
9073,1711893282244779,9989,10,0
9074,1711893282254783,9989,10,0
9075,1711893282264786,9989,10,0
9076,1711893282274790,9989,10,0
9077,1711893282284793,9989,10,0
9078,1711893282294797,9989,10,0
9079,1711893282304800,9989,10,0
9080,1711893282314805,9989,10,0
9081,1711893282324809,9989,10,0
9082,1711893282334812,9989,10,0
9083,1711893282344816,9989,10,0
9084,1711893282354820,9989,10,0
9085,1711893282364823,9989,10,0
9086,1711893282374828,9989,10,0
9087,1711893282384834,9988,11,0
9088,1711893282394838,9988,11,0
9089,1711893282404842,9989,10,0
9090,1711893282414847,9989,10,0
9091,1711893282424851,9990,9,0
9092,1711893282434855,9989,10,0
9093,1711893282444858,9989,10,0
9094,1711893282454862,9989,10,0
9095,1711893282464865,9989,10,0
9096,1711893282474869,9989,10,0
9097,1711893282484873,9989,10,0
9098,1711893282494877,9989,10,0
9099,1711893282504880,9989,10,0
9100,1711893282514885,9989,10,0
9101,1711893282524889,9989,10,0
9102,1711893282534893,9989,10,0
9103,1711893282544897,9989,10,0
9104,1711893282554900,9989,10,0
9105,1711893282564904,9989,10,0
9106,1711893282574908,9989,10,0
9107,1711893282584911,9989,10,0
9108,1711893282594915,9989,10,0
9109,1711893282604919,9989,10,0
9110,1711893282614924,9989,10,0
9111,1711893282624928,9989,10,0
9112,1711893282634932,9989,10,0
9113,1711893282644936,9989,10,0
9114,1711893282654940,9989,10,0
9115,1711893282664944,9989,10,0
9116,1711893282674947,9989,10,0
9117,1711893282684951,9989,10,0
9118,1711893282694955,9989,10,0
9119,1711893282704959,9990,9,0
9120,1711893282714964,9989,10,0
9121,1711893282724968,9989,10,0
9122,1711893282734972,9989,10,0
9123,1711893282744975,9989,10,0
9124,1711893282754979,9989,10,0
9125,1711893282764982,9989,10,0
9126,1711893282774986,9989,10,0
9127,1711893282784990,9989,10,0
9128,1711893282794993,9989,10,0
9129,1711893282804997,9989,10,0
9130,1711893282815002,9989,10,0
9131,1711893282825005,9989,10,0
9132,1711893282835009,9989,10,0
9133,1711893282845013,9988,11,0
9134,1711893282855017,9989,10,0
9135,1711893282865020,9989,10,0
9136,1711893282875024,9989,10,0
9137,1711893282885027,9989,10,0
9138,1711893282895031,9989,10,0
9139,1711893282905034,9989,10,0
9140,1711893282915039,9989,10,0
9141,1711893282925043,9990,9,0
9142,1711893282935047,9989,10,0
9143,1711893282945050,9989,10,0
9144,1711893282955054,9989,10,0
9145,1711893282965057,9989,10,0
9146,1711893282975061,9989,10,0
9147,1711893282985064,9989,10,0
9148,1711893282995068,9989,10,0
9149,1711893283005072,9989,10,0
9150,1711893283015077,9989,10,0
9151,1711893283025080,9989,10,0
9152,1711893283035084,9989,10,0
9153,1711893283045087,9989,10,0
9154,1711893283055092,9989,10,0
9155,1711893283065095,9989,10,0
9156,1711893283075099,9989,10,0
9157,1711893283085102,9989,10,0
9158,1711893283095106,9989,10,0
9159,1711893283105110,9989,10,0
9160,1711893283115114,9989,10,0
9161,1711893283125118,9990,9,0
9162,1711893283135121,9989,10,0
9163,1711893283145125,9989,10,0
9164,1711893283155129,9989,10,0
9165,1711893283165132,9989,10,0
9166,1711893283175136,9989,10,0
9167,1711893283185139,9989,10,0
9168,1711893283195143,9989,10,0
9169,1711893283205146,9989,10,0
9170,1711893283215151,9989,10,0
9171,1711893283225155,9989,10,0
9172,1711893283235158,9989,10,0
9173,1711893283245161,9989,10,0
9174,1711893283255165,9989,10,0
9175,1711893283265169,9989,10,0
9176,1711893283275172,9989,10,0
9177,1711893283285176,9989,10,0
9178,1711893283295180,9989,10,0
9179,1711893283305183,9989,10,0
9180,1711893283315188,9989,10,0
9181,1711893283325191,9989,10,0
9182,1711893283335195,9989,10,0
9183,1711893283345199,9989,10,0
9184,1711893283355202,9989,10,0
9185,1711893283365206,9989,10,0
9186,1711893283375209,9989,10,0
9187,1711893283385213,9989,10,0
9188,1711893283395216,9989,10,0
9189,1711893283405220,9989,10,0
9190,1711893283415224,9989,10,0
9191,1711893283425228,9989,10,0
9192,1711893283435232,9989,10,0
9193,1711893283445235,9989,10,0
9194,1711893283455239,9989,10,0
9195,1711893283465242,9989,10,0
9196,1711893283475246,9989,10,0
9197,1711893283485249,9989,10,0
9198,1711893283495253,9989,10,0
9199,1711893283505256,9989,10,0
9200,1711893283515261,9989,10,0
9201,1711893283525265,9989,10,0
9202,1711893283535268,9989,10,0
9203,1711893283545272,9989,10,0
9204,1711893283555275,9989,10,0
9205,1711893283565279,9989,10,0
9206,1711893283575282,9989,10,0
9207,1711893283585286,9989,10,0
9208,1711893283595289,9989,10,0
9209,1711893283605293,9989,10,0
9210,1711893283615298,9989,10,0
9211,1711893283625301,9990,9,0
9212,1711893283635305,9989,10,0
9213,1711893283645309,9989,10,0
9214,1711893283655312,9989,10,0
9215,1711893283665316,9989,10,0
9216,1711893283675319,9985,14,0
9217,1711893283685323,9989,10,0
9218,1711893283695326,9989,10,0
9219,1711893283705330,9989,10,0
9220,1711893283715335,9990,10,0
9221,1711893283725338,9989,10,0
9222,1711893283735342,9989,10,0
9223,1711893283745345,9989,10,0
9224,1711893283755349,9989,10,0
9225,1711893283765353,9989,10,0
9226,1711893283775356,9989,10,0
9227,1711893283785360,9989,10,0
9228,1711893283795363,9989,10,0
9229,1711893283805367,9989,10,0
9230,1711893283815372,9989,10,0
9231,1711893283825376,9990,10,0
9232,1711893283835379,9989,10,0
9233,1711893283845383,9989,10,0
9234,1711893283855387,9989,10,0
9235,1711893283865390,9989,10,0
9236,1711893283875394,9989,10,0
9237,1711893283885398,9989,10,0
9238,1711893283895401,9989,10,0
9239,1711893283905405,9989,10,0
9240,1711893283915409,9989,10,0
9241,1711893283925413,9990,9,0
9242,1711893283935417,9989,10,0
9243,1711893283945420,9989,10,0
9244,1711893283955424,9989,10,0
9245,1711893283965427,9989,10,0
9246,1711893283975431,9989,10,0
9247,1711893283985434,9989,10,0
9248,1711893283995438,9989,10,0
9249,1711893284005441,9989,10,0
9250,1711893284015447,9989,10,0
9251,1711893284025450,9989,10,0
9252,1711893284035454,9989,10,0
9253,1711893284045458,9989,10,0
9254,1711893284055461,9989,10,0
9255,1711893284065465,9990,9,0
9256,1711893284075468,9990,9,0
9257,1711893284085472,9989,10,0
9258,1711893284095476,9990,9,0
9259,1711893284105479,9990,9,0
9260,1711893284115484,9990,9,0
9261,1711893284125488,9990,9,0
9262,1711893284135491,9989,10,0
9263,1711893284145495,9990,9,0
9264,1711893284155499,9985,14,0
9265,1711893284165503,9989,10,0
9266,1711893284175506,9989,10,0
9267,1711893284185510,9989,10,0
9268,1711893284195513,9989,10,0
9269,1711893284205517,9989,10,0
9270,1711893284215521,9990,10,0
9271,1711893284225525,9989,10,0
9272,1711893284235528,9989,10,0
9273,1711893284245532,9989,10,0
9274,1711893284255536,9989,10,0
9275,1711893284265539,9989,10,0
9276,1711893284275543,9989,10,0
9277,1711893284285546,9989,10,0
9278,1711893284295550,9990,9,0
9279,1711893284305553,9990,9,0
9280,1711893284315558,9990,9,0
9281,1711893284325562,9989,10,0
9282,1711893284335567,9989,10,0
9283,1711893284345571,9988,11,0
9284,1711893284355575,9989,10,0
9285,1711893284365578,9989,10,0
9286,1711893284375582,9989,10,0
9287,1711893284385586,9989,10,0
9288,1711893284395589,9989,10,0
9289,1711893284405593,9989,10,0
9290,1711893284415596,9990,9,0
9291,1711893284425601,9989,10,0
9292,1711893284435605,9992,7,0
9293,1711893284445609,9989,10,0
9294,1711893284455612,9989,10,0
9295,1711893284465616,9989,10,0
9296,1711893284475620,9989,10,0
9297,1711893284485623,9989,10,0
9298,1711893284495627,9989,10,0
9299,1711893284505631,9989,10,0
9300,1711893284515635,9989,10,0
9301,1711893284525640,9989,10,0
9302,1711893284535644,9989,10,0
9303,1711893284545648,9989,10,0
9304,1711893284555652,9989,10,0
9305,1711893284565655,9989,10,0
9306,1711893284575659,9989,10,0
9307,1711893284585663,9989,10,0
9308,1711893284595667,9989,10,0
9309,1711893284605670,9989,10,0
9310,1711893284615674,9989,10,0
9311,1711893284625679,9989,10,0
9312,1711893284635683,9989,10,0
9313,1711893284645687,9989,10,0
9314,1711893284655691,9989,10,0
9315,1711893284665695,9989,10,0
9316,1711893284675698,9989,10,0
9317,1711893284685702,9989,10,0
9318,1711893284695706,9989,10,0
9319,1711893284705710,9989,10,0
9320,1711893284715713,9989,10,0
9321,1711893284725718,9989,10,0
9322,1711893284735722,9989,10,0
9323,1711893284745725,9989,10,0
9324,1711893284755729,9989,10,0
9325,1711893284765732,9989,10,0
9326,1711893284775736,9990,9,0
9327,1711893284785740,9989,10,0
9328,1711893284795744,9989,10,0
9329,1711893284805747,9989,10,0
9330,1711893284815751,9989,10,0
9331,1711893284825755,9989,10,0
9332,1711893284835759,9989,10,0
9333,1711893284845762,9989,10,0
9334,1711893284855766,9989,10,0
9335,1711893284865770,9989,10,0
9336,1711893284875774,9989,10,0
9337,1711893284885777,9989,10,0
9338,1711893284895781,9989,10,0
9339,1711893284905784,9989,10,0
9340,1711893284915788,9989,10,0
9341,1711893284925792,9989,10,0
9342,1711893284935796,9989,10,0
9343,1711893284945800,9989,10,0
9344,1711893284955803,9989,10,0
9345,1711893284965807,9989,10,0
9346,1711893284975810,9989,10,0
9347,1711893284985814,9989,10,0
9348,1711893284995817,9989,10,0
9349,1711893285005821,9989,10,0
9350,1711893285015825,9989,10,0
9351,1711893285025829,9989,10,0
9352,1711893285035833,9989,10,0
9353,1711893285045837,9989,10,0
9354,1711893285055840,9989,10,0
9355,1711893285065844,9989,10,0
9356,1711893285075847,9989,10,0
9357,1711893285085851,9989,10,0
9358,1711893285095854,9989,10,0
9359,1711893285105858,9989,10,0
9360,1711893285115862,9989,10,0
9361,1711893285125866,9989,10,0
9362,1711893285135870,9989,10,0
9363,1711893285145874,9989,10,0
9364,1711893285155877,9989,10,0
9365,1711893285165881,9989,10,0
9366,1711893285175884,9989,10,0
9367,1711893285185888,9989,10,0
9368,1711893285195891,9989,10,0
9369,1711893285205895,9989,10,0
9370,1711893285215898,9989,10,0
9371,1711893285225903,9989,10,0
9372,1711893285235907,9989,10,0
9373,1711893285245910,9989,10,0
9374,1711893285255914,9989,10,0
9375,1711893285265917,9989,10,0
9376,1711893285275921,9989,10,0
9377,1711893285285925,9989,10,0
9378,1711893285295929,9989,10,0
9379,1711893285305932,9989,10,0
9380,1711893285315936,9989,10,0
9381,1711893285325940,9989,10,0
9382,1711893285335945,9989,10,0
9383,1711893285345948,9989,10,0
9384,1711893285355952,9989,10,0
9385,1711893285365955,9989,10,0
9386,1711893285375959,9989,10,0
9387,1711893285385962,9989,10,0
9388,1711893285395966,9989,10,0
9389,1711893285405969,9989,10,0
9390,1711893285415973,9989,10,0
9391,1711893285425978,9989,10,0
9392,1711893285435981,9989,10,0
9393,1711893285445985,9989,10,0
9394,1711893285455988,9989,10,0
9395,1711893285465992,9989,10,0
9396,1711893285475995,9989,10,0
9397,1711893285485999,9989,10,0
9398,1711893285496003,9989,10,0
9399,1711893285506006,9989,10,0
9400,1711893285516010,9989,10,0
9401,1711893285526015,9989,10,0
9402,1711893285536018,9989,10,0
9403,1711893285546022,9989,10,0
9404,1711893285556025,9989,10,0
9405,1711893285566029,9989,10,0
9406,1711893285576032,9989,10,0
9407,1711893285586036,9989,10,0
9408,1711893285596040,9989,10,0
9409,1711893285606043,9989,10,0
9410,1711893285616047,9989,10,0
9411,1711893285626051,9989,10,0
9412,1711893285636055,9989,10,0
9413,1711893285646059,9989,10,0
9414,1711893285656062,9989,10,0
9415,1711893285666066,9989,10,0
9416,1711893285676069,9989,10,0
9417,1711893285686073,9989,10,0
9418,1711893285696076,9989,10,0
9419,1711893285706080,9989,10,0
9420,1711893285716083,9989,10,0
9421,1711893285726088,9989,10,0
9422,1711893285736092,9989,10,0
9423,1711893285746095,9989,10,0
9424,1711893285756100,9989,10,0
9425,1711893285766107,9986,13,0
9426,1711893285776111,9988,11,0
9427,1711893285786114,9989,10,0
9428,1711893285796118,9989,10,0
9429,1711893285806121,9989,10,0
9430,1711893285816125,9989,10,0
9431,1711893285826131,9989,10,0
9432,1711893285836135,9990,10,0
9433,1711893285846139,9987,12,0
9434,1711893285856142,9989,10,0
9435,1711893285866146,9989,10,0
9436,1711893285876150,9989,10,0
9437,1711893285886154,9989,10,0
9438,1711893285896158,9989,10,0
9439,1711893285906162,9989,10,0
9440,1711893285916165,9989,10,0
9441,1711893285926171,9989,10,0
9442,1711893285936175,9990,9,0
9443,1711893285946178,9989,10,0
9444,1711893285956182,9989,10,0
9445,1711893285966186,9989,10,0
9446,1711893285976189,9989,10,0
9447,1711893285986193,9989,10,0
9448,1711893285996197,9989,10,0
9449,1711893286006201,9989,10,0
9450,1711893286016204,9989,10,0
9451,1711893286026209,9989,10,0
9452,1711893286036213,9989,10,0
9453,1711893286046216,9989,10,0
9454,1711893286056220,9989,10,0
9455,1711893286066224,9989,10,0
9456,1711893286076228,9989,10,0
9457,1711893286086232,9989,10,0
9458,1711893286096235,9989,10,0
9459,1711893286106239,9989,10,0
9460,1711893286116243,9989,10,0
9461,1711893286126247,9989,10,0
9462,1711893286136251,9989,11,0
9463,1711893286146255,9989,10,0
9464,1711893286156259,9989,10,0
9465,1711893286166263,9989,10,0
9466,1711893286176266,9989,10,0
9467,1711893286186270,9989,10,0
9468,1711893286196274,9989,10,0
9469,1711893286206278,9989,10,0
9470,1711893286216281,9989,10,0
9471,1711893286226286,9989,10,0
9472,1711893286236290,9989,10,0
9473,1711893286246294,9989,10,0
9474,1711893286256297,9989,10,0
9475,1711893286266301,9989,10,0
9476,1711893286276305,9985,14,0
9477,1711893286286309,9989,10,0
9478,1711893286296312,9989,10,0
9479,1711893286306316,9989,10,0
9480,1711893286316319,9989,10,0
9481,1711893286326324,9989,10,0
9482,1711893286336328,9989,10,0
9483,1711893286346331,9989,10,0
9484,1711893286356336,9989,10,0
9485,1711893286366339,9989,10,0
9486,1711893286376343,9989,10,0
9487,1711893286386347,9989,10,0
9488,1711893286396350,9989,10,0
9489,1711893286406354,9989,10,0
9490,1711893286416358,9989,10,0
9491,1711893286426363,9989,10,0
9492,1711893286436366,9989,10,0
9493,1711893286446370,9989,10,0
9494,1711893286456374,9989,10,0
9495,1711893286466377,9989,10,0
9496,1711893286476381,9989,10,0
9497,1711893286486385,9989,10,0
9498,1711893286496389,9989,10,0
9499,1711893286506393,9989,10,0
9500,1711893286516396,9989,10,0
9501,1711893286526401,9989,10,0
9502,1711893286536405,9988,11,0
9503,1711893286546409,9989,10,0
9504,1711893286556413,9989,10,0
9505,1711893286566417,9989,10,0
9506,1711893286576421,9989,10,0
9507,1711893286586425,9989,10,0
9508,1711893286596428,9989,10,0
9509,1711893286606432,9989,10,0
9510,1711893286616436,9989,10,0
9511,1711893286626441,9989,10,0
9512,1711893286636445,9989,10,0
9513,1711893286646449,9989,10,0
9514,1711893286656453,9989,10,0
9515,1711893286666457,9989,10,0
9516,1711893286676461,9989,10,0
9517,1711893286686465,9989,10,0
9518,1711893286696469,9989,10,0
9519,1711893286706472,9989,10,0
9520,1711893286716476,9989,10,0
9521,1711893286726481,9989,10,0
9522,1711893286736486,9990,9,0
9523,1711893286746490,9989,10,0
9524,1711893286756493,9989,10,0
9525,1711893286766497,9989,10,0
9526,1711893286776500,9989,10,0
9527,1711893286786504,9989,10,0
9528,1711893286796508,9989,10,0
9529,1711893286806511,9990,9,0
9530,1711893286816515,9989,10,0
9531,1711893286826519,9989,10,0
9532,1711893286836524,9989,10,0
9533,1711893286846527,9989,10,0
9534,1711893286856531,9989,10,0
9535,1711893286866534,9989,10,0
9536,1711893286876538,9989,10,0
9537,1711893286886541,9989,10,0
9538,1711893286896546,9989,10,0
9539,1711893286906549,9989,10,0
9540,1711893286916553,9989,10,0
9541,1711893286926557,9989,10,0
9542,1711893286936561,9990,9,0
9543,1711893286946565,9989,10,0
9544,1711893286956568,9989,10,0
9545,1711893286966572,9989,10,0
9546,1711893286976575,9989,10,0
9547,1711893286986579,9989,10,0
9548,1711893286996583,9989,10,0
9549,1711893287006586,9989,10,0
9550,1711893287016590,9989,10,0
9551,1711893287026594,9989,10,0
9552,1711893287036598,9989,10,0
9553,1711893287046602,9989,10,0
9554,1711893287056605,9989,10,0
9555,1711893287066609,9989,10,0
9556,1711893287076613,9989,10,0
9557,1711893287086617,9989,10,0
9558,1711893287096621,9989,10,0
9559,1711893287106624,9989,10,0
9560,1711893287116628,9989,10,0
9561,1711893287126632,9989,10,0
9562,1711893287136636,9989,10,0
9563,1711893287146640,9989,10,0
9564,1711893287156644,9989,10,0
9565,1711893287166647,9989,10,0
9566,1711893287176651,9989,10,0
9567,1711893287186654,9989,10,0
9568,1711893287196658,9989,10,0
9569,1711893287206661,9989,10,0
9570,1711893287216665,9989,10,0
9571,1711893287226670,9989,10,0
9572,1711893287236673,9989,10,0
9573,1711893287246677,9989,10,0
9574,1711893287256680,9989,10,0
9575,1711893287266684,9989,10,0
9576,1711893287276687,9989,10,0
9577,1711893287286691,9989,10,0
9578,1711893287296695,9989,10,0
9579,1711893287306698,9989,10,0
9580,1711893287316702,9989,10,0
9581,1711893287326707,9989,10,0
9582,1711893287336710,9989,10,0
9583,1711893287346714,9989,10,0
9584,1711893287356718,9987,12,0
9585,1711893287366722,9989,10,0
9586,1711893287376728,9989,10,0
9587,1711893287386734,9987,12,0
9588,1711893287396738,9988,11,0
9589,1711893287406742,9989,10,0
9590,1711893287416746,9989,10,0
9591,1711893287426751,9989,10,0
9592,1711893287436755,9990,9,0
9593,1711893287446759,9989,10,0
9594,1711893287456762,9989,10,0
9595,1711893287466766,9989,10,0
9596,1711893287476770,9989,10,0
9597,1711893287486773,9989,10,0
9598,1711893287496777,9989,10,0
9599,1711893287506780,9989,10,0
9600,1711893287516784,9989,10,0
9601,1711893287526789,9989,10,0
9602,1711893287536793,9989,10,0
9603,1711893287546796,9989,10,0
9604,1711893287556800,9989,10,0
9605,1711893287566804,9989,10,0
9606,1711893287576807,9989,10,0
9607,1711893287586811,9989,10,0
9608,1711893287596815,9989,10,0
9609,1711893287606818,9989,10,0
9610,1711893287616822,9989,10,0
9611,1711893287626827,9989,10,0
9612,1711893287636830,9989,10,0
9613,1711893287646834,9989,10,0
9614,1711893287656837,9989,10,0
9615,1711893287666841,9989,10,0
9616,1711893287676845,9989,10,0
9617,1711893287686848,9989,10,0
9618,1711893287696852,9989,10,0
9619,1711893287706856,9989,10,0
9620,1711893287716859,9989,10,0
9621,1711893287726864,9989,10,0
9622,1711893287736868,9989,10,0
9623,1711893287746871,9989,10,0
9624,1711893287756875,9989,10,0
9625,1711893287766879,9989,10,0
9626,1711893287776882,9989,10,0
9627,1711893287786886,9989,10,0
9628,1711893287796889,9989,10,0
9629,1711893287806893,9989,10,0
9630,1711893287816897,9989,10,0
9631,1711893287826901,9989,10,0
9632,1711893287836905,9989,10,0
9633,1711893287846909,9989,10,0
9634,1711893287856913,9989,10,0
9635,1711893287866916,9989,10,0
9636,1711893287876920,9990,9,0
9637,1711893287886924,9989,10,0
9638,1711893287896928,9989,10,0
9639,1711893287906931,9990,9,0
9640,1711893287916935,9990,9,0
9641,1711893287926940,9990,9,0
9642,1711893287936943,9990,9,0
9643,1711893287946947,9989,10,0
9644,1711893287956951,9990,9,0
9645,1711893287966954,9990,9,0
9646,1711893287976958,9989,10,0
9647,1711893287986961,9990,9,0
9648,1711893287996965,9989,10,0
9649,1711893288006968,9989,10,0
9650,1711893288016972,9989,10,0
9651,1711893288026977,9989,10,0
9652,1711893288036980,9989,10,0
9653,1711893288046984,9989,10,0
9654,1711893288056987,9989,10,0
9655,1711893288066991,9990,9,0
9656,1711893288076994,9990,9,0
9657,1711893288086998,9990,9,0
9658,1711893288097002,9989,10,0
9659,1711893288107005,9990,9,0
9660,1711893288117009,9989,10,0
9661,1711893288127014,9990,9,0
9662,1711893288137017,9990,9,0
9663,1711893288147021,9990,9,0
9664,1711893288157025,9986,13,0
9665,1711893288167028,9989,10,0
9666,1711893288177032,9989,10,0
9667,1711893288187036,9989,10,0
9668,1711893288197039,9989,10,0
9669,1711893288207043,9989,10,0
9670,1711893288217046,9989,10,0
9671,1711893288227051,9989,10,0
9672,1711893288237055,9989,10,0
9673,1711893288247058,9989,10,0
9674,1711893288257062,9989,10,0
9675,1711893288267065,9989,10,0
9676,1711893288277069,9989,10,0
9677,1711893288287072,9989,10,0
9678,1711893288297076,9989,10,0
9679,1711893288307079,9989,10,0
9680,1711893288317083,9989,10,0
9681,1711893288327087,9989,10,0
9682,1711893288337091,9989,10,0
9683,1711893288347095,9989,10,0
9684,1711893288357098,9989,10,0
9685,1711893288367102,9989,10,0
9686,1711893288377106,9989,10,0
9687,1711893288387109,9989,10,0
9688,1711893288397113,9989,10,0
9689,1711893288407117,9989,10,0
9690,1711893288417120,9989,10,0
9691,1711893288427125,9989,10,0
9692,1711893288437129,9990,9,0
9693,1711893288447132,9989,10,0
9694,1711893288457136,9989,10,0
9695,1711893288467139,9989,10,0
9696,1711893288477143,9989,10,0
9697,1711893288487147,9989,10,0
9698,1711893288497150,9989,10,0
9699,1711893288507154,9989,10,0
9700,1711893288517158,9989,10,0
9701,1711893288527163,9989,10,0
9702,1711893288537167,9989,10,0
9703,1711893288547170,9989,10,0
9704,1711893288557174,9989,10,0
9705,1711893288567178,9989,10,0
9706,1711893288577182,9989,10,0
9707,1711893288587185,9989,10,0
9708,1711893288597189,9989,10,0
9709,1711893288607193,9989,10,0
9710,1711893288617197,9989,10,0
9711,1711893288627201,9989,10,0
9712,1711893288637205,9990,9,0
9713,1711893288647209,9989,10,0
9714,1711893288657213,9989,10,0
9715,1711893288667217,9989,10,0
9716,1711893288677221,9989,10,0
9717,1711893288687225,9989,10,0
9718,1711893288697228,9989,10,0
9719,1711893288707232,9989,10,0
9720,1711893288717236,9989,10,0
9721,1711893288727241,9989,10,0
9722,1711893288737245,9989,10,0
9723,1711893288747248,9989,10,0
9724,1711893288757252,9989,10,0
9725,1711893288767255,9989,10,0
9726,1711893288777259,9989,10,0
9727,1711893288787263,9989,10,0
9728,1711893288797266,9983,16,0
9729,1711893288807270,9989,10,0
9730,1711893288817273,9989,10,0
9731,1711893288827278,9989,10,0
9732,1711893288837282,9989,10,0
9733,1711893288847286,9989,10,0
9734,1711893288857289,9987,12,0
9735,1711893288867294,9988,11,0
9736,1711893288877297,9989,10,0
9737,1711893288887301,9989,10,0
9738,1711893288897304,9989,10,0
9739,1711893288907308,9989,10,0
9740,1711893288917312,9989,10,0
9741,1711893288927317,9989,10,0
9742,1711893288937320,9990,9,0
9743,1711893288947324,9989,10,0
9744,1711893288957328,9989,10,0
9745,1711893288967331,9989,10,0
9746,1711893288977335,9989,10,0
9747,1711893288987338,9989,10,0
9748,1711893288997342,9989,10,0
9749,1711893289007346,9989,10,0
9750,1711893289017349,9989,10,0
9751,1711893289027354,9989,10,0
9752,1711893289037357,9989,10,0
9753,1711893289047361,9989,10,0
9754,1711893289057365,9989,10,0
9755,1711893289067369,9989,10,0
9756,1711893289077372,9989,10,0
9757,1711893289087376,9989,10,0
9758,1711893289097379,9989,10,0
9759,1711893289107383,9989,10,0
9760,1711893289117386,9989,10,0
9761,1711893289127391,9989,10,0
9762,1711893289137395,9989,10,0
9763,1711893289147399,9989,10,0
9764,1711893289157403,9989,10,0
9765,1711893289167406,9989,10,0
9766,1711893289177410,9989,10,0
9767,1711893289187413,9989,10,0
9768,1711893289197417,9989,10,0
9769,1711893289207420,9989,10,0
9770,1711893289217424,9989,10,0
9771,1711893289227429,9989,10,0
9772,1711893289237433,9989,10,0
9773,1711893289247436,9989,10,0
9774,1711893289257440,9989,10,0
9775,1711893289267443,9989,10,0
9776,1711893289277447,9989,10,0
9777,1711893289287450,9989,10,0
9778,1711893289297454,9989,10,0
9779,1711893289307457,9989,10,0
9780,1711893289317461,9989,10,0
9781,1711893289327466,9989,10,0
9782,1711893289337469,9989,10,0
9783,1711893289347473,9989,10,0
9784,1711893289357477,9989,10,0
9785,1711893289367480,9989,10,0
9786,1711893289377484,9989,10,0
9787,1711893289387487,9989,10,0
9788,1711893289397491,9989,10,0
9789,1711893289407495,9989,10,0
9790,1711893289417498,9989,10,0
9791,1711893289427504,9989,10,0
9792,1711893289437507,9989,10,0
9793,1711893289447511,9989,10,0
9794,1711893289457515,9989,10,0
9795,1711893289467518,9989,10,0
9796,1711893289477522,9989,10,0
9797,1711893289487525,9989,10,0
9798,1711893289497529,9989,10,0
9799,1711893289507533,9989,10,0
9800,1711893289517536,9989,10,0
9801,1711893289527541,9989,10,0
9802,1711893289537544,9989,10,0
9803,1711893289547548,9989,10,0
9804,1711893289557552,9989,10,0
9805,1711893289567555,9989,10,0
9806,1711893289577559,9989,10,0
9807,1711893289587562,9989,10,0
9808,1711893289597566,9989,10,0
9809,1711893289607569,9989,10,0
9810,1711893289617573,9989,10,0
9811,1711893289627577,9989,10,0
9812,1711893289637581,9989,10,0
9813,1711893289647585,9989,10,0
9814,1711893289657588,9989,10,0
9815,1711893289667592,9989,10,0
9816,1711893289677595,9989,10,0
9817,1711893289687599,9989,10,0
9818,1711893289697603,9989,10,0
9819,1711893289707606,9989,10,0
9820,1711893289717610,9989,10,0
9821,1711893289727614,9989,10,0
9822,1711893289737618,9989,10,0
9823,1711893289747622,9989,10,0
9824,1711893289757625,9989,10,0
9825,1711893289767629,9990,9,0
9826,1711893289777632,9989,10,0
9827,1711893289787636,9989,10,0
9828,1711893289797639,9989,10,0
9829,1711893289807643,9989,10,0
9830,1711893289817647,9989,10,0
9831,1711893289827651,9989,10,0
9832,1711893289837655,9989,10,0
9833,1711893289847658,9989,10,0
9834,1711893289857662,9989,10,0
9835,1711893289867666,9989,10,0
9836,1711893289877669,9989,10,0
9837,1711893289887673,9981,18,0
9838,1711893289897677,9989,10,0
9839,1711893289907681,9989,10,0
9840,1711893289917684,9989,10,0
9841,1711893289927689,9989,10,0
9842,1711893289937692,9989,10,0
9843,1711893289947696,9989,10,0
9844,1711893289957700,9989,10,0
9845,1711893289967704,9989,10,0
9846,1711893289977707,9989,10,0
9847,1711893289987711,9989,10,0
9848,1711893289997714,9989,10,0
9849,1711893290007718,9989,10,0
9850,1711893290017722,9989,10,0
9851,1711893290027726,9989,10,0
9852,1711893290037730,9989,10,0
9853,1711893290047734,9989,10,0
9854,1711893290057737,9989,10,0
9855,1711893290067741,9989,10,0
9856,1711893290077744,9989,10,0
9857,1711893290087748,9989,10,0
9858,1711893290097751,9989,10,0
9859,1711893290107755,9989,10,0
9860,1711893290117758,9989,10,0
9861,1711893290127763,9989,10,0
9862,1711893290137767,9989,10,0
9863,1711893290147770,9989,10,0
9864,1711893290157774,9989,10,0
9865,1711893290167778,9989,10,0
9866,1711893290177781,9989,10,0
9867,1711893290187785,9989,10,0
9868,1711893290197788,9989,10,0
9869,1711893290207792,9989,10,0
9870,1711893290217795,9989,10,0
9871,1711893290227801,9989,10,0
9872,1711893290237804,9989,10,0
9873,1711893290247808,9989,10,0
9874,1711893290257811,9989,10,0
9875,1711893290267815,9989,10,0
9876,1711893290277818,9989,10,0
9877,1711893290287822,9989,10,0
9878,1711893290297826,9989,10,0
9879,1711893290307829,9989,10,0
9880,1711893290317833,9989,10,0
9881,1711893290327837,9989,10,0
9882,1711893290337841,9989,10,0
9883,1711893290347845,9989,10,0
9884,1711893290357849,9989,10,0
9885,1711893290367853,9988,11,0
9886,1711893290377857,9989,10,0
9887,1711893290387860,9989,10,0
9888,1711893290397864,9989,10,0
9889,1711893290407868,9989,10,0
9890,1711893290417872,9989,10,0
9891,1711893290427877,9989,10,0
9892,1711893290437881,9990,9,0
9893,1711893290447884,9989,10,0
9894,1711893290457888,9989,10,0
9895,1711893290467892,9989,10,0
9896,1711893290477895,9989,10,0
9897,1711893290487899,9989,10,0
9898,1711893290497903,9989,10,0
9899,1711893290507907,9989,10,0
9900,1711893290517910,9989,10,0
9901,1711893290527915,9989,10,0
9902,1711893290537919,9989,10,0
9903,1711893290547923,9989,10,0
9904,1711893290557927,9989,10,0
9905,1711893290567931,9989,10,0
9906,1711893290577935,9989,10,0
9907,1711893290587938,9989,10,0
9908,1711893290597942,9989,10,0
9909,1711893290607946,9989,10,0
9910,1711893290617950,9989,10,0
9911,1711893290627955,9989,10,0
9912,1711893290637959,9989,10,0
9913,1711893290647962,9989,10,0
9914,1711893290657967,9989,10,0
9915,1711893290667970,9989,10,0
9916,1711893290677974,9989,10,0
9917,1711893290687978,9989,10,0
9918,1711893290697982,9989,10,0
9919,1711893290707985,9989,10,0
9920,1711893290717989,9989,10,0
9921,1711893290727994,9989,10,0
9922,1711893290737998,9989,10,0
9923,1711893290748002,9989,10,0
9924,1711893290758006,9989,10,0
9925,1711893290768010,9989,10,0
9926,1711893290778013,9989,10,0
9927,1711893290788017,9989,10,0
9928,1711893290798020,9989,10,0
9929,1711893290808024,9989,10,0
9930,1711893290818027,9989,10,0
9931,1711893290828032,9989,10,0
9932,1711893290838036,9990,9,0
9933,1711893290848040,9989,10,0
9934,1711893290858043,9989,10,0
9935,1711893290868047,9989,10,0
9936,1711893290878050,9989,10,0
9937,1711893290888054,9989,10,0
9938,1711893290898057,9989,10,0
9939,1711893290908061,9989,10,0
9940,1711893290918064,9989,10,0
9941,1711893290928070,9989,10,0
9942,1711893290938073,9989,10,0
9943,1711893290948077,9989,10,0
9944,1711893290958080,9989,10,0
9945,1711893290968084,9990,10,0
9946,1711893290978087,9989,10,0
9947,1711893290988091,9989,10,0
9948,1711893290998095,9989,10,0
9949,1711893291008099,9989,10,0
9950,1711893291018102,9989,10,0
9951,1711893291028107,9989,10,0
9952,1711893291038110,9990,9,0
9953,1711893291048114,9989,10,0
9954,1711893291058118,9989,10,0
9955,1711893291068121,9989,10,0
9956,1711893291078125,9989,10,0
9957,1711893291088128,9989,10,0
9958,1711893291098132,9989,10,0
9959,1711893291108135,9989,10,0
9960,1711893291118139,9989,10,0
9961,1711893291128143,9989,10,0
9962,1711893291138147,9989,10,0
9963,1711893291148151,9989,10,0
9964,1711893291158154,9989,10,0
9965,1711893291168158,9989,10,0
9966,1711893291178161,9989,10,0
9967,1711893291188165,9989,10,0
9968,1711893291198168,9989,10,0
9969,1711893291208172,9989,10,0
9970,1711893291218175,9989,10,0
9971,1711893291228180,9989,10,0
9972,1711893291238184,9989,10,0
9973,1711893291248188,9989,10,0
9974,1711893291258191,9989,10,0
9975,1711893291268195,9989,10,0
9976,1711893291278198,9989,10,0
9977,1711893291288202,9989,10,0
9978,1711893291298205,9989,10,0
9979,1711893291308209,9989,10,0
9980,1711893291318212,9989,10,0
9981,1711893291328217,9989,10,0
9982,1711893291338221,9990,10,0
9983,1711893291348224,9989,10,0
9984,1711893291358228,9989,10,0
9985,1711893291368231,9989,10,0
9986,1711893291378235,9989,10,0
9987,1711893291388238,9989,10,0
9988,1711893291398242,9989,10,0
9989,1711893291408245,9989,10,0
9990,1711893291418249,9989,10,0
9991,1711893291428253,9989,10,0
9992,1711893291438257,9989,10,0
9993,1711893291448261,9989,10,0
9994,1711893291458264,9989,10,0
9995,1711893291468268,9989,10,0
9996,1711893291478272,9989,10,0
9997,1711893291488276,9989,10,0
9998,1711893291498279,9989,10,0
9999,1711893291508283,9989,10,0
