index,time
0,1712169378787198
1,1712169378788191
2,1712169378789193
3,1712169378790196
4,1712169378791200
5,1712169378792203
6,1712169378793206
7,1712169378794209
8,1712169378795213
9,1712169378796216
10,1712169378797219
11,1712169378798223
12,1712169378799226
13,1712169378800230
14,1712169378801233
15,1712169378802236
16,1712169378803240
17,1712169378804243
18,1712169378805246
19,1712169378806249
20,1712169378807253
21,1712169378808256
22,1712169378809259
23,1712169378810263
24,1712169378811266
25,1712169378812269
26,1712169378813273
27,1712169378814276
28,1712169378815280
29,1712169378816283
30,1712169378817286
31,1712169378818289
32,1712169378819293
33,1712169378820296
34,1712169378821299
35,1712169378822303
36,1712169378823306
37,1712169378824309
38,1712169378825313
39,1712169378826316
40,1712169378827320
41,1712169378828323
42,1712169378829326
43,1712169378830329
44,1712169378831333
45,1712169378832336
46,1712169378833339
47,1712169378834343
48,1712169378835346
49,1712169378836349
50,1712169378837353
51,1712169378838356
52,1712169378839360
53,1712169378840363
54,1712169378841366
55,1712169378842369
56,1712169378843373
57,1712169378844376
58,1712169378845379
59,1712169378846382
60,1712169378847386
61,1712169378848389
62,1712169378849393
63,1712169378850402
64,1712169378851400
65,1712169378852402
66,1712169378853406
67,1712169378854410
68,1712169378855413
69,1712169378856416
70,1712169378857420
71,1712169378858424
72,1712169378859427
73,1712169378860430
74,1712169378861433
75,1712169378862437
76,1712169378863440
77,1712169378864444
78,1712169378865447
79,1712169378866451
80,1712169378867454
81,1712169378868457
82,1712169378869461
83,1712169378870464
84,1712169378871467
85,1712169378872470
86,1712169378873474
87,1712169378874477
88,1712169378875480
89,1712169378876483
90,1712169378877487
91,1712169378878490
92,1712169378879494
93,1712169378880497
94,1712169378881500
95,1712169378882504
96,1712169378883507
97,1712169378884510
98,1712169378885513
99,1712169378886517
100,1712169378887522
101,1712169378888525
102,1712169378889529
103,1712169378890532
104,1712169378891536
105,1712169378892539
106,1712169378893542
107,1712169378894545
108,1712169378895549
109,1712169378896552
110,1712169378897555
111,1712169378898559
112,1712169378899562
113,1712169378900565
114,1712169378901569
115,1712169378902572
116,1712169378903576
117,1712169378904579
118,1712169378905582
119,1712169378906586
120,1712169378907589
121,1712169378908592
122,1712169378909596
123,1712169378910599
124,1712169378911602
125,1712169378912606
126,1712169378913609
127,1712169378914613
128,1712169378915616
129,1712169378916619
130,1712169378917622
131,1712169378918626
132,1712169378919629
133,1712169378920632
134,1712169378921636
135,1712169378922639
136,1712169378923643
137,1712169378924646
138,1712169378925649
139,1712169378926653
140,1712169378927656
141,1712169378928659
142,1712169378929662
143,1712169378930666
144,1712169378931669
145,1712169378932672
146,1712169378933676
147,1712169378934679
148,1712169378935683
149,1712169378936686
150,1712169378937689
151,1712169378938693
152,1712169378939696
153,1712169378940699
154,1712169378941702
155,1712169378942706
156,1712169378943709
157,1712169378944713
158,1712169378945716
159,1712169378946720
160,1712169378947723
161,1712169378948726
162,1712169378949729
163,1712169378950733
164,1712169378951736
165,1712169378952739
166,1712169378953743
167,1712169378954746
168,1712169378955749
169,1712169378956753
170,1712169378957756
171,1712169378958760
172,1712169378959763
173,1712169378960766
174,1712169378961769
175,1712169378962773
176,1712169378963776
177,1712169378964779
178,1712169378965783
179,1712169378966786
180,1712169378967790
181,1712169378968793
182,1712169378969796
183,1712169378970800
184,1712169378971803
185,1712169378972806
186,1712169378973810
187,1712169378974813
188,1712169378975816
189,1712169378976820
190,1712169378977823
191,1712169378978827
192,1712169378979830
193,1712169378980833
194,1712169378981836
195,1712169378982840
196,1712169378983843
197,1712169378984846
198,1712169378985850
199,1712169378986853
200,1712169378987858
201,1712169378988861
202,1712169378989865
203,1712169378990868
204,1712169378991871
205,1712169378992875
206,1712169378993878
207,1712169378994882
208,1712169378995885
209,1712169378996888
210,1712169378997891
211,1712169378998895
212,1712169378999898
213,1712169379000901
214,1712169379001905
215,1712169379002908
216,1712169379003911
217,1712169379004915
218,1712169379005918
219,1712169379006922
220,1712169379007925
221,1712169379008928
222,1712169379009931
223,1712169379010935
224,1712169379011938
225,1712169379012941
226,1712169379013945
227,1712169379014948
228,1712169379015952
229,1712169379016955
230,1712169379017958
231,1712169379018962
232,1712169379019965
233,1712169379020968
234,1712169379021972
235,1712169379022975
236,1712169379023978
237,1712169379024982
238,1712169379025985
239,1712169379026989
240,1712169379027992
241,1712169379028995
242,1712169379029998
243,1712169379031002
244,1712169379032005
245,1712169379033008
246,1712169379034011
247,1712169379035015
248,1712169379036018
249,1712169379037022
250,1712169379038025
251,1712169379039029
252,1712169379040032
253,1712169379041035
254,1712169379042038
255,1712169379043042
256,1712169379044050
257,1712169379045048
258,1712169379046052
259,1712169379047055
260,1712169379048059
261,1712169379049062
262,1712169379050065
263,1712169379051069
264,1712169379052072
265,1712169379053075
266,1712169379054078
267,1712169379055082
268,1712169379056085
269,1712169379057088
270,1712169379058092
271,1712169379059095
272,1712169379060099
273,1712169379061102
274,1712169379062105
275,1712169379063109
276,1712169379064112
277,1712169379065115
278,1712169379066118
279,1712169379067122
280,1712169379068125
281,1712169379069129
282,1712169379070132
283,1712169379071136
284,1712169379072139
285,1712169379073142
286,1712169379074145
287,1712169379075149
288,1712169379076152
289,1712169379077155
290,1712169379078159
291,1712169379079162
292,1712169379080165
293,1712169379081169
294,1712169379082172
295,1712169379083176
296,1712169379084179
297,1712169379085182
298,1712169379086185
299,1712169379087189
300,1712169379088193
301,1712169379089197
302,1712169379090200
303,1712169379091204
304,1712169379092207
305,1712169379093210
306,1712169379094213
307,1712169379095217
308,1712169379096220
309,1712169379097223
310,1712169379098227
311,1712169379099230
312,1712169379100234
313,1712169379101237
314,1712169379102240
315,1712169379103244
316,1712169379104247
317,1712169379105250
318,1712169379106253
319,1712169379107257
320,1712169379108260
321,1712169379109263
322,1712169379110267
323,1712169379111270
324,1712169379112273
325,1712169379113277
326,1712169379114280
327,1712169379115284
328,1712169379116287
329,1712169379117290
330,1712169379118293
331,1712169379119297
332,1712169379120300
333,1712169379121303
334,1712169379122307
335,1712169379123310
336,1712169379124314
337,1712169379125317
338,1712169379126320
339,1712169379127324
340,1712169379128327
341,1712169379129330
342,1712169379130334
343,1712169379131337
344,1712169379132340
345,1712169379133344
346,1712169379134347
347,1712169379135351
348,1712169379136354
349,1712169379137357
350,1712169379138360
351,1712169379139364
352,1712169379140368
353,1712169379141370
354,1712169379142374
355,1712169379143377
356,1712169379144380
357,1712169379145384
358,1712169379146387
359,1712169379147391
360,1712169379148394
361,1712169379149397
362,1712169379150401
363,1712169379151404
364,1712169379152407
365,1712169379153411
366,1712169379154415
367,1712169379155418
368,1712169379156422
369,1712169379157425
370,1712169379158429
371,1712169379159432
372,1712169379160435
373,1712169379161438
374,1712169379162442
375,1712169379163445
376,1712169379164449
377,1712169379165452
378,1712169379166456
379,1712169379167459
380,1712169379168463
381,1712169379169466
382,1712169379170470
383,1712169379171473
384,1712169379172476
385,1712169379173479
386,1712169379174484
387,1712169379175486
388,1712169379176490
389,1712169379177493
390,1712169379178497
391,1712169379179500
392,1712169379180503
393,1712169379181507
394,1712169379182511
395,1712169379183514
396,1712169379184517
397,1712169379185520
398,1712169379186524
399,1712169379187527
400,1712169379188532
401,1712169379189536
402,1712169379190539
403,1712169379191542
404,1712169379192545
405,1712169379193548
406,1712169379194553
407,1712169379195556
408,1712169379196559
409,1712169379197562
410,1712169379198567
411,1712169379199570
412,1712169379200573
413,1712169379201577
414,1712169379202581
415,1712169379203584
416,1712169379204587
417,1712169379205590
418,1712169379206594
419,1712169379207597
420,1712169379208600
421,1712169379209604
422,1712169379210607
423,1712169379211610
424,1712169379212614
425,1712169379213617
426,1712169379214621
427,1712169379215624
428,1712169379216627
429,1712169379217630
430,1712169379218634
431,1712169379219637
432,1712169379220640
433,1712169379221644
434,1712169379222647
435,1712169379223650
436,1712169379224654
437,1712169379225657
438,1712169379226661
439,1712169379227664
440,1712169379228667
441,1712169379229670
442,1712169379230674
443,1712169379231677
444,1712169379232680
445,1712169379233684
446,1712169379234687
447,1712169379235691
448,1712169379236694
449,1712169379237697
450,1712169379238701
451,1712169379239704
452,1712169379240707
453,1712169379241710
454,1712169379242714
455,1712169379243717
456,1712169379244720
457,1712169379245724
458,1712169379246727
459,1712169379247730
460,1712169379248734
461,1712169379249737
462,1712169379250741
463,1712169379251744
464,1712169379252747
465,1712169379253750
466,1712169379254754
467,1712169379255757
468,1712169379256759
469,1712169379257762
470,1712169379258765
471,1712169379259769
472,1712169379260772
473,1712169379261775
474,1712169379262778
475,1712169379263781
476,1712169379264784
477,1712169379265787
478,1712169379266791
479,1712169379267794
480,1712169379268797
481,1712169379269800
482,1712169379270803
483,1712169379271806
484,1712169379272809
485,1712169379273813
486,1712169379274816
487,1712169379275819
488,1712169379276822
489,1712169379277825
490,1712169379278829
491,1712169379279832
492,1712169379280835
493,1712169379281838
494,1712169379282841
495,1712169379283844
496,1712169379284847
497,1712169379285850
498,1712169379286854
499,1712169379287857
500,1712169379288861
501,1712169379289864
502,1712169379290868
503,1712169379291871
504,1712169379292874
505,1712169379293877
506,1712169379294880
507,1712169379295883
508,1712169379296886
509,1712169379297889
510,1712169379298893
511,1712169379299896
512,1712169379300902
513,1712169379301902
514,1712169379302906
515,1712169379303909
516,1712169379304912
517,1712169379305915
518,1712169379306918
519,1712169379307921
520,1712169379308924
521,1712169379309927
522,1712169379310931
523,1712169379311934
524,1712169379312937
525,1712169379313940
526,1712169379314943
527,1712169379315946
528,1712169379316949
529,1712169379317952
530,1712169379318956
531,1712169379319959
532,1712169379320962
533,1712169379321965
534,1712169379322968
535,1712169379323971
536,1712169379324974
537,1712169379325978
538,1712169379326981
539,1712169379327984
540,1712169379328987
541,1712169379329990
542,1712169379330994
543,1712169379331997
544,1712169379333000
545,1712169379334003
546,1712169379335006
547,1712169379336009
548,1712169379337012
549,1712169379338015
550,1712169379339019
551,1712169379340022
552,1712169379341025
553,1712169379342028
554,1712169379343031
555,1712169379344034
556,1712169379345037
557,1712169379346041
558,1712169379347044
559,1712169379348047
560,1712169379349050
561,1712169379350053
562,1712169379351056
563,1712169379352059
564,1712169379353063
565,1712169379354066
566,1712169379355069
567,1712169379356072
568,1712169379357075
569,1712169379358078
570,1712169379359082
571,1712169379360084
572,1712169379361088
573,1712169379362091
574,1712169379363094
575,1712169379364097
576,1712169379365100
577,1712169379366103
578,1712169379367107
579,1712169379368110
580,1712169379369113
581,1712169379370116
582,1712169379371119
583,1712169379372122
584,1712169379373125
585,1712169379374128
586,1712169379375132
587,1712169379376135
588,1712169379377138
589,1712169379378141
590,1712169379379144
591,1712169379380147
592,1712169379381150
593,1712169379382153
594,1712169379383157
595,1712169379384160
596,1712169379385163
597,1712169379386166
598,1712169379387169
599,1712169379388172
600,1712169379389177
601,1712169379390180
602,1712169379391183
603,1712169379392186
604,1712169379393189
605,1712169379394192
606,1712169379395196
607,1712169379396199
608,1712169379397202
609,1712169379398205
610,1712169379399208
611,1712169379400211
612,1712169379401214
613,1712169379402217
614,1712169379403221
615,1712169379404224
616,1712169379405227
617,1712169379406230
618,1712169379407234
619,1712169379408236
620,1712169379409240
621,1712169379410243
622,1712169379411246
623,1712169379412249
624,1712169379413252
625,1712169379414255
626,1712169379415259
627,1712169379416262
628,1712169379417265
629,1712169379418268
630,1712169379419271
631,1712169379420274
632,1712169379421277
633,1712169379422280
634,1712169379423284
635,1712169379424287
636,1712169379425290
637,1712169379426293
638,1712169379427296
639,1712169379428299
640,1712169379429302
641,1712169379430305
642,1712169379431309
643,1712169379432312
644,1712169379433315
645,1712169379434318
646,1712169379435321
647,1712169379436324
648,1712169379437327
649,1712169379438330
650,1712169379439334
651,1712169379440337
652,1712169379441340
653,1712169379442343
654,1712169379443346
655,1712169379444349
656,1712169379445352
657,1712169379446355
658,1712169379447359
659,1712169379448362
660,1712169379449365
661,1712169379450368
662,1712169379451371
663,1712169379452374
664,1712169379453377
665,1712169379454380
666,1712169379455384
667,1712169379456387
668,1712169379457390
669,1712169379458393
670,1712169379459396
671,1712169379460399
672,1712169379461402
673,1712169379462407
674,1712169379463410
675,1712169379464413
676,1712169379465416
677,1712169379466419
678,1712169379467422
679,1712169379468425
680,1712169379469429
681,1712169379470432
682,1712169379471435
683,1712169379472438
684,1712169379473441
685,1712169379474445
686,1712169379475448
687,1712169379476451
688,1712169379477454
689,1712169379478458
690,1712169379479461
691,1712169379480464
692,1712169379481467
693,1712169379482471
694,1712169379483473
695,1712169379484477
696,1712169379485480
697,1712169379486483
698,1712169379487486
699,1712169379488489
700,1712169379489494
701,1712169379490498
702,1712169379491501
703,1712169379492504
704,1712169379493507
705,1712169379494511
706,1712169379495513
707,1712169379496517
708,1712169379497520
709,1712169379498523
710,1712169379499526
711,1712169379500529
712,1712169379501532
713,1712169379502536
714,1712169379503539
715,1712169379504542
716,1712169379505545
717,1712169379506549
718,1712169379507552
719,1712169379508555
720,1712169379509558
721,1712169379510562
722,1712169379511565
723,1712169379512568
724,1712169379513571
725,1712169379514575
726,1712169379515578
727,1712169379516581
728,1712169379517584
729,1712169379518588
730,1712169379519591
731,1712169379520594
732,1712169379521597
733,1712169379522600
734,1712169379523603
735,1712169379524607
736,1712169379525610
737,1712169379526613
738,1712169379527616
739,1712169379528619
740,1712169379529623
741,1712169379530626
742,1712169379531629
743,1712169379532632
744,1712169379533636
745,1712169379534639
746,1712169379535642
747,1712169379536645
748,1712169379537648
749,1712169379538652
750,1712169379539655
751,1712169379540658
752,1712169379541661
753,1712169379542664
754,1712169379543667
755,1712169379544670
756,1712169379545674
757,1712169379546677
758,1712169379547680
759,1712169379548683
760,1712169379549686
761,1712169379550690
762,1712169379551693
763,1712169379552695
764,1712169379553699
765,1712169379554702
766,1712169379555705
767,1712169379556708
768,1712169379557711
769,1712169379558715
770,1712169379559718
771,1712169379560721
772,1712169379561724
773,1712169379562727
774,1712169379563730
775,1712169379564733
776,1712169379565737
777,1712169379566740
778,1712169379567743
779,1712169379568746
780,1712169379569749
781,1712169379570752
782,1712169379571755
783,1712169379572758
784,1712169379573762
785,1712169379574765
786,1712169379575768
787,1712169379576771
788,1712169379577774
789,1712169379578777
790,1712169379579780
791,1712169379580783
792,1712169379581787
793,1712169379582790
794,1712169379583793
795,1712169379584796
796,1712169379585799
797,1712169379586803
798,1712169379587806
799,1712169379588809
800,1712169379589813
801,1712169379590816
802,1712169379591819
803,1712169379592822
804,1712169379593826
805,1712169379594829
806,1712169379595832
807,1712169379596835
808,1712169379597838
809,1712169379598841
810,1712169379599845
811,1712169379600847
812,1712169379601851
813,1712169379602854
814,1712169379603857
815,1712169379604860
816,1712169379605863
817,1712169379606867
818,1712169379607870
819,1712169379608873
820,1712169379609876
821,1712169379610879
822,1712169379611882
823,1712169379612885
824,1712169379613888
825,1712169379614892
826,1712169379615895
827,1712169379616898
828,1712169379617901
829,1712169379618904
830,1712169379619907
831,1712169379620910
832,1712169379621913
833,1712169379622917
834,1712169379623920
835,1712169379624923
836,1712169379625926
837,1712169379626929
838,1712169379627932
839,1712169379628935
840,1712169379629939
841,1712169379630942
842,1712169379631945
843,1712169379632948
844,1712169379633951
845,1712169379634955
846,1712169379635958
847,1712169379636961
848,1712169379637964
849,1712169379638967
850,1712169379639970
851,1712169379640973
852,1712169379641976
853,1712169379642980
854,1712169379643983
855,1712169379644986
856,1712169379645989
857,1712169379646992
858,1712169379647995
859,1712169379648998
860,1712169379650001
861,1712169379651005
862,1712169379652008
863,1712169379653011
864,1712169379654014
865,1712169379655017
866,1712169379656020
867,1712169379657023
868,1712169379658026
869,1712169379659030
870,1712169379660033
871,1712169379661036
872,1712169379662039
873,1712169379663042
874,1712169379664045
875,1712169379665048
876,1712169379666051
877,1712169379667055
878,1712169379668058
879,1712169379669061
880,1712169379670064
881,1712169379671067
882,1712169379672070
883,1712169379673073
884,1712169379674077
885,1712169379675080
886,1712169379676083
887,1712169379677086
888,1712169379678089
889,1712169379679092
890,1712169379680096
891,1712169379681099
892,1712169379682102
893,1712169379683105
894,1712169379684108
895,1712169379685111
896,1712169379686114
897,1712169379687118
898,1712169379688121
899,1712169379689124
900,1712169379690128
901,1712169379691132
902,1712169379692135
903,1712169379693138
904,1712169379694142
905,1712169379695145
906,1712169379696149
907,1712169379697152
908,1712169379698155
909,1712169379699159
910,1712169379700162
911,1712169379701165
912,1712169379702168
913,1712169379703172
914,1712169379704175
915,1712169379705178
916,1712169379706181
917,1712169379707185
918,1712169379708188
919,1712169379709192
920,1712169379710195
921,1712169379711198
922,1712169379712202
923,1712169379713205
924,1712169379714208
925,1712169379715212
926,1712169379716215
927,1712169379717218
928,1712169379718222
929,1712169379719225
930,1712169379720228
931,1712169379721231
932,1712169379722235
933,1712169379723238
934,1712169379724241
935,1712169379725245
936,1712169379726248
937,1712169379727252
938,1712169379728255
939,1712169379729258
940,1712169379730261
941,1712169379731265
942,1712169379732268
943,1712169379733271
944,1712169379734275
945,1712169379735278
946,1712169379736281
947,1712169379737284
948,1712169379738288
949,1712169379739291
950,1712169379740295
951,1712169379741298
952,1712169379742301
953,1712169379743305
954,1712169379744308
955,1712169379745311
956,1712169379746314
957,1712169379747318
958,1712169379748321
959,1712169379749324
960,1712169379750328
961,1712169379751331
962,1712169379752334
963,1712169379753338
964,1712169379754341
965,1712169379755345
966,1712169379756348
967,1712169379757351
968,1712169379758354
969,1712169379759358
970,1712169379760361
971,1712169379761364
972,1712169379762368
973,1712169379763371
974,1712169379764374
975,1712169379765378
976,1712169379766381
977,1712169379767385
978,1712169379768388
979,1712169379769391
980,1712169379770394
981,1712169379771398
982,1712169379772401
983,1712169379773404
984,1712169379774409
985,1712169379775412
986,1712169379776415
987,1712169379777418
988,1712169379778423
989,1712169379779426
990,1712169379780429
991,1712169379781432
992,1712169379782436
993,1712169379783439
994,1712169379784442
995,1712169379785446
996,1712169379786450
997,1712169379787453
998,1712169379788456
999,1712169379789459
1000,1712169379790464
1001,1712169379791468
1002,1712169379792471
1003,1712169379793474
1004,1712169379794478
1005,1712169379795481
1006,1712169379796485
1007,1712169379797488
1008,1712169379798492
1009,1712169379799495
1010,1712169379800498
1011,1712169379801501
1012,1712169379802505
1013,1712169379803509
1014,1712169379804512
1015,1712169379805515
1016,1712169379806519
1017,1712169379807522
1018,1712169379808525
1019,1712169379809529
1020,1712169379810533
1021,1712169379811536
1022,1712169379812539
1023,1712169379813542
1024,1712169379814549
1025,1712169379815550
1026,1712169379816553
1027,1712169379817556
1028,1712169379818560
1029,1712169379819563
1030,1712169379820567
1031,1712169379821570
1032,1712169379822574
1033,1712169379823577
1034,1712169379824580
1035,1712169379825584
1036,1712169379826588
1037,1712169379827591
1038,1712169379828594
1039,1712169379829597
1040,1712169379830601
1041,1712169379831604
1042,1712169379832608
1043,1712169379833611
1044,1712169379834615
1045,1712169379835618
1046,1712169379836621
1047,1712169379837624
1048,1712169379838628
1049,1712169379839632
1050,1712169379840635
1051,1712169379841638
1052,1712169379842642
1053,1712169379843645
1054,1712169379844649
1055,1712169379845652
1056,1712169379846656
1057,1712169379847659
1058,1712169379848662
1059,1712169379849665
1060,1712169379850669
1061,1712169379851672
1062,1712169379852676
1063,1712169379853679
1064,1712169379854683
1065,1712169379855686
1066,1712169379856689
1067,1712169379857692
1068,1712169379858696
1069,1712169379859700
1070,1712169379860703
1071,1712169379861706
1072,1712169379862710
1073,1712169379863713
1074,1712169379864716
1075,1712169379865720
1076,1712169379866724
1077,1712169379867727
1078,1712169379868730
1079,1712169379869733
1080,1712169379870737
1081,1712169379871740
1082,1712169379872744
1083,1712169379873747
1084,1712169379874751
1085,1712169379875754
1086,1712169379876757
1087,1712169379877760
1088,1712169379878764
1089,1712169379879767
1090,1712169379880771
1091,1712169379881774
1092,1712169379882778
1093,1712169379883781
1094,1712169379884784
1095,1712169379885787
1096,1712169379886791
1097,1712169379887794
1098,1712169379888797
1099,1712169379889801
1100,1712169379890805
1101,1712169379891809
1102,1712169379892812
1103,1712169379893815
1104,1712169379894819
1105,1712169379895822
1106,1712169379896825
1107,1712169379897829
1108,1712169379898832
1109,1712169379899835
1110,1712169379900839
1111,1712169379901842
1112,1712169379902846
1113,1712169379903849
1114,1712169379904852
1115,1712169379905855
1116,1712169379906859
1117,1712169379907862
1118,1712169379908865
1119,1712169379909869
1120,1712169379910872
1121,1712169379911876
1122,1712169379912879
1123,1712169379913882
1124,1712169379914886
1125,1712169379915889
1126,1712169379916892
1127,1712169379917895
1128,1712169379918899
1129,1712169379919902
1130,1712169379920905
1131,1712169379921909
1132,1712169379922912
1133,1712169379923915
1134,1712169379924919
1135,1712169379925922
1136,1712169379926926
1137,1712169379927929
1138,1712169379928932
1139,1712169379929935
1140,1712169379930939
1141,1712169379931942
1142,1712169379932945
1143,1712169379933949
1144,1712169379934952
1145,1712169379935955
1146,1712169379936959
1147,1712169379937962
1148,1712169379938966
1149,1712169379939969
1150,1712169379940972
1151,1712169379941975
1152,1712169379942979
1153,1712169379943982
1154,1712169379944985
1155,1712169379945988
1156,1712169379946992
1157,1712169379947995
1158,1712169379948998
1159,1712169379950002
1160,1712169379951005
1161,1712169379952008
1162,1712169379953012
1163,1712169379954015
1164,1712169379955019
1165,1712169379956022
1166,1712169379957025
1167,1712169379958028
1168,1712169379959032
1169,1712169379960035
1170,1712169379961038
1171,1712169379962042
1172,1712169379963045
1173,1712169379964048
1174,1712169379965052
1175,1712169379966055
1176,1712169379967058
1177,1712169379968062
1178,1712169379969065
1179,1712169379970068
1180,1712169379971072
1181,1712169379972075
1182,1712169379973078
1183,1712169379974082
1184,1712169379975085
1185,1712169379976088
1186,1712169379977092
1187,1712169379978095
1188,1712169379979098
1189,1712169379980102
1190,1712169379981105
1191,1712169379982108
1192,1712169379983112
1193,1712169379984115
1194,1712169379985118
1195,1712169379986121
1196,1712169379987125
1197,1712169379988128
1198,1712169379989132
1199,1712169379990135
1200,1712169379991139
1201,1712169379992143
1202,1712169379993146
1203,1712169379994149
1204,1712169379995153
1205,1712169379996156
1206,1712169379997159
1207,1712169379998163
1208,1712169379999166
1209,1712169380000170
1210,1712169380001173
1211,1712169380002176
1212,1712169380003180
1213,1712169380004183
1214,1712169380005186
1215,1712169380006189
1216,1712169380007193
1217,1712169380008196
1218,1712169380009199
1219,1712169380010203
1220,1712169380011206
1221,1712169380012210
1222,1712169380013213
1223,1712169380014216
1224,1712169380015220
1225,1712169380016223
1226,1712169380017226
1227,1712169380018229
1228,1712169380019233
1229,1712169380020236
1230,1712169380021239
1231,1712169380022243
1232,1712169380023246
1233,1712169380024249
1234,1712169380025253
1235,1712169380026256
1236,1712169380027260
1237,1712169380028263
1238,1712169380029266
1239,1712169380030269
1240,1712169380031273
1241,1712169380032276
1242,1712169380033279
1243,1712169380034283
1244,1712169380035286
1245,1712169380036289
1246,1712169380037293
1247,1712169380038296
1248,1712169380039300
1249,1712169380040303
1250,1712169380041306
1251,1712169380042309
1252,1712169380043313
1253,1712169380044316
1254,1712169380045319
1255,1712169380046323
1256,1712169380047326
1257,1712169380048329
1258,1712169380049333
1259,1712169380050336
1260,1712169380051339
1261,1712169380052343
1262,1712169380053346
1263,1712169380054349
1264,1712169380055353
1265,1712169380056356
1266,1712169380057359
1267,1712169380058362
1268,1712169380059366
1269,1712169380060369
1270,1712169380061372
1271,1712169380062376
1272,1712169380063379
1273,1712169380064382
1274,1712169380065386
1275,1712169380066389
1276,1712169380067393
1277,1712169380068396
1278,1712169380069399
1279,1712169380070403
1280,1712169380071406
1281,1712169380072409
1282,1712169380073413
1283,1712169380074417
1284,1712169380075420
1285,1712169380076423
1286,1712169380077427
1287,1712169380078431
1288,1712169380079434
1289,1712169380080437
1290,1712169380081440
1291,1712169380082444
1292,1712169380083447
1293,1712169380084451
1294,1712169380085454
1295,1712169380086458
1296,1712169380087461
1297,1712169380088464
1298,1712169380089468
1299,1712169380090471
1300,1712169380091476
1301,1712169380092479
1302,1712169380093482
1303,1712169380094486
1304,1712169380095489
1305,1712169380096493
1306,1712169380097496
1307,1712169380098500
1308,1712169380099503
1309,1712169380100506
1310,1712169380101510
1311,1712169380102514
1312,1712169380103517
1313,1712169380104520
1314,1712169380105523
1315,1712169380106527
1316,1712169380107530
1317,1712169380108533
1318,1712169380109537
1319,1712169380110541
1320,1712169380111544
1321,1712169380112547
1322,1712169380113550
1323,1712169380114554
1324,1712169380115557
1325,1712169380116561
1326,1712169380117564
1327,1712169380118568
1328,1712169380119571
1329,1712169380120574
1330,1712169380121577
1331,1712169380122581
1332,1712169380123584
1333,1712169380124588
1334,1712169380125591
1335,1712169380126595
1336,1712169380127598
1337,1712169380128601
1338,1712169380129605
1339,1712169380130609
1340,1712169380131612
1341,1712169380132615
1342,1712169380133618
1343,1712169380134622
1344,1712169380135625
1345,1712169380136629
1346,1712169380137632
1347,1712169380138636
1348,1712169380139639
1349,1712169380140642
1350,1712169380141645
1351,1712169380142649
1352,1712169380143652
1353,1712169380144656
1354,1712169380145659
1355,1712169380146663
1356,1712169380147666
1357,1712169380148669
1358,1712169380149672
1359,1712169380150676
1360,1712169380151679
1361,1712169380152683
1362,1712169380153686
1363,1712169380154690
1364,1712169380155693
1365,1712169380156696
1366,1712169380157700
1367,1712169380158703
1368,1712169380159707
1369,1712169380160710
1370,1712169380161713
1371,1712169380162717
1372,1712169380163720
1373,1712169380164723
1374,1712169380165727
1375,1712169380166731
1376,1712169380167734
1377,1712169380168737
1378,1712169380169740
1379,1712169380170744
1380,1712169380171747
1381,1712169380172751
1382,1712169380173754
1383,1712169380174758
1384,1712169380175761
1385,1712169380176764
1386,1712169380177767
1387,1712169380178771
1388,1712169380179775
1389,1712169380180778
1390,1712169380181781
1391,1712169380182785
1392,1712169380183788
1393,1712169380184791
1394,1712169380185795
1395,1712169380186799
1396,1712169380187802
1397,1712169380188805
1398,1712169380189808
1399,1712169380190812
1400,1712169380191816
1401,1712169380192820
1402,1712169380193823
1403,1712169380194827
1404,1712169380195830
1405,1712169380196834
1406,1712169380197837
1407,1712169380198841
1408,1712169380199844
1409,1712169380200847
1410,1712169380201850
1411,1712169380202854
1412,1712169380203858
1413,1712169380204861
1414,1712169380205864
1415,1712169380206868
1416,1712169380207871
1417,1712169380208874
1418,1712169380209878
1419,1712169380210882
1420,1712169380211885
1421,1712169380212888
1422,1712169380213891
1423,1712169380214895
1424,1712169380215898
1425,1712169380216901
1426,1712169380217904
1427,1712169380218908
1428,1712169380219912
1429,1712169380220915
1430,1712169380221918
1431,1712169380222922
1432,1712169380223925
1433,1712169380224928
1434,1712169380225931
1435,1712169380226935
1436,1712169380227938
1437,1712169380228941
1438,1712169380229947
1439,1712169380230948
1440,1712169380231951
1441,1712169380232955
1442,1712169380233958
1443,1712169380234962
1444,1712169380235965
1445,1712169380236968
1446,1712169380237971
1447,1712169380238975
1448,1712169380239978
1449,1712169380240981
1450,1712169380241985
1451,1712169380242988
1452,1712169380243991
1453,1712169380244995
1454,1712169380245998
1455,1712169380247001
1456,1712169380248005
1457,1712169380249008
1458,1712169380250011
1459,1712169380251015
1460,1712169380252018
1461,1712169380253021
1462,1712169380254025
1463,1712169380255028
1464,1712169380256031
1465,1712169380257034
1466,1712169380258038
1467,1712169380259041
1468,1712169380260045
1469,1712169380261048
1470,1712169380262051
1471,1712169380263055
1472,1712169380264058
1473,1712169380265061
1474,1712169380266064
1475,1712169380267068
1476,1712169380268071
1477,1712169380269074
1478,1712169380270078
1479,1712169380271081
1480,1712169380272084
1481,1712169380273088
1482,1712169380274091
1483,1712169380275095
1484,1712169380276098
1485,1712169380277101
1486,1712169380278104
1487,1712169380279108
1488,1712169380280110
1489,1712169380281113
1490,1712169380282116
1491,1712169380283119
1492,1712169380284122
1493,1712169380285126
1494,1712169380286129
1495,1712169380287132
1496,1712169380288135
1497,1712169380289138
1498,1712169380290141
1499,1712169380291145
1500,1712169380292149
1501,1712169380293152
1502,1712169380294155
1503,1712169380295159
1504,1712169380296162
1505,1712169380297165
1506,1712169380298168
1507,1712169380299171
1508,1712169380300174
1509,1712169380301177
1510,1712169380302180
1511,1712169380303184
1512,1712169380304187
1513,1712169380305190
1514,1712169380306193
1515,1712169380307196
1516,1712169380308199
1517,1712169380309202
1518,1712169380310206
1519,1712169380311209
1520,1712169380312212
1521,1712169380313215
1522,1712169380314218
1523,1712169380315222
1524,1712169380316225
1525,1712169380317228
1526,1712169380318231
1527,1712169380319234
1528,1712169380320237
1529,1712169380321240
1530,1712169380322243
1531,1712169380323247
1532,1712169380324250
1533,1712169380325253
1534,1712169380326256
1535,1712169380327259
1536,1712169380328262
1537,1712169380329265
1538,1712169380330268
1539,1712169380331272
1540,1712169380332275
1541,1712169380333278
1542,1712169380334281
1543,1712169380335284
1544,1712169380336287
1545,1712169380337290
1546,1712169380338294
1547,1712169380339297
1548,1712169380340300
1549,1712169380341303
1550,1712169380342306
1551,1712169380343309
1552,1712169380344313
1553,1712169380345316
1554,1712169380346319
1555,1712169380347322
1556,1712169380348325
1557,1712169380349328
1558,1712169380350331
1559,1712169380351335
1560,1712169380352338
1561,1712169380353341
1562,1712169380354344
1563,1712169380355347
1564,1712169380356350
1565,1712169380357353
1566,1712169380358356
1567,1712169380359360
1568,1712169380360363
1569,1712169380361366
1570,1712169380362369
1571,1712169380363372
1572,1712169380364375
1573,1712169380365379
1574,1712169380366382
1575,1712169380367385
1576,1712169380368388
1577,1712169380369391
1578,1712169380370394
1579,1712169380371397
1580,1712169380372400
1581,1712169380373404
1582,1712169380374408
1583,1712169380375411
1584,1712169380376414
1585,1712169380377417
1586,1712169380378420
1587,1712169380379423
1588,1712169380380426
1589,1712169380381430
1590,1712169380382433
1591,1712169380383436
1592,1712169380384439
1593,1712169380385443
1594,1712169380386446
1595,1712169380387449
1596,1712169380388452
1597,1712169380389455
1598,1712169380390459
1599,1712169380391462
1600,1712169380392466
1601,1712169380393470
1602,1712169380394473
1603,1712169380395476
1604,1712169380396479
1605,1712169380397482
1606,1712169380398486
1607,1712169380399489
1608,1712169380400492
1609,1712169380401495
1610,1712169380402499
1611,1712169380403502
1612,1712169380404505
1613,1712169380405508
1614,1712169380406512
1615,1712169380407515
1616,1712169380408518
1617,1712169380409521
1618,1712169380410525
1619,1712169380411528
1620,1712169380412531
1621,1712169380413534
1622,1712169380414538
1623,1712169380415541
1624,1712169380416544
1625,1712169380417547
1626,1712169380418551
1627,1712169380419554
1628,1712169380420557
1629,1712169380421560
1630,1712169380422563
1631,1712169380423566
1632,1712169380424569
1633,1712169380425573
1634,1712169380426576
1635,1712169380427579
1636,1712169380428582
1637,1712169380429585
1638,1712169380430589
1639,1712169380431592
1640,1712169380432595
1641,1712169380433598
1642,1712169380434602
1643,1712169380435605
1644,1712169380436608
1645,1712169380437611
1646,1712169380438615
1647,1712169380439618
1648,1712169380440621
1649,1712169380441624
1650,1712169380442627
1651,1712169380443630
1652,1712169380444633
1653,1712169380445637
1654,1712169380446641
1655,1712169380447644
1656,1712169380448647
1657,1712169380449650
1658,1712169380450654
1659,1712169380451657
1660,1712169380452660
1661,1712169380453663
1662,1712169380454666
1663,1712169380455669
1664,1712169380456672
1665,1712169380457676
1666,1712169380458679
1667,1712169380459682
1668,1712169380460685
1669,1712169380461688
1670,1712169380462692
1671,1712169380463695
1672,1712169380464698
1673,1712169380465701
1674,1712169380466705
1675,1712169380467708
1676,1712169380468711
1677,1712169380469714
1678,1712169380470718
1679,1712169380471721
1680,1712169380472724
1681,1712169380473727
1682,1712169380474731
1683,1712169380475734
1684,1712169380476737
1685,1712169380477740
1686,1712169380478744
1687,1712169380479747
1688,1712169380480750
1689,1712169380481753
1690,1712169380482757
1691,1712169380483759
1692,1712169380484763
1693,1712169380485766
1694,1712169380486770
1695,1712169380487772
1696,1712169380488775
1697,1712169380489779
1698,1712169380490782
1699,1712169380491785
1700,1712169380492789
1701,1712169380493793
1702,1712169380494796
1703,1712169380495799
1704,1712169380496802
1705,1712169380497806
1706,1712169380498809
1707,1712169380499812
1708,1712169380500815
1709,1712169380501818
1710,1712169380502822
1711,1712169380503825
1712,1712169380504828
1713,1712169380505831
1714,1712169380506835
1715,1712169380507838
1716,1712169380508841
1717,1712169380509844
1718,1712169380510848
1719,1712169380511851
1720,1712169380512854
1721,1712169380513857
1722,1712169380514861
1723,1712169380515864
1724,1712169380516867
1725,1712169380517870
1726,1712169380518874
1727,1712169380519877
1728,1712169380520880
1729,1712169380521883
1730,1712169380522887
1731,1712169380523890
1732,1712169380524893
1733,1712169380525896
1734,1712169380526899
1735,1712169380527902
1736,1712169380528905
1737,1712169380529909
1738,1712169380530912
1739,1712169380531915
1740,1712169380532918
1741,1712169380533921
1742,1712169380534925
1743,1712169380535928
1744,1712169380536931
1745,1712169380537934
1746,1712169380538938
1747,1712169380539941
1748,1712169380540944
1749,1712169380541947
1750,1712169380542951
1751,1712169380543954
1752,1712169380544957
1753,1712169380545960
1754,1712169380546964
1755,1712169380547967
1756,1712169380548969
1757,1712169380549973
1758,1712169380550976
1759,1712169380551979
1760,1712169380552982
1761,1712169380553986
1762,1712169380554989
1763,1712169380555992
1764,1712169380556995
1765,1712169380557998
1766,1712169380559002
1767,1712169380560005
1768,1712169380561008
1769,1712169380562011
1770,1712169380563014
1771,1712169380564017
1772,1712169380565020
1773,1712169380566023
1774,1712169380567027
1775,1712169380568030
1776,1712169380569033
1777,1712169380570036
1778,1712169380571039
1779,1712169380572042
1780,1712169380573045
1781,1712169380574049
1782,1712169380575052
1783,1712169380576055
1784,1712169380577058
1785,1712169380578061
1786,1712169380579065
1787,1712169380580068
1788,1712169380581071
1789,1712169380582074
1790,1712169380583077
1791,1712169380584080
1792,1712169380585083
1793,1712169380586086
1794,1712169380587090
1795,1712169380588093
1796,1712169380589096
1797,1712169380590099
1798,1712169380591102
1799,1712169380592105
1800,1712169380593110
1801,1712169380594113
1802,1712169380595116
1803,1712169380596119
1804,1712169380597122
1805,1712169380598125
1806,1712169380599129
1807,1712169380600132
1808,1712169380601135
1809,1712169380602138
1810,1712169380603141
1811,1712169380604144
1812,1712169380605148
1813,1712169380606151
1814,1712169380607154
1815,1712169380608157
1816,1712169380609160
1817,1712169380610163
1818,1712169380611167
1819,1712169380612170
1820,1712169380613173
1821,1712169380614176
1822,1712169380615179
1823,1712169380616182
1824,1712169380617185
1825,1712169380618188
1826,1712169380619192
1827,1712169380620195
1828,1712169380621198
1829,1712169380622201
1830,1712169380623204
1831,1712169380624207
1832,1712169380625210
1833,1712169380626213
1834,1712169380627217
1835,1712169380628220
1836,1712169380629223
1837,1712169380630226
1838,1712169380631229
1839,1712169380632232
1840,1712169380633235
1841,1712169380634239
1842,1712169380635242
1843,1712169380636245
1844,1712169380637248
1845,1712169380638251
1846,1712169380639254
1847,1712169380640257
1848,1712169380641261
1849,1712169380642264
1850,1712169380643267
1851,1712169380644270
1852,1712169380645273
1853,1712169380646276
1854,1712169380647280
1855,1712169380648283
1856,1712169380649286
1857,1712169380650289
1858,1712169380651292
1859,1712169380652295
1860,1712169380653298
1861,1712169380654301
1862,1712169380655305
1863,1712169380656308
1864,1712169380657311
1865,1712169380658314
1866,1712169380659317
1867,1712169380660320
1868,1712169380661323
1869,1712169380662327
1870,1712169380663330
1871,1712169380664333
1872,1712169380665336
1873,1712169380666339
1874,1712169380667343
1875,1712169380668345
1876,1712169380669348
1877,1712169380670352
1878,1712169380671355
1879,1712169380672358
1880,1712169380673361
1881,1712169380674364
1882,1712169380675368
1883,1712169380676371
1884,1712169380677374
1885,1712169380678377
1886,1712169380679380
1887,1712169380680383
1888,1712169380681386
1889,1712169380682389
1890,1712169380683393
1891,1712169380684395
1892,1712169380685398
1893,1712169380686403
1894,1712169380687406
1895,1712169380688409
1896,1712169380689413
1897,1712169380690417
1898,1712169380691420
1899,1712169380692423
1900,1712169380693427
1901,1712169380694432
1902,1712169380695435
1903,1712169380696438
1904,1712169380697441
1905,1712169380698445
1906,1712169380699448
1907,1712169380700451
1908,1712169380701455
1909,1712169380702459
1910,1712169380703462
1911,1712169380704465
1912,1712169380705469
1913,1712169380706473
1914,1712169380707476
1915,1712169380708479
1916,1712169380709482
1917,1712169380710486
1918,1712169380711490
1919,1712169380712493
1920,1712169380713496
1921,1712169380714500
1922,1712169380715503
1923,1712169380716506
1924,1712169380717510
1925,1712169380718514
1926,1712169380719517
1927,1712169380720520
1928,1712169380721523
1929,1712169380722527
1930,1712169380723530
1931,1712169380724534
1932,1712169380725537
1933,1712169380726541
1934,1712169380727543
1935,1712169380728547
1936,1712169380729550
1937,1712169380730554
1938,1712169380731557
1939,1712169380732561
1940,1712169380733564
1941,1712169380734568
1942,1712169380735572
1943,1712169380736575
1944,1712169380737578
1945,1712169380738582
1946,1712169380739585
1947,1712169380740588
1948,1712169380741592
1949,1712169380742596
1950,1712169380743599
1951,1712169380744602
1952,1712169380745605
1953,1712169380746609
1954,1712169380747612
1955,1712169380748616
1956,1712169380749619
1957,1712169380750623
1958,1712169380751626
1959,1712169380752629
1960,1712169380753632
1961,1712169380754637
1962,1712169380755640
1963,1712169380756643
1964,1712169380757646
1965,1712169380758650
1966,1712169380759653
1967,1712169380760657
1968,1712169380761660
1969,1712169380762664
1970,1712169380763667
1971,1712169380764670
1972,1712169380765674
1973,1712169380766677
1974,1712169380767681
1975,1712169380768684
1976,1712169380769687
1977,1712169380770691
1978,1712169380771694
1979,1712169380772698
1980,1712169380773701
1981,1712169380774705
1982,1712169380775708
1983,1712169380776711
1984,1712169380777715
1985,1712169380778718
1986,1712169380779722
1987,1712169380780725
1988,1712169380781728
1989,1712169380782732
1990,1712169380783735
1991,1712169380784738
1992,1712169380785742
1993,1712169380786746
1994,1712169380787749
1995,1712169380788752
1996,1712169380789755
1997,1712169380790759
1998,1712169380791762
1999,1712169380792766
2000,1712169380793770
2001,1712169380794774
2002,1712169380795777
2003,1712169380796781
2004,1712169380797784
2005,1712169380798788
2006,1712169380799791
2007,1712169380800794
2008,1712169380801798
2009,1712169380802802
2010,1712169380803805
2011,1712169380804808
2012,1712169380805811
2013,1712169380806815
2014,1712169380807818
2015,1712169380808822
2016,1712169380809825
2017,1712169380810829
2018,1712169380811832
2019,1712169380812835
2020,1712169380813839
2021,1712169380814843
2022,1712169380815846
2023,1712169380816849
2024,1712169380817852
2025,1712169380818856
2026,1712169380819859
2027,1712169380820863
2028,1712169380821866
2029,1712169380822870
2030,1712169380823873
2031,1712169380824876
2032,1712169380825880
2033,1712169380826883
2034,1712169380827886
2035,1712169380828890
2036,1712169380829893
2037,1712169380830897
2038,1712169380831900
2039,1712169380832903
2040,1712169380833907
2041,1712169380834911
2042,1712169380835914
2043,1712169380836917
2044,1712169380837920
2045,1712169380838924
2046,1712169380839927
2047,1712169380840931
2048,1712169380841937
2049,1712169380842938
2050,1712169380843941
2051,1712169380844945
2052,1712169380845948
2053,1712169380846952
2054,1712169380847955
2055,1712169380848958
2056,1712169380849962
2057,1712169380850966
2058,1712169380851969
2059,1712169380852972
2060,1712169380853975
2061,1712169380854979
2062,1712169380855982
2063,1712169380856985
2064,1712169380857989
2065,1712169380858993
2066,1712169380859996
2067,1712169380860999
2068,1712169380862002
2069,1712169380863006
2070,1712169380864009
2071,1712169380865013
2072,1712169380866016
2073,1712169380867020
2074,1712169380868023
2075,1712169380869026
2076,1712169380870030
2077,1712169380871034
2078,1712169380872037
2079,1712169380873040
2080,1712169380874043
2081,1712169380875047
2082,1712169380876050
2083,1712169380877054
2084,1712169380878057
2085,1712169380879061
2086,1712169380880064
2087,1712169380881067
2088,1712169380882071
2089,1712169380883075
2090,1712169380884078
2091,1712169380885081
2092,1712169380886084
2093,1712169380887088
2094,1712169380888091
2095,1712169380889095
2096,1712169380890098
2097,1712169380891102
2098,1712169380892105
2099,1712169380893108
2100,1712169380894113
2101,1712169380895117
2102,1712169380896120
2103,1712169380897124
2104,1712169380898127
2105,1712169380899130
2106,1712169380900134
2107,1712169380901137
2108,1712169380902140
2109,1712169380903144
2110,1712169380904147
2111,1712169380905150
2112,1712169380906153
2113,1712169380907157
2114,1712169380908160
2115,1712169380909164
2116,1712169380910167
2117,1712169380911170
2118,1712169380912174
2119,1712169380913177
2120,1712169380914180
2121,1712169380915184
2122,1712169380916187
2123,1712169380917190
2124,1712169380918193
2125,1712169380919197
2126,1712169380920200
2127,1712169380921203
2128,1712169380922207
2129,1712169380923210
2130,1712169380924213
2131,1712169380925217
2132,1712169380926220
2133,1712169380927224
2134,1712169380928227
2135,1712169380929230
2136,1712169380930233
2137,1712169380931237
2138,1712169380932240
2139,1712169380933243
2140,1712169380934247
2141,1712169380935250
2142,1712169380936253
2143,1712169380937257
2144,1712169380938260
2145,1712169380939264
2146,1712169380940267
2147,1712169380941270
2148,1712169380942273
2149,1712169380943277
2150,1712169380944280
2151,1712169380945283
2152,1712169380946287
2153,1712169380947290
2154,1712169380948294
2155,1712169380949297
2156,1712169380950300
2157,1712169380951304
2158,1712169380952307
2159,1712169380953310
2160,1712169380954313
2161,1712169380955317
2162,1712169380956320
2163,1712169380957323
2164,1712169380958327
2165,1712169380959330
2166,1712169380960333
2167,1712169380961337
2168,1712169380962340
2169,1712169380963344
2170,1712169380964347
2171,1712169380965350
2172,1712169380966353
2173,1712169380967357
2174,1712169380968360
2175,1712169380969363
2176,1712169380970366
2177,1712169380971370
2178,1712169380972373
2179,1712169380973377
2180,1712169380974380
2181,1712169380975383
2182,1712169380976387
2183,1712169380977390
2184,1712169380978393
2185,1712169380979397
2186,1712169380980400
2187,1712169380981403
2188,1712169380982407
2189,1712169380983411
2190,1712169380984414
2191,1712169380985417
2192,1712169380986421
2193,1712169380987424
2194,1712169380988427
2195,1712169380989431
2196,1712169380990435
2197,1712169380991438
2198,1712169380992441
2199,1712169380993444
2200,1712169380994449
2201,1712169380995453
2202,1712169380996456
2203,1712169380997459
2204,1712169380998463
2205,1712169380999466
2206,1712169381000470
2207,1712169381001473
2208,1712169381002477
2209,1712169381003480
2210,1712169381004483
2211,1712169381005487
2212,1712169381006491
2213,1712169381007494
2214,1712169381008497
2215,1712169381009500
2216,1712169381010504
2217,1712169381011507
2218,1712169381012511
2219,1712169381013514
2220,1712169381014518
2221,1712169381015521
2222,1712169381016524
2223,1712169381017528
2224,1712169381018532
2225,1712169381019535
2226,1712169381020538
2227,1712169381021541
2228,1712169381022545
2229,1712169381023548
2230,1712169381024552
2231,1712169381025555
2232,1712169381026559
2233,1712169381027562
2234,1712169381028565
2235,1712169381029569
2236,1712169381030573
2237,1712169381031576
2238,1712169381032579
2239,1712169381033582
2240,1712169381034586
2241,1712169381035589
2242,1712169381036593
2243,1712169381037596
2244,1712169381038600
2245,1712169381039603
2246,1712169381040606
2247,1712169381041609
2248,1712169381042614
2249,1712169381043617
2250,1712169381044620
2251,1712169381045623
2252,1712169381046627
2253,1712169381047630
2254,1712169381048634
2255,1712169381049637
2256,1712169381050641
2257,1712169381051644
2258,1712169381052647
2259,1712169381053651
2260,1712169381054655
2261,1712169381055658
2262,1712169381056661
2263,1712169381057664
2264,1712169381058668
2265,1712169381059671
2266,1712169381060675
2267,1712169381061678
2268,1712169381062682
2269,1712169381063685
2270,1712169381064688
2271,1712169381065691
2272,1712169381066695
2273,1712169381067698
2274,1712169381068702
2275,1712169381069705
2276,1712169381070709
2277,1712169381071712
2278,1712169381072715
2279,1712169381073719
2280,1712169381074723
2281,1712169381075726
2282,1712169381076729
2283,1712169381077732
2284,1712169381078736
2285,1712169381079739
2286,1712169381080743
2287,1712169381081746
2288,1712169381082750
2289,1712169381083753
2290,1712169381084756
2291,1712169381085760
2292,1712169381086764
2293,1712169381087767
2294,1712169381088770
2295,1712169381089773
2296,1712169381090777
2297,1712169381091780
2298,1712169381092784
2299,1712169381093787
2300,1712169381094792
2301,1712169381095795
2302,1712169381096799
2303,1712169381097802
2304,1712169381098806
2305,1712169381099809
2306,1712169381100812
2307,1712169381101815
2308,1712169381102819
2309,1712169381103823
2310,1712169381104826
2311,1712169381105829
2312,1712169381106833
2313,1712169381107836
2314,1712169381108840
2315,1712169381109843
2316,1712169381110847
2317,1712169381111850
2318,1712169381112853
2319,1712169381113856
2320,1712169381114860
2321,1712169381115863
2322,1712169381116867
2323,1712169381117870
2324,1712169381118874
2325,1712169381119877
2326,1712169381120881
2327,1712169381121884
2328,1712169381122888
2329,1712169381123891
2330,1712169381124894
2331,1712169381125898
2332,1712169381126902
2333,1712169381127905
2334,1712169381128908
2335,1712169381129911
2336,1712169381130915
2337,1712169381131918
2338,1712169381132921
2339,1712169381133925
2340,1712169381134929
2341,1712169381135932
2342,1712169381136935
2343,1712169381137938
2344,1712169381138942
2345,1712169381139945
2346,1712169381140949
2347,1712169381141952
2348,1712169381142956
2349,1712169381143959
2350,1712169381144962
2351,1712169381145966
2352,1712169381146970
2353,1712169381147973
2354,1712169381148976
2355,1712169381149979
2356,1712169381150983
2357,1712169381151986
2358,1712169381152990
2359,1712169381153993
2360,1712169381154997
2361,1712169381156000
2362,1712169381157003
2363,1712169381158006
2364,1712169381159010
2365,1712169381160014
2366,1712169381161017
2367,1712169381162020
2368,1712169381163024
2369,1712169381164027
2370,1712169381165030
2371,1712169381166034
2372,1712169381167038
2373,1712169381168041
2374,1712169381169044
2375,1712169381170047
2376,1712169381171051
2377,1712169381172054
2378,1712169381173058
2379,1712169381174061
2380,1712169381175065
2381,1712169381176068
2382,1712169381177071
2383,1712169381178075
2384,1712169381179079
2385,1712169381180082
2386,1712169381181085
2387,1712169381182088
2388,1712169381183092
2389,1712169381184095
2390,1712169381185098
2391,1712169381186102
2392,1712169381187106
2393,1712169381188109
2394,1712169381189112
2395,1712169381190116
2396,1712169381191119
2397,1712169381192123
2398,1712169381193126
2399,1712169381194129
2400,1712169381195134
2401,1712169381196138
2402,1712169381197141
2403,1712169381198144
2404,1712169381199148
2405,1712169381200151
2406,1712169381201154
2407,1712169381202158
2408,1712169381203162
2409,1712169381204165
2410,1712169381205168
2411,1712169381206171
2412,1712169381207175
2413,1712169381208178
2414,1712169381209182
2415,1712169381210185
2416,1712169381211189
2417,1712169381212192
2418,1712169381213195
2419,1712169381214199
2420,1712169381215203
2421,1712169381216206
2422,1712169381217209
2423,1712169381218212
2424,1712169381219216
2425,1712169381220220
2426,1712169381221223
2427,1712169381222226
2428,1712169381223230
2429,1712169381224233
2430,1712169381225236
2431,1712169381226240
2432,1712169381227244
2433,1712169381228247
2434,1712169381229250
2435,1712169381230253
2436,1712169381231257
2437,1712169381232261
2438,1712169381233264
2439,1712169381234267
2440,1712169381235271
2441,1712169381236274
2442,1712169381237277
2443,1712169381238280
2444,1712169381239284
2445,1712169381240286
2446,1712169381241290
2447,1712169381242293
2448,1712169381243297
2449,1712169381244300
2450,1712169381245304
2451,1712169381246307
2452,1712169381247311
2453,1712169381248314
2454,1712169381249317
2455,1712169381250320
2456,1712169381251324
2457,1712169381252327
2458,1712169381253330
2459,1712169381254334
2460,1712169381255337
2461,1712169381256340
2462,1712169381257347
2463,1712169381258347
2464,1712169381259351
2465,1712169381260354
2466,1712169381261357
2467,1712169381262360
2468,1712169381263364
2469,1712169381264367
2470,1712169381265371
2471,1712169381266374
2472,1712169381267377
2473,1712169381268381
2474,1712169381269384
2475,1712169381270387
2476,1712169381271391
2477,1712169381272394
2478,1712169381273397
2479,1712169381274402
2480,1712169381275405
2481,1712169381276408
2482,1712169381277411
2483,1712169381278415
2484,1712169381279418
2485,1712169381280422
2486,1712169381281425
2487,1712169381282429
2488,1712169381283432
2489,1712169381284435
2490,1712169381285439
2491,1712169381286443
2492,1712169381287446
2493,1712169381288449
2494,1712169381289452
2495,1712169381290456
2496,1712169381291459
2497,1712169381292463
2498,1712169381293466
2499,1712169381294470
2500,1712169381295474
2501,1712169381296478
2502,1712169381297481
2503,1712169381298485
2504,1712169381299488
2505,1712169381300491
2506,1712169381301495
2507,1712169381302499
2508,1712169381303501
2509,1712169381304504
2510,1712169381305507
2511,1712169381306510
2512,1712169381307513
2513,1712169381308516
2514,1712169381309519
2515,1712169381310523
2516,1712169381311526
2517,1712169381312529
2518,1712169381313532
2519,1712169381314536
2520,1712169381315539
2521,1712169381316542
2522,1712169381317546
2523,1712169381318549
2524,1712169381319552
2525,1712169381320555
2526,1712169381321558
2527,1712169381322562
2528,1712169381323565
2529,1712169381324568
2530,1712169381325571
2531,1712169381326575
2532,1712169381327578
2533,1712169381328581
2534,1712169381329584
2535,1712169381330588
2536,1712169381331591
2537,1712169381332594
2538,1712169381333597
2539,1712169381334601
2540,1712169381335604
2541,1712169381336607
2542,1712169381337610
2543,1712169381338614
2544,1712169381339617
2545,1712169381340620
2546,1712169381341623
2547,1712169381342627
2548,1712169381343630
2549,1712169381344633
2550,1712169381345636
2551,1712169381346640
2552,1712169381347643
2553,1712169381348646
2554,1712169381349649
2555,1712169381350652
2556,1712169381351655
2557,1712169381352658
2558,1712169381353662
2559,1712169381354665
2560,1712169381355668
2561,1712169381356671
2562,1712169381357674
2563,1712169381358678
2564,1712169381359681
2565,1712169381360684
2566,1712169381361687
2567,1712169381362691
2568,1712169381363694
2569,1712169381364697
2570,1712169381365700
2571,1712169381366704
2572,1712169381367707
2573,1712169381368710
2574,1712169381369713
2575,1712169381370717
2576,1712169381371720
2577,1712169381372723
2578,1712169381373726
2579,1712169381374730
2580,1712169381375733
2581,1712169381376736
2582,1712169381377739
2583,1712169381378743
2584,1712169381379746
2585,1712169381380749
2586,1712169381381752
2587,1712169381382756
2588,1712169381383759
2589,1712169381384762
2590,1712169381385765
2591,1712169381386769
2592,1712169381387772
2593,1712169381388775
2594,1712169381389778
2595,1712169381390781
2596,1712169381391784
2597,1712169381392788
2598,1712169381393791
2599,1712169381394794
2600,1712169381395798
2601,1712169381396802
2602,1712169381397805
2603,1712169381398809
2604,1712169381399811
2605,1712169381400815
2606,1712169381401818
2607,1712169381402822
2608,1712169381403824
2609,1712169381404828
2610,1712169381405831
2611,1712169381406834
2612,1712169381407837
2613,1712169381408840
2614,1712169381409844
2615,1712169381410847
2616,1712169381411850
2617,1712169381412853
2618,1712169381413856
2619,1712169381414860
2620,1712169381415863
2621,1712169381416866
2622,1712169381417869
2623,1712169381418873
2624,1712169381419876
2625,1712169381420879
2626,1712169381421882
2627,1712169381422886
2628,1712169381423889
2629,1712169381424892
2630,1712169381425895
2631,1712169381426899
2632,1712169381427902
2633,1712169381428905
2634,1712169381429908
2635,1712169381430912
2636,1712169381431915
2637,1712169381432918
2638,1712169381433921
2639,1712169381434925
2640,1712169381435928
2641,1712169381436931
2642,1712169381437934
2643,1712169381438938
2644,1712169381439941
2645,1712169381440944
2646,1712169381441947
2647,1712169381442951
2648,1712169381443954
2649,1712169381444957
2650,1712169381445960
2651,1712169381446964
2652,1712169381447967
2653,1712169381448970
2654,1712169381449973
2655,1712169381450976
2656,1712169381451979
2657,1712169381452982
2658,1712169381453986
2659,1712169381454989
2660,1712169381455992
2661,1712169381456995
2662,1712169381457998
2663,1712169381459002
2664,1712169381460005
2665,1712169381461008
2666,1712169381462011
2667,1712169381463015
2668,1712169381464018
2669,1712169381465021
2670,1712169381466024
2671,1712169381467028
2672,1712169381468031
2673,1712169381469034
2674,1712169381470037
2675,1712169381471041
2676,1712169381472044
2677,1712169381473047
2678,1712169381474050
2679,1712169381475054
2680,1712169381476057
2681,1712169381477060
2682,1712169381478063
2683,1712169381479067
2684,1712169381480070
2685,1712169381481073
2686,1712169381482076
2687,1712169381483080
2688,1712169381484082
2689,1712169381485085
2690,1712169381486089
2691,1712169381487092
2692,1712169381488095
2693,1712169381489098
2694,1712169381490101
2695,1712169381491105
2696,1712169381492108
2697,1712169381493111
2698,1712169381494114
2699,1712169381495118
2700,1712169381496122
2701,1712169381497125
2702,1712169381498128
2703,1712169381499132
2704,1712169381500135
2705,1712169381501138
2706,1712169381502141
2707,1712169381503145
2708,1712169381504148
2709,1712169381505151
2710,1712169381506154
2711,1712169381507158
2712,1712169381508161
2713,1712169381509164
2714,1712169381510167
2715,1712169381511171
2716,1712169381512174
2717,1712169381513177
2718,1712169381514180
2719,1712169381515184
2720,1712169381516187
2721,1712169381517190
2722,1712169381518193
2723,1712169381519197
2724,1712169381520200
2725,1712169381521203
2726,1712169381522206
2727,1712169381523210
2728,1712169381524212
2729,1712169381525216
2730,1712169381526219
2731,1712169381527222
2732,1712169381528225
2733,1712169381529229
2734,1712169381530232
2735,1712169381531235
2736,1712169381532238
2737,1712169381533241
2738,1712169381534244
2739,1712169381535248
2740,1712169381536251
2741,1712169381537254
2742,1712169381538257
2743,1712169381539261
2744,1712169381540264
2745,1712169381541267
2746,1712169381542270
2747,1712169381543274
2748,1712169381544277
2749,1712169381545280
2750,1712169381546283
2751,1712169381547287
2752,1712169381548290
2753,1712169381549293
2754,1712169381550296
2755,1712169381551300
2756,1712169381552303
2757,1712169381553306
2758,1712169381554309
2759,1712169381555313
2760,1712169381556315
2761,1712169381557319
2762,1712169381558322
2763,1712169381559325
2764,1712169381560328
2765,1712169381561332
2766,1712169381562334
2767,1712169381563338
2768,1712169381564341
2769,1712169381565344
2770,1712169381566347
2771,1712169381567351
2772,1712169381568354
2773,1712169381569357
2774,1712169381570360
2775,1712169381571364
2776,1712169381572367
2777,1712169381573370
2778,1712169381574373
2779,1712169381575377
2780,1712169381576379
2781,1712169381577383
2782,1712169381578386
2783,1712169381579389
2784,1712169381580392
2785,1712169381581395
2786,1712169381582399
2787,1712169381583402
2788,1712169381584405
2789,1712169381585408
2790,1712169381586412
2791,1712169381587415
2792,1712169381588418
2793,1712169381589421
2794,1712169381590425
2795,1712169381591428
2796,1712169381592431
2797,1712169381593434
2798,1712169381594437
2799,1712169381595440
2800,1712169381596444
2801,1712169381597448
2802,1712169381598452
2803,1712169381599455
2804,1712169381600458
2805,1712169381601461
2806,1712169381602465
2807,1712169381603468
2808,1712169381604471
2809,1712169381605474
2810,1712169381606478
2811,1712169381607481
2812,1712169381608484
2813,1712169381609487
2814,1712169381610490
2815,1712169381611493
2816,1712169381612496
2817,1712169381613499
2818,1712169381614503
2819,1712169381615506
2820,1712169381616509
2821,1712169381617512
2822,1712169381618516
2823,1712169381619519
2824,1712169381620522
2825,1712169381621525
2826,1712169381622529
2827,1712169381623532
2828,1712169381624535
2829,1712169381625538
2830,1712169381626542
2831,1712169381627545
2832,1712169381628548
2833,1712169381629551
2834,1712169381630555
2835,1712169381631558
2836,1712169381632561
2837,1712169381633564
2838,1712169381634568
2839,1712169381635570
2840,1712169381636574
2841,1712169381637577
2842,1712169381638580
2843,1712169381639583
2844,1712169381640586
2845,1712169381641590
2846,1712169381642593
2847,1712169381643596
2848,1712169381644599
2849,1712169381645602
2850,1712169381646606
2851,1712169381647609
2852,1712169381648612
2853,1712169381649615
2854,1712169381650619
2855,1712169381651622
2856,1712169381652625
2857,1712169381653628
2858,1712169381654632
2859,1712169381655635
2860,1712169381656638
2861,1712169381657641
2862,1712169381658644
2863,1712169381659647
2864,1712169381660651
2865,1712169381661654
2866,1712169381662657
2867,1712169381663660
2868,1712169381664663
2869,1712169381665666
2870,1712169381666670
2871,1712169381667673
2872,1712169381668676
2873,1712169381669679
2874,1712169381670683
2875,1712169381671686
2876,1712169381672689
2877,1712169381673692
2878,1712169381674696
2879,1712169381675699
2880,1712169381676702
2881,1712169381677705
2882,1712169381678709
2883,1712169381679711
2884,1712169381680715
2885,1712169381681718
2886,1712169381682721
2887,1712169381683724
2888,1712169381684727
2889,1712169381685730
2890,1712169381686734
2891,1712169381687737
2892,1712169381688740
2893,1712169381689744
2894,1712169381690748
2895,1712169381691751
2896,1712169381692754
2897,1712169381693757
2898,1712169381694761
2899,1712169381695764
2900,1712169381696769
2901,1712169381697772
2902,1712169381698776
2903,1712169381699779
2904,1712169381700783
2905,1712169381701786
2906,1712169381702790
2907,1712169381703793
2908,1712169381704796
2909,1712169381705799
2910,1712169381706803
2911,1712169381707806
2912,1712169381708809
2913,1712169381709813
2914,1712169381710816
2915,1712169381711820
2916,1712169381712823
2917,1712169381713826
2918,1712169381714830
2919,1712169381715833
2920,1712169381716836
2921,1712169381717839
2922,1712169381718843
2923,1712169381719846
2924,1712169381720849
2925,1712169381721853
2926,1712169381722856
2927,1712169381723860
2928,1712169381724863
2929,1712169381725866
2930,1712169381726870
2931,1712169381727873
2932,1712169381728876
2933,1712169381729880
2934,1712169381730883
2935,1712169381731886
2936,1712169381732890
2937,1712169381733893
2938,1712169381734897
2939,1712169381735900
2940,1712169381736903
2941,1712169381737906
2942,1712169381738910
2943,1712169381739913
2944,1712169381740916
2945,1712169381741919
2946,1712169381742923
2947,1712169381743926
2948,1712169381744930
2949,1712169381745933
2950,1712169381746936
2951,1712169381747940
2952,1712169381748943
2953,1712169381749946
2954,1712169381750950
2955,1712169381751952
2956,1712169381752956
2957,1712169381753959
2958,1712169381754963
2959,1712169381755966
2960,1712169381756969
2961,1712169381757973
2962,1712169381758976
2963,1712169381759979
2964,1712169381760983
2965,1712169381761986
2966,1712169381762990
2967,1712169381763993
2968,1712169381764996
2969,1712169381765999
2970,1712169381767003
2971,1712169381768006
2972,1712169381769009
2973,1712169381770013
2974,1712169381771019
2975,1712169381772020
2976,1712169381773023
2977,1712169381774026
2978,1712169381775030
2979,1712169381776033
2980,1712169381777036
2981,1712169381778039
2982,1712169381779043
2983,1712169381780046
2984,1712169381781049
2985,1712169381782053
2986,1712169381783056
2987,1712169381784059
2988,1712169381785063
2989,1712169381786066
2990,1712169381787070
2991,1712169381788073
2992,1712169381789076
2993,1712169381790079
2994,1712169381791083
2995,1712169381792086
2996,1712169381793089
2997,1712169381794093
2998,1712169381795096
2999,1712169381796099
3000,1712169381797104
3001,1712169381798107
3002,1712169381799111
3003,1712169381800114
3004,1712169381801117
3005,1712169381802121
3006,1712169381803124
3007,1712169381804128
3008,1712169381805131
3009,1712169381806134
3010,1712169381807138
3011,1712169381808141
3012,1712169381809144
3013,1712169381810147
3014,1712169381811151
3015,1712169381812154
3016,1712169381813157
3017,1712169381814161
3018,1712169381815164
3019,1712169381816168
3020,1712169381817171
3021,1712169381818174
3022,1712169381819178
3023,1712169381820181
3024,1712169381821184
3025,1712169381822187
3026,1712169381823191
3027,1712169381824194
3028,1712169381825198
3029,1712169381826201
3030,1712169381827204
3031,1712169381828208
3032,1712169381829211
3033,1712169381830214
3034,1712169381831218
3035,1712169381832221
3036,1712169381833224
3037,1712169381834228
3038,1712169381835231
3039,1712169381836234
3040,1712169381837238
3041,1712169381838241
3042,1712169381839244
3043,1712169381840248
3044,1712169381841251
3045,1712169381842254
3046,1712169381843258
3047,1712169381844261
3048,1712169381845264
3049,1712169381846267
3050,1712169381847271
3051,1712169381848274
3052,1712169381849278
3053,1712169381850281
3054,1712169381851284
3055,1712169381852288
3056,1712169381853291
3057,1712169381854294
3058,1712169381855298
3059,1712169381856301
3060,1712169381857304
3061,1712169381858308
3062,1712169381859311
3063,1712169381860314
3064,1712169381861318
3065,1712169381862321
3066,1712169381863325
3067,1712169381864328
3068,1712169381865331
3069,1712169381866334
3070,1712169381867338
3071,1712169381868341
3072,1712169381869344
3073,1712169381870348
3074,1712169381871351
3075,1712169381872354
3076,1712169381873358
3077,1712169381874361
3078,1712169381875365
3079,1712169381876368
3080,1712169381877371
3081,1712169381878374
3082,1712169381879378
3083,1712169381880381
3084,1712169381881384
3085,1712169381882388
3086,1712169381883391
3087,1712169381884394
3088,1712169381885398
3089,1712169381886402
3090,1712169381887405
3091,1712169381888408
3092,1712169381889411
3093,1712169381890416
3094,1712169381891419
3095,1712169381892422
3096,1712169381893425
3097,1712169381894429
3098,1712169381895432
3099,1712169381896436
3100,1712169381897440
3101,1712169381898444
3102,1712169381899447
3103,1712169381900451
3104,1712169381901454
3105,1712169381902458
3106,1712169381903461
3107,1712169381904464
3108,1712169381905467
3109,1712169381906471
3110,1712169381907475
3111,1712169381908478
3112,1712169381909481
3113,1712169381910485
3114,1712169381911488
3115,1712169381912492
3116,1712169381913495
3117,1712169381914498
3118,1712169381915502
3119,1712169381916505
3120,1712169381917508
3121,1712169381918512
3122,1712169381919515
3123,1712169381920518
3124,1712169381921521
3125,1712169381922525
3126,1712169381923528
3127,1712169381924532
3128,1712169381925535
3129,1712169381926538
3130,1712169381927542
3131,1712169381928545
3132,1712169381929548
3133,1712169381930552
3134,1712169381931555
3135,1712169381932558
3136,1712169381933561
3137,1712169381934565
3138,1712169381935568
3139,1712169381936571
3140,1712169381937575
3141,1712169381938578
3142,1712169381939581
3143,1712169381940585
3144,1712169381941588
3145,1712169381942592
3146,1712169381943595
3147,1712169381944598
3148,1712169381945601
3149,1712169381946605
3150,1712169381947608
3151,1712169381948611
3152,1712169381949615
3153,1712169381950618
3154,1712169381951621
3155,1712169381952625
3156,1712169381953628
3157,1712169381954632
3158,1712169381955635
3159,1712169381956638
3160,1712169381957641
3161,1712169381958645
3162,1712169381959648
3163,1712169381960651
3164,1712169381961655
3165,1712169381962658
3166,1712169381963662
3167,1712169381964665
3168,1712169381965668
3169,1712169381966672
3170,1712169381967675
3171,1712169381968678
3172,1712169381969681
3173,1712169381970685
3174,1712169381971688
3175,1712169381972691
3176,1712169381973695
3177,1712169381974698
3178,1712169381975701
3179,1712169381976705
3180,1712169381977708
3181,1712169381978712
3182,1712169381979715
3183,1712169381980718
3184,1712169381981721
3185,1712169381982725
3186,1712169381983728
3187,1712169381984731
3188,1712169381985735
3189,1712169381986738
3190,1712169381987742
3191,1712169381988745
3192,1712169381989748
3193,1712169381990752
3194,1712169381991755
3195,1712169381992758
3196,1712169381993761
3197,1712169381994765
3198,1712169381995768
3199,1712169381996771
3200,1712169381997776
3201,1712169381998780
3202,1712169381999783
3203,1712169382000786
3204,1712169382001789
3205,1712169382002793
3206,1712169382003796
3207,1712169382004799
3208,1712169382005803
3209,1712169382006806
3210,1712169382007810
3211,1712169382008813
3212,1712169382009816
3213,1712169382010820
3214,1712169382011823
3215,1712169382012826
3216,1712169382013829
3217,1712169382014833
3218,1712169382015836
3219,1712169382016839
3220,1712169382017843
3221,1712169382018847
3222,1712169382019850
3223,1712169382020853
3224,1712169382021856
3225,1712169382022860
3226,1712169382023863
3227,1712169382024866
3228,1712169382025869
3229,1712169382026873
3230,1712169382027876
3231,1712169382028880
3232,1712169382029883
3233,1712169382030887
3234,1712169382031890
3235,1712169382032893
3236,1712169382033896
3237,1712169382034900
3238,1712169382035903
3239,1712169382036906
3240,1712169382037909
3241,1712169382038913
3242,1712169382039916
3243,1712169382040919
3244,1712169382041923
3245,1712169382042926
3246,1712169382043930
3247,1712169382044933
3248,1712169382045936
3249,1712169382046940
3250,1712169382047943
3251,1712169382048946
3252,1712169382049949
3253,1712169382050953
3254,1712169382051956
3255,1712169382052959
3256,1712169382053963
3257,1712169382054967
3258,1712169382055970
3259,1712169382056973
3260,1712169382057976
3261,1712169382058980
3262,1712169382059983
3263,1712169382060986
3264,1712169382061989
3265,1712169382062993
3266,1712169382063996
3267,1712169382064999
3268,1712169382066003
3269,1712169382067006
3270,1712169382068010
3271,1712169382069013
3272,1712169382070016
3273,1712169382071020
3274,1712169382072023
3275,1712169382073026
3276,1712169382074029
3277,1712169382075033
3278,1712169382076036
3279,1712169382077039
3280,1712169382078043
3281,1712169382079046
3282,1712169382080049
3283,1712169382081053
3284,1712169382082056
3285,1712169382083060
3286,1712169382084063
3287,1712169382085066
3288,1712169382086069
3289,1712169382087073
3290,1712169382088076
3291,1712169382089079
3292,1712169382090083
3293,1712169382091086
3294,1712169382092090
3295,1712169382093093
3296,1712169382094096
3297,1712169382095100
3298,1712169382096103
3299,1712169382097106
3300,1712169382098111
3301,1712169382099114
3302,1712169382100117
3303,1712169382101121
3304,1712169382102124
3305,1712169382103128
3306,1712169382104131
3307,1712169382105134
3308,1712169382106137
3309,1712169382107141
3310,1712169382108144
3311,1712169382109147
3312,1712169382110151
3313,1712169382111154
3314,1712169382112157
3315,1712169382113161
3316,1712169382114164
3317,1712169382115168
3318,1712169382116171
3319,1712169382117174
3320,1712169382118177
3321,1712169382119181
3322,1712169382120184
3323,1712169382121187
3324,1712169382122191
3325,1712169382123194
3326,1712169382124197
3327,1712169382125201
3328,1712169382126204
3329,1712169382127208
3330,1712169382128211
3331,1712169382129214
3332,1712169382130217
3333,1712169382131221
3334,1712169382132224
3335,1712169382133227
3336,1712169382134230
3337,1712169382135234
3338,1712169382136237
3339,1712169382137240
3340,1712169382138244
3341,1712169382139247
3342,1712169382140251
3343,1712169382141254
3344,1712169382142257
3345,1712169382143261
3346,1712169382144264
3347,1712169382145267
3348,1712169382146270
3349,1712169382147274
3350,1712169382148277
3351,1712169382149281
3352,1712169382150284
3353,1712169382151287
3354,1712169382152291
3355,1712169382153294
3356,1712169382154297
3357,1712169382155301
3358,1712169382156304
3359,1712169382157307
3360,1712169382158310
3361,1712169382159314
3362,1712169382160317
3363,1712169382161320
3364,1712169382162324
3365,1712169382163327
3366,1712169382164330
3367,1712169382165334
3368,1712169382166337
3369,1712169382167341
3370,1712169382168344
3371,1712169382169347
3372,1712169382170350
3373,1712169382171354
3374,1712169382172357
3375,1712169382173360
3376,1712169382174364
3377,1712169382175367
3378,1712169382176370
3379,1712169382177374
3380,1712169382178377
3381,1712169382179381
3382,1712169382180384
3383,1712169382181387
3384,1712169382182390
3385,1712169382183394
3386,1712169382184397
3387,1712169382185400
3388,1712169382186404
3389,1712169382187407
3390,1712169382188411
3391,1712169382189414
3392,1712169382190418
3393,1712169382191421
3394,1712169382192425
3395,1712169382193428
3396,1712169382194432
3397,1712169382195435
3398,1712169382196438
3399,1712169382197442
3400,1712169382198447
3401,1712169382199450
3402,1712169382200453
3403,1712169382201456
3404,1712169382202460
3405,1712169382203463
3406,1712169382204467
3407,1712169382205470
3408,1712169382206474
3409,1712169382207477
3410,1712169382208480
3411,1712169382209484
3412,1712169382210488
3413,1712169382211491
3414,1712169382212494
3415,1712169382213497
3416,1712169382214501
3417,1712169382215504
3418,1712169382216508
3419,1712169382217511
3420,1712169382218515
3421,1712169382219518
3422,1712169382220521
3423,1712169382221525
3424,1712169382222529
3425,1712169382223532
3426,1712169382224535
3427,1712169382225538
3428,1712169382226542
3429,1712169382227545
3430,1712169382228549
3431,1712169382229552
3432,1712169382230556
3433,1712169382231559
3434,1712169382232562
3435,1712169382233565
3436,1712169382234570
3437,1712169382235573
3438,1712169382236576
3439,1712169382237579
3440,1712169382238583
3441,1712169382239586
3442,1712169382240590
3443,1712169382241593
3444,1712169382242597
3445,1712169382243600
3446,1712169382244603
3447,1712169382245606
3448,1712169382246610
3449,1712169382247614
3450,1712169382248617
3451,1712169382249620
3452,1712169382250624
3453,1712169382251627
3454,1712169382252630
3455,1712169382253633
3456,1712169382254637
3457,1712169382255640
3458,1712169382256644
3459,1712169382257647
3460,1712169382258650
3461,1712169382259654
3462,1712169382260657
3463,1712169382261660
3464,1712169382262664
3465,1712169382263666
3466,1712169382264669
3467,1712169382265673
3468,1712169382266677
3469,1712169382267680
3470,1712169382268683
3471,1712169382269687
3472,1712169382270690
3473,1712169382271693
3474,1712169382272697
3475,1712169382273700
3476,1712169382274704
3477,1712169382275707
3478,1712169382276710
3479,1712169382277713
3480,1712169382278717
3481,1712169382279720
3482,1712169382280723
3483,1712169382281727
3484,1712169382282730
3485,1712169382283733
3486,1712169382284743
3487,1712169382285740
3488,1712169382286744
3489,1712169382287747
3490,1712169382288750
3491,1712169382289753
3492,1712169382290757
3493,1712169382291760
3494,1712169382292763
3495,1712169382293767
3496,1712169382294770
3497,1712169382295774
3498,1712169382296777
3499,1712169382297780
3500,1712169382298785
3501,1712169382299788
3502,1712169382300792
3503,1712169382301795
3504,1712169382302799
3505,1712169382303802
3506,1712169382304805
3507,1712169382305808
3508,1712169382306812
3509,1712169382307815
3510,1712169382308818
3511,1712169382309822
3512,1712169382310825
3513,1712169382311828
3514,1712169382312832
3515,1712169382313835
3516,1712169382314839
3517,1712169382315842
3518,1712169382316845
3519,1712169382317848
3520,1712169382318852
3521,1712169382319855
3522,1712169382320858
3523,1712169382321862
3524,1712169382322865
3525,1712169382323868
3526,1712169382324872
3527,1712169382325875
3528,1712169382326879
3529,1712169382327881
3530,1712169382328884
3531,1712169382329886
3532,1712169382330890
3533,1712169382331893
3534,1712169382332896
3535,1712169382333899
3536,1712169382334903
3537,1712169382335906
3538,1712169382336909
3539,1712169382337912
3540,1712169382338915
3541,1712169382339918
3542,1712169382340921
3543,1712169382341924
3544,1712169382342928
3545,1712169382343931
3546,1712169382344934
3547,1712169382345937
3548,1712169382346940
3549,1712169382347943
3550,1712169382348946
3551,1712169382349949
3552,1712169382350953
3553,1712169382351956
3554,1712169382352959
3555,1712169382353962
3556,1712169382354965
3557,1712169382355968
3558,1712169382356971
3559,1712169382357974
3560,1712169382358978
3561,1712169382359981
3562,1712169382360984
3563,1712169382361987
3564,1712169382362990
3565,1712169382363993
3566,1712169382364996
3567,1712169382365999
3568,1712169382367003
3569,1712169382368006
3570,1712169382369009
3571,1712169382370012
3572,1712169382371015
3573,1712169382372018
3574,1712169382373021
3575,1712169382374025
3576,1712169382375028
3577,1712169382376031
3578,1712169382377034
3579,1712169382378037
3580,1712169382379040
3581,1712169382380043
3582,1712169382381046
3583,1712169382382049
3584,1712169382383053
3585,1712169382384056
3586,1712169382385059
3587,1712169382386062
3588,1712169382387065
3589,1712169382388068
3590,1712169382389072
3591,1712169382390074
3592,1712169382391078
3593,1712169382392081
3594,1712169382393084
3595,1712169382394087
3596,1712169382395090
3597,1712169382396093
3598,1712169382397096
3599,1712169382398100
3600,1712169382399104
3601,1712169382400107
3602,1712169382401110
3603,1712169382402113
3604,1712169382403117
3605,1712169382404120
3606,1712169382405123
3607,1712169382406126
3608,1712169382407129
3609,1712169382408132
3610,1712169382409135
3611,1712169382410138
3612,1712169382411142
3613,1712169382412145
3614,1712169382413148
3615,1712169382414151
3616,1712169382415154
3617,1712169382416157
3618,1712169382417160
3619,1712169382418163
3620,1712169382419167
3621,1712169382420170
3622,1712169382421173
3623,1712169382422176
3624,1712169382423179
3625,1712169382424182
3626,1712169382425185
3627,1712169382426189
3628,1712169382427192
3629,1712169382428195
3630,1712169382429198
3631,1712169382430201
3632,1712169382431204
3633,1712169382432207
3634,1712169382433210
3635,1712169382434214
3636,1712169382435217
3637,1712169382436220
3638,1712169382437223
3639,1712169382438226
3640,1712169382439229
3641,1712169382440232
3642,1712169382441235
3643,1712169382442239
3644,1712169382443242
3645,1712169382444245
3646,1712169382445248
3647,1712169382446251
3648,1712169382447254
3649,1712169382448257
3650,1712169382449260
3651,1712169382450264
3652,1712169382451267
3653,1712169382452270
3654,1712169382453273
3655,1712169382454276
3656,1712169382455279
3657,1712169382456282
3658,1712169382457285
3659,1712169382458289
3660,1712169382459292
3661,1712169382460295
3662,1712169382461298
3663,1712169382462301
3664,1712169382463305
3665,1712169382464308
3666,1712169382465310
3667,1712169382466314
3668,1712169382467317
3669,1712169382468320
3670,1712169382469323
3671,1712169382470326
3672,1712169382471330
3673,1712169382472333
3674,1712169382473336
3675,1712169382474339
3676,1712169382475342
3677,1712169382476345
3678,1712169382477348
3679,1712169382478351
3680,1712169382479355
3681,1712169382480358
3682,1712169382481361
3683,1712169382482364
3684,1712169382483367
3685,1712169382484370
3686,1712169382485373
3687,1712169382486376
3688,1712169382487380
3689,1712169382488383
3690,1712169382489386
3691,1712169382490389
3692,1712169382491392
3693,1712169382492395
3694,1712169382493398
3695,1712169382494402
3696,1712169382495405
3697,1712169382496408
3698,1712169382497411
3699,1712169382498415
3700,1712169382499419
3701,1712169382500423
3702,1712169382501426
3703,1712169382502429
3704,1712169382503432
3705,1712169382504435
3706,1712169382505438
3707,1712169382506442
3708,1712169382507445
3709,1712169382508448
3710,1712169382509451
3711,1712169382510455
3712,1712169382511458
3713,1712169382512461
3714,1712169382513464
3715,1712169382514468
3716,1712169382515470
3717,1712169382516473
3718,1712169382517477
3719,1712169382518480
3720,1712169382519483
3721,1712169382520486
3722,1712169382521489
3723,1712169382522493
3724,1712169382523496
3725,1712169382524499
3726,1712169382525502
3727,1712169382526506
3728,1712169382527509
3729,1712169382528512
3730,1712169382529515
3731,1712169382530519
3732,1712169382531522
3733,1712169382532525
3734,1712169382533528
3735,1712169382534532
3736,1712169382535534
3737,1712169382536538
3738,1712169382537541
3739,1712169382538544
3740,1712169382539547
3741,1712169382540550
3742,1712169382541553
3743,1712169382542557
3744,1712169382543560
3745,1712169382544563
3746,1712169382545566
3747,1712169382546570
3748,1712169382547573
3749,1712169382548576
3750,1712169382549579
3751,1712169382550583
3752,1712169382551586
3753,1712169382552589
3754,1712169382553592
3755,1712169382554595
3756,1712169382555598
3757,1712169382556601
3758,1712169382557604
3759,1712169382558608
3760,1712169382559611
3761,1712169382560614
3762,1712169382561617
3763,1712169382562621
3764,1712169382563624
3765,1712169382564627
3766,1712169382565630
3767,1712169382566634
3768,1712169382567637
3769,1712169382568640
3770,1712169382569643
3771,1712169382570647
3772,1712169382571650
3773,1712169382572653
3774,1712169382573656
3775,1712169382574659
3776,1712169382575662
3777,1712169382576665
3778,1712169382577668
3779,1712169382578672
3780,1712169382579675
3781,1712169382580678
3782,1712169382581681
3783,1712169382582685
3784,1712169382583688
3785,1712169382584691
3786,1712169382585694
3787,1712169382586697
3788,1712169382587700
3789,1712169382588703
3790,1712169382589706
3791,1712169382590710
3792,1712169382591713
3793,1712169382592716
3794,1712169382593719
3795,1712169382594723
3796,1712169382595725
3797,1712169382596728
3798,1712169382597732
3799,1712169382598735
3800,1712169382599739
3801,1712169382600742
3802,1712169382601745
3803,1712169382602749
3804,1712169382603752
3805,1712169382604755
3806,1712169382605758
3807,1712169382606761
3808,1712169382607764
3809,1712169382608767
3810,1712169382609770
3811,1712169382610774
3812,1712169382611777
3813,1712169382612780
3814,1712169382613783
3815,1712169382614786
3816,1712169382615789
3817,1712169382616792
3818,1712169382617795
3819,1712169382618799
3820,1712169382619802
3821,1712169382620805
3822,1712169382621808
3823,1712169382622811
3824,1712169382623814
3825,1712169382624817
3826,1712169382625820
3827,1712169382626824
3828,1712169382627827
3829,1712169382628830
3830,1712169382629833
3831,1712169382630836
3832,1712169382631839
3833,1712169382632842
3834,1712169382633845
3835,1712169382634849
3836,1712169382635852
3837,1712169382636855
3838,1712169382637858
3839,1712169382638861
3840,1712169382639864
3841,1712169382640867
3842,1712169382641870
3843,1712169382642874
3844,1712169382643877
3845,1712169382644880
3846,1712169382645883
3847,1712169382646886
3848,1712169382647889
3849,1712169382648892
3850,1712169382649896
3851,1712169382650899
3852,1712169382651902
3853,1712169382652905
3854,1712169382653908
3855,1712169382654911
3856,1712169382655914
3857,1712169382656917
3858,1712169382657920
3859,1712169382658924
3860,1712169382659927
3861,1712169382660930
3862,1712169382661933
3863,1712169382662936
3864,1712169382663939
3865,1712169382664942
3866,1712169382665946
3867,1712169382666949
3868,1712169382667952
3869,1712169382668955
3870,1712169382669958
3871,1712169382670961
3872,1712169382671964
3873,1712169382672967
3874,1712169382673971
3875,1712169382674974
3876,1712169382675977
3877,1712169382676980
3878,1712169382677983
3879,1712169382678986
3880,1712169382679989
3881,1712169382680992
3882,1712169382681995
3883,1712169382682999
3884,1712169382684001
3885,1712169382685004
3886,1712169382686007
3887,1712169382687011
3888,1712169382688014
3889,1712169382689018
3890,1712169382690021
3891,1712169382691025
3892,1712169382692028
3893,1712169382693031
3894,1712169382694034
3895,1712169382695038
3896,1712169382696041
3897,1712169382697044
3898,1712169382698047
3899,1712169382699051
3900,1712169382700055
3901,1712169382701059
3902,1712169382702062
3903,1712169382703065
3904,1712169382704069
3905,1712169382705072
3906,1712169382706075
3907,1712169382707079
3908,1712169382708082
3909,1712169382709085
3910,1712169382710088
3911,1712169382711092
3912,1712169382712095
3913,1712169382713098
3914,1712169382714102
3915,1712169382715105
3916,1712169382716108
3917,1712169382717112
3918,1712169382718115
3919,1712169382719119
3920,1712169382720122
3921,1712169382721125
3922,1712169382722128
3923,1712169382723132
3924,1712169382724135
3925,1712169382725138
3926,1712169382726142
3927,1712169382727145
3928,1712169382728148
3929,1712169382729152
3930,1712169382730155
3931,1712169382731158
3932,1712169382732162
3933,1712169382733165
3934,1712169382734168
3935,1712169382735172
3936,1712169382736175
3937,1712169382737178
3938,1712169382738181
3939,1712169382739185
3940,1712169382740188
3941,1712169382741191
3942,1712169382742195
3943,1712169382743198
3944,1712169382744201
3945,1712169382745205
3946,1712169382746208
3947,1712169382747212
3948,1712169382748215
3949,1712169382749218
3950,1712169382750221
3951,1712169382751225
3952,1712169382752228
3953,1712169382753231
3954,1712169382754234
3955,1712169382755238
3956,1712169382756241
3957,1712169382757244
3958,1712169382758248
3959,1712169382759251
3960,1712169382760254
3961,1712169382761258
3962,1712169382762261
3963,1712169382763265
3964,1712169382764268
3965,1712169382765271
3966,1712169382766274
3967,1712169382767278
3968,1712169382768281
3969,1712169382769284
3970,1712169382770288
3971,1712169382771291
3972,1712169382772294
3973,1712169382773298
3974,1712169382774301
3975,1712169382775304
3976,1712169382776307
3977,1712169382777310
3978,1712169382778313
3979,1712169382779318
3980,1712169382780321
3981,1712169382781324
3982,1712169382782327
3983,1712169382783331
3984,1712169382784334
3985,1712169382785337
3986,1712169382786340
3987,1712169382787344
3988,1712169382788347
3989,1712169382789351
3990,1712169382790354
3991,1712169382791357
3992,1712169382792361
3993,1712169382793364
3994,1712169382794367
3995,1712169382795371
3996,1712169382796374
3997,1712169382797377
3998,1712169382798380
3999,1712169382799384
4000,1712169382800388
4001,1712169382801392
4002,1712169382802400
4003,1712169382803398
4004,1712169382804402
4005,1712169382805405
4006,1712169382806409
4007,1712169382807412
4008,1712169382808416
4009,1712169382809419
4010,1712169382810423
4011,1712169382811426
4012,1712169382812429
4013,1712169382813432
4014,1712169382814436
4015,1712169382815439
4016,1712169382816443
4017,1712169382817446
4018,1712169382818450
4019,1712169382819453
4020,1712169382820456
4021,1712169382821460
4022,1712169382822463
4023,1712169382823467
4024,1712169382824470
4025,1712169382825473
4026,1712169382826477
4027,1712169382827480
4028,1712169382828483
4029,1712169382829487
4030,1712169382830491
4031,1712169382831494
4032,1712169382832497
4033,1712169382833500
4034,1712169382834504
4035,1712169382835507
4036,1712169382836510
4037,1712169382837514
4038,1712169382838518
4039,1712169382839521
4040,1712169382840524
4041,1712169382841527
4042,1712169382842531
4043,1712169382843534
4044,1712169382844537
4045,1712169382845541
4046,1712169382846545
4047,1712169382847548
4048,1712169382848551
4049,1712169382849554
4050,1712169382850558
4051,1712169382851561
4052,1712169382852564
4053,1712169382853568
4054,1712169382854572
4055,1712169382855575
4056,1712169382856578
4057,1712169382857581
4058,1712169382858585
4059,1712169382859588
4060,1712169382860592
4061,1712169382861595
4062,1712169382862599
4063,1712169382863602
4064,1712169382864605
4065,1712169382865608
4066,1712169382866612
4067,1712169382867615
4068,1712169382868619
4069,1712169382869622
4070,1712169382870626
4071,1712169382871629
4072,1712169382872632
4073,1712169382873635
4074,1712169382874639
4075,1712169382875642
4076,1712169382876646
4077,1712169382877649
4078,1712169382878653
4079,1712169382879656
4080,1712169382880659
4081,1712169382881662
4082,1712169382882666
4083,1712169382883670
4084,1712169382884673
4085,1712169382885676
4086,1712169382886680
4087,1712169382887683
4088,1712169382888686
4089,1712169382889689
4090,1712169382890693
4091,1712169382891696
4092,1712169382892700
4093,1712169382893703
4094,1712169382894707
4095,1712169382895710
4096,1712169382896762
4097,1712169382897717
4098,1712169382898720
4099,1712169382899723
4100,1712169382900727
4101,1712169382901730
4102,1712169382902733
4103,1712169382903735
4104,1712169382904737
4105,1712169382905740
4106,1712169382906744
4107,1712169382907746
4108,1712169382908749
4109,1712169382909751
4110,1712169382910755
4111,1712169382911758
4112,1712169382912761
4113,1712169382913765
4114,1712169382914769
4115,1712169382915772
4116,1712169382916775
4117,1712169382917778
4118,1712169382918782
4119,1712169382919785
4120,1712169382920789
4121,1712169382921792
4122,1712169382922796
4123,1712169382923799
4124,1712169382924802
4125,1712169382925806
4126,1712169382926809
4127,1712169382927812
4128,1712169382928816
4129,1712169382929819
4130,1712169382930823
4131,1712169382931826
4132,1712169382932829
4133,1712169382933832
4134,1712169382934836
4135,1712169382935839
4136,1712169382936842
4137,1712169382937845
4138,1712169382938849
4139,1712169382939852
4140,1712169382940855
4141,1712169382941859
4142,1712169382942862
4143,1712169382943865
4144,1712169382944869
4145,1712169382945872
4146,1712169382946876
4147,1712169382947879
4148,1712169382948882
4149,1712169382949885
4150,1712169382950889
4151,1712169382951892
4152,1712169382952895
4153,1712169382953899
4154,1712169382954902
4155,1712169382955905
4156,1712169382956909
4157,1712169382957912
4158,1712169382958915
4159,1712169382959919
4160,1712169382960922
4161,1712169382961925
4162,1712169382962929
4163,1712169382963932
4164,1712169382964935
4165,1712169382965938
4166,1712169382966942
4167,1712169382967945
4168,1712169382968948
4169,1712169382969952
4170,1712169382970955
4171,1712169382971958
4172,1712169382972962
4173,1712169382973965
4174,1712169382974968
4175,1712169382975972
4176,1712169382976975
4177,1712169382977978
4178,1712169382978982
4179,1712169382979985
4180,1712169382980988
4181,1712169382981992
4182,1712169382982995
4183,1712169382983998
4184,1712169382985001
4185,1712169382986005
4186,1712169382987008
4187,1712169382988011
4188,1712169382989015
4189,1712169382990018
4190,1712169382991022
4191,1712169382992025
4192,1712169382993028
4193,1712169382994031
4194,1712169382995035
4195,1712169382996038
4196,1712169382997041
4197,1712169382998045
4198,1712169382999048
4199,1712169383000051
4200,1712169383001056
4201,1712169383002059
4202,1712169383003063
4203,1712169383004066
4204,1712169383005069
4205,1712169383006072
4206,1712169383007076
4207,1712169383008079
4208,1712169383009082
4209,1712169383010086
4210,1712169383011089
4211,1712169383012093
4212,1712169383013096
4213,1712169383014099
4214,1712169383015103
4215,1712169383016106
4216,1712169383017109
4217,1712169383018112
4218,1712169383019116
4219,1712169383020119
4220,1712169383021122
4221,1712169383022126
4222,1712169383023129
4223,1712169383024132
4224,1712169383025136
4225,1712169383026139
4226,1712169383027143
4227,1712169383028146
4228,1712169383029149
4229,1712169383030152
4230,1712169383031156
4231,1712169383032159
4232,1712169383033162
4233,1712169383034166
4234,1712169383035169
4235,1712169383036172
4236,1712169383037176
4237,1712169383038179
4238,1712169383039182
4239,1712169383040186
4240,1712169383041189
4241,1712169383042192
4242,1712169383043196
4243,1712169383044199
4244,1712169383045202
4245,1712169383046205
4246,1712169383047209
4247,1712169383048212
4248,1712169383049215
4249,1712169383050219
4250,1712169383051222
4251,1712169383052225
4252,1712169383053229
4253,1712169383054232
4254,1712169383055235
4255,1712169383056239
4256,1712169383057242
4257,1712169383058245
4258,1712169383059249
4259,1712169383060252
4260,1712169383061255
4261,1712169383062258
4262,1712169383063262
4263,1712169383064265
4264,1712169383065268
4265,1712169383066272
4266,1712169383067275
4267,1712169383068278
4268,1712169383069282
4269,1712169383070285
4270,1712169383071289
4271,1712169383072292
4272,1712169383073295
4273,1712169383074298
4274,1712169383075302
4275,1712169383076305
4276,1712169383077308
4277,1712169383078312
4278,1712169383079315
4279,1712169383080318
4280,1712169383081322
4281,1712169383082325
4282,1712169383083328
4283,1712169383084332
4284,1712169383085335
4285,1712169383086338
4286,1712169383087342
4287,1712169383088345
4288,1712169383089348
4289,1712169383090351
4290,1712169383091355
4291,1712169383092358
4292,1712169383093361
4293,1712169383094365
4294,1712169383095368
4295,1712169383096371
4296,1712169383097375
4297,1712169383098378
4298,1712169383099382
4299,1712169383100385
4300,1712169383101389
4301,1712169383102393
4302,1712169383103396
4303,1712169383104399
4304,1712169383105402
4305,1712169383106407
4306,1712169383107410
4307,1712169383108413
4308,1712169383109416
4309,1712169383110420
4310,1712169383111423
4311,1712169383112427
4312,1712169383113430
4313,1712169383114434
4314,1712169383115437
4315,1712169383116440
4316,1712169383117444
4317,1712169383118448
4318,1712169383119451
4319,1712169383120454
4320,1712169383121457
4321,1712169383122461
4322,1712169383123464
4323,1712169383124467
4324,1712169383125471
4325,1712169383126475
4326,1712169383127478
4327,1712169383128481
4328,1712169383129484
4329,1712169383130488
4330,1712169383131491
4331,1712169383132495
4332,1712169383133498
4333,1712169383134502
4334,1712169383135505
4335,1712169383136508
4336,1712169383137511
4337,1712169383138515
4338,1712169383139518
4339,1712169383140522
4340,1712169383141525
4341,1712169383142529
4342,1712169383143532
4343,1712169383144535
4344,1712169383145539
4345,1712169383146542
4346,1712169383147545
4347,1712169383148549
4348,1712169383149552
4349,1712169383150556
4350,1712169383151559
4351,1712169383152562
4352,1712169383153566
4353,1712169383154570
4354,1712169383155573
4355,1712169383156576
4356,1712169383157579
4357,1712169383158583
4358,1712169383159586
4359,1712169383160589
4360,1712169383161593
4361,1712169383162597
4362,1712169383163600
4363,1712169383164603
4364,1712169383165606
4365,1712169383166610
4366,1712169383167613
4367,1712169383168617
4368,1712169383169620
4369,1712169383170624
4370,1712169383171627
4371,1712169383172630
4372,1712169383173633
4373,1712169383174637
4374,1712169383175641
4375,1712169383176644
4376,1712169383177647
4377,1712169383178651
4378,1712169383179654
4379,1712169383180657
4380,1712169383181661
4381,1712169383182664
4382,1712169383183668
4383,1712169383184671
4384,1712169383185674
4385,1712169383186678
4386,1712169383187681
4387,1712169383188684
4388,1712169383189688
4389,1712169383190692
4390,1712169383191695
4391,1712169383192698
4392,1712169383193701
4393,1712169383194705
4394,1712169383195708
4395,1712169383196711
4396,1712169383197715
4397,1712169383198719
4398,1712169383199722
4399,1712169383200725
4400,1712169383201729
4401,1712169383202734
4402,1712169383203737
4403,1712169383204740
4404,1712169383205743
4405,1712169383206747
4406,1712169383207750
4407,1712169383208754
4408,1712169383209757
4409,1712169383210761
4410,1712169383211764
4411,1712169383212767
4412,1712169383213771
4413,1712169383214774
4414,1712169383215778
4415,1712169383216781
4416,1712169383217784
4417,1712169383218788
4418,1712169383219791
4419,1712169383220794
4420,1712169383221798
4421,1712169383222802
4422,1712169383223805
4423,1712169383224808
4424,1712169383225811
4425,1712169383226815
4426,1712169383227818
4427,1712169383228822
4428,1712169383229825
4429,1712169383230829
4430,1712169383231832
4431,1712169383232835
4432,1712169383233839
4433,1712169383234843
4434,1712169383235846
4435,1712169383236849
4436,1712169383237852
4437,1712169383238856
4438,1712169383239859
4439,1712169383240863
4440,1712169383241866
4441,1712169383242870
4442,1712169383243873
4443,1712169383244876
4444,1712169383245879
4445,1712169383246883
4446,1712169383247886
4447,1712169383248890
4448,1712169383249893
4449,1712169383250897
4450,1712169383251900
4451,1712169383252903
4452,1712169383253906
4453,1712169383254910
4454,1712169383255913
4455,1712169383256917
4456,1712169383257920
4457,1712169383258924
4458,1712169383259927
4459,1712169383260930
4460,1712169383261933
4461,1712169383262937
4462,1712169383263940
4463,1712169383264943
4464,1712169383265947
4465,1712169383266950
4466,1712169383267953
4467,1712169383268957
4468,1712169383269960
4469,1712169383270964
4470,1712169383271967
4471,1712169383272970
4472,1712169383273973
4473,1712169383274977
4474,1712169383275980
4475,1712169383276983
4476,1712169383277986
4477,1712169383278990
4478,1712169383279993
4479,1712169383280997
4480,1712169383282000
4481,1712169383283003
4482,1712169383284006
4483,1712169383285010
4484,1712169383286013
4485,1712169383287017
4486,1712169383288019
4487,1712169383289022
4488,1712169383290026
4489,1712169383291030
4490,1712169383292033
4491,1712169383293036
4492,1712169383294039
4493,1712169383295043
4494,1712169383296046
4495,1712169383297049
4496,1712169383298053
4497,1712169383299056
4498,1712169383300059
4499,1712169383301063
4500,1712169383302067
4501,1712169383303071
4502,1712169383304074
4503,1712169383305077
4504,1712169383306080
4505,1712169383307084
4506,1712169383308087
4507,1712169383309090
4508,1712169383310094
4509,1712169383311097
4510,1712169383312101
4511,1712169383313104
4512,1712169383314107
4513,1712169383315111
4514,1712169383316114
4515,1712169383317117
4516,1712169383318120
4517,1712169383319124
4518,1712169383320127
4519,1712169383321130
4520,1712169383322134
4521,1712169383323137
4522,1712169383324140
4523,1712169383325144
4524,1712169383326147
4525,1712169383327150
4526,1712169383328154
4527,1712169383329157
4528,1712169383330160
4529,1712169383331164
4530,1712169383332167
4531,1712169383333170
4532,1712169383334173
4533,1712169383335177
4534,1712169383336180
4535,1712169383337183
4536,1712169383338187
4537,1712169383339190
4538,1712169383340194
4539,1712169383341197
4540,1712169383342200
4541,1712169383343204
4542,1712169383344207
4543,1712169383345210
4544,1712169383346213
4545,1712169383347217
4546,1712169383348220
4547,1712169383349223
4548,1712169383350227
4549,1712169383351230
4550,1712169383352233
4551,1712169383353236
4552,1712169383354238
4553,1712169383355242
4554,1712169383356245
4555,1712169383357248
4556,1712169383358251
4557,1712169383359254
4558,1712169383360257
4559,1712169383361260
4560,1712169383362263
4561,1712169383363267
4562,1712169383364270
4563,1712169383365273
4564,1712169383366276
4565,1712169383367279
4566,1712169383368282
4567,1712169383369285
4568,1712169383370288
4569,1712169383371292
4570,1712169383372295
4571,1712169383373298
4572,1712169383374301
4573,1712169383375304
4574,1712169383376307
4575,1712169383377310
4576,1712169383378313
4577,1712169383379317
4578,1712169383380320
4579,1712169383381323
4580,1712169383382326
4581,1712169383383329
4582,1712169383384332
4583,1712169383385335
4584,1712169383386338
4585,1712169383387342
4586,1712169383388345
4587,1712169383389348
4588,1712169383390351
4589,1712169383391354
4590,1712169383392357
4591,1712169383393360
4592,1712169383394364
4593,1712169383395367
4594,1712169383396370
4595,1712169383397373
4596,1712169383398376
4597,1712169383399380
4598,1712169383400382
4599,1712169383401386
4600,1712169383402390
4601,1712169383403393
4602,1712169383404396
4603,1712169383405399
4604,1712169383406403
4605,1712169383407406
4606,1712169383408409
4607,1712169383409415
4608,1712169383410416
4609,1712169383411419
4610,1712169383412422
4611,1712169383413426
4612,1712169383414429
4613,1712169383415432
4614,1712169383416435
4615,1712169383417438
4616,1712169383418442
4617,1712169383419445
4618,1712169383420448
4619,1712169383421451
4620,1712169383422455
4621,1712169383423458
4622,1712169383424461
4623,1712169383425464
4624,1712169383426468
4625,1712169383427471
4626,1712169383428474
4627,1712169383429477
4628,1712169383430480
4629,1712169383431483
4630,1712169383432486
4631,1712169383433490
4632,1712169383434493
4633,1712169383435496
4634,1712169383436499
4635,1712169383437502
4636,1712169383438506
4637,1712169383439509
4638,1712169383440512
4639,1712169383441515
4640,1712169383442519
4641,1712169383443522
4642,1712169383444525
4643,1712169383445528
4644,1712169383446532
4645,1712169383447535
4646,1712169383448538
4647,1712169383449541
4648,1712169383450544
4649,1712169383451548
4650,1712169383452550
4651,1712169383453554
4652,1712169383454557
4653,1712169383455560
4654,1712169383456563
4655,1712169383457566
4656,1712169383458570
4657,1712169383459573
4658,1712169383460576
4659,1712169383461579
4660,1712169383462583
4661,1712169383463586
4662,1712169383464589
4663,1712169383465592
4664,1712169383466596
4665,1712169383467599
4666,1712169383468602
4667,1712169383469605
4668,1712169383470609
4669,1712169383471611
4670,1712169383472615
4671,1712169383473618
4672,1712169383474621
4673,1712169383475624
4674,1712169383476627
4675,1712169383477631
4676,1712169383478634
4677,1712169383479637
4678,1712169383480640
4679,1712169383481643
4680,1712169383482647
4681,1712169383483650
4682,1712169383484653
4683,1712169383485656
4684,1712169383486660
4685,1712169383487663
4686,1712169383488666
4687,1712169383489669
4688,1712169383490673
4689,1712169383491676
4690,1712169383492679
4691,1712169383493682
4692,1712169383494686
4693,1712169383495688
4694,1712169383496692
4695,1712169383497695
4696,1712169383498698
4697,1712169383499701
4698,1712169383500704
4699,1712169383501708
4700,1712169383502713
4701,1712169383503716
4702,1712169383504719
4703,1712169383505722
4704,1712169383506726
4705,1712169383507729
4706,1712169383508732
4707,1712169383509735
4708,1712169383510738
4709,1712169383511741
4710,1712169383512744
4711,1712169383513748
4712,1712169383514751
4713,1712169383515754
4714,1712169383516757
4715,1712169383517760
4716,1712169383518764
4717,1712169383519767
4718,1712169383520770
4719,1712169383521773
4720,1712169383522776
4721,1712169383523779
4722,1712169383524782
4723,1712169383525785
4724,1712169383526789
4725,1712169383527792
4726,1712169383528795
4727,1712169383529798
4728,1712169383530801
4729,1712169383531804
4730,1712169383532807
4731,1712169383533811
4732,1712169383534814
4733,1712169383535817
4734,1712169383536820
4735,1712169383537823
4736,1712169383538827
4737,1712169383539830
4738,1712169383540833
4739,1712169383541836
4740,1712169383542839
4741,1712169383543842
4742,1712169383544845
4743,1712169383545848
4744,1712169383546852
4745,1712169383547855
4746,1712169383548858
4747,1712169383549861
4748,1712169383550864
4749,1712169383551868
4750,1712169383552870
4751,1712169383553874
4752,1712169383554877
4753,1712169383555880
4754,1712169383556883
4755,1712169383557886
4756,1712169383558890
4757,1712169383559893
4758,1712169383560896
4759,1712169383561899
4760,1712169383562903
4761,1712169383563906
4762,1712169383564909
4763,1712169383565912
4764,1712169383566916
4765,1712169383567919
4766,1712169383568922
4767,1712169383569925
4768,1712169383570929
4769,1712169383571932
4770,1712169383572935
4771,1712169383573938
4772,1712169383574942
4773,1712169383575945
4774,1712169383576948
4775,1712169383577951
4776,1712169383578955
4777,1712169383579957
4778,1712169383580960
4779,1712169383581964
4780,1712169383582967
4781,1712169383583970
4782,1712169383584973
4783,1712169383585976
4784,1712169383586980
4785,1712169383587983
4786,1712169383588986
4787,1712169383589989
4788,1712169383590993
4789,1712169383591996
4790,1712169383592999
4791,1712169383594002
4792,1712169383595006
4793,1712169383596009
4794,1712169383597012
4795,1712169383598015
4796,1712169383599019
4797,1712169383600022
4798,1712169383601025
4799,1712169383602028
4800,1712169383603033
4801,1712169383604036
4802,1712169383605039
4803,1712169383606041
4804,1712169383607043
4805,1712169383608046
4806,1712169383609048
4807,1712169383610050
4808,1712169383611053
4809,1712169383612055
4810,1712169383613058
4811,1712169383614060
4812,1712169383615063
4813,1712169383616065
4814,1712169383617068
4815,1712169383618070
4816,1712169383619073
4817,1712169383620075
4818,1712169383621077
4819,1712169383622080
4820,1712169383623082
4821,1712169383624085
4822,1712169383625087
4823,1712169383626090
4824,1712169383627092
4825,1712169383628095
4826,1712169383629097
4827,1712169383630099
4828,1712169383631102
4829,1712169383632104
4830,1712169383633107
4831,1712169383634109
4832,1712169383635112
4833,1712169383636114
4834,1712169383637116
4835,1712169383638119
4836,1712169383639121
4837,1712169383640124
4838,1712169383641126
4839,1712169383642129
4840,1712169383643131
4841,1712169383644134
4842,1712169383645136
4843,1712169383646138
4844,1712169383647141
4845,1712169383648143
4846,1712169383649146
4847,1712169383650148
4848,1712169383651151
4849,1712169383652153
4850,1712169383653156
4851,1712169383654158
4852,1712169383655160
4853,1712169383656163
4854,1712169383657165
4855,1712169383658168
4856,1712169383659170
4857,1712169383660173
4858,1712169383661175
4859,1712169383662177
4860,1712169383663180
4861,1712169383664182
4862,1712169383665185
4863,1712169383666187
4864,1712169383667190
4865,1712169383668192
4866,1712169383669195
4867,1712169383670197
4868,1712169383671200
4869,1712169383672202
4870,1712169383673204
4871,1712169383674207
4872,1712169383675209
4873,1712169383676212
4874,1712169383677214
4875,1712169383678217
4876,1712169383679219
4877,1712169383680222
4878,1712169383681224
4879,1712169383682226
4880,1712169383683229
4881,1712169383684231
4882,1712169383685233
4883,1712169383686236
4884,1712169383687239
4885,1712169383688241
4886,1712169383689244
4887,1712169383690246
4888,1712169383691249
4889,1712169383692252
4890,1712169383693254
4891,1712169383694257
4892,1712169383695259
4893,1712169383696262
4894,1712169383697264
4895,1712169383698267
4896,1712169383699270
4897,1712169383700272
4898,1712169383701275
4899,1712169383702277
4900,1712169383703281
4901,1712169383704284
4902,1712169383705288
4903,1712169383706291
4904,1712169383707295
4905,1712169383708298
4906,1712169383709301
4907,1712169383710305
4908,1712169383711308
4909,1712169383712311
4910,1712169383713315
4911,1712169383714318
4912,1712169383715322
4913,1712169383716325
4914,1712169383717328
4915,1712169383718331
4916,1712169383719335
4917,1712169383720338
4918,1712169383721341
4919,1712169383722345
4920,1712169383723348
4921,1712169383724351
4922,1712169383725355
4923,1712169383726358
4924,1712169383727361
4925,1712169383728365
4926,1712169383729368
4927,1712169383730371
4928,1712169383731375
4929,1712169383732378
4930,1712169383733381
4931,1712169383734384
4932,1712169383735388
4933,1712169383736391
4934,1712169383737394
4935,1712169383738399
4936,1712169383739406
4937,1712169383740409
4938,1712169383741413
4939,1712169383742417
4940,1712169383743420
4941,1712169383744423
4942,1712169383745427
4943,1712169383746431
4944,1712169383747434
4945,1712169383748437
4946,1712169383749441
4947,1712169383750445
4948,1712169383751448
4949,1712169383752451
4950,1712169383753454
4951,1712169383754458
4952,1712169383755461
4953,1712169383756465
4954,1712169383757468
4955,1712169383758472
4956,1712169383759475
4957,1712169383760478
4958,1712169383761482
4959,1712169383762486
4960,1712169383763489
4961,1712169383764492
4962,1712169383765495
4963,1712169383766499
4964,1712169383767502
4965,1712169383768506
4966,1712169383769509
4967,1712169383770513
4968,1712169383771516
4969,1712169383772519
4970,1712169383773522
4971,1712169383774527
4972,1712169383775530
4973,1712169383776533
4974,1712169383777536
4975,1712169383778541
4976,1712169383779544
4977,1712169383780547
4978,1712169383781550
4979,1712169383782554
4980,1712169383783557
4981,1712169383784560
4982,1712169383785564
4983,1712169383786568
4984,1712169383787571
4985,1712169383788574
4986,1712169383789578
4987,1712169383790581
4988,1712169383791585
4989,1712169383792588
4990,1712169383793591
4991,1712169383794595
4992,1712169383795598
4993,1712169383796601
4994,1712169383797605
4995,1712169383798609
4996,1712169383799611
4997,1712169383800615
4998,1712169383801618
4999,1712169383802622
5000,1712169383803627
5001,1712169383804630
5002,1712169383805633
5003,1712169383806638
5004,1712169383807641
5005,1712169383808644
5006,1712169383809648
5007,1712169383810652
5008,1712169383811655
5009,1712169383812658
5010,1712169383813661
5011,1712169383814665
5012,1712169383815668
5013,1712169383816672
5014,1712169383817675
5015,1712169383818679
5016,1712169383819682
5017,1712169383820685
5018,1712169383821689
5019,1712169383822693
5020,1712169383823696
5021,1712169383824699
5022,1712169383825702
5023,1712169383826706
5024,1712169383827709
5025,1712169383828713
5026,1712169383829716
5027,1712169383830720
5028,1712169383831723
5029,1712169383832726
5030,1712169383833730
5031,1712169383834734
5032,1712169383835737
5033,1712169383836740
5034,1712169383837743
5035,1712169383838747
5036,1712169383839750
5037,1712169383840754
5038,1712169383841757
5039,1712169383842761
5040,1712169383843764
5041,1712169383844767
5042,1712169383845771
5043,1712169383846775
5044,1712169383847778
5045,1712169383848781
5046,1712169383849784
5047,1712169383850788
5048,1712169383851791
5049,1712169383852795
5050,1712169383853798
5051,1712169383854802
5052,1712169383855805
5053,1712169383856808
5054,1712169383857812
5055,1712169383858816
5056,1712169383859819
5057,1712169383860822
5058,1712169383861825
5059,1712169383862829
5060,1712169383863832
5061,1712169383864836
5062,1712169383865839
5063,1712169383866843
5064,1712169383867846
5065,1712169383868849
5066,1712169383869853
5067,1712169383870857
5068,1712169383871860
5069,1712169383872863
5070,1712169383873866
5071,1712169383874870
5072,1712169383875874
5073,1712169383876877
5074,1712169383877880
5075,1712169383878884
5076,1712169383879887
5077,1712169383880890
5078,1712169383881894
5079,1712169383882898
5080,1712169383883901
5081,1712169383884904
5082,1712169383885907
5083,1712169383886911
5084,1712169383887914
5085,1712169383888918
5086,1712169383889921
5087,1712169383890925
5088,1712169383891928
5089,1712169383892931
5090,1712169383893935
5091,1712169383894938
5092,1712169383895942
5093,1712169383896945
5094,1712169383897948
5095,1712169383898952
5096,1712169383899955
5097,1712169383900958
5098,1712169383901962
5099,1712169383902966
5100,1712169383903970
5101,1712169383904973
5102,1712169383905977
5103,1712169383906981
5104,1712169383907984
5105,1712169383908987
5106,1712169383909990
5107,1712169383910994
5108,1712169383911997
5109,1712169383913001
5110,1712169383914004
5111,1712169383915008
5112,1712169383916011
5113,1712169383917014
5114,1712169383918018
5115,1712169383919022
5116,1712169383920025
5117,1712169383921028
5118,1712169383922031
5119,1712169383923039
5120,1712169383924039
5121,1712169383925042
5122,1712169383926045
5123,1712169383927049
5124,1712169383928052
5125,1712169383929055
5126,1712169383930059
5127,1712169383931063
5128,1712169383932066
5129,1712169383933069
5130,1712169383934073
5131,1712169383935076
5132,1712169383936080
5133,1712169383937083
5134,1712169383938086
5135,1712169383939090
5136,1712169383940093
5137,1712169383941097
5138,1712169383942100
5139,1712169383943104
5140,1712169383944107
5141,1712169383945110
5142,1712169383946113
5143,1712169383947117
5144,1712169383948120
5145,1712169383949123
5146,1712169383950127
5147,1712169383951130
5148,1712169383952133
5149,1712169383953137
5150,1712169383954140
5151,1712169383955144
5152,1712169383956147
5153,1712169383957150
5154,1712169383958153
5155,1712169383959157
5156,1712169383960160
5157,1712169383961163
5158,1712169383962167
5159,1712169383963170
5160,1712169383964173
5161,1712169383965177
5162,1712169383966180
5163,1712169383967184
5164,1712169383968187
5165,1712169383969190
5166,1712169383970193
5167,1712169383971197
5168,1712169383972200
5169,1712169383973203
5170,1712169383974207
5171,1712169383975210
5172,1712169383976214
5173,1712169383977217
5174,1712169383978220
5175,1712169383979224
5176,1712169383980227
5177,1712169383981230
5178,1712169383982234
5179,1712169383983237
5180,1712169383984240
5181,1712169383985244
5182,1712169383986247
5183,1712169383987251
5184,1712169383988254
5185,1712169383989257
5186,1712169383990260
5187,1712169383991264
5188,1712169383992267
5189,1712169383993270
5190,1712169383994274
5191,1712169383995277
5192,1712169383996280
5193,1712169383997284
5194,1712169383998287
5195,1712169383999291
5196,1712169384000294
5197,1712169384001297
5198,1712169384002300
5199,1712169384003304
5200,1712169384004308
5201,1712169384005312
5202,1712169384006315
5203,1712169384007319
5204,1712169384008322
5205,1712169384009325
5206,1712169384010328
5207,1712169384011332
5208,1712169384012335
5209,1712169384013338
5210,1712169384014342
5211,1712169384015345
5212,1712169384016349
5213,1712169384017352
5214,1712169384018355
5215,1712169384019359
5216,1712169384020362
5217,1712169384021365
5218,1712169384022368
5219,1712169384023372
5220,1712169384024375
5221,1712169384025379
5222,1712169384026382
5223,1712169384027386
5224,1712169384028389
5225,1712169384029392
5226,1712169384030400
5227,1712169384031399
5228,1712169384032402
5229,1712169384033405
5230,1712169384034410
5231,1712169384035413
5232,1712169384036416
5233,1712169384037420
5234,1712169384038423
5235,1712169384039427
5236,1712169384040430
5237,1712169384041433
5238,1712169384042437
5239,1712169384043440
5240,1712169384044443
5241,1712169384045447
5242,1712169384046451
5243,1712169384047454
5244,1712169384048457
5245,1712169384049461
5246,1712169384050464
5247,1712169384051468
5248,1712169384052471
5249,1712169384053474
5250,1712169384054478
5251,1712169384055481
5252,1712169384056484
5253,1712169384057488
5254,1712169384058492
5255,1712169384059495
5256,1712169384060498
5257,1712169384061501
5258,1712169384062505
5259,1712169384063509
5260,1712169384064512
5261,1712169384065515
5262,1712169384066519
5263,1712169384067522
5264,1712169384068526
5265,1712169384069529
5266,1712169384070533
5267,1712169384071536
5268,1712169384072539
5269,1712169384073543
5270,1712169384074547
5271,1712169384075550
5272,1712169384076553
5273,1712169384077556
5274,1712169384078560
5275,1712169384079563
5276,1712169384080567
5277,1712169384081570
5278,1712169384082574
5279,1712169384083577
5280,1712169384084580
5281,1712169384085584
5282,1712169384086587
5283,1712169384087591
5284,1712169384088594
5285,1712169384089597
5286,1712169384090601
5287,1712169384091604
5288,1712169384092608
5289,1712169384093611
5290,1712169384094615
5291,1712169384095618
5292,1712169384096621
5293,1712169384097624
5294,1712169384098629
5295,1712169384099632
5296,1712169384100635
5297,1712169384101638
5298,1712169384102642
5299,1712169384103645
5300,1712169384104650
5301,1712169384105653
5302,1712169384106657
5303,1712169384107660
5304,1712169384108664
5305,1712169384109667
5306,1712169384110671
5307,1712169384111674
5308,1712169384112677
5309,1712169384113681
5310,1712169384114685
5311,1712169384115688
5312,1712169384116691
5313,1712169384117694
5314,1712169384118698
5315,1712169384119701
5316,1712169384120705
5317,1712169384121708
5318,1712169384122712
5319,1712169384123715
5320,1712169384124719
5321,1712169384125722
5322,1712169384126726
5323,1712169384127729
5324,1712169384128732
5325,1712169384129735
5326,1712169384130740
5327,1712169384131743
5328,1712169384132746
5329,1712169384133749
5330,1712169384134753
5331,1712169384135756
5332,1712169384136760
5333,1712169384137763
5334,1712169384138767
5335,1712169384139770
5336,1712169384140773
5337,1712169384141776
5338,1712169384142781
5339,1712169384143784
5340,1712169384144787
5341,1712169384145790
5342,1712169384146794
5343,1712169384147797
5344,1712169384148801
5345,1712169384149804
5346,1712169384150808
5347,1712169384151811
5348,1712169384152814
5349,1712169384153818
5350,1712169384154822
5351,1712169384155825
5352,1712169384156828
5353,1712169384157831
5354,1712169384158835
5355,1712169384159839
5356,1712169384160842
5357,1712169384161845
5358,1712169384162849
5359,1712169384163852
5360,1712169384164856
5361,1712169384165859
5362,1712169384166863
5363,1712169384167866
5364,1712169384168869
5365,1712169384169873
5366,1712169384170877
5367,1712169384171880
5368,1712169384172883
5369,1712169384173886
5370,1712169384174890
5371,1712169384175893
5372,1712169384176897
5373,1712169384177900
5374,1712169384178904
5375,1712169384179907
5376,1712169384180910
5377,1712169384181914
5378,1712169384182918
5379,1712169384183921
5380,1712169384184924
5381,1712169384185927
5382,1712169384186931
5383,1712169384187934
5384,1712169384188938
5385,1712169384189941
5386,1712169384190945
5387,1712169384191948
5388,1712169384192951
5389,1712169384193955
5390,1712169384194959
5391,1712169384195962
5392,1712169384196965
5393,1712169384197969
5394,1712169384198973
5395,1712169384199976
5396,1712169384200979
5397,1712169384201982
5398,1712169384202986
5399,1712169384203989
5400,1712169384204994
5401,1712169384205997
5402,1712169384207001
5403,1712169384208004
5404,1712169384209008
5405,1712169384210011
5406,1712169384211015
5407,1712169384212018
5408,1712169384213022
5409,1712169384214025
5410,1712169384215029
5411,1712169384216032
5412,1712169384217035
5413,1712169384218038
5414,1712169384219042
5415,1712169384220046
5416,1712169384221049
5417,1712169384222052
5418,1712169384223056
5419,1712169384224059
5420,1712169384225063
5421,1712169384226066
5422,1712169384227070
5423,1712169384228073
5424,1712169384229076
5425,1712169384230080
5426,1712169384231084
5427,1712169384232087
5428,1712169384233090
5429,1712169384234093
5430,1712169384235097
5431,1712169384236100
5432,1712169384237104
5433,1712169384238107
5434,1712169384239111
5435,1712169384240114
5436,1712169384241117
5437,1712169384242121
5438,1712169384243125
5439,1712169384244128
5440,1712169384245131
5441,1712169384246134
5442,1712169384247138
5443,1712169384248141
5444,1712169384249145
5445,1712169384250148
5446,1712169384251152
5447,1712169384252155
5448,1712169384253158
5449,1712169384254161
5450,1712169384255165
5451,1712169384256169
5452,1712169384257172
5453,1712169384258175
5454,1712169384259179
5455,1712169384260182
5456,1712169384261186
5457,1712169384262189
5458,1712169384263193
5459,1712169384264196
5460,1712169384265199
5461,1712169384266202
5462,1712169384267206
5463,1712169384268210
5464,1712169384269213
5465,1712169384270216
5466,1712169384271220
5467,1712169384272223
5468,1712169384273226
5469,1712169384274230
5470,1712169384275234
5471,1712169384276237
5472,1712169384277240
5473,1712169384278243
5474,1712169384279247
5475,1712169384280250
5476,1712169384281253
5477,1712169384282257
5478,1712169384283260
5479,1712169384284264
5480,1712169384285267
5481,1712169384286270
5482,1712169384287274
5483,1712169384288277
5484,1712169384289280
5485,1712169384290283
5486,1712169384291287
5487,1712169384292290
5488,1712169384293294
5489,1712169384294297
5490,1712169384295301
5491,1712169384296304
5492,1712169384297307
5493,1712169384298310
5494,1712169384299314
5495,1712169384300317
5496,1712169384301320
5497,1712169384302324
5498,1712169384303327
5499,1712169384304330
5500,1712169384305335
5501,1712169384306338
5502,1712169384307342
5503,1712169384308345
5504,1712169384309348
5505,1712169384310352
5506,1712169384311355
5507,1712169384312358
5508,1712169384313361
5509,1712169384314364
5510,1712169384315369
5511,1712169384316372
5512,1712169384317375
5513,1712169384318378
5514,1712169384319382
5515,1712169384320385
5516,1712169384321388
5517,1712169384322392
5518,1712169384323395
5519,1712169384324398
5520,1712169384325402
5521,1712169384326406
5522,1712169384327409
5523,1712169384328413
5524,1712169384329416
5525,1712169384330420
5526,1712169384331423
5527,1712169384332426
5528,1712169384333430
5529,1712169384334434
5530,1712169384335437
5531,1712169384336440
5532,1712169384337443
5533,1712169384338447
5534,1712169384339450
5535,1712169384340454
5536,1712169384341457
5537,1712169384342461
5538,1712169384343464
5539,1712169384344467
5540,1712169384345471
5541,1712169384346475
5542,1712169384347478
5543,1712169384348481
5544,1712169384349484
5545,1712169384350488
5546,1712169384351491
5547,1712169384352495
5548,1712169384353498
5549,1712169384354502
5550,1712169384355505
5551,1712169384356508
5552,1712169384357512
5553,1712169384358516
5554,1712169384359519
5555,1712169384360522
5556,1712169384361525
5557,1712169384362529
5558,1712169384363532
5559,1712169384364536
5560,1712169384365539
5561,1712169384366543
5562,1712169384367546
5563,1712169384368549
5564,1712169384369553
5565,1712169384370557
5566,1712169384371560
5567,1712169384372563
5568,1712169384373566
5569,1712169384374570
5570,1712169384375573
5571,1712169384376575
5572,1712169384377578
5573,1712169384378582
5574,1712169384379585
5575,1712169384380588
5576,1712169384381591
5577,1712169384382595
5578,1712169384383598
5579,1712169384384601
5580,1712169384385604
5581,1712169384386608
5582,1712169384387611
5583,1712169384388614
5584,1712169384389617
5585,1712169384390621
5586,1712169384391624
5587,1712169384392627
5588,1712169384393630
5589,1712169384394634
5590,1712169384395637
5591,1712169384396640
5592,1712169384397643
5593,1712169384398647
5594,1712169384399650
5595,1712169384400653
5596,1712169384401656
5597,1712169384402659
5598,1712169384403662
5599,1712169384404665
5600,1712169384405670
5601,1712169384406674
5602,1712169384407677
5603,1712169384408680
5604,1712169384409683
5605,1712169384410686
5606,1712169384411690
5607,1712169384412693
5608,1712169384413696
5609,1712169384414699
5610,1712169384415702
5611,1712169384416705
5612,1712169384417708
5613,1712169384418712
5614,1712169384419715
5615,1712169384420718
5616,1712169384421722
5617,1712169384422725
5618,1712169384423728
5619,1712169384424731
5620,1712169384425735
5621,1712169384426738
5622,1712169384427741
5623,1712169384428744
5624,1712169384429747
5625,1712169384430751
5626,1712169384431754
5627,1712169384432757
5628,1712169384433760
5629,1712169384434764
5630,1712169384435767
5631,1712169384436773
5632,1712169384437773
5633,1712169384438777
5634,1712169384439780
5635,1712169384440783
5636,1712169384441786
5637,1712169384442790
5638,1712169384443793
5639,1712169384444796
5640,1712169384445799
5641,1712169384446803
5642,1712169384447806
5643,1712169384448809
5644,1712169384449812
5645,1712169384450816
5646,1712169384451819
5647,1712169384452822
5648,1712169384453825
5649,1712169384454829
5650,1712169384455832
5651,1712169384456834
5652,1712169384457838
5653,1712169384458841
5654,1712169384459844
5655,1712169384460847
5656,1712169384461850
5657,1712169384462854
5658,1712169384463857
5659,1712169384464860
5660,1712169384465863
5661,1712169384466867
5662,1712169384467870
5663,1712169384468873
5664,1712169384469876
5665,1712169384470880
5666,1712169384471883
5667,1712169384472886
5668,1712169384473889
5669,1712169384474893
5670,1712169384475896
5671,1712169384476899
5672,1712169384477902
5673,1712169384478906
5674,1712169384479909
5675,1712169384480912
5676,1712169384481915
5677,1712169384482919
5678,1712169384483922
5679,1712169384484925
5680,1712169384485928
5681,1712169384486932
5682,1712169384487935
5683,1712169384488938
5684,1712169384489941
5685,1712169384490945
5686,1712169384491948
5687,1712169384492950
5688,1712169384493954
5689,1712169384494957
5690,1712169384495960
5691,1712169384496964
5692,1712169384497967
5693,1712169384498970
5694,1712169384499973
5695,1712169384500976
5696,1712169384501980
5697,1712169384502983
5698,1712169384503986
5699,1712169384504989
5700,1712169384505994
5701,1712169384506998
5702,1712169384508001
5703,1712169384509004
5704,1712169384510007
5705,1712169384511010
5706,1712169384512013
5707,1712169384513016
5708,1712169384514020
5709,1712169384515023
5710,1712169384516026
5711,1712169384517029
5712,1712169384518033
5713,1712169384519036
5714,1712169384520039
5715,1712169384521042
5716,1712169384522045
5717,1712169384523049
5718,1712169384524052
5719,1712169384525055
5720,1712169384526058
5721,1712169384527062
5722,1712169384528065
5723,1712169384529068
5724,1712169384530071
5725,1712169384531075
5726,1712169384532078
5727,1712169384533081
5728,1712169384534084
5729,1712169384535088
5730,1712169384536091
5731,1712169384537094
5732,1712169384538097
5733,1712169384539101
5734,1712169384540104
5735,1712169384541107
5736,1712169384542110
5737,1712169384543114
5738,1712169384544117
5739,1712169384545120
5740,1712169384546123
5741,1712169384547127
5742,1712169384548130
5743,1712169384549133
5744,1712169384550136
5745,1712169384551139
5746,1712169384552142
5747,1712169384553145
5748,1712169384554149
5749,1712169384555152
5750,1712169384556155
5751,1712169384557158
5752,1712169384558161
5753,1712169384559165
5754,1712169384560168
5755,1712169384561171
5756,1712169384562174
5757,1712169384563178
5758,1712169384564181
5759,1712169384565184
5760,1712169384566187
5761,1712169384567191
5762,1712169384568194
5763,1712169384569197
5764,1712169384570200
5765,1712169384571203
5766,1712169384572206
5767,1712169384573209
5768,1712169384574212
5769,1712169384575216
5770,1712169384576219
5771,1712169384577222
5772,1712169384578226
5773,1712169384579230
5774,1712169384580232
5775,1712169384581236
5776,1712169384582239
5777,1712169384583242
5778,1712169384584245
5779,1712169384585248
5780,1712169384586251
5781,1712169384587255
5782,1712169384588258
5783,1712169384589261
5784,1712169384590264
5785,1712169384591268
5786,1712169384592271
5787,1712169384593274
5788,1712169384594277
5789,1712169384595281
5790,1712169384596284
5791,1712169384597287
5792,1712169384598290
5793,1712169384599294
5794,1712169384600297
5795,1712169384601300
5796,1712169384602303
5797,1712169384603307
5798,1712169384604310
5799,1712169384605313
5800,1712169384606317
5801,1712169384607321
5802,1712169384608324
5803,1712169384609327
5804,1712169384610330
5805,1712169384611334
5806,1712169384612337
5807,1712169384613340
5808,1712169384614343
5809,1712169384615347
5810,1712169384616350
5811,1712169384617353
5812,1712169384618356
5813,1712169384619360
5814,1712169384620363
5815,1712169384621366
5816,1712169384622369
5817,1712169384623372
5818,1712169384624375
5819,1712169384625378
5820,1712169384626381
5821,1712169384627385
5822,1712169384628388
5823,1712169384629391
5824,1712169384630394
5825,1712169384631398
5826,1712169384632400
5827,1712169384633403
5828,1712169384634408
5829,1712169384635411
5830,1712169384636414
5831,1712169384637417
5832,1712169384638421
5833,1712169384639423
5834,1712169384640426
5835,1712169384641430
5836,1712169384642434
5837,1712169384643436
5838,1712169384644440
5839,1712169384645443
5840,1712169384646446
5841,1712169384647449
5842,1712169384648453
5843,1712169384649455
5844,1712169384650459
5845,1712169384651462
5846,1712169384652465
5847,1712169384653468
5848,1712169384654472
5849,1712169384655475
5850,1712169384656478
5851,1712169384657481
5852,1712169384658485
5853,1712169384659488
5854,1712169384660491
5855,1712169384661494
5856,1712169384662498
5857,1712169384663501
5858,1712169384664504
5859,1712169384665507
5860,1712169384666510
5861,1712169384667513
5862,1712169384668517
5863,1712169384669520
5864,1712169384670524
5865,1712169384671527
5866,1712169384672530
5867,1712169384673533
5868,1712169384674537
5869,1712169384675540
5870,1712169384676543
5871,1712169384677546
5872,1712169384678550
5873,1712169384679553
5874,1712169384680556
5875,1712169384681559
5876,1712169384682562
5877,1712169384683565
5878,1712169384684568
5879,1712169384685571
5880,1712169384686575
5881,1712169384687578
5882,1712169384688581
5883,1712169384689585
5884,1712169384690589
5885,1712169384691592
5886,1712169384692595
5887,1712169384693599
5888,1712169384694603
5889,1712169384695606
5890,1712169384696609
5891,1712169384697612
5892,1712169384698616
5893,1712169384699619
5894,1712169384700623
5895,1712169384701626
5896,1712169384702630
5897,1712169384703633
5898,1712169384704636
5899,1712169384705640
5900,1712169384706645
5901,1712169384707648
5902,1712169384708651
5903,1712169384709655
5904,1712169384710659
5905,1712169384711662
5906,1712169384712665
5907,1712169384713668
5908,1712169384714672
5909,1712169384715675
5910,1712169384716679
5911,1712169384717682
5912,1712169384718686
5913,1712169384719689
5914,1712169384720692
5915,1712169384721695
5916,1712169384722700
5917,1712169384723703
5918,1712169384724706
5919,1712169384725709
5920,1712169384726713
5921,1712169384727716
5922,1712169384728720
5923,1712169384729723
5924,1712169384730727
5925,1712169384731730
5926,1712169384732733
5927,1712169384733736
5928,1712169384734741
5929,1712169384735744
5930,1712169384736747
5931,1712169384737750
5932,1712169384738754
5933,1712169384739757
5934,1712169384740761
5935,1712169384741764
5936,1712169384742768
5937,1712169384743771
5938,1712169384744775
5939,1712169384745778
5940,1712169384746782
5941,1712169384747785
5942,1712169384748788
5943,1712169384749792
5944,1712169384750795
5945,1712169384751798
5946,1712169384752802
5947,1712169384753805
5948,1712169384754808
5949,1712169384755812
5950,1712169384756815
5951,1712169384757818
5952,1712169384758822
5953,1712169384759825
5954,1712169384760828
5955,1712169384761831
5956,1712169384762835
5957,1712169384763838
5958,1712169384764841
5959,1712169384765845
5960,1712169384766848
5961,1712169384767852
5962,1712169384768855
5963,1712169384769858
5964,1712169384770862
5965,1712169384771865
5966,1712169384772868
5967,1712169384773872
5968,1712169384774875
5969,1712169384775878
5970,1712169384776882
5971,1712169384777885
5972,1712169384778889
5973,1712169384779892
5974,1712169384780895
5975,1712169384781898
5976,1712169384782902
5977,1712169384783905
5978,1712169384784908
5979,1712169384785912
5980,1712169384786915
5981,1712169384787918
5982,1712169384788922
5983,1712169384789925
5984,1712169384790929
5985,1712169384791932
5986,1712169384792935
5987,1712169384793938
5988,1712169384794942
5989,1712169384795945
5990,1712169384796948
5991,1712169384797952
5992,1712169384798955
5993,1712169384799958
5994,1712169384800962
5995,1712169384801965
5996,1712169384802969
5997,1712169384803972
5998,1712169384804975
5999,1712169384805978
6000,1712169384806983
6001,1712169384807986
6002,1712169384808990
6003,1712169384809993
6004,1712169384810997
6005,1712169384812000
6006,1712169384813003
6007,1712169384814006
6008,1712169384815010
6009,1712169384816013
6010,1712169384817016
6011,1712169384818020
6012,1712169384819023
6013,1712169384820026
6014,1712169384821030
6015,1712169384822033
6016,1712169384823037
6017,1712169384824039
6018,1712169384825043
6019,1712169384826046
6020,1712169384827050
6021,1712169384828053
6022,1712169384829057
6023,1712169384830060
6024,1712169384831064
6025,1712169384832067
6026,1712169384833070
6027,1712169384834073
6028,1712169384835077
6029,1712169384836080
6030,1712169384837083
6031,1712169384838087
6032,1712169384839090
6033,1712169384840094
6034,1712169384841097
6035,1712169384842100
6036,1712169384843104
6037,1712169384844107
6038,1712169384845110
6039,1712169384846113
6040,1712169384847117
6041,1712169384848120
6042,1712169384849123
6043,1712169384850127
6044,1712169384851130
6045,1712169384852134
6046,1712169384853137
6047,1712169384854140
6048,1712169384855144
6049,1712169384856147
6050,1712169384857150
6051,1712169384858153
6052,1712169384859157
6053,1712169384860160
6054,1712169384861164
6055,1712169384862167
6056,1712169384863170
6057,1712169384864174
6058,1712169384865177
6059,1712169384866180
6060,1712169384867184
6061,1712169384868187
6062,1712169384869190
6063,1712169384870194
6064,1712169384871197
6065,1712169384872200
6066,1712169384873204
6067,1712169384874207
6068,1712169384875211
6069,1712169384876214
6070,1712169384877217
6071,1712169384878220
6072,1712169384879224
6073,1712169384880227
6074,1712169384881230
6075,1712169384882234
6076,1712169384883237
6077,1712169384884240
6078,1712169384885244
6079,1712169384886247
6080,1712169384887251
6081,1712169384888254
6082,1712169384889257
6083,1712169384890260
6084,1712169384891264
6085,1712169384892267
6086,1712169384893270
6087,1712169384894274
6088,1712169384895277
6089,1712169384896281
6090,1712169384897284
6091,1712169384898287
6092,1712169384899291
6093,1712169384900294
6094,1712169384901297
6095,1712169384902300
6096,1712169384903304
6097,1712169384904307
6098,1712169384905311
6099,1712169384906314
6100,1712169384907319
6101,1712169384908322
6102,1712169384909325
6103,1712169384910328
6104,1712169384911332
6105,1712169384912335
6106,1712169384913339
6107,1712169384914342
6108,1712169384915345
6109,1712169384916349
6110,1712169384917352
6111,1712169384918355
6112,1712169384919359
6113,1712169384920362
6114,1712169384921365
6115,1712169384922369
6116,1712169384923372
6117,1712169384924375
6118,1712169384925379
6119,1712169384926382
6120,1712169384927386
6121,1712169384928389
6122,1712169384929392
6123,1712169384930399
6124,1712169384931399
6125,1712169384932402
6126,1712169384933405
6127,1712169384934410
6128,1712169384935413
6129,1712169384936416
6130,1712169384937419
6131,1712169384938423
6132,1712169384939427
6133,1712169384940430
6134,1712169384941433
6135,1712169384942437
6136,1712169384943440
6137,1712169384944443
6138,1712169384945447
6139,1712169384946451
6140,1712169384947454
6141,1712169384948457
6142,1712169384949460
6143,1712169384950467
6144,1712169384951468
6145,1712169384952471
6146,1712169384953474
6147,1712169384954478
6148,1712169384955481
6149,1712169384956485
6150,1712169384957488
6151,1712169384958492
6152,1712169384959495
6153,1712169384960498
6154,1712169384961501
6155,1712169384962505
6156,1712169384963508
6157,1712169384964511
6158,1712169384965515
6159,1712169384966518
6160,1712169384967522
6161,1712169384968525
6162,1712169384969528
6163,1712169384970532
6164,1712169384971535
6165,1712169384972538
6166,1712169384973541
6167,1712169384974545
6168,1712169384975548
6169,1712169384976552
6170,1712169384977555
6171,1712169384978559
6172,1712169384979562
6173,1712169384980565
6174,1712169384981568
6175,1712169384982572
6176,1712169384983575
6177,1712169384984578
6178,1712169384985582
6179,1712169384986585
6180,1712169384987588
6181,1712169384988592
6182,1712169384989595
6183,1712169384990598
6184,1712169384991602
6185,1712169384992605
6186,1712169384993608
6187,1712169384994612
6188,1712169384995615
6189,1712169384996618
6190,1712169384997622
6191,1712169384998625
6192,1712169384999628
6193,1712169385000632
6194,1712169385001635
6195,1712169385002638
6196,1712169385003642
6197,1712169385004645
6198,1712169385005648
6199,1712169385006652
6200,1712169385007656
6201,1712169385008660
6202,1712169385009663
6203,1712169385010666
6204,1712169385011670
6205,1712169385012673
6206,1712169385013676
6207,1712169385014680
6208,1712169385015683
6209,1712169385016686
6210,1712169385017690
6211,1712169385018693
6212,1712169385019696
6213,1712169385020700
6214,1712169385021703
6215,1712169385022707
6216,1712169385023710
6217,1712169385024713
6218,1712169385025716
6219,1712169385026720
6220,1712169385027723
6221,1712169385028726
6222,1712169385029730
6223,1712169385030733
6224,1712169385031736
6225,1712169385032740
6226,1712169385033743
6227,1712169385034746
6228,1712169385035750
6229,1712169385036753
6230,1712169385037756
6231,1712169385038760
6232,1712169385039763
6233,1712169385040766
6234,1712169385041769
6235,1712169385042773
6236,1712169385043776
6237,1712169385044779
6238,1712169385045783
6239,1712169385046786
6240,1712169385047790
6241,1712169385048793
6242,1712169385049796
6243,1712169385050800
6244,1712169385051803
6245,1712169385052806
6246,1712169385053810
6247,1712169385054813
6248,1712169385055816
6249,1712169385056820
6250,1712169385057823
6251,1712169385058827
6252,1712169385059830
6253,1712169385060833
6254,1712169385061836
6255,1712169385062840
6256,1712169385063843
6257,1712169385064846
6258,1712169385065850
6259,1712169385066853
6260,1712169385067856
6261,1712169385068860
6262,1712169385069863
6263,1712169385070867
6264,1712169385071870
6265,1712169385072873
6266,1712169385073876
6267,1712169385074880
6268,1712169385075883
6269,1712169385076886
6270,1712169385077890
6271,1712169385078893
6272,1712169385079896
6273,1712169385080900
6274,1712169385081903
6275,1712169385082907
6276,1712169385083910
6277,1712169385084913
6278,1712169385085916
6279,1712169385086920
6280,1712169385087923
6281,1712169385088926
6282,1712169385089930
6283,1712169385090934
6284,1712169385091937
6285,1712169385092940
6286,1712169385093943
6287,1712169385094947
6288,1712169385095950
6289,1712169385096953
6290,1712169385097956
6291,1712169385098960
6292,1712169385099963
6293,1712169385100966
6294,1712169385101970
6295,1712169385102973
6296,1712169385103977
6297,1712169385104980
6298,1712169385105983
6299,1712169385106987
6300,1712169385107991
6301,1712169385108994
6302,1712169385109998
6303,1712169385111001
6304,1712169385112005
6305,1712169385113008
6306,1712169385114011
6307,1712169385115015
6308,1712169385116018
6309,1712169385117021
6310,1712169385118025
6311,1712169385119028
6312,1712169385120031
6313,1712169385121035
6314,1712169385122038
6315,1712169385123042
6316,1712169385124045
6317,1712169385125048
6318,1712169385126051
6319,1712169385127055
6320,1712169385128058
6321,1712169385129061
6322,1712169385130065
6323,1712169385131068
6324,1712169385132071
6325,1712169385133075
6326,1712169385134078
6327,1712169385135082
6328,1712169385136085
6329,1712169385137088
6330,1712169385138091
6331,1712169385139095
6332,1712169385140098
6333,1712169385141101
6334,1712169385142105
6335,1712169385143108
6336,1712169385144111
6337,1712169385145115
6338,1712169385146118
6339,1712169385147121
6340,1712169385148125
6341,1712169385149128
6342,1712169385150131
6343,1712169385151135
6344,1712169385152138
6345,1712169385153141
6346,1712169385154145
6347,1712169385155148
6348,1712169385156152
6349,1712169385157155
6350,1712169385158158
6351,1712169385159162
6352,1712169385160165
6353,1712169385161168
6354,1712169385162171
6355,1712169385163175
6356,1712169385164178
6357,1712169385165181
6358,1712169385166185
6359,1712169385167188
6360,1712169385168192
6361,1712169385169195
6362,1712169385170198
6363,1712169385171202
6364,1712169385172205
6365,1712169385173208
6366,1712169385174211
6367,1712169385175215
6368,1712169385176218
6369,1712169385177222
6370,1712169385178225
6371,1712169385179228
6372,1712169385180232
6373,1712169385181235
6374,1712169385182238
6375,1712169385183242
6376,1712169385184245
6377,1712169385185248
6378,1712169385186252
6379,1712169385187255
6380,1712169385188258
6381,1712169385189262
6382,1712169385190265
6383,1712169385191268
6384,1712169385192272
6385,1712169385193275
6386,1712169385194278
6387,1712169385195282
6388,1712169385196285
6389,1712169385197288
6390,1712169385198292
6391,1712169385199295
6392,1712169385200298
6393,1712169385201302
6394,1712169385202305
6395,1712169385203309
6396,1712169385204312
6397,1712169385205315
6398,1712169385206318
6399,1712169385207322
6400,1712169385208326
6401,1712169385209330
6402,1712169385210333
6403,1712169385211337
6404,1712169385212340
6405,1712169385213343
6406,1712169385214346
6407,1712169385215350
6408,1712169385216353
6409,1712169385217356
6410,1712169385218360
6411,1712169385219363
6412,1712169385220367
6413,1712169385221370
6414,1712169385222373
6415,1712169385223377
6416,1712169385224380
6417,1712169385225383
6418,1712169385226387
6419,1712169385227390
6420,1712169385228393
6421,1712169385229397
6422,1712169385230405
6423,1712169385231404
6424,1712169385232407
6425,1712169385233410
6426,1712169385234414
6427,1712169385235417
6428,1712169385236421
6429,1712169385237424
6430,1712169385238428
6431,1712169385239431
6432,1712169385240434
6433,1712169385241437
6434,1712169385242441
6435,1712169385243444
6436,1712169385244448
6437,1712169385245451
6438,1712169385246455
6439,1712169385247458
6440,1712169385248461
6441,1712169385249464
6442,1712169385250468
6443,1712169385251471
6444,1712169385252475
6445,1712169385253478
6446,1712169385254482
6447,1712169385255485
6448,1712169385256488
6449,1712169385257491
6450,1712169385258495
6451,1712169385259498
6452,1712169385260502
6453,1712169385261505
6454,1712169385262509
6455,1712169385263512
6456,1712169385264515
6457,1712169385265519
6458,1712169385266522
6459,1712169385267526
6460,1712169385268529
6461,1712169385269532
6462,1712169385270536
6463,1712169385271539
6464,1712169385272542
6465,1712169385273546
6466,1712169385274550
6467,1712169385275553
6468,1712169385276556
6469,1712169385277559
6470,1712169385278563
6471,1712169385279566
6472,1712169385280569
6473,1712169385281573
6474,1712169385282577
6475,1712169385283580
6476,1712169385284583
6477,1712169385285586
6478,1712169385286590
6479,1712169385287593
6480,1712169385288596
6481,1712169385289600
6482,1712169385290604
6483,1712169385291607
6484,1712169385292610
6485,1712169385293613
6486,1712169385294617
6487,1712169385295620
6488,1712169385296624
6489,1712169385297627
6490,1712169385298631
6491,1712169385299634
6492,1712169385300637
6493,1712169385301640
6494,1712169385302644
6495,1712169385303647
6496,1712169385304650
6497,1712169385305653
6498,1712169385306657
6499,1712169385307660
6500,1712169385308665
6501,1712169385309668
6502,1712169385310672
6503,1712169385311675
6504,1712169385312678
6505,1712169385313681
6506,1712169385314685
6507,1712169385315688
6508,1712169385316691
6509,1712169385317695
6510,1712169385318698
6511,1712169385319701
6512,1712169385320705
6513,1712169385321708
6514,1712169385322712
6515,1712169385323715
6516,1712169385324718
6517,1712169385325721
6518,1712169385326725
6519,1712169385327728
6520,1712169385328731
6521,1712169385329734
6522,1712169385330738
6523,1712169385331741
6524,1712169385332744
6525,1712169385333748
6526,1712169385334751
6527,1712169385335754
6528,1712169385336757
6529,1712169385337760
6530,1712169385338765
6531,1712169385339768
6532,1712169385340771
6533,1712169385341774
6534,1712169385342778
6535,1712169385343781
6536,1712169385344784
6537,1712169385345787
6538,1712169385346791
6539,1712169385347794
6540,1712169385348797
6541,1712169385349801
6542,1712169385350804
6543,1712169385351807
6544,1712169385352810
6545,1712169385353814
6546,1712169385354817
6547,1712169385355820
6548,1712169385356824
6549,1712169385357827
6550,1712169385358831
6551,1712169385359834
6552,1712169385360837
6553,1712169385361840
6554,1712169385362844
6555,1712169385363847
6556,1712169385364850
6557,1712169385365853
6558,1712169385366857
6559,1712169385367860
6560,1712169385368863
6561,1712169385369867
6562,1712169385370870
6563,1712169385371873
6564,1712169385372877
6565,1712169385373880
6566,1712169385374884
6567,1712169385375887
6568,1712169385376890
6569,1712169385377893
6570,1712169385378897
6571,1712169385379900
6572,1712169385380903
6573,1712169385381907
6574,1712169385382910
6575,1712169385383913
6576,1712169385384917
6577,1712169385385920
6578,1712169385386923
6579,1712169385387927
6580,1712169385388930
6581,1712169385389933
6582,1712169385390937
6583,1712169385391940
6584,1712169385392943
6585,1712169385393946
6586,1712169385394950
6587,1712169385395953
6588,1712169385396956
6589,1712169385397960
6590,1712169385398963
6591,1712169385399966
6592,1712169385400968
6593,1712169385401971
6594,1712169385402975
6595,1712169385403978
6596,1712169385404981
6597,1712169385405984
6598,1712169385406987
6599,1712169385407990
6600,1712169385408994
6601,1712169385409998
6602,1712169385411001
6603,1712169385412004
6604,1712169385413007
6605,1712169385414010
6606,1712169385415013
6607,1712169385416016
6608,1712169385417019
6609,1712169385418023
6610,1712169385419026
6611,1712169385420029
6612,1712169385421032
6613,1712169385422035
6614,1712169385423039
6615,1712169385424042
6616,1712169385425045
6617,1712169385426048
6618,1712169385427051
6619,1712169385428054
6620,1712169385429057
6621,1712169385430060
6622,1712169385431064
6623,1712169385432066
6624,1712169385433070
6625,1712169385434073
6626,1712169385435076
6627,1712169385436079
6628,1712169385437082
6629,1712169385438085
6630,1712169385439089
6631,1712169385440092
6632,1712169385441095
6633,1712169385442098
6634,1712169385443101
6635,1712169385444104
6636,1712169385445107
6637,1712169385446110
6638,1712169385447114
6639,1712169385448117
6640,1712169385449120
6641,1712169385450123
6642,1712169385451126
6643,1712169385452129
6644,1712169385453132
6645,1712169385454135
6646,1712169385455139
6647,1712169385456142
6648,1712169385457145
6649,1712169385458148
6650,1712169385459151
6651,1712169385460154
6652,1712169385461157
6653,1712169385462160
6654,1712169385463164
6655,1712169385464170
6656,1712169385465170
6657,1712169385466173
6658,1712169385467177
6659,1712169385468179
6660,1712169385469182
6661,1712169385470186
6662,1712169385471189
6663,1712169385472192
6664,1712169385473195
6665,1712169385474198
6666,1712169385475201
6667,1712169385476205
6668,1712169385477208
6669,1712169385478211
6670,1712169385479214
6671,1712169385480217
6672,1712169385481220
6673,1712169385482223
6674,1712169385483227
6675,1712169385484229
6676,1712169385485233
6677,1712169385486236
6678,1712169385487239
6679,1712169385488242
6680,1712169385489245
6681,1712169385490248
6682,1712169385491252
6683,1712169385492255
6684,1712169385493258
6685,1712169385494261
6686,1712169385495264
6687,1712169385496267
6688,1712169385497270
6689,1712169385498273
6690,1712169385499277
6691,1712169385500280
6692,1712169385501283
6693,1712169385502286
6694,1712169385503289
6695,1712169385504292
6696,1712169385505295
6697,1712169385506298
6698,1712169385507302
6699,1712169385508305
6700,1712169385509309
6701,1712169385510312
6702,1712169385511316
6703,1712169385512319
6704,1712169385513322
6705,1712169385514325
6706,1712169385515328
6707,1712169385516331
6708,1712169385517334
6709,1712169385518337
6710,1712169385519341
6711,1712169385520344
6712,1712169385521347
6713,1712169385522350
6714,1712169385523353
6715,1712169385524356
6716,1712169385525359
6717,1712169385526362
6718,1712169385527366
6719,1712169385528369
6720,1712169385529372
6721,1712169385530375
6722,1712169385531378
6723,1712169385532381
6724,1712169385533384
6725,1712169385534387
6726,1712169385535391
6727,1712169385536394
6728,1712169385537397
6729,1712169385538401
6730,1712169385539404
6731,1712169385540407
6732,1712169385541410
6733,1712169385542414
6734,1712169385543417
6735,1712169385544420
6736,1712169385545423
6737,1712169385546427
6738,1712169385547430
6739,1712169385548433
6740,1712169385549436
6741,1712169385550439
6742,1712169385551442
6743,1712169385552445
6744,1712169385553449
6745,1712169385554452
6746,1712169385555455
6747,1712169385556458
6748,1712169385557461
6749,1712169385558465
6750,1712169385559468
6751,1712169385560471
6752,1712169385561474
6753,1712169385562478
6754,1712169385563481
6755,1712169385564484
6756,1712169385565487
6757,1712169385566491
6758,1712169385567494
6759,1712169385568497
6760,1712169385569500
6761,1712169385570504
6762,1712169385571506
6763,1712169385572509
6764,1712169385573513
6765,1712169385574516
6766,1712169385575519
6767,1712169385576522
6768,1712169385577526
6769,1712169385578529
6770,1712169385579532
6771,1712169385580535
6772,1712169385581538
6773,1712169385582542
6774,1712169385583545
6775,1712169385584548
6776,1712169385585551
6777,1712169385586555
6778,1712169385587558
6779,1712169385588561
6780,1712169385589564
6781,1712169385590568
6782,1712169385591571
6783,1712169385592574
6784,1712169385593577
6785,1712169385594580
6786,1712169385595583
6787,1712169385596586
6788,1712169385597589
6789,1712169385598593
6790,1712169385599596
6791,1712169385600599
6792,1712169385601602
6793,1712169385602606
6794,1712169385603609
6795,1712169385604612
6796,1712169385605615
6797,1712169385606619
6798,1712169385607622
6799,1712169385608625
6800,1712169385609629
6801,1712169385610633
6802,1712169385611636
6803,1712169385612639
6804,1712169385613642
6805,1712169385614646
6806,1712169385615649
6807,1712169385616652
6808,1712169385617655
6809,1712169385618659
6810,1712169385619662
6811,1712169385620665
6812,1712169385621668
6813,1712169385622672
6814,1712169385623675
6815,1712169385624678
6816,1712169385625681
6817,1712169385626684
6818,1712169385627687
6819,1712169385628690
6820,1712169385629694
6821,1712169385630697
6822,1712169385631700
6823,1712169385632703
6824,1712169385633706
6825,1712169385634710
6826,1712169385635713
6827,1712169385636716
6828,1712169385637719
6829,1712169385638722
6830,1712169385639725
6831,1712169385640728
6832,1712169385641732
6833,1712169385642735
6834,1712169385643738
6835,1712169385644741
6836,1712169385645744
6837,1712169385646747
6838,1712169385647750
6839,1712169385648753
6840,1712169385649757
6841,1712169385650760
6842,1712169385651763
6843,1712169385652766
6844,1712169385653769
6845,1712169385654772
6846,1712169385655776
6847,1712169385656779
6848,1712169385657782
6849,1712169385658785
6850,1712169385659788
6851,1712169385660791
6852,1712169385661794
6853,1712169385662798
6854,1712169385663801
6855,1712169385664804
6856,1712169385665807
6857,1712169385666810
6858,1712169385667813
6859,1712169385668816
6860,1712169385669819
6861,1712169385670823
6862,1712169385671826
6863,1712169385672829
6864,1712169385673832
6865,1712169385674835
6866,1712169385675838
6867,1712169385676841
6868,1712169385677844
6869,1712169385678848
6870,1712169385679851
6871,1712169385680854
6872,1712169385681857
6873,1712169385682860
6874,1712169385683863
6875,1712169385684866
6876,1712169385685869
6877,1712169385686873
6878,1712169385687876
6879,1712169385688879
6880,1712169385689882
6881,1712169385690886
6882,1712169385691889
6883,1712169385692892
6884,1712169385693896
6885,1712169385694899
6886,1712169385695902
6887,1712169385696905
6888,1712169385697909
6889,1712169385698912
6890,1712169385699916
6891,1712169385700919
6892,1712169385701922
6893,1712169385702926
6894,1712169385703929
6895,1712169385704932
6896,1712169385705935
6897,1712169385706939
6898,1712169385707942
6899,1712169385708945
6900,1712169385709950
6901,1712169385710954
6902,1712169385711957
6903,1712169385712960
6904,1712169385713963
6905,1712169385714967
6906,1712169385715970
6907,1712169385716973
6908,1712169385717977
6909,1712169385718980
6910,1712169385719984
6911,1712169385720987
6912,1712169385721990
6913,1712169385722994
6914,1712169385723997
6915,1712169385725000
6916,1712169385726003
6917,1712169385727007
6918,1712169385728010
6919,1712169385729013
6920,1712169385730017
6921,1712169385731020
6922,1712169385732024
6923,1712169385733027
6924,1712169385734030
6925,1712169385735034
6926,1712169385736037
6927,1712169385737040
6928,1712169385738043
6929,1712169385739047
6930,1712169385740050
6931,1712169385741053
6932,1712169385742057
6933,1712169385743060
6934,1712169385744064
6935,1712169385745067
6936,1712169385746070
6937,1712169385747074
6938,1712169385748077
6939,1712169385749080
6940,1712169385750083
6941,1712169385751087
6942,1712169385752090
6943,1712169385753093
6944,1712169385754097
6945,1712169385755100
6946,1712169385756103
6947,1712169385757107
6948,1712169385758110
6949,1712169385759114
6950,1712169385760117
6951,1712169385761120
6952,1712169385762123
6953,1712169385763127
6954,1712169385764130
6955,1712169385765133
6956,1712169385766137
6957,1712169385767140
6958,1712169385768143
6959,1712169385769147
6960,1712169385770150
6961,1712169385771154
6962,1712169385772157
6963,1712169385773160
6964,1712169385774163
6965,1712169385775167
6966,1712169385776170
6967,1712169385777173
6968,1712169385778177
6969,1712169385779180
6970,1712169385780183
6971,1712169385781187
6972,1712169385782190
6973,1712169385783194
6974,1712169385784197
6975,1712169385785200
6976,1712169385786203
6977,1712169385787207
6978,1712169385788210
6979,1712169385789213
6980,1712169385790216
6981,1712169385791220
6982,1712169385792223
6983,1712169385793226
6984,1712169385794230
6985,1712169385795233
6986,1712169385796237
6987,1712169385797240
6988,1712169385798243
6989,1712169385799247
6990,1712169385800250
6991,1712169385801253
6992,1712169385802257
6993,1712169385803260
6994,1712169385804263
6995,1712169385805267
6996,1712169385806270
6997,1712169385807274
6998,1712169385808277
6999,1712169385809280
7000,1712169385810284
7001,1712169385811288
7002,1712169385812291
7003,1712169385813295
7004,1712169385814298
7005,1712169385815301
7006,1712169385816305
7007,1712169385817308
7008,1712169385818311
7009,1712169385819315
7010,1712169385820318
7011,1712169385821321
7012,1712169385822325
7013,1712169385823328
7014,1712169385824331
7015,1712169385825335
7016,1712169385826338
7017,1712169385827342
7018,1712169385828345
7019,1712169385829348
7020,1712169385830351
7021,1712169385831355
7022,1712169385832358
7023,1712169385833361
7024,1712169385834364
7025,1712169385835368
7026,1712169385836371
7027,1712169385837374
7028,1712169385838378
7029,1712169385839381
7030,1712169385840385
7031,1712169385841388
7032,1712169385842391
7033,1712169385843395
7034,1712169385844398
7035,1712169385845401
7036,1712169385846405
7037,1712169385847407
7038,1712169385848411
7039,1712169385849414
7040,1712169385850418
7041,1712169385851421
7042,1712169385852425
7043,1712169385853428
7044,1712169385854432
7045,1712169385855435
7046,1712169385856439
7047,1712169385857442
7048,1712169385858446
7049,1712169385859449
7050,1712169385860452
7051,1712169385861456
7052,1712169385862460
7053,1712169385863463
7054,1712169385864466
7055,1712169385865469
7056,1712169385866473
7057,1712169385867476
7058,1712169385868480
7059,1712169385869483
7060,1712169385870487
7061,1712169385871490
7062,1712169385872493
7063,1712169385873496
7064,1712169385874500
7065,1712169385875503
7066,1712169385876507
7067,1712169385877510
7068,1712169385878514
7069,1712169385879517
7070,1712169385880520
7071,1712169385881523
7072,1712169385882527
7073,1712169385883530
7074,1712169385884534
7075,1712169385885537
7076,1712169385886541
7077,1712169385887544
7078,1712169385888547
7079,1712169385889551
7080,1712169385890555
7081,1712169385891558
7082,1712169385892561
7083,1712169385893564
7084,1712169385894568
7085,1712169385895571
7086,1712169385896575
7087,1712169385897578
7088,1712169385898582
7089,1712169385899585
7090,1712169385900588
7091,1712169385901591
7092,1712169385902595
7093,1712169385903599
7094,1712169385904602
7095,1712169385905605
7096,1712169385906609
7097,1712169385907612
7098,1712169385908615
7099,1712169385909619
7100,1712169385910624
7101,1712169385911627
7102,1712169385912630
7103,1712169385913634
7104,1712169385914638
7105,1712169385915641
7106,1712169385916644
7107,1712169385917647
7108,1712169385918651
7109,1712169385919654
7110,1712169385920658
7111,1712169385921661
7112,1712169385922665
7113,1712169385923668
7114,1712169385924671
7115,1712169385925674
7116,1712169385926678
7117,1712169385927682
7118,1712169385928685
7119,1712169385929688
7120,1712169385930692
7121,1712169385931695
7122,1712169385932698
7123,1712169385933702
7124,1712169385934706
7125,1712169385935709
7126,1712169385936712
7127,1712169385937715
7128,1712169385938719
7129,1712169385939722
7130,1712169385940726
7131,1712169385941729
7132,1712169385942733
7133,1712169385943736
7134,1712169385944739
7135,1712169385945742
7136,1712169385946746
7137,1712169385947750
7138,1712169385948753
7139,1712169385949756
7140,1712169385950760
7141,1712169385951763
7142,1712169385952766
7143,1712169385953770
7144,1712169385954774
7145,1712169385955777
7146,1712169385956780
7147,1712169385957783
7148,1712169385958787
7149,1712169385959790
7150,1712169385960794
7151,1712169385961797
7152,1712169385962801
7153,1712169385963804
7154,1712169385964807
7155,1712169385965811
7156,1712169385966815
7157,1712169385967818
7158,1712169385968821
7159,1712169385969824
7160,1712169385970828
7161,1712169385971831
7162,1712169385972835
7163,1712169385973838
7164,1712169385974842
7165,1712169385975845
7166,1712169385976848
7167,1712169385977857
7168,1712169385978855
7169,1712169385979858
7170,1712169385980861
7171,1712169385981865
7172,1712169385982868
7173,1712169385983872
7174,1712169385984875
7175,1712169385985878
7176,1712169385986882
7177,1712169385987885
7178,1712169385988888
7179,1712169385989891
7180,1712169385990895
7181,1712169385991898
7182,1712169385992902
7183,1712169385993905
7184,1712169385994908
7185,1712169385995912
7186,1712169385996915
7187,1712169385997918
7188,1712169385998922
7189,1712169385999925
7190,1712169386000928
7191,1712169386001931
7192,1712169386002935
7193,1712169386003938
7194,1712169386004941
7195,1712169386005945
7196,1712169386006948
7197,1712169386007951
7198,1712169386008955
7199,1712169386009958
7200,1712169386010963
7201,1712169386011966
7202,1712169386012969
7203,1712169386013973
7204,1712169386014976
7205,1712169386015979
7206,1712169386016983
7207,1712169386017986
7208,1712169386018990
7209,1712169386019993
7210,1712169386020996
7211,1712169386021999
7212,1712169386023003
7213,1712169386024006
7214,1712169386025009
7215,1712169386026013
7216,1712169386027016
7217,1712169386028019
7218,1712169386029023
7219,1712169386030026
7220,1712169386031029
7221,1712169386032033
7222,1712169386033036
7223,1712169386034039
7224,1712169386035043
7225,1712169386036046
7226,1712169386037049
7227,1712169386038052
7228,1712169386039056
7229,1712169386040059
7230,1712169386041062
7231,1712169386042066
7232,1712169386043069
7233,1712169386044072
7234,1712169386045076
7235,1712169386046079
7236,1712169386047083
7237,1712169386048086
7238,1712169386049089
7239,1712169386050092
7240,1712169386051096
7241,1712169386052099
7242,1712169386053102
7243,1712169386054106
7244,1712169386055109
7245,1712169386056112
7246,1712169386057116
7247,1712169386058119
7248,1712169386059123
7249,1712169386060126
7250,1712169386061129
7251,1712169386062132
7252,1712169386063136
7253,1712169386064139
7254,1712169386065142
7255,1712169386066146
7256,1712169386067149
7257,1712169386068152
7258,1712169386069156
7259,1712169386070159
7260,1712169386071163
7261,1712169386072166
7262,1712169386073169
7263,1712169386074172
7264,1712169386075176
7265,1712169386076179
7266,1712169386077182
7267,1712169386078186
7268,1712169386079189
7269,1712169386080192
7270,1712169386081196
7271,1712169386082199
7272,1712169386083203
7273,1712169386084206
7274,1712169386085209
7275,1712169386086212
7276,1712169386087216
7277,1712169386088219
7278,1712169386089222
7279,1712169386090226
7280,1712169386091229
7281,1712169386092232
7282,1712169386093236
7283,1712169386094239
7284,1712169386095242
7285,1712169386096246
7286,1712169386097249
7287,1712169386098252
7288,1712169386099256
7289,1712169386100259
7290,1712169386101262
7291,1712169386102266
7292,1712169386103269
7293,1712169386104272
7294,1712169386105276
7295,1712169386106279
7296,1712169386107283
7297,1712169386108286
7298,1712169386109289
7299,1712169386110292
7300,1712169386111297
7301,1712169386112300
7302,1712169386113303
7303,1712169386114307
7304,1712169386115310
7305,1712169386116314
7306,1712169386117317
7307,1712169386118320
7308,1712169386119324
7309,1712169386120327
7310,1712169386121330
7311,1712169386122333
7312,1712169386123337
7313,1712169386124340
7314,1712169386125343
7315,1712169386126347
7316,1712169386127350
7317,1712169386128354
7318,1712169386129357
7319,1712169386130360
7320,1712169386131364
7321,1712169386132367
7322,1712169386133370
7323,1712169386134373
7324,1712169386135377
7325,1712169386136380
7326,1712169386137384
7327,1712169386138387
7328,1712169386139390
7329,1712169386140394
7330,1712169386141397
7331,1712169386142401
7332,1712169386143404
7333,1712169386144407
7334,1712169386145410
7335,1712169386146415
7336,1712169386147418
7337,1712169386148421
7338,1712169386149425
7339,1712169386150428
7340,1712169386151432
7341,1712169386152435
7342,1712169386153438
7343,1712169386154442
7344,1712169386155445
7345,1712169386156448
7346,1712169386157452
7347,1712169386158456
7348,1712169386159459
7349,1712169386160462
7350,1712169386161465
7351,1712169386162469
7352,1712169386163473
7353,1712169386164476
7354,1712169386165479
7355,1712169386166483
7356,1712169386167486
7357,1712169386168489
7358,1712169386169493
7359,1712169386170497
7360,1712169386171500
7361,1712169386172503
7362,1712169386173506
7363,1712169386174510
7364,1712169386175513
7365,1712169386176517
7366,1712169386177520
7367,1712169386178524
7368,1712169386179527
7369,1712169386180530
7370,1712169386181534
7371,1712169386182537
7372,1712169386183541
7373,1712169386184544
7374,1712169386185547
7375,1712169386186551
7376,1712169386187554
7377,1712169386188557
7378,1712169386189561
7379,1712169386190565
7380,1712169386191568
7381,1712169386192571
7382,1712169386193574
7383,1712169386194578
7384,1712169386195582
7385,1712169386196585
7386,1712169386197588
7387,1712169386198592
7388,1712169386199595
7389,1712169386200598
7390,1712169386201602
7391,1712169386202606
7392,1712169386203609
7393,1712169386204612
7394,1712169386205615
7395,1712169386206619
7396,1712169386207622
7397,1712169386208626
7398,1712169386209629
7399,1712169386210633
7400,1712169386211637
7401,1712169386212641
7402,1712169386213644
7403,1712169386214648
7404,1712169386215651
7405,1712169386216654
7406,1712169386217657
7407,1712169386218661
7408,1712169386219665
7409,1712169386220668
7410,1712169386221671
7411,1712169386222675
7412,1712169386223678
7413,1712169386224681
7414,1712169386225685
7415,1712169386226688
7416,1712169386227692
7417,1712169386228695
7418,1712169386229698
7419,1712169386230702
7420,1712169386231705
7421,1712169386232708
7422,1712169386233712
7423,1712169386234716
7424,1712169386235719
7425,1712169386236722
7426,1712169386237725
7427,1712169386238729
7428,1712169386239732
7429,1712169386240736
7430,1712169386241739
7431,1712169386242743
7432,1712169386243746
7433,1712169386244749
7434,1712169386245753
7435,1712169386246756
7436,1712169386247760
7437,1712169386248763
7438,1712169386249766
7439,1712169386250770
7440,1712169386251773
7441,1712169386252776
7442,1712169386253780
7443,1712169386254784
7444,1712169386255787
7445,1712169386256790
7446,1712169386257793
7447,1712169386258797
7448,1712169386259800
7449,1712169386260804
7450,1712169386261807
7451,1712169386262811
7452,1712169386263814
7453,1712169386264817
7454,1712169386265820
7455,1712169386266824
7456,1712169386267828
7457,1712169386268831
7458,1712169386269834
7459,1712169386270838
7460,1712169386271841
7461,1712169386272844
7462,1712169386273848
7463,1712169386274852
7464,1712169386275855
7465,1712169386276858
7466,1712169386277861
7467,1712169386278865
7468,1712169386279868
7469,1712169386280872
7470,1712169386281875
7471,1712169386282879
7472,1712169386283882
7473,1712169386284885
7474,1712169386285889
7475,1712169386286892
7476,1712169386287896
7477,1712169386288899
7478,1712169386289902
7479,1712169386290906
7480,1712169386291909
7481,1712169386292912
7482,1712169386293916
7483,1712169386294919
7484,1712169386295922
7485,1712169386296926
7486,1712169386297929
7487,1712169386298933
7488,1712169386299936
7489,1712169386300939
7490,1712169386301943
7491,1712169386302947
7492,1712169386303950
7493,1712169386304953
7494,1712169386305956
7495,1712169386306960
7496,1712169386307963
7497,1712169386308967
7498,1712169386309970
7499,1712169386310973
7500,1712169386311978
7501,1712169386312981
7502,1712169386313984
7503,1712169386314988
7504,1712169386315991
7505,1712169386316994
7506,1712169386317998
7507,1712169386319001
7508,1712169386320004
7509,1712169386321008
7510,1712169386322011
7511,1712169386323015
7512,1712169386324018
7513,1712169386325021
7514,1712169386326024
7515,1712169386327028
7516,1712169386328031
7517,1712169386329034
7518,1712169386330038
7519,1712169386331041
7520,1712169386332044
7521,1712169386333048
7522,1712169386334051
7523,1712169386335055
7524,1712169386336058
7525,1712169386337061
7526,1712169386338064
7527,1712169386339068
7528,1712169386340071
7529,1712169386341074
7530,1712169386342078
7531,1712169386343081
7532,1712169386344085
7533,1712169386345088
7534,1712169386346091
7535,1712169386347095
7536,1712169386348098
7537,1712169386349101
7538,1712169386350104
7539,1712169386351108
7540,1712169386352111
7541,1712169386353114
7542,1712169386354118
7543,1712169386355121
7544,1712169386356125
7545,1712169386357128
7546,1712169386358131
7547,1712169386359135
7548,1712169386360137
7549,1712169386361140
7550,1712169386362144
7551,1712169386363148
7552,1712169386364151
7553,1712169386365154
7554,1712169386366157
7555,1712169386367161
7556,1712169386368164
7557,1712169386369167
7558,1712169386370171
7559,1712169386371175
7560,1712169386372178
7561,1712169386373181
7562,1712169386374184
7563,1712169386375188
7564,1712169386376191
7565,1712169386377194
7566,1712169386378197
7567,1712169386379201
7568,1712169386380204
7569,1712169386381207
7570,1712169386382211
7571,1712169386383214
7572,1712169386384218
7573,1712169386385221
7574,1712169386386224
7575,1712169386387228
7576,1712169386388231
7577,1712169386389234
7578,1712169386390237
7579,1712169386391241
7580,1712169386392244
7581,1712169386393247
7582,1712169386394251
7583,1712169386395254
7584,1712169386396258
7585,1712169386397261
7586,1712169386398264
7587,1712169386399268
7588,1712169386400271
7589,1712169386401274
7590,1712169386402277
7591,1712169386403281
7592,1712169386404284
7593,1712169386405287
7594,1712169386406291
7595,1712169386407294
7596,1712169386408298
7597,1712169386409301
7598,1712169386410304
7599,1712169386411308
7600,1712169386412312
7601,1712169386413315
7602,1712169386414319
7603,1712169386415322
7604,1712169386416326
7605,1712169386417329
7606,1712169386418332
7607,1712169386419336
7608,1712169386420339
7609,1712169386421342
7610,1712169386422345
7611,1712169386423349
7612,1712169386424352
7613,1712169386425354
7614,1712169386426357
7615,1712169386427361
7616,1712169386428364
7617,1712169386429366
7618,1712169386430370
7619,1712169386431373
7620,1712169386432376
7621,1712169386433379
7622,1712169386434382
7623,1712169386435386
7624,1712169386436389
7625,1712169386437392
7626,1712169386438399
7627,1712169386439398
7628,1712169386440401
7629,1712169386441404
7630,1712169386442409
7631,1712169386443412
7632,1712169386444415
7633,1712169386445418
7634,1712169386446422
7635,1712169386447425
7636,1712169386448428
7637,1712169386449431
7638,1712169386450434
7639,1712169386451437
7640,1712169386452441
7641,1712169386453443
7642,1712169386454447
7643,1712169386455450
7644,1712169386456453
7645,1712169386457456
7646,1712169386458460
7647,1712169386459463
7648,1712169386460466
7649,1712169386461469
7650,1712169386462473
7651,1712169386463476
7652,1712169386464479
7653,1712169386465482
7654,1712169386466486
7655,1712169386467489
7656,1712169386468492
7657,1712169386469495
7658,1712169386470499
7659,1712169386471501
7660,1712169386472504
7661,1712169386473512
7662,1712169386474513
7663,1712169386475515
7664,1712169386476518
7665,1712169386477521
7666,1712169386478525
7667,1712169386479528
7668,1712169386480531
7669,1712169386481534
7670,1712169386482538
7671,1712169386483541
7672,1712169386484544
7673,1712169386485547
7674,1712169386486551
7675,1712169386487553
7676,1712169386488556
7677,1712169386489560
7678,1712169386490563
7679,1712169386491569
7680,1712169386492570
7681,1712169386493573
7682,1712169386494577
7683,1712169386495580
7684,1712169386496583
7685,1712169386497586
7686,1712169386498590
7687,1712169386499592
7688,1712169386500595
7689,1712169386501599
7690,1712169386502602
7691,1712169386503605
7692,1712169386504608
7693,1712169386505612
7694,1712169386506615
7695,1712169386507618
7696,1712169386508621
7697,1712169386509624
7698,1712169386510628
7699,1712169386511631
7700,1712169386512635
7701,1712169386513639
7702,1712169386514643
7703,1712169386515645
7704,1712169386516649
7705,1712169386517652
7706,1712169386518655
7707,1712169386519658
7708,1712169386520661
7709,1712169386521664
7710,1712169386522668
7711,1712169386523671
7712,1712169386524674
7713,1712169386525677
7714,1712169386526681
7715,1712169386527684
7716,1712169386528687
7717,1712169386529690
7718,1712169386530694
7719,1712169386531697
7720,1712169386532700
7721,1712169386533703
7722,1712169386534707
7723,1712169386535710
7724,1712169386536713
7725,1712169386537716
7726,1712169386538720
7727,1712169386539723
7728,1712169386540726
7729,1712169386541729
7730,1712169386542732
7731,1712169386543735
7732,1712169386544738
7733,1712169386545741
7734,1712169386546745
7735,1712169386547748
7736,1712169386548751
7737,1712169386549754
7738,1712169386550758
7739,1712169386551761
7740,1712169386552764
7741,1712169386553767
7742,1712169386554771
7743,1712169386555774
7744,1712169386556777
7745,1712169386557780
7746,1712169386558784
7747,1712169386559787
7748,1712169386560790
7749,1712169386561793
7750,1712169386562797
7751,1712169386563800
7752,1712169386564803
7753,1712169386565806
7754,1712169386566810
7755,1712169386567812
7756,1712169386568816
7757,1712169386569819
7758,1712169386570822
7759,1712169386571825
7760,1712169386572828
7761,1712169386573831
7762,1712169386574835
7763,1712169386575838
7764,1712169386576841
7765,1712169386577844
7766,1712169386578848
7767,1712169386579851
7768,1712169386580854
7769,1712169386581857
7770,1712169386582861
7771,1712169386583864
7772,1712169386584867
7773,1712169386585870
7774,1712169386586874
7775,1712169386587877
7776,1712169386588880
7777,1712169386589883
7778,1712169386590887
7779,1712169386591890
7780,1712169386592893
7781,1712169386593896
7782,1712169386594900
7783,1712169386595903
7784,1712169386596906
7785,1712169386597909
7786,1712169386598912
7787,1712169386599915
7788,1712169386600919
7789,1712169386601922
7790,1712169386602925
7791,1712169386603928
7792,1712169386604931
7793,1712169386605934
7794,1712169386606938
7795,1712169386607941
7796,1712169386608944
7797,1712169386609947
7798,1712169386610951
7799,1712169386611954
7800,1712169386612958
7801,1712169386613961
7802,1712169386614965
7803,1712169386615968
7804,1712169386616971
7805,1712169386617974
7806,1712169386618978
7807,1712169386619981
7808,1712169386620983
7809,1712169386621987
7810,1712169386622991
7811,1712169386623994
7812,1712169386624997
7813,1712169386626000
7814,1712169386627004
7815,1712169386628007
7816,1712169386629010
7817,1712169386630013
7818,1712169386631016
7819,1712169386632019
7820,1712169386633022
7821,1712169386634026
7822,1712169386635029
7823,1712169386636032
7824,1712169386637035
7825,1712169386638038
7826,1712169386639042
7827,1712169386640045
7828,1712169386641048
7829,1712169386642051
7830,1712169386643055
7831,1712169386644058
7832,1712169386645061
7833,1712169386646064
7834,1712169386647068
7835,1712169386648071
7836,1712169386649074
7837,1712169386650077
7838,1712169386651080
7839,1712169386652083
7840,1712169386653086
7841,1712169386654089
7842,1712169386655093
7843,1712169386656096
7844,1712169386657099
7845,1712169386658102
7846,1712169386659106
7847,1712169386660108
7848,1712169386661112
7849,1712169386662115
7850,1712169386663118
7851,1712169386664121
7852,1712169386665124
7853,1712169386666127
7854,1712169386667131
7855,1712169386668134
7856,1712169386669137
7857,1712169386670140
7858,1712169386671143
7859,1712169386672146
7860,1712169386673149
7861,1712169386674152
7862,1712169386675156
7863,1712169386676159
7864,1712169386677162
7865,1712169386678165
7866,1712169386679168
7867,1712169386680171
7868,1712169386681174
7869,1712169386682178
7870,1712169386683181
7871,1712169386684184
7872,1712169386685186
7873,1712169386686189
7874,1712169386687193
7875,1712169386688196
7876,1712169386689200
7877,1712169386690203
7878,1712169386691207
7879,1712169386692210
7880,1712169386693213
7881,1712169386694217
7882,1712169386695220
7883,1712169386696223
7884,1712169386697227
7885,1712169386698230
7886,1712169386699234
7887,1712169386700237
7888,1712169386701240
7889,1712169386702243
7890,1712169386703247
7891,1712169386704250
7892,1712169386705254
7893,1712169386706257
7894,1712169386707261
7895,1712169386708264
7896,1712169386709267
7897,1712169386710270
7898,1712169386711274
7899,1712169386712277
7900,1712169386713282
7901,1712169386714285
7902,1712169386715289
7903,1712169386716292
7904,1712169386717295
7905,1712169386718299
7906,1712169386719302
7907,1712169386720306
7908,1712169386721309
7909,1712169386722312
7910,1712169386723316
7911,1712169386724319
7912,1712169386725323
7913,1712169386726326
7914,1712169386727329
7915,1712169386728333
7916,1712169386729336
7917,1712169386730339
7918,1712169386731343
7919,1712169386732346
7920,1712169386733349
7921,1712169386734353
7922,1712169386735356
7923,1712169386736359
7924,1712169386737363
7925,1712169386738366
7926,1712169386739370
7927,1712169386740373
7928,1712169386741376
7929,1712169386742379
7930,1712169386743383
7931,1712169386744386
7932,1712169386745389
7933,1712169386746393
7934,1712169386747396
7935,1712169386748399
7936,1712169386749403
7937,1712169386750407
7938,1712169386751410
7939,1712169386752413
7940,1712169386753417
7941,1712169386754421
7942,1712169386755424
7943,1712169386756427
7944,1712169386757430
7945,1712169386758434
7946,1712169386759437
7947,1712169386760441
7948,1712169386761444
7949,1712169386762448
7950,1712169386763451
7951,1712169386764454
7952,1712169386765457
7953,1712169386766461
7954,1712169386767465
7955,1712169386768468
7956,1712169386769471
7957,1712169386770475
7958,1712169386771478
7959,1712169386772481
7960,1712169386773485
7961,1712169386774489
7962,1712169386775492
7963,1712169386776495
7964,1712169386777498
7965,1712169386778502
7966,1712169386779505
7967,1712169386780509
7968,1712169386781512
7969,1712169386782516
7970,1712169386783519
7971,1712169386784522
7972,1712169386785526
7973,1712169386786529
7974,1712169386787533
7975,1712169386788536
7976,1712169386789539
7977,1712169386790543
7978,1712169386791546
7979,1712169386792549
7980,1712169386793553
7981,1712169386794557
7982,1712169386795560
7983,1712169386796563
7984,1712169386797566
7985,1712169386798570
7986,1712169386799573
7987,1712169386800577
7988,1712169386801580
7989,1712169386802584
7990,1712169386803587
7991,1712169386804590
7992,1712169386805594
7993,1712169386806598
7994,1712169386807601
7995,1712169386808604
7996,1712169386809607
7997,1712169386810611
7998,1712169386811614
7999,1712169386812617
8000,1712169386813622
8001,1712169386814626
8002,1712169386815629
8003,1712169386816632
8004,1712169386817636
8005,1712169386818640
8006,1712169386819643
8007,1712169386820646
8008,1712169386821649
8009,1712169386822653
8010,1712169386823657
8011,1712169386824660
8012,1712169386825663
8013,1712169386826667
8014,1712169386827670
8015,1712169386828673
8016,1712169386829677
8017,1712169386830681
8018,1712169386831684
8019,1712169386832687
8020,1712169386833690
8021,1712169386834694
8022,1712169386835697
8023,1712169386836701
8024,1712169386837704
8025,1712169386838708
8026,1712169386839711
8027,1712169386840714
8028,1712169386841717
8029,1712169386842721
8030,1712169386843724
8031,1712169386844728
8032,1712169386845731
8033,1712169386846735
8034,1712169386847738
8035,1712169386848741
8036,1712169386849745
8037,1712169386850749
8038,1712169386851752
8039,1712169386852755
8040,1712169386853758
8041,1712169386854762
8042,1712169386855765
8043,1712169386856768
8044,1712169386857772
8045,1712169386858776
8046,1712169386859779
8047,1712169386860782
8048,1712169386861785
8049,1712169386862789
8050,1712169386863792
8051,1712169386864795
8052,1712169386865799
8053,1712169386866803
8054,1712169386867806
8055,1712169386868809
8056,1712169386869812
8057,1712169386870816
8058,1712169386871819
8059,1712169386872822
8060,1712169386873825
8061,1712169386874830
8062,1712169386875833
8063,1712169386876836
8064,1712169386877839
8065,1712169386878844
8066,1712169386879847
8067,1712169386880850
8068,1712169386881853
8069,1712169386882857
8070,1712169386883861
8071,1712169386884864
8072,1712169386885867
8073,1712169386886871
8074,1712169386887874
8075,1712169386888877
8076,1712169386889881
8077,1712169386890885
8078,1712169386891888
8079,1712169386892891
8080,1712169386893894
8081,1712169386894898
8082,1712169386895901
8083,1712169386896905
8084,1712169386897908
8085,1712169386898912
8086,1712169386899915
8087,1712169386900918
8088,1712169386901922
8089,1712169386902925
8090,1712169386903929
8091,1712169386904932
8092,1712169386905935
8093,1712169386906939
8094,1712169386907942
8095,1712169386908945
8096,1712169386909949
8097,1712169386910953
8098,1712169386911956
8099,1712169386912959
8100,1712169386913963
8101,1712169386914968
8102,1712169386915971
8103,1712169386916974
8104,1712169386917977
8105,1712169386918981
8106,1712169386919984
8107,1712169386920988
8108,1712169386921991
8109,1712169386922995
8110,1712169386923998
8111,1712169386925001
8112,1712169386926005
8113,1712169386927009
8114,1712169386928012
8115,1712169386929015
8116,1712169386930018
8117,1712169386931022
8118,1712169386932025
8119,1712169386933029
8120,1712169386934032
8121,1712169386935036
8122,1712169386936039
8123,1712169386937042
8124,1712169386938046
8125,1712169386939049
8126,1712169386940053
8127,1712169386941056
8128,1712169386942059
8129,1712169386943063
8130,1712169386944066
8131,1712169386945069
8132,1712169386946073
8133,1712169386947077
8134,1712169386948080
8135,1712169386949083
8136,1712169386950086
8137,1712169386951090
8138,1712169386952093
8139,1712169386953097
8140,1712169386954100
8141,1712169386955104
8142,1712169386956107
8143,1712169386957110
8144,1712169386958114
8145,1712169386959117
8146,1712169386960121
8147,1712169386961124
8148,1712169386962127
8149,1712169386963131
8150,1712169386964134
8151,1712169386965137
8152,1712169386966141
8153,1712169386967145
8154,1712169386968148
8155,1712169386969151
8156,1712169386970154
8157,1712169386971158
8158,1712169386972161
8159,1712169386973165
8160,1712169386974168
8161,1712169386975172
8162,1712169386976175
8163,1712169386977178
8164,1712169386978181
8165,1712169386979185
8166,1712169386980189
8167,1712169386981192
8168,1712169386982195
8169,1712169386983199
8170,1712169386984202
8171,1712169386985205
8172,1712169386986209
8173,1712169386987213
8174,1712169386988216
8175,1712169386989219
8176,1712169386990222
8177,1712169386991226
8178,1712169386992229
8179,1712169386993232
8180,1712169386994235
8181,1712169386995239
8182,1712169386996242
8183,1712169386997245
8184,1712169386998249
8185,1712169386999252
8186,1712169387000256
8187,1712169387001259
8188,1712169387002262
8189,1712169387003266
8190,1712169387004269
8191,1712169387005275
8192,1712169387006297
8193,1712169387007279
8194,1712169387008282
8195,1712169387009285
8196,1712169387010287
8197,1712169387011290
8198,1712169387012292
8199,1712169387013295
8200,1712169387014299
8201,1712169387015303
8202,1712169387016305
8203,1712169387017308
8204,1712169387018310
8205,1712169387019314
8206,1712169387020317
8207,1712169387021320
8208,1712169387022324
8209,1712169387023327
8210,1712169387024330
8211,1712169387025334
8212,1712169387026337
8213,1712169387027341
8214,1712169387028344
8215,1712169387029347
8216,1712169387030350
8217,1712169387031354
8218,1712169387032357
8219,1712169387033360
8220,1712169387034364
8221,1712169387035367
8222,1712169387036370
8223,1712169387037374
8224,1712169387038377
8225,1712169387039381
8226,1712169387040384
8227,1712169387041387
8228,1712169387042390
8229,1712169387043394
8230,1712169387044397
8231,1712169387045400
8232,1712169387046405
8233,1712169387047408
8234,1712169387048411
8235,1712169387049414
8236,1712169387050418
8237,1712169387051421
8238,1712169387052425
8239,1712169387053428
8240,1712169387054432
8241,1712169387055435
8242,1712169387056438
8243,1712169387057442
8244,1712169387058446
8245,1712169387059449
8246,1712169387060452
8247,1712169387061455
8248,1712169387062459
8249,1712169387063462
8250,1712169387064465
8251,1712169387065469
8252,1712169387066473
8253,1712169387067476
8254,1712169387068479
8255,1712169387069482
8256,1712169387070486
8257,1712169387071489
8258,1712169387072493
8259,1712169387073496
8260,1712169387074500
8261,1712169387075503
8262,1712169387076506
8263,1712169387077510
8264,1712169387078513
8265,1712169387079517
8266,1712169387080520
8267,1712169387081523
8268,1712169387082527
8269,1712169387083530
8270,1712169387084533
8271,1712169387085537
8272,1712169387086541
8273,1712169387087544
8274,1712169387088547
8275,1712169387089550
8276,1712169387090554
8277,1712169387091557
8278,1712169387092561
8279,1712169387093564
8280,1712169387094568
8281,1712169387095571
8282,1712169387096574
8283,1712169387097577
8284,1712169387098581
8285,1712169387099584
8286,1712169387100588
8287,1712169387101591
8288,1712169387102595
8289,1712169387103598
8290,1712169387104602
8291,1712169387105605
8292,1712169387106609
8293,1712169387107612
8294,1712169387108615
8295,1712169387109619
8296,1712169387110622
8297,1712169387111626
8298,1712169387112629
8299,1712169387113632
8300,1712169387114637
8301,1712169387115641
8302,1712169387116644
8303,1712169387117647
8304,1712169387118651
8305,1712169387119654
8306,1712169387120658
8307,1712169387121661
8308,1712169387122665
8309,1712169387123668
8310,1712169387124671
8311,1712169387125675
8312,1712169387126679
8313,1712169387127682
8314,1712169387128685
8315,1712169387129688
8316,1712169387130692
8317,1712169387131695
8318,1712169387132699
8319,1712169387133702
8320,1712169387134706
8321,1712169387135709
8322,1712169387136712
8323,1712169387137716
8324,1712169387138719
8325,1712169387139723
8326,1712169387140726
8327,1712169387141729
8328,1712169387142733
8329,1712169387143736
8330,1712169387144739
8331,1712169387145743
8332,1712169387146747
8333,1712169387147750
8334,1712169387148753
8335,1712169387149756
8336,1712169387150760
8337,1712169387151764
8338,1712169387152767
8339,1712169387153770
8340,1712169387154774
8341,1712169387155777
8342,1712169387156780
8343,1712169387157784
8344,1712169387158788
8345,1712169387159791
8346,1712169387160794
8347,1712169387161797
8348,1712169387162801
8349,1712169387163804
8350,1712169387164808
8351,1712169387165811
8352,1712169387166815
8353,1712169387167818
8354,1712169387168821
8355,1712169387169824
8356,1712169387170828
8357,1712169387171831
8358,1712169387172835
8359,1712169387173838
8360,1712169387174842
8361,1712169387175845
8362,1712169387176848
8363,1712169387177852
8364,1712169387178856
8365,1712169387179859
8366,1712169387180862
8367,1712169387181865
8368,1712169387182869
8369,1712169387183872
8370,1712169387184875
8371,1712169387185879
8372,1712169387186883
8373,1712169387187886
8374,1712169387188889
8375,1712169387189892
8376,1712169387190896
8377,1712169387191900
8378,1712169387192903
8379,1712169387193906
8380,1712169387194910
8381,1712169387195913
8382,1712169387196916
8383,1712169387197920
8384,1712169387198924
8385,1712169387199927
8386,1712169387200930
8387,1712169387201933
8388,1712169387202937
8389,1712169387203940
8390,1712169387204944
8391,1712169387205947
8392,1712169387206951
8393,1712169387207954
8394,1712169387208957
8395,1712169387209960
8396,1712169387210964
8397,1712169387211968
8398,1712169387212971
8399,1712169387213974
8400,1712169387214979
8401,1712169387215983
8402,1712169387216986
8403,1712169387217989
8404,1712169387218993
8405,1712169387219996
8406,1712169387220999
8407,1712169387222003
8408,1712169387223007
8409,1712169387224010
8410,1712169387225013
8411,1712169387226016
8412,1712169387227020
8413,1712169387228023
8414,1712169387229027
8415,1712169387230030
8416,1712169387231034
8417,1712169387232037
8418,1712169387233040
8419,1712169387234044
8420,1712169387235047
8421,1712169387236051
8422,1712169387237054
8423,1712169387238057
8424,1712169387239061
8425,1712169387240064
8426,1712169387241067
8427,1712169387242071
8428,1712169387243075
8429,1712169387244078
8430,1712169387245081
8431,1712169387246084
8432,1712169387247088
8433,1712169387248091
8434,1712169387249095
8435,1712169387250098
8436,1712169387251102
8437,1712169387252105
8438,1712169387253108
8439,1712169387254111
8440,1712169387255115
8441,1712169387256118
8442,1712169387257122
8443,1712169387258125
8444,1712169387259129
8445,1712169387260132
8446,1712169387261135
8447,1712169387262139
8448,1712169387263143
8449,1712169387264146
8450,1712169387265149
8451,1712169387266152
8452,1712169387267156
8453,1712169387268159
8454,1712169387269163
8455,1712169387270166
8456,1712169387271170
8457,1712169387272173
8458,1712169387273176
8459,1712169387274179
8460,1712169387275183
8461,1712169387276187
8462,1712169387277190
8463,1712169387278193
8464,1712169387279197
8465,1712169387280200
8466,1712169387281203
8467,1712169387282207
8468,1712169387283211
8469,1712169387284214
8470,1712169387285217
8471,1712169387286220
8472,1712169387287224
8473,1712169387288227
8474,1712169387289231
8475,1712169387290234
8476,1712169387291238
8477,1712169387292241
8478,1712169387293244
8479,1712169387294247
8480,1712169387295251
8481,1712169387296255
8482,1712169387297258
8483,1712169387298261
8484,1712169387299265
8485,1712169387300268
8486,1712169387301271
8487,1712169387302275
8488,1712169387303278
8489,1712169387304281
8490,1712169387305285
8491,1712169387306288
8492,1712169387307292
8493,1712169387308295
8494,1712169387309298
8495,1712169387310302
8496,1712169387311306
8497,1712169387312309
8498,1712169387313312
8499,1712169387314315
8500,1712169387315320
8501,1712169387316324
8502,1712169387317327
8503,1712169387318330
8504,1712169387319334
8505,1712169387320337
8506,1712169387321340
8507,1712169387322344
8508,1712169387323348
8509,1712169387324351
8510,1712169387325354
8511,1712169387326357
8512,1712169387327361
8513,1712169387328364
8514,1712169387329367
8515,1712169387330371
8516,1712169387331374
8517,1712169387332378
8518,1712169387333381
8519,1712169387334384
8520,1712169387335388
8521,1712169387336391
8522,1712169387337394
8523,1712169387338398
8524,1712169387339401
8525,1712169387340405
8526,1712169387341408
8527,1712169387342412
8528,1712169387343415
8529,1712169387344418
8530,1712169387345422
8531,1712169387346426
8532,1712169387347429
8533,1712169387348432
8534,1712169387349435
8535,1712169387350439
8536,1712169387351442
8537,1712169387352445
8538,1712169387353449
8539,1712169387354453
8540,1712169387355456
8541,1712169387356459
8542,1712169387357462
8543,1712169387358466
8544,1712169387359469
8545,1712169387360473
8546,1712169387361476
8547,1712169387362480
8548,1712169387363483
8549,1712169387364486
8550,1712169387365490
8551,1712169387366494
8552,1712169387367497
8553,1712169387368500
8554,1712169387369503
8555,1712169387370507
8556,1712169387371510
8557,1712169387372514
8558,1712169387373517
8559,1712169387374521
8560,1712169387375524
8561,1712169387376527
8562,1712169387377531
8563,1712169387378534
8564,1712169387379537
8565,1712169387380541
8566,1712169387381544
8567,1712169387382548
8568,1712169387383551
8569,1712169387384554
8570,1712169387385557
8571,1712169387386561
8572,1712169387387565
8573,1712169387388568
8574,1712169387389571
8575,1712169387390575
8576,1712169387391579
8577,1712169387392582
8578,1712169387393585
8579,1712169387394589
8580,1712169387395592
8581,1712169387396596
8582,1712169387397599
8583,1712169387398603
8584,1712169387399606
8585,1712169387400609
8586,1712169387401612
8587,1712169387402616
8588,1712169387403620
8589,1712169387404623
8590,1712169387405626
8591,1712169387406630
8592,1712169387407633
8593,1712169387408636
8594,1712169387409640
8595,1712169387410644
8596,1712169387411647
8597,1712169387412650
8598,1712169387413653
8599,1712169387414657
8600,1712169387415661
8601,1712169387416665
8602,1712169387417668
8603,1712169387418672
8604,1712169387419675
8605,1712169387420679
8606,1712169387421682
8607,1712169387422686
8608,1712169387423689
8609,1712169387424692
8610,1712169387425695
8611,1712169387426699
8612,1712169387427702
8613,1712169387428705
8614,1712169387429709
8615,1712169387430712
8616,1712169387431716
8617,1712169387432719
8618,1712169387433722
8619,1712169387434726
8620,1712169387435729
8621,1712169387436732
8622,1712169387437735
8623,1712169387438739
8624,1712169387439742
8625,1712169387440745
8626,1712169387441749
8627,1712169387442752
8628,1712169387443755
8629,1712169387444759
8630,1712169387445762
8631,1712169387446765
8632,1712169387447768
8633,1712169387448771
8634,1712169387449773
8635,1712169387450777
8636,1712169387451780
8637,1712169387452783
8638,1712169387453786
8639,1712169387454790
8640,1712169387455793
8641,1712169387456796
8642,1712169387457799
8643,1712169387458802
8644,1712169387459805
8645,1712169387460808
8646,1712169387461811
8647,1712169387462815
8648,1712169387463818
8649,1712169387464821
8650,1712169387465824
8651,1712169387466827
8652,1712169387467830
8653,1712169387468833
8654,1712169387469837
8655,1712169387470840
8656,1712169387471843
8657,1712169387472846
8658,1712169387473849
8659,1712169387474852
8660,1712169387475855
8661,1712169387476858
8662,1712169387477862
8663,1712169387478865
8664,1712169387479868
8665,1712169387480871
8666,1712169387481874
8667,1712169387482877
8668,1712169387483881
8669,1712169387484884
8670,1712169387485887
8671,1712169387486890
8672,1712169387487893
8673,1712169387488896
8674,1712169387489899
8675,1712169387490903
8676,1712169387491906
8677,1712169387492909
8678,1712169387493912
8679,1712169387494915
8680,1712169387495918
8681,1712169387496921
8682,1712169387497924
8683,1712169387498928
8684,1712169387499931
8685,1712169387500934
8686,1712169387501937
8687,1712169387502940
8688,1712169387503943
8689,1712169387504947
8690,1712169387505950
8691,1712169387506953
8692,1712169387507956
8693,1712169387508959
8694,1712169387509962
8695,1712169387510966
8696,1712169387511969
8697,1712169387512972
8698,1712169387513975
8699,1712169387514978
8700,1712169387515982
8701,1712169387516985
8702,1712169387517989
8703,1712169387518996
8704,1712169387519995
8705,1712169387520998
8706,1712169387522001
8707,1712169387523005
8708,1712169387524008
8709,1712169387525011
8710,1712169387526014
8711,1712169387527017
8712,1712169387528020
8713,1712169387529023
8714,1712169387530027
8715,1712169387531030
8716,1712169387532033
8717,1712169387533036
8718,1712169387534039
8719,1712169387535042
8720,1712169387536045
8721,1712169387537048
8722,1712169387538052
8723,1712169387539055
8724,1712169387540058
8725,1712169387541061
8726,1712169387542064
8727,1712169387543068
8728,1712169387544071
8729,1712169387545074
8730,1712169387546077
8731,1712169387547080
8732,1712169387548083
8733,1712169387549086
8734,1712169387550089
8735,1712169387551093
8736,1712169387552096
8737,1712169387553099
8738,1712169387554102
8739,1712169387555105
8740,1712169387556108
8741,1712169387557111
8742,1712169387558114
8743,1712169387559118
8744,1712169387560121
8745,1712169387561124
8746,1712169387562127
8747,1712169387563130
8748,1712169387564133
8749,1712169387565137
8750,1712169387566140
8751,1712169387567143
8752,1712169387568146
8753,1712169387569149
8754,1712169387570152
8755,1712169387571156
8756,1712169387572159
8757,1712169387573162
8758,1712169387574165
8759,1712169387575168
8760,1712169387576171
8761,1712169387577174
8762,1712169387578177
8763,1712169387579181
8764,1712169387580184
8765,1712169387581187
8766,1712169387582190
8767,1712169387583193
8768,1712169387584196
8769,1712169387585199
8770,1712169387586202
8771,1712169387587206
8772,1712169387588209
8773,1712169387589212
8774,1712169387590215
8775,1712169387591218
8776,1712169387592221
8777,1712169387593224
8778,1712169387594228
8779,1712169387595231
8780,1712169387596234
8781,1712169387597237
8782,1712169387598240
8783,1712169387599244
8784,1712169387600246
8785,1712169387601250
8786,1712169387602253
8787,1712169387603256
8788,1712169387604259
8789,1712169387605262
8790,1712169387606265
8791,1712169387607269
8792,1712169387608272
8793,1712169387609275
8794,1712169387610278
8795,1712169387611281
8796,1712169387612284
8797,1712169387613287
8798,1712169387614290
8799,1712169387615294
8800,1712169387616298
8801,1712169387617301
8802,1712169387618304
8803,1712169387619308
8804,1712169387620311
8805,1712169387621314
8806,1712169387622317
8807,1712169387623320
8808,1712169387624323
8809,1712169387625326
8810,1712169387626329
8811,1712169387627333
8812,1712169387628336
8813,1712169387629339
8814,1712169387630342
8815,1712169387631345
8816,1712169387632348
8817,1712169387633351
8818,1712169387634355
8819,1712169387635358
8820,1712169387636361
8821,1712169387637364
8822,1712169387638367
8823,1712169387639370
8824,1712169387640373
8825,1712169387641377
8826,1712169387642380
8827,1712169387643383
8828,1712169387644386
8829,1712169387645389
8830,1712169387646392
8831,1712169387647395
8832,1712169387648398
8833,1712169387649402
8834,1712169387650405
8835,1712169387651408
8836,1712169387652411
8837,1712169387653414
8838,1712169387654418
8839,1712169387655421
8840,1712169387656424
8841,1712169387657427
8842,1712169387658431
8843,1712169387659434
8844,1712169387660437
8845,1712169387661440
8846,1712169387662444
8847,1712169387663447
8848,1712169387664450
8849,1712169387665453
8850,1712169387666457
8851,1712169387667459
8852,1712169387668463
8853,1712169387669466
8854,1712169387670469
8855,1712169387671472
8856,1712169387672475
8857,1712169387673478
8858,1712169387674482
8859,1712169387675485
8860,1712169387676488
8861,1712169387677491
8862,1712169387678494
8863,1712169387679497
8864,1712169387680500
8865,1712169387681503
8866,1712169387682507
8867,1712169387683510
8868,1712169387684512
8869,1712169387685515
8870,1712169387686519
8871,1712169387687522
8872,1712169387688525
8873,1712169387689529
8874,1712169387690532
8875,1712169387691536
8876,1712169387692539
8877,1712169387693542
8878,1712169387694546
8879,1712169387695549
8880,1712169387696552
8881,1712169387697555
8882,1712169387698559
8883,1712169387699562
8884,1712169387700565
8885,1712169387701569
8886,1712169387702572
8887,1712169387703576
8888,1712169387704579
8889,1712169387705582
8890,1712169387706586
8891,1712169387707589
8892,1712169387708592
8893,1712169387709595
8894,1712169387710599
8895,1712169387711602
8896,1712169387712605
8897,1712169387713609
8898,1712169387714612
8899,1712169387715616
8900,1712169387716620
8901,1712169387717624
8902,1712169387718627
8903,1712169387719630
8904,1712169387720633
8905,1712169387721637
8906,1712169387722640
8907,1712169387723644
8908,1712169387724647
8909,1712169387725650
8910,1712169387726654
8911,1712169387727657
8912,1712169387728660
8913,1712169387729663
8914,1712169387730667
8915,1712169387731670
8916,1712169387732673
8917,1712169387733677
8918,1712169387734680
8919,1712169387735683
8920,1712169387736687
8921,1712169387737690
8922,1712169387738694
8923,1712169387739697
8924,1712169387740700
8925,1712169387741703
8926,1712169387742707
8927,1712169387743710
8928,1712169387744713
8929,1712169387745717
8930,1712169387746720
8931,1712169387747724
8932,1712169387748727
8933,1712169387749730
8934,1712169387750734
8935,1712169387751737
8936,1712169387752740
8937,1712169387753743
8938,1712169387754747
8939,1712169387755750
8940,1712169387756753
8941,1712169387757757
8942,1712169387758760
8943,1712169387759763
8944,1712169387760767
8945,1712169387761770
8946,1712169387762774
8947,1712169387763777
8948,1712169387764780
8949,1712169387765783
8950,1712169387766787
8951,1712169387767790
8952,1712169387768793
8953,1712169387769797
8954,1712169387770800
8955,1712169387771803
8956,1712169387772807
8957,1712169387773810
8958,1712169387774813
8959,1712169387775817
8960,1712169387776820
8961,1712169387777823
8962,1712169387778827
8963,1712169387779830
8964,1712169387780833
8965,1712169387781837
8966,1712169387782840
8967,1712169387783843
8968,1712169387784847
8969,1712169387785850
8970,1712169387786854
8971,1712169387787857
8972,1712169387788860
8973,1712169387789863
8974,1712169387790867
8975,1712169387791870
8976,1712169387792873
8977,1712169387793876
8978,1712169387794880
8979,1712169387795883
8980,1712169387796887
8981,1712169387797890
8982,1712169387798893
8983,1712169387799897
8984,1712169387800900
8985,1712169387801903
8986,1712169387802907
8987,1712169387803910
8988,1712169387804913
8989,1712169387805916
8990,1712169387806920
8991,1712169387807923
8992,1712169387808926
8993,1712169387809930
8994,1712169387810933
8995,1712169387811937
8996,1712169387812940
8997,1712169387813943
8998,1712169387814947
8999,1712169387815950
9000,1712169387816954
9001,1712169387817958
9002,1712169387818961
9003,1712169387819964
9004,1712169387820968
9005,1712169387821971
9006,1712169387822975
9007,1712169387823978
9008,1712169387824981
9009,1712169387825984
9010,1712169387826988
9011,1712169387827991
9012,1712169387828994
9013,1712169387829998
9014,1712169387831001
9015,1712169387832004
9016,1712169387833008
9017,1712169387834011
9018,1712169387835014
9019,1712169387836018
9020,1712169387837021
9021,1712169387838024
9022,1712169387839028
9023,1712169387840031
9024,1712169387841034
9025,1712169387842038
9026,1712169387843041
9027,1712169387844044
9028,1712169387845048
9029,1712169387846051
9030,1712169387847055
9031,1712169387848058
9032,1712169387849061
9033,1712169387850064
9034,1712169387851068
9035,1712169387852071
9036,1712169387853074
9037,1712169387854078
9038,1712169387855081
9039,1712169387856084
9040,1712169387857088
9041,1712169387858091
9042,1712169387859094
9043,1712169387860098
9044,1712169387861101
9045,1712169387862104
9046,1712169387863108
9047,1712169387864111
9048,1712169387865114
9049,1712169387866117
9050,1712169387867121
9051,1712169387868124
9052,1712169387869127
9053,1712169387870131
9054,1712169387871134
9055,1712169387872137
9056,1712169387873141
9057,1712169387874144
9058,1712169387875148
9059,1712169387876151
9060,1712169387877154
9061,1712169387878157
9062,1712169387879161
9063,1712169387880164
9064,1712169387881167
9065,1712169387882171
9066,1712169387883174
9067,1712169387884177
9068,1712169387885181
9069,1712169387886184
9070,1712169387887188
9071,1712169387888191
9072,1712169387889194
9073,1712169387890197
9074,1712169387891201
9075,1712169387892204
9076,1712169387893207
9077,1712169387894211
9078,1712169387895214
9079,1712169387896217
9080,1712169387897220
9081,1712169387898223
9082,1712169387899227
9083,1712169387900231
9084,1712169387901234
9085,1712169387902237
9086,1712169387903241
9087,1712169387904244
9088,1712169387905247
9089,1712169387906250
9090,1712169387907254
9091,1712169387908257
9092,1712169387909261
9093,1712169387910264
9094,1712169387911267
9095,1712169387912271
9096,1712169387913274
9097,1712169387914277
9098,1712169387915281
9099,1712169387916284
9100,1712169387917288
9101,1712169387918292
9102,1712169387919295
9103,1712169387920298
9104,1712169387921302
9105,1712169387922305
9106,1712169387923309
9107,1712169387924312
9108,1712169387925315
9109,1712169387926318
9110,1712169387927322
9111,1712169387928325
9112,1712169387929328
9113,1712169387930332
9114,1712169387931335
9115,1712169387932338
9116,1712169387933342
9117,1712169387934345
9118,1712169387935348
9119,1712169387936352
9120,1712169387937355
9121,1712169387938358
9122,1712169387939362
9123,1712169387940365
9124,1712169387941368
9125,1712169387942372
9126,1712169387943375
9127,1712169387944378
9128,1712169387945382
9129,1712169387946385
9130,1712169387947388
9131,1712169387948392
9132,1712169387949395
9133,1712169387950399
9134,1712169387951402
9135,1712169387952405
9136,1712169387953408
9137,1712169387954412
9138,1712169387955416
9139,1712169387956419
9140,1712169387957422
9141,1712169387958426
9142,1712169387959429
9143,1712169387960432
9144,1712169387961436
9145,1712169387962440
9146,1712169387963443
9147,1712169387964446
9148,1712169387965449
9149,1712169387966453
9150,1712169387967456
9151,1712169387968459
9152,1712169387969463
9153,1712169387970467
9154,1712169387971470
9155,1712169387972473
9156,1712169387973476
9157,1712169387974480
9158,1712169387975483
9159,1712169387976487
9160,1712169387977490
9161,1712169387978494
9162,1712169387979497
9163,1712169387980500
9164,1712169387981503
9165,1712169387982507
9166,1712169387983510
9167,1712169387984514
9168,1712169387985517
9169,1712169387986521
9170,1712169387987524
9171,1712169387988527
9172,1712169387989531
9173,1712169387990535
9174,1712169387991538
9175,1712169387992541
9176,1712169387993544
9177,1712169387994548
9178,1712169387995551
9179,1712169387996555
9180,1712169387997558
9181,1712169387998562
9182,1712169387999565
9183,1712169388000568
9184,1712169388001571
9185,1712169388002575
9186,1712169388003578
9187,1712169388004582
9188,1712169388005585
9189,1712169388006589
9190,1712169388007592
9191,1712169388008595
9192,1712169388009598
9193,1712169388010602
9194,1712169388011605
9195,1712169388012608
9196,1712169388013611
9197,1712169388014615
9198,1712169388015618
9199,1712169388016621
9200,1712169388017626
9201,1712169388018630
9202,1712169388019633
9203,1712169388020636
9204,1712169388021639
9205,1712169388022643
9206,1712169388023646
9207,1712169388024650
9208,1712169388025653
9209,1712169388026656
9210,1712169388027660
9211,1712169388028663
9212,1712169388029666
9213,1712169388030670
9214,1712169388031673
9215,1712169388032679
9216,1712169388033680
9217,1712169388034683
9218,1712169388035687
9219,1712169388036690
9220,1712169388037693
9221,1712169388038697
9222,1712169388039700
9223,1712169388040703
9224,1712169388041706
9225,1712169388042710
9226,1712169388043713
9227,1712169388044716
9228,1712169388045720
9229,1712169388046723
9230,1712169388047726
9231,1712169388048730
9232,1712169388049733
9233,1712169388050736
9234,1712169388051740
9235,1712169388052743
9236,1712169388053746
9237,1712169388054750
9238,1712169388055753
9239,1712169388056756
9240,1712169388057759
9241,1712169388058763
9242,1712169388059766
9243,1712169388060769
9244,1712169388061773
9245,1712169388062776
9246,1712169388063780
9247,1712169388064783
9248,1712169388065786
9249,1712169388066790
9250,1712169388067793
9251,1712169388068796
9252,1712169388069799
9253,1712169388070803
9254,1712169388071806
9255,1712169388072809
9256,1712169388073813
9257,1712169388074816
9258,1712169388075820
9259,1712169388076823
9260,1712169388077826
9261,1712169388078830
9262,1712169388079833
9263,1712169388080836
9264,1712169388081839
9265,1712169388082843
9266,1712169388083846
9267,1712169388084849
9268,1712169388085853
9269,1712169388086856
9270,1712169388087860
9271,1712169388088863
9272,1712169388089866
9273,1712169388090870
9274,1712169388091873
9275,1712169388092876
9276,1712169388093879
9277,1712169388094883
9278,1712169388095886
9279,1712169388096889
9280,1712169388097893
9281,1712169388098896
9282,1712169388099900
9283,1712169388100903
9284,1712169388101906
9285,1712169388102910
9286,1712169388103913
9287,1712169388104916
9288,1712169388105919
9289,1712169388106923
9290,1712169388107926
9291,1712169388108929
9292,1712169388109933
9293,1712169388110936
9294,1712169388111939
9295,1712169388112943
9296,1712169388113946
9297,1712169388114950
9298,1712169388115953
9299,1712169388116956
9300,1712169388117960
9301,1712169388118964
9302,1712169388119967
9303,1712169388120971
9304,1712169388121974
9305,1712169388122977
9306,1712169388123981
9307,1712169388124984
9308,1712169388125987
9309,1712169388126991
9310,1712169388127994
9311,1712169388128997
9312,1712169388130000
9313,1712169388131004
9314,1712169388132007
9315,1712169388133011
9316,1712169388134014
9317,1712169388135017
9318,1712169388136021
9319,1712169388137024
9320,1712169388138027
9321,1712169388139031
9322,1712169388140034
9323,1712169388141037
9324,1712169388142040
9325,1712169388143044
9326,1712169388144047
9327,1712169388145050
9328,1712169388146054
9329,1712169388147057
9330,1712169388148060
9331,1712169388149064
9332,1712169388150067
9333,1712169388151071
9334,1712169388152074
9335,1712169388153077
9336,1712169388154080
9337,1712169388155084
9338,1712169388156087
9339,1712169388157090
9340,1712169388158093
9341,1712169388159097
9342,1712169388160100
9343,1712169388161103
9344,1712169388162107
9345,1712169388163110
9346,1712169388164113
9347,1712169388165117
9348,1712169388166120
9349,1712169388167124
9350,1712169388168127
9351,1712169388169130
9352,1712169388170133
9353,1712169388171137
9354,1712169388172140
9355,1712169388173143
9356,1712169388174147
9357,1712169388175150
9358,1712169388176153
9359,1712169388177157
9360,1712169388178160
9361,1712169388179164
9362,1712169388180167
9363,1712169388181170
9364,1712169388182173
9365,1712169388183177
9366,1712169388184180
9367,1712169388185183
9368,1712169388186187
9369,1712169388187190
9370,1712169388188193
9371,1712169388189197
9372,1712169388190200
9373,1712169388191203
9374,1712169388192207
9375,1712169388193210
9376,1712169388194213
9377,1712169388195217
9378,1712169388196220
9379,1712169388197223
9380,1712169388198227
9381,1712169388199230
9382,1712169388200233
9383,1712169388201237
9384,1712169388202240
9385,1712169388203243
9386,1712169388204247
9387,1712169388205250
9388,1712169388206253
9389,1712169388207257
9390,1712169388208260
9391,1712169388209263
9392,1712169388210267
9393,1712169388211270
9394,1712169388212273
9395,1712169388213276
9396,1712169388214280
9397,1712169388215283
9398,1712169388216286
9399,1712169388217290
9400,1712169388218294
9401,1712169388219298
9402,1712169388220301
9403,1712169388221304
9404,1712169388222308
9405,1712169388223311
9406,1712169388224314
9407,1712169388225318
9408,1712169388226321
9409,1712169388227325
9410,1712169388228328
9411,1712169388229331
9412,1712169388230334
9413,1712169388231338
9414,1712169388232341
9415,1712169388233344
9416,1712169388234348
9417,1712169388235351
9418,1712169388236354
9419,1712169388237358
9420,1712169388238361
9421,1712169388239364
9422,1712169388240368
9423,1712169388241371
9424,1712169388242374
9425,1712169388243378
9426,1712169388244381
9427,1712169388245384
9428,1712169388246387
9429,1712169388247391
9430,1712169388248394
9431,1712169388249397
9432,1712169388250401
9433,1712169388251404
9434,1712169388252408
9435,1712169388253411
9436,1712169388254415
9437,1712169388255418
9438,1712169388256422
9439,1712169388257425
9440,1712169388258429
9441,1712169388259432
9442,1712169388260435
9443,1712169388261438
9444,1712169388262442
9445,1712169388263445
9446,1712169388264449
9447,1712169388265452
9448,1712169388266456
9449,1712169388267459
9450,1712169388268462
9451,1712169388269465
9452,1712169388270469
9453,1712169388271473
9454,1712169388272476
9455,1712169388273479
9456,1712169388274483
9457,1712169388275486
9458,1712169388276489
9459,1712169388277493
9460,1712169388278496
9461,1712169388279500
9462,1712169388280503
9463,1712169388281506
9464,1712169388282510
9465,1712169388283513
9466,1712169388284516
9467,1712169388285520
9468,1712169388286524
9469,1712169388287527
9470,1712169388288530
9471,1712169388289533
9472,1712169388290537
9473,1712169388291540
9474,1712169388292544
9475,1712169388293547
9476,1712169388294551
9477,1712169388295554
9478,1712169388296557
9479,1712169388297560
9480,1712169388298564
9481,1712169388299567
9482,1712169388300571
9483,1712169388301574
9484,1712169388302578
9485,1712169388303581
9486,1712169388304584
9487,1712169388305587
9488,1712169388306591
9489,1712169388307595
9490,1712169388308598
9491,1712169388309601
9492,1712169388310605
9493,1712169388311608
9494,1712169388312611
9495,1712169388313614
9496,1712169388314619
9497,1712169388315622
9498,1712169388316625
9499,1712169388317628
9500,1712169388318633
9501,1712169388319637
9502,1712169388320640
9503,1712169388321643
9504,1712169388322647
9505,1712169388323650
9506,1712169388324654
9507,1712169388325657
9508,1712169388326661
9509,1712169388327664
9510,1712169388328667
9511,1712169388329670
9512,1712169388330674
9513,1712169388331678
9514,1712169388332681
9515,1712169388333684
9516,1712169388334688
9517,1712169388335691
9518,1712169388336694
9519,1712169388337698
9520,1712169388338702
9521,1712169388339705
9522,1712169388340708
9523,1712169388341711
9524,1712169388342715
9525,1712169388343718
9526,1712169388344721
9527,1712169388345725
9528,1712169388346728
9529,1712169388347731
9530,1712169388348734
9531,1712169388349738
9532,1712169388350741
9533,1712169388351745
9534,1712169388352748
9535,1712169388353751
9536,1712169388354755
9537,1712169388355758
9538,1712169388356761
9539,1712169388357765
9540,1712169388358768
9541,1712169388359771
9542,1712169388360775
9543,1712169388361778
9544,1712169388362781
9545,1712169388363785
9546,1712169388364788
9547,1712169388365791
9548,1712169388366795
9549,1712169388367798
9550,1712169388368801
9551,1712169388369804
9552,1712169388370808
9553,1712169388371811
9554,1712169388372814
9555,1712169388373818
9556,1712169388374821
9557,1712169388375824
9558,1712169388376828
9559,1712169388377831
9560,1712169388378835
9561,1712169388379838
9562,1712169388380841
9563,1712169388381844
9564,1712169388382848
9565,1712169388383851
9566,1712169388384854
9567,1712169388385858
9568,1712169388386861
9569,1712169388387864
9570,1712169388388868
9571,1712169388389871
9572,1712169388390875
9573,1712169388391878
9574,1712169388392881
9575,1712169388393884
9576,1712169388394888
9577,1712169388395891
9578,1712169388396894
9579,1712169388397898
9580,1712169388398901
9581,1712169388399904
9582,1712169388400908
9583,1712169388401911
9584,1712169388402915
9585,1712169388403918
9586,1712169388404921
9587,1712169388405924
9588,1712169388406928
9589,1712169388407930
9590,1712169388408934
9591,1712169388409937
9592,1712169388410941
9593,1712169388411944
9594,1712169388412947
9595,1712169388413951
9596,1712169388414954
9597,1712169388415958
9598,1712169388416961
9599,1712169388417964
9600,1712169388418969
9601,1712169388419972
9602,1712169388420975
9603,1712169388421979
9604,1712169388422982
9605,1712169388423985
9606,1712169388424989
9607,1712169388425992
9608,1712169388426996
9609,1712169388427999
9610,1712169388429002
9611,1712169388430005
9612,1712169388431009
9613,1712169388432012
9614,1712169388433015
9615,1712169388434019
9616,1712169388435022
9617,1712169388436025
9618,1712169388437029
9619,1712169388438032
9620,1712169388439036
9621,1712169388440039
9622,1712169388441042
9623,1712169388442045
9624,1712169388443049
9625,1712169388444052
9626,1712169388445055
9627,1712169388446058
9628,1712169388447062
9629,1712169388448065
9630,1712169388449068
9631,1712169388450072
9632,1712169388451075
9633,1712169388452079
9634,1712169388453082
9635,1712169388454085
9636,1712169388455089
9637,1712169388456092
9638,1712169388457095
9639,1712169388458098
9640,1712169388459102
9641,1712169388460105
9642,1712169388461109
9643,1712169388462112
9644,1712169388463115
9645,1712169388464119
9646,1712169388465122
9647,1712169388466125
9648,1712169388467129
9649,1712169388468132
9650,1712169388469135
9651,1712169388470138
9652,1712169388471142
9653,1712169388472145
9654,1712169388473147
9655,1712169388474150
9656,1712169388475153
9657,1712169388476156
9658,1712169388477159
9659,1712169388478163
9660,1712169388479166
9661,1712169388480169
9662,1712169388481172
9663,1712169388482175
9664,1712169388483179
9665,1712169388484182
9666,1712169388485185
9667,1712169388486188
9668,1712169388487191
9669,1712169388488194
9670,1712169388489197
9671,1712169388490200
9672,1712169388491204
9673,1712169388492207
9674,1712169388493210
9675,1712169388494213
9676,1712169388495216
9677,1712169388496219
9678,1712169388497222
9679,1712169388498225
9680,1712169388499229
9681,1712169388500232
9682,1712169388501235
9683,1712169388502238
9684,1712169388503241
9685,1712169388504244
9686,1712169388505247
9687,1712169388506251
9688,1712169388507254
9689,1712169388508257
9690,1712169388509260
9691,1712169388510263
9692,1712169388511267
9693,1712169388512270
9694,1712169388513273
9695,1712169388514276
9696,1712169388515279
9697,1712169388516282
9698,1712169388517285
9699,1712169388518288
9700,1712169388519293
9701,1712169388520296
9702,1712169388521299
9703,1712169388522302
9704,1712169388523306
9705,1712169388524309
9706,1712169388525312
9707,1712169388526315
9708,1712169388527318
9709,1712169388528321
9710,1712169388529324
9711,1712169388530327
9712,1712169388531331
9713,1712169388532334
9714,1712169388533337
9715,1712169388534340
9716,1712169388535343
9717,1712169388536346
9718,1712169388537349
9719,1712169388538352
9720,1712169388539356
9721,1712169388540359
9722,1712169388541362
9723,1712169388542365
9724,1712169388543368
9725,1712169388544371
9726,1712169388545375
9727,1712169388546381
9728,1712169388547381
9729,1712169388548384
9730,1712169388549387
9731,1712169388550390
9732,1712169388551394
9733,1712169388552397
9734,1712169388553400
9735,1712169388554404
9736,1712169388555406
9737,1712169388556410
9738,1712169388557413
9739,1712169388558417
9740,1712169388559420
9741,1712169388560423
9742,1712169388561426
9743,1712169388562430
9744,1712169388563433
9745,1712169388564436
9746,1712169388565439
9747,1712169388566443
9748,1712169388567445
9749,1712169388568448
9750,1712169388569452
9751,1712169388570455
9752,1712169388571458
9753,1712169388572461
9754,1712169388573464
9755,1712169388574468
9756,1712169388575471
9757,1712169388576474
9758,1712169388577477
9759,1712169388578481
9760,1712169388579484
9761,1712169388580487
9762,1712169388581490
9763,1712169388582494
9764,1712169388583497
9765,1712169388584500
9766,1712169388585503
9767,1712169388586507
9768,1712169388587510
9769,1712169388588513
9770,1712169388589516
9771,1712169388590520
9772,1712169388591523
9773,1712169388592526
9774,1712169388593529
9775,1712169388594532
9776,1712169388595535
9777,1712169388596539
9778,1712169388597542
9779,1712169388598545
9780,1712169388599548
9781,1712169388600551
9782,1712169388601554
9783,1712169388602558
9784,1712169388603561
9785,1712169388604564
9786,1712169388605567
9787,1712169388606571
9788,1712169388607574
9789,1712169388608577
9790,1712169388609580
9791,1712169388610584
9792,1712169388611587
9793,1712169388612590
9794,1712169388613593
9795,1712169388614597
9796,1712169388615600
9797,1712169388616603
9798,1712169388617606
9799,1712169388618610
9800,1712169388619614
9801,1712169388620617
9802,1712169388621620
9803,1712169388622624
9804,1712169388623627
9805,1712169388624630
9806,1712169388625633
9807,1712169388626637
9808,1712169388627640
9809,1712169388628643
9810,1712169388629646
9811,1712169388630649
9812,1712169388631652
9813,1712169388632655
9814,1712169388633659
9815,1712169388634662
9816,1712169388635665
9817,1712169388636668
9818,1712169388637672
9819,1712169388638675
9820,1712169388639678
9821,1712169388640681
9822,1712169388641684
9823,1712169388642688
9824,1712169388643691
9825,1712169388644694
9826,1712169388645697
9827,1712169388646701
9828,1712169388647704
9829,1712169388648707
9830,1712169388649710
9831,1712169388650714
9832,1712169388651717
9833,1712169388652720
9834,1712169388653723
9835,1712169388654727
9836,1712169388655729
9837,1712169388656733
9838,1712169388657736
9839,1712169388658739
9840,1712169388659742
9841,1712169388660745
9842,1712169388661749
9843,1712169388662752
9844,1712169388663755
9845,1712169388664758
9846,1712169388665761
9847,1712169388666765
9848,1712169388667768
9849,1712169388668771
9850,1712169388669774
9851,1712169388670778
9852,1712169388671781
9853,1712169388672784
9854,1712169388673787
9855,1712169388674791
9856,1712169388675794
9857,1712169388676797
9858,1712169388677800
9859,1712169388678804
9860,1712169388679807
9861,1712169388680810
9862,1712169388681813
9863,1712169388682816
9864,1712169388683819
9865,1712169388684822
9866,1712169388685825
9867,1712169388686829
9868,1712169388687832
9869,1712169388688835
9870,1712169388689839
9871,1712169388690842
9872,1712169388691845
9873,1712169388692849
9874,1712169388693852
9875,1712169388694855
9876,1712169388695859
9877,1712169388696862
9878,1712169388697865
9879,1712169388698869
9880,1712169388699872
9881,1712169388700875
9882,1712169388701878
9883,1712169388702882
9884,1712169388703885
9885,1712169388704889
9886,1712169388705892
9887,1712169388706896
9888,1712169388707899
9889,1712169388708902
9890,1712169388709905
9891,1712169388710909
9892,1712169388711912
9893,1712169388712915
9894,1712169388713918
9895,1712169388714922
9896,1712169388715925
9897,1712169388716929
9898,1712169388717932
9899,1712169388718935
9900,1712169388719940
9901,1712169388720943
9902,1712169388721947
9903,1712169388722950
9904,1712169388723953
9905,1712169388724957
9906,1712169388725960
9907,1712169388726963
9908,1712169388727967
9909,1712169388728970
9910,1712169388729973
9911,1712169388730977
9912,1712169388731980
9913,1712169388732983
9914,1712169388733987
9915,1712169388734990
9916,1712169388735993
9917,1712169388736997
9918,1712169388738000
9919,1712169388739003
9920,1712169388740007
9921,1712169388741010
9922,1712169388742013
9923,1712169388743017
9924,1712169388744020
9925,1712169388745023
9926,1712169388746027
9927,1712169388747030
9928,1712169388748033
9929,1712169388749037
9930,1712169388750040
9931,1712169388751044
9932,1712169388752047
9933,1712169388753050
9934,1712169388754053
9935,1712169388755057
9936,1712169388756060
9937,1712169388757063
9938,1712169388758067
9939,1712169388759070
9940,1712169388760073
9941,1712169388761077
9942,1712169388762080
9943,1712169388763083
9944,1712169388764087
9945,1712169388765090
9946,1712169388766093
9947,1712169388767097
9948,1712169388768100
9949,1712169388769103
9950,1712169388770107
9951,1712169388771110
9952,1712169388772113
9953,1712169388773117
9954,1712169388774120
9955,1712169388775123
9956,1712169388776127
9957,1712169388777130
9958,1712169388778133
9959,1712169388779137
9960,1712169388780140
9961,1712169388781143
9962,1712169388782147
9963,1712169388783150
9964,1712169388784153
9965,1712169388785157
9966,1712169388786160
9967,1712169388787164
9968,1712169388788167
9969,1712169388789170
9970,1712169388790173
9971,1712169388791177
9972,1712169388792180
9973,1712169388793183
9974,1712169388794187
9975,1712169388795190
9976,1712169388796193
9977,1712169388797197
9978,1712169388798200
9979,1712169388799203
9980,1712169388800207
9981,1712169388801210
9982,1712169388802213
9983,1712169388803217
9984,1712169388804220
9985,1712169388805223
9986,1712169388806227
9987,1712169388807230
9988,1712169388808233
9989,1712169388809237
9990,1712169388810240
9991,1712169388811244
9992,1712169388812247
9993,1712169388813250
9994,1712169388814253
9995,1712169388815257
9996,1712169388816260
9997,1712169388817263
9998,1712169388818267
