index,time
0,1520598942351513
1,1520598942361534
2,1520598942371548
3,1520598942381562
4,1520598942391580
5,1520598942401592
6,1520598942411606
7,1520598942421624
8,1520598942431654
9,1520598942441654
10,1520598942451669
11,1520598942461684
12,1520598942471699
13,1520598942481714
14,1520598942491728
15,1520598942501743
16,1520598942511759
17,1520598942521773
18,1520598942531788
19,1520598942541803
20,1520598942551818
21,1520598942561833
22,1520598942571847
23,1520598942581861
24,1520598942591876
25,1520598942601891
26,1520598942611907
27,1520598942621923
28,1520598942631937
29,1520598942641952
30,1520598942651966
31,1520598942661981
32,1520598942671998
33,1520598942682011
34,1520598942692026
35,1520598942702041
36,1520598942712056
37,1520598942722071
38,1520598942732086
39,1520598942742100
40,1520598942752115
41,1520598942762129
42,1520598942772144
43,1520598942782159
44,1520598942792174
45,1520598942802188
46,1520598942812203
47,1520598942822218
48,1520598942832233
49,1520598942842247
50,1520598942852262
51,1520598942862277
52,1520598942872292
53,1520598942882306
54,1520598942892321
55,1520598942902336
56,1520598942912351
57,1520598942922366
58,1520598942932381
59,1520598942942395
60,1520598942952410
61,1520598942962425
62,1520598942972440
63,1520598942982455
64,1520598942992471
65,1520598943002484
66,1520598943012499
67,1520598943022514
68,1520598943032529
69,1520598943042543
70,1520598943052558
71,1520598943062573
72,1520598943072587
73,1520598943082602
74,1520598943092617
75,1520598943102632
76,1520598943112646
77,1520598943122661
78,1520598943132676
79,1520598943142691
80,1520598943152705
81,1520598943162720
82,1520598943172735
83,1520598943182749
84,1520598943192765
85,1520598943202779
86,1520598943212794
87,1520598943222809
88,1520598943232823
89,1520598943242838
90,1520598943252853
91,1520598943262868
92,1520598943272883
93,1520598943282897
94,1520598943292912
95,1520598943302927
96,1520598943312942
97,1520598943322957
98,1520598943332971
99,1520598943342986
100,1520598943353001
101,1520598943363016
102,1520598943373031
103,1520598943383046
104,1520598943393061
105,1520598943403075
106,1520598943413090
107,1520598943423105
108,1520598943433120
109,1520598943443134
110,1520598943453158
111,1520598943463164
112,1520598943473179
113,1520598943483194
114,1520598943493208
115,1520598943503223
116,1520598943513238
117,1520598943523253
118,1520598943533268
119,1520598943543283
120,1520598943553298
121,1520598943563313
122,1520598943573328
123,1520598943583342
124,1520598943593357
125,1520598943603372
126,1520598943613387
127,1520598943623403
128,1520598943633432
129,1520598943643434
130,1520598943653447
131,1520598943663462
132,1520598943673476
133,1520598943683492
134,1520598943693506
135,1520598943703521
136,1520598943713535
137,1520598943723550
138,1520598943733565
139,1520598943743580
140,1520598943753594
141,1520598943763609
142,1520598943773623
143,1520598943783637
144,1520598943793652
145,1520598943803667
146,1520598943813681
147,1520598943823697
148,1520598943833711
149,1520598943843726
150,1520598943853740
151,1520598943863755
152,1520598943873769
153,1520598943883784
154,1520598943893799
155,1520598943903814
156,1520598943913829
157,1520598943923843
158,1520598943933858
159,1520598943943873
160,1520598943953887
161,1520598943963903
162,1520598943973917
163,1520598943983932
164,1520598943993947
165,1520598944003962
166,1520598944013977
167,1520598944023991
168,1520598944034006
169,1520598944044021
170,1520598944054035
171,1520598944064050
172,1520598944074065
173,1520598944084080
174,1520598944094094
175,1520598944104109
176,1520598944114124
177,1520598944124138
178,1520598944134153
179,1520598944144168
180,1520598944154183
181,1520598944164197
182,1520598944174212
183,1520598944184227
184,1520598944194242
185,1520598944204257
186,1520598944214271
187,1520598944224286
188,1520598944234300
189,1520598944244316
190,1520598944254330
191,1520598944264345
192,1520598944274360
193,1520598944284375
194,1520598944294389
195,1520598944304404
196,1520598944314419
197,1520598944324433
198,1520598944334448
199,1520598944344463
200,1520598944354478
201,1520598944364492
202,1520598944374507
203,1520598944384522
204,1520598944394537
205,1520598944404551
206,1520598944414566
207,1520598944424580
208,1520598944434595
209,1520598944444611
210,1520598944454625
211,1520598944464639
212,1520598944474654
213,1520598944484669
214,1520598944494683
215,1520598944504698
216,1520598944514712
217,1520598944524727
218,1520598944534742
219,1520598944544757
220,1520598944554770
221,1520598944564786
222,1520598944574800
223,1520598944584815
224,1520598944594829
225,1520598944604844
226,1520598944614859
227,1520598944624874
228,1520598944634889
229,1520598944644903
230,1520598944654918
231,1520598944664932
232,1520598944674947
233,1520598944684962
234,1520598944694977
235,1520598944704992
236,1520598944715006
237,1520598944725021
238,1520598944735035
239,1520598944745050
240,1520598944755065
241,1520598944765080
242,1520598944775095
243,1520598944785110
244,1520598944795124
245,1520598944805147
246,1520598944815154
247,1520598944825169
248,1520598944835183
249,1520598944845198
250,1520598944855213
251,1520598944865227
252,1520598944875242
253,1520598944885257
254,1520598944895272
255,1520598944905286
256,1520598944915316
257,1520598944925317
258,1520598944935331
259,1520598944945345
260,1520598944955360
261,1520598944965375
262,1520598944975390
263,1520598944985404
264,1520598944995420
265,1520598945005434
266,1520598945015449
267,1520598945025463
268,1520598945035478
269,1520598945045493
270,1520598945055520
271,1520598945065523
272,1520598945075538
273,1520598945085552
274,1520598945095567
275,1520598945105582
276,1520598945115597
277,1520598945125611
278,1520598945135626
279,1520598945145641
280,1520598945155656
281,1520598945165670
282,1520598945175685
283,1520598945185700
284,1520598945195715
285,1520598945205729
286,1520598945215744
287,1520598945225758
288,1520598945235773
289,1520598945245788
290,1520598945255803
291,1520598945265817
292,1520598945275833
293,1520598945285847
294,1520598945295862
295,1520598945305877
296,1520598945315892
297,1520598945325906
298,1520598945335921
299,1520598945345936
300,1520598945355951
301,1520598945365966
302,1520598945375980
303,1520598945385995
304,1520598945396010
305,1520598945406026
306,1520598945416040
307,1520598945426054
308,1520598945436071
309,1520598945446085
310,1520598945456099
311,1520598945466114
312,1520598945476129
313,1520598945486143
314,1520598945496158
315,1520598945506173
316,1520598945516188
317,1520598945526202
318,1520598945536218
319,1520598945546232
320,1520598945556247
321,1520598945566262
322,1520598945576277
323,1520598945586291
324,1520598945596306
325,1520598945606321
326,1520598945616336
327,1520598945626351
328,1520598945636366
329,1520598945646380
330,1520598945656395
331,1520598945666410
332,1520598945676425
333,1520598945686439
334,1520598945696455
335,1520598945706469
336,1520598945716484
337,1520598945726498
338,1520598945736513
339,1520598945746528
340,1520598945756543
341,1520598945766558
342,1520598945776573
343,1520598945786587
344,1520598945796602
345,1520598945806617
346,1520598945816632
347,1520598945826646
348,1520598945836661
349,1520598945846676
350,1520598945856691
351,1520598945866705
352,1520598945876720
353,1520598945886735
354,1520598945896749
355,1520598945906764
356,1520598945916779
357,1520598945926795
358,1520598945936809
359,1520598945946824
360,1520598945956839
361,1520598945966853
362,1520598945976868
363,1520598945986883
364,1520598945996897
365,1520598946006912
366,1520598946016927
367,1520598946026941
368,1520598946036956
369,1520598946046971
370,1520598946056986
371,1520598946067001
372,1520598946077015
373,1520598946087030
374,1520598946097045
375,1520598946107059
376,1520598946117074
377,1520598946127089
378,1520598946137104
379,1520598946147118
380,1520598946157143
381,1520598946167148
382,1520598946177166
383,1520598946187180
384,1520598946197194
385,1520598946207209
386,1520598946217224
387,1520598946227239
388,1520598946237254
389,1520598946247268
390,1520598946257283
391,1520598946267298
392,1520598946277312
393,1520598946287327
394,1520598946297341
395,1520598946307356
396,1520598946317371
397,1520598946327385
398,1520598946337400
399,1520598946347415
400,1520598946357430
401,1520598946367445
402,1520598946377459
403,1520598946387474
404,1520598946397488
405,1520598946407503
406,1520598946417517
407,1520598946427532
408,1520598946437547
409,1520598946447561
410,1520598946457576
411,1520598946467591
412,1520598946477606
413,1520598946487620
414,1520598946497635
415,1520598946507649
416,1520598946517664
417,1520598946527679
418,1520598946537693
419,1520598946547708
420,1520598946557723
421,1520598946567738
422,1520598946577752
423,1520598946587767
424,1520598946597782
425,1520598946607797
426,1520598946617813
427,1520598946627827
428,1520598946637843
429,1520598946647857
430,1520598946657872
431,1520598946667886
432,1520598946677901
433,1520598946687916
434,1520598946697931
435,1520598946707945
436,1520598946717960
437,1520598946727975
438,1520598946737990
439,1520598946748004
440,1520598946758019
441,1520598946768034
442,1520598946778049
443,1520598946788064
444,1520598946798078
445,1520598946808093
446,1520598946818108
447,1520598946828123
448,1520598946838137
449,1520598946848152
450,1520598946858167
451,1520598946868182
452,1520598946878195
453,1520598946888211
454,1520598946898225
455,1520598946908240
456,1520598946918254
457,1520598946928269
458,1520598946938283
459,1520598946948298
460,1520598946958313
461,1520598946968328
462,1520598946978342
463,1520598946988357
464,1520598946998372
465,1520598947008387
466,1520598947018401
467,1520598947028416
468,1520598947038431
469,1520598947048446
470,1520598947058460
471,1520598947068475
472,1520598947078489
473,1520598947088504
474,1520598947098519
475,1520598947108533
476,1520598947118548
477,1520598947128563
478,1520598947138578
479,1520598947148593
480,1520598947158608
481,1520598947168622
482,1520598947178637
483,1520598947188652
484,1520598947198666
485,1520598947208682
486,1520598947218696
487,1520598947228711
488,1520598947238725
489,1520598947248740
490,1520598947258755
491,1520598947268770
492,1520598947278785
493,1520598947288799
494,1520598947298814
495,1520598947308829
496,1520598947318843
497,1520598947328859
498,1520598947338873
499,1520598947348888
500,1520598947358902
501,1520598947368917
502,1520598947378932
503,1520598947388947
504,1520598947398962
505,1520598947408976
506,1520598947418991
507,1520598947429006
508,1520598947439021
509,1520598947449035
510,1520598947459050
511,1520598947469064
512,1520598947479093
513,1520598947489095
514,1520598947499110
515,1520598947509124
516,1520598947519139
517,1520598947529161
518,1520598947539176
519,1520598947549190
520,1520598947559205
521,1520598947569220
522,1520598947579234
523,1520598947589249
524,1520598947599264
525,1520598947609279
526,1520598947619306
527,1520598947629310
528,1520598947639324
529,1520598947649339
530,1520598947659353
531,1520598947669368
532,1520598947679383
533,1520598947689398
534,1520598947699413
535,1520598947709427
536,1520598947719443
537,1520598947729457
538,1520598947739472
539,1520598947749486
540,1520598947759501
541,1520598947769516
542,1520598947779531
543,1520598947789545
544,1520598947799560
545,1520598947809575
546,1520598947819590
547,1520598947829604
548,1520598947839619
549,1520598947849634
550,1520598947859649
551,1520598947869664
552,1520598947879678
553,1520598947889693
554,1520598947899707
555,1520598947909722
556,1520598947919737
557,1520598947929752
558,1520598947939766
559,1520598947949781
560,1520598947959796
561,1520598947969811
562,1520598947979825
563,1520598947989840
564,1520598947999855
565,1520598948009869
566,1520598948019884
567,1520598948029899
568,1520598948039914
569,1520598948049928
570,1520598948059944
571,1520598948069958
572,1520598948079972
573,1520598948089988
574,1520598948100002
575,1520598948110016
576,1520598948120031
577,1520598948130046
578,1520598948140061
579,1520598948150076
580,1520598948160090
581,1520598948170105
582,1520598948180119
583,1520598948190134
584,1520598948200149
585,1520598948210163
586,1520598948220177
587,1520598948230193
588,1520598948240207
589,1520598948250222
590,1520598948260237
591,1520598948270252
592,1520598948280266
593,1520598948290280
594,1520598948300294
595,1520598948310309
596,1520598948320323
597,1520598948330339
598,1520598948340353
599,1520598948350368
600,1520598948360383
601,1520598948370397
602,1520598948380412
603,1520598948390427
604,1520598948400441
605,1520598948410456
606,1520598948420471
607,1520598948430486
608,1520598948440501
609,1520598948450515
610,1520598948460530
611,1520598948470545
612,1520598948480559
613,1520598948490574
614,1520598948500589
615,1520598948510603
616,1520598948520618
617,1520598948530632
618,1520598948540646
619,1520598948550662
620,1520598948560676
621,1520598948570691
622,1520598948580706
623,1520598948590720
624,1520598948600735
625,1520598948610750
626,1520598948620766
627,1520598948630780
628,1520598948640795
629,1520598948650810
630,1520598948660824
631,1520598948670839
632,1520598948680854
633,1520598948690868
634,1520598948700883
635,1520598948710898
636,1520598948720913
637,1520598948730927
638,1520598948740942
639,1520598948750957
640,1520598948760971
641,1520598948770986
642,1520598948781000
643,1520598948791015
644,1520598948801030
645,1520598948811045
646,1520598948821060
647,1520598948831074
648,1520598948841089
649,1520598948851104
650,1520598948861119
651,1520598948871133
652,1520598948881156
653,1520598948891162
654,1520598948901189
655,1520598948911192
656,1520598948921207
657,1520598948931221
658,1520598948941236
659,1520598948951251
660,1520598948961265
661,1520598948971280
662,1520598948981295
663,1520598948991310
664,1520598949001324
665,1520598949011339
666,1520598949021353
667,1520598949031368
668,1520598949041382
669,1520598949051398
670,1520598949061412
671,1520598949071426
672,1520598949081441
673,1520598949091456
674,1520598949101470
675,1520598949111485
676,1520598949121500
677,1520598949131515
678,1520598949141530
679,1520598949151545
680,1520598949161560
681,1520598949171574
682,1520598949181589
683,1520598949191603
684,1520598949201618
685,1520598949211632
686,1520598949221647
687,1520598949231661
688,1520598949241676
689,1520598949251691
690,1520598949261705
691,1520598949271720
692,1520598949281735
693,1520598949291749
694,1520598949301764
695,1520598949311779
696,1520598949321793
697,1520598949331808
698,1520598949341823
699,1520598949351837
700,1520598949361852
701,1520598949371866
702,1520598949381882
703,1520598949391896
704,1520598949401911
705,1520598949411925
706,1520598949421940
707,1520598949431957
708,1520598949441971
709,1520598949451986
710,1520598949462000
711,1520598949472015
712,1520598949482029
713,1520598949492044
714,1520598949502058
715,1520598949512074
716,1520598949522088
717,1520598949532103
718,1520598949542117
719,1520598949552132
720,1520598949562147
721,1520598949572162
722,1520598949582176
723,1520598949592191
724,1520598949602205
725,1520598949612221
726,1520598949622236
727,1520598949632251
728,1520598949642265
729,1520598949652280
730,1520598949662295
731,1520598949672310
732,1520598949682325
733,1520598949692340
734,1520598949702354
735,1520598949712369
736,1520598949722383
737,1520598949732398
738,1520598949742413
739,1520598949752427
740,1520598949762443
741,1520598949772457
742,1520598949782472
743,1520598949792486
744,1520598949802501
745,1520598949812516
746,1520598949822531
747,1520598949832545
748,1520598949842560
749,1520598949852575
750,1520598949862590
751,1520598949872604
752,1520598949882619
753,1520598949892634
754,1520598949902648
755,1520598949912662
756,1520598949922677
757,1520598949932693
758,1520598949942707
759,1520598949952722
760,1520598949962737
761,1520598949972752
762,1520598949982766
763,1520598949992781
764,1520598950002796
765,1520598950012810
766,1520598950022826
767,1520598950032840
768,1520598950042855
769,1520598950052870
770,1520598950062884
771,1520598950072899
772,1520598950082913
773,1520598950092928
774,1520598950102943
775,1520598950112957
776,1520598950122972
777,1520598950132986
778,1520598950143001
779,1520598950153015
780,1520598950163030
781,1520598950173045
782,1520598950183073
783,1520598950193075
784,1520598950203090
785,1520598950213105
786,1520598950223119
787,1520598950233142
788,1520598950243149
789,1520598950253166
790,1520598950263181
791,1520598950273195
792,1520598950283210
793,1520598950293225
794,1520598950303239
795,1520598950313254
796,1520598950323269
797,1520598950333284
798,1520598950343299
799,1520598950353314
800,1520598950363328
801,1520598950373343
802,1520598950383357
803,1520598950393372
804,1520598950403387
805,1520598950413402
806,1520598950423418
807,1520598950433433
808,1520598950443447
809,1520598950453462
810,1520598950463477
811,1520598950473492
812,1520598950483506
813,1520598950493521
814,1520598950503536
815,1520598950513551
816,1520598950523566
817,1520598950533580
818,1520598950543595
819,1520598950553610
820,1520598950563624
821,1520598950573639
822,1520598950583653
823,1520598950593668
824,1520598950603682
825,1520598950613697
826,1520598950623713
827,1520598950633727
828,1520598950643742
829,1520598950653757
830,1520598950663772
831,1520598950673786
832,1520598950683800
833,1520598950693815
834,1520598950703830
835,1520598950713845
836,1520598950723860
837,1520598950733874
838,1520598950743889
839,1520598950753904
840,1520598950763918
841,1520598950773933
842,1520598950783947
843,1520598950793962
844,1520598950803977
845,1520598950813991
846,1520598950824006
847,1520598950834021
848,1520598950844036
849,1520598950854051
850,1520598950864065
851,1520598950874080
852,1520598950884095
853,1520598950894110
854,1520598950904124
855,1520598950914138
856,1520598950924153
857,1520598950934168
858,1520598950944183
859,1520598950954197
860,1520598950964211
861,1520598950974227
862,1520598950984241
863,1520598950994255
864,1520598951004270
865,1520598951014284
866,1520598951024299
867,1520598951034314
868,1520598951044329
869,1520598951054344
870,1520598951064358
871,1520598951074373
872,1520598951084388
873,1520598951094402
874,1520598951104417
875,1520598951114432
876,1520598951124446
877,1520598951134461
878,1520598951144475
879,1520598951154490
880,1520598951164505
881,1520598951174520
882,1520598951184535
883,1520598951194549
884,1520598951204564
885,1520598951214579
886,1520598951224594
887,1520598951234608
888,1520598951244623
889,1520598951254637
890,1520598951264652
891,1520598951274667
892,1520598951284682
893,1520598951294697
894,1520598951304711
895,1520598951314726
896,1520598951324741
897,1520598951334756
898,1520598951344771
899,1520598951354785
900,1520598951364799
901,1520598951374815
902,1520598951384829
903,1520598951394844
904,1520598951404859
905,1520598951414875
906,1520598951424888
907,1520598951434903
908,1520598951444918
909,1520598951454933
910,1520598951464948
911,1520598951474962
912,1520598951484976
913,1520598951494992
914,1520598951505006
915,1520598951515021
916,1520598951525035
917,1520598951535050
918,1520598951545065
919,1520598951555079
920,1520598951565094
921,1520598951575108
922,1520598951585124
923,1520598951595138
924,1520598951605161
925,1520598951615175
926,1520598951625191
927,1520598951635205
928,1520598951645220
929,1520598951655234
930,1520598951665249
931,1520598951675264
932,1520598951685278
933,1520598951695294
934,1520598951705308
935,1520598951715323
936,1520598951725338
937,1520598951735353
938,1520598951745367
939,1520598951755382
940,1520598951765397
941,1520598951775411
942,1520598951785426
943,1520598951795441
944,1520598951805455
945,1520598951815470
946,1520598951825485
947,1520598951835500
948,1520598951845514
949,1520598951855529
950,1520598951865544
951,1520598951875559
952,1520598951885573
953,1520598951895588
954,1520598951905602
955,1520598951915617
956,1520598951925632
957,1520598951935647
958,1520598951945662
959,1520598951955676
960,1520598951965691
961,1520598951975706
962,1520598951985721
963,1520598951995736
964,1520598952005749
965,1520598952015765
966,1520598952025779
967,1520598952035794
968,1520598952045809
969,1520598952055823
970,1520598952065839
971,1520598952075854
972,1520598952085868
973,1520598952095883
974,1520598952105897
975,1520598952115913
976,1520598952125927
977,1520598952135942
978,1520598952145956
979,1520598952155971
980,1520598952165986
981,1520598952176001
982,1520598952186015
983,1520598952196031
984,1520598952206045
985,1520598952216060
986,1520598952226074
987,1520598952236089
988,1520598952246104
989,1520598952256119
990,1520598952266133
991,1520598952276148
992,1520598952286163
993,1520598952296178
994,1520598952306193
995,1520598952316207
996,1520598952326222
997,1520598952336236
998,1520598952346251
999,1520598952356265
1000,1520598952366280
1001,1520598952376295
1002,1520598952386309
1003,1520598952396324
1004,1520598952406339
1005,1520598952416353
1006,1520598952426368
1007,1520598952436383
1008,1520598952446398
1009,1520598952456412
1010,1520598952466428
1011,1520598952476442
1012,1520598952486457
1013,1520598952496472
1014,1520598952506487
1015,1520598952516501
1016,1520598952526516
1017,1520598952536531
1018,1520598952546546
1019,1520598952556560
1020,1520598952566574
1021,1520598952576589
1022,1520598952586603
1023,1520598952596618
1024,1520598952606648
1025,1520598952616649
1026,1520598952626665
1027,1520598952636680
1028,1520598952646694
1029,1520598952656710
1030,1520598952666724
1031,1520598952676739
1032,1520598952686754
1033,1520598952696768
1034,1520598952706783
1035,1520598952716798
1036,1520598952726813
1037,1520598952736827
1038,1520598952746854
1039,1520598952756857
1040,1520598952766872
1041,1520598952776887
1042,1520598952786902
1043,1520598952796916
1044,1520598952806931
1045,1520598952816946
1046,1520598952826960
1047,1520598952836975
1048,1520598952846990
1049,1520598952857005
1050,1520598952867019
1051,1520598952877034
1052,1520598952887048
1053,1520598952897064
1054,1520598952907078
1055,1520598952917092
1056,1520598952927108
1057,1520598952937122
1058,1520598952947137
1059,1520598952957160
1060,1520598952967166
1061,1520598952977181
1062,1520598952987195
1063,1520598952997210
1064,1520598953007225
1065,1520598953017239
1066,1520598953027254
1067,1520598953037269
1068,1520598953047283
1069,1520598953057297
1070,1520598953067313
1071,1520598953077328
1072,1520598953087342
1073,1520598953097357
1074,1520598953107372
1075,1520598953117386
1076,1520598953127401
1077,1520598953137416
1078,1520598953147431
1079,1520598953157445
1080,1520598953167460
1081,1520598953177474
1082,1520598953187488
1083,1520598953197504
1084,1520598953207518
1085,1520598953217533
1086,1520598953227548
1087,1520598953237563
1088,1520598953247577
1089,1520598953257592
1090,1520598953267606
1091,1520598953277621
1092,1520598953287636
1093,1520598953297651
1094,1520598953307666
1095,1520598953317681
1096,1520598953327696
1097,1520598953337710
1098,1520598953347725
1099,1520598953357740
1100,1520598953367754
1101,1520598953377769
1102,1520598953387784
1103,1520598953397798
1104,1520598953407813
1105,1520598953417828
1106,1520598953427843
1107,1520598953437859
1108,1520598953447872
1109,1520598953457887
1110,1520598953467902
1111,1520598953477917
1112,1520598953487931
1113,1520598953497945
1114,1520598953507960
1115,1520598953517974
1116,1520598953527990
1117,1520598953538004
1118,1520598953548019
1119,1520598953558034
1120,1520598953568048
1121,1520598953578062
1122,1520598953588077
1123,1520598953598092
1124,1520598953608106
1125,1520598953618122
1126,1520598953628137
1127,1520598953638152
1128,1520598953648166
1129,1520598953658181
1130,1520598953668196
1131,1520598953678210
1132,1520598953688225
1133,1520598953698240
1134,1520598953708255
1135,1520598953718270
1136,1520598953728285
1137,1520598953738299
1138,1520598953748314
1139,1520598953758328
1140,1520598953768343
1141,1520598953778358
1142,1520598953788373
1143,1520598953798387
1144,1520598953808402
1145,1520598953818417
1146,1520598953828431
1147,1520598953838446
1148,1520598953848461
1149,1520598953858475
1150,1520598953868490
1151,1520598953878505
1152,1520598953888520
1153,1520598953898535
1154,1520598953908549
1155,1520598953918564
1156,1520598953928578
1157,1520598953938593
1158,1520598953948609
1159,1520598953958623
1160,1520598953968638
1161,1520598953978652
1162,1520598953988668
1163,1520598953998682
1164,1520598954008697
1165,1520598954018712
1166,1520598954028738
1167,1520598954038742
1168,1520598954048756
1169,1520598954058771
1170,1520598954068785
1171,1520598954078800
1172,1520598954088815
1173,1520598954098830
1174,1520598954108845
1175,1520598954118860
1176,1520598954128875
1177,1520598954138889
1178,1520598954148904
1179,1520598954158919
1180,1520598954168934
1181,1520598954178948
1182,1520598954188964
1183,1520598954198978
1184,1520598954208993
1185,1520598954219008
1186,1520598954229022
1187,1520598954239037
1188,1520598954249052
1189,1520598954259066
1190,1520598954269081
1191,1520598954279096
1192,1520598954289111
1193,1520598954299126
1194,1520598954309148
1195,1520598954319156
1196,1520598954329170
1197,1520598954339185
1198,1520598954349199
1199,1520598954359215
1200,1520598954369229
1201,1520598954379244
1202,1520598954389260
1203,1520598954399273
1204,1520598954409288
1205,1520598954419303
1206,1520598954429319
1207,1520598954439333
1208,1520598954449348
1209,1520598954459363
1210,1520598954469377
1211,1520598954479391
1212,1520598954489406
1213,1520598954499421
1214,1520598954509435
1215,1520598954519450
1216,1520598954529465
1217,1520598954539480
1218,1520598954549494
1219,1520598954559509
1220,1520598954569524
1221,1520598954579538
1222,1520598954589553
1223,1520598954599568
1224,1520598954609582
1225,1520598954619597
1226,1520598954629612
1227,1520598954639627
1228,1520598954649642
1229,1520598954659657
1230,1520598954669672
1231,1520598954679686
1232,1520598954689701
1233,1520598954699715
1234,1520598954709730
1235,1520598954719745
1236,1520598954729760
1237,1520598954739774
1238,1520598954749789
1239,1520598954759804
1240,1520598954769819
1241,1520598954779833
1242,1520598954789848
1243,1520598954799863
1244,1520598954809877
1245,1520598954819892
1246,1520598954829907
1247,1520598954839921
1248,1520598954849936
1249,1520598954859951
1250,1520598954869966
1251,1520598954879981
1252,1520598954889995
1253,1520598954900010
1254,1520598954910025
1255,1520598954920039
1256,1520598954930054
1257,1520598954940069
1258,1520598954950083
1259,1520598954960097
1260,1520598954970112
1261,1520598954980127
1262,1520598954990142
1263,1520598955000157
1264,1520598955010172
1265,1520598955020186
1266,1520598955030201
1267,1520598955040216
1268,1520598955050231
1269,1520598955060245
1270,1520598955070260
1271,1520598955080274
1272,1520598955090289
1273,1520598955100304
1274,1520598955110318
1275,1520598955120333
1276,1520598955130348
1277,1520598955140363
1278,1520598955150378
1279,1520598955160392
1280,1520598955170407
1281,1520598955180422
1282,1520598955190437
1283,1520598955200451
1284,1520598955210466
1285,1520598955220481
1286,1520598955230496
1287,1520598955240511
1288,1520598955250526
1289,1520598955260540
1290,1520598955270555
1291,1520598955280569
1292,1520598955290584
1293,1520598955300599
1294,1520598955310626
1295,1520598955320629
1296,1520598955330644
1297,1520598955340658
1298,1520598955350673
1299,1520598955360687
1300,1520598955370702
1301,1520598955380717
1302,1520598955390731
1303,1520598955400746
1304,1520598955410761
1305,1520598955420778
1306,1520598955430791
1307,1520598955440806
1308,1520598955450821
1309,1520598955460835
1310,1520598955470850
1311,1520598955480865
1312,1520598955490880
1313,1520598955500894
1314,1520598955510909
1315,1520598955520924
1316,1520598955530938
1317,1520598955540953
1318,1520598955550968
1319,1520598955560982
1320,1520598955570997
1321,1520598955581012
1322,1520598955591027
1323,1520598955601042
1324,1520598955611056
1325,1520598955621071
1326,1520598955631086
1327,1520598955641100
1328,1520598955651115
1329,1520598955661130
1330,1520598955671144
1331,1520598955681162
1332,1520598955691176
1333,1520598955701192
1334,1520598955711206
1335,1520598955721221
1336,1520598955731236
1337,1520598955741251
1338,1520598955751264
1339,1520598955761280
1340,1520598955771294
1341,1520598955781309
1342,1520598955791323
1343,1520598955801338
1344,1520598955811353
1345,1520598955821368
1346,1520598955831382
1347,1520598955841397
1348,1520598955851412
1349,1520598955861426
1350,1520598955871441
1351,1520598955881455
1352,1520598955891470
1353,1520598955901484
1354,1520598955911499
1355,1520598955921514
1356,1520598955931529
1357,1520598955941544
1358,1520598955951559
1359,1520598955961573
1360,1520598955971588
1361,1520598955981603
1362,1520598955991617
1363,1520598956001632
1364,1520598956011646
1365,1520598956021661
1366,1520598956031676
1367,1520598956041690
1368,1520598956051705
1369,1520598956061720
1370,1520598956071735
1371,1520598956081749
1372,1520598956091764
1373,1520598956101779
1374,1520598956111794
1375,1520598956121808
1376,1520598956131823
1377,1520598956141837
1378,1520598956151852
1379,1520598956161867
1380,1520598956171881
1381,1520598956181896
1382,1520598956191911
1383,1520598956201926
1384,1520598956211940
1385,1520598956221955
1386,1520598956231969
1387,1520598956241984
1388,1520598956251999
1389,1520598956262013
1390,1520598956272028
1391,1520598956282042
1392,1520598956292057
1393,1520598956302072
1394,1520598956312087
1395,1520598956322102
1396,1520598956332116
1397,1520598956342130
1398,1520598956352145
1399,1520598956362160
1400,1520598956372175
1401,1520598956382189
1402,1520598956392204
1403,1520598956402218
1404,1520598956412234
1405,1520598956422248
1406,1520598956432263
1407,1520598956442278
1408,1520598956452292
1409,1520598956462307
1410,1520598956472322
1411,1520598956482337
1412,1520598956492351
1413,1520598956502366
1414,1520598956512381
1415,1520598956522395
1416,1520598956532409
1417,1520598956542424
1418,1520598956552439
1419,1520598956562454
1420,1520598956572468
1421,1520598956582483
1422,1520598956592511
1423,1520598956602513
1424,1520598956612528
1425,1520598956622543
1426,1520598956632558
1427,1520598956642573
1428,1520598956652588
1429,1520598956662603
1430,1520598956672617
1431,1520598956682632
1432,1520598956692646
1433,1520598956702661
1434,1520598956712676
1435,1520598956722691
1436,1520598956732706
1437,1520598956742720
1438,1520598956752735
1439,1520598956762750
1440,1520598956772764
1441,1520598956782778
1442,1520598956792793
1443,1520598956802808
1444,1520598956812822
1445,1520598956822837
1446,1520598956832852
1447,1520598956842867
1448,1520598956852880
1449,1520598956862896
1450,1520598956872910
1451,1520598956882925
1452,1520598956892939
1453,1520598956902954
1454,1520598956912969
1455,1520598956922983
1456,1520598956932998
1457,1520598956943012
1458,1520598956953027
1459,1520598956963041
1460,1520598956973056
1461,1520598956983071
1462,1520598956993086
1463,1520598957003100
1464,1520598957013115
1465,1520598957023130
1466,1520598957033149
1467,1520598957043159
1468,1520598957053174
1469,1520598957063188
1470,1520598957073203
1471,1520598957083218
1472,1520598957093233
1473,1520598957103247
1474,1520598957113262
1475,1520598957123277
1476,1520598957133292
1477,1520598957143306
1478,1520598957153321
1479,1520598957163336
1480,1520598957173350
1481,1520598957183364
1482,1520598957193379
1483,1520598957203395
1484,1520598957213408
1485,1520598957223424
1486,1520598957233438
1487,1520598957243453
1488,1520598957253468
1489,1520598957263482
1490,1520598957273497
1491,1520598957283512
1492,1520598957293526
1493,1520598957303541
1494,1520598957313555
1495,1520598957323570
1496,1520598957333585
1497,1520598957343599
1498,1520598957353614
1499,1520598957363629
1500,1520598957373643
1501,1520598957383658
1502,1520598957393673
1503,1520598957403688
1504,1520598957413703
1505,1520598957423718
1506,1520598957433733
1507,1520598957443748
1508,1520598957453762
1509,1520598957463777
1510,1520598957473792
1511,1520598957483807
1512,1520598957493821
1513,1520598957503836
1514,1520598957513851
1515,1520598957523866
1516,1520598957533880
1517,1520598957543895
1518,1520598957553910
1519,1520598957563924
1520,1520598957573939
1521,1520598957583954
1522,1520598957593968
1523,1520598957603983
1524,1520598957613998
1525,1520598957624013
1526,1520598957634028
1527,1520598957644042
1528,1520598957654057
1529,1520598957664072
1530,1520598957674087
1531,1520598957684102
1532,1520598957694116
1533,1520598957704131
1534,1520598957714146
1535,1520598957724161
1536,1520598957734175
1537,1520598957744190
1538,1520598957754204
1539,1520598957764219
1540,1520598957774234
1541,1520598957784249
1542,1520598957794263
1543,1520598957804278
1544,1520598957814293
1545,1520598957824307
1546,1520598957834322
1547,1520598957844337
1548,1520598957854352
1549,1520598957864366
1550,1520598957874393
1551,1520598957884396
1552,1520598957894411
1553,1520598957904426
1554,1520598957914440
1555,1520598957924455
1556,1520598957934470
1557,1520598957944485
1558,1520598957954499
1559,1520598957964514
1560,1520598957974529
1561,1520598957984543
1562,1520598957994558
1563,1520598958004573
1564,1520598958014587
1565,1520598958024603
1566,1520598958034617
1567,1520598958044632
1568,1520598958054647
1569,1520598958064662
1570,1520598958074676
1571,1520598958084691
1572,1520598958094706
1573,1520598958104720
1574,1520598958114735
1575,1520598958124749
1576,1520598958134764
1577,1520598958144779
1578,1520598958154793
1579,1520598958164808
1580,1520598958174823
1581,1520598958184838
1582,1520598958194853
1583,1520598958204867
1584,1520598958214882
1585,1520598958224896
1586,1520598958234911
1587,1520598958244927
1588,1520598958254941
1589,1520598958264956
1590,1520598958274971
1591,1520598958284985
1592,1520598958295000
1593,1520598958305014
1594,1520598958315029
1595,1520598958325044
1596,1520598958335059
1597,1520598958345074
1598,1520598958355088
1599,1520598958365103
1600,1520598958375117
1601,1520598958385132
1602,1520598958395147
1603,1520598958405165
1604,1520598958415179
1605,1520598958425195
1606,1520598958435210
1607,1520598958445225
1608,1520598958455239
1609,1520598958465253
1610,1520598958475268
1611,1520598958485283
1612,1520598958495298
1613,1520598958505313
1614,1520598958515327
1615,1520598958525342
1616,1520598958535357
1617,1520598958545371
1618,1520598958555386
1619,1520598958565401
1620,1520598958575416
1621,1520598958585430
1622,1520598958595445
1623,1520598958605460
1624,1520598958615474
1625,1520598958625490
1626,1520598958635505
1627,1520598958645520
1628,1520598958655534
1629,1520598958665549
1630,1520598958675564
1631,1520598958685579
1632,1520598958695593
1633,1520598958705608
1634,1520598958715623
1635,1520598958725638
1636,1520598958735653
1637,1520598958745667
1638,1520598958755682
1639,1520598958765697
1640,1520598958775712
1641,1520598958785726
1642,1520598958795742
1643,1520598958805756
1644,1520598958815771
1645,1520598958825786
1646,1520598958835801
1647,1520598958845816
1648,1520598958855830
1649,1520598958865845
1650,1520598958875859
1651,1520598958885874
1652,1520598958895889
1653,1520598958905904
1654,1520598958915918
1655,1520598958925933
1656,1520598958935948
1657,1520598958945962
1658,1520598958955978
1659,1520598958965992
1660,1520598958976007
1661,1520598958986021
1662,1520598958996037
1663,1520598959006051
1664,1520598959016066
1665,1520598959026081
1666,1520598959036096
1667,1520598959046111
1668,1520598959056125
1669,1520598959066140
1670,1520598959076155
1671,1520598959086169
1672,1520598959096184
1673,1520598959106199
1674,1520598959116214
1675,1520598959126229
1676,1520598959136243
1677,1520598959146258
1678,1520598959156301
1679,1520598959166289
1680,1520598959176302
1681,1520598959186317
1682,1520598959196332
1683,1520598959206346
1684,1520598959216361
1685,1520598959226376
1686,1520598959236391
1687,1520598959246405
1688,1520598959256420
1689,1520598959266435
1690,1520598959276450
1691,1520598959286465
1692,1520598959296480
1693,1520598959306494
1694,1520598959316508
1695,1520598959326524
1696,1520598959336538
1697,1520598959346553
1698,1520598959356567
1699,1520598959366583
1700,1520598959376598
1701,1520598959386612
1702,1520598959396627
1703,1520598959406642
1704,1520598959416659
1705,1520598959426673
1706,1520598959436687
1707,1520598959446702
1708,1520598959456717
1709,1520598959466731
1710,1520598959476746
1711,1520598959486760
1712,1520598959496775
1713,1520598959506790
1714,1520598959516805
1715,1520598959526819
1716,1520598959536834
1717,1520598959546848
1718,1520598959556863
1719,1520598959566878
1720,1520598959576893
1721,1520598959586907
1722,1520598959596922
1723,1520598959606936
1724,1520598959616952
1725,1520598959626967
1726,1520598959636982
1727,1520598959646997
1728,1520598959657012
1729,1520598959667027
1730,1520598959677041
1731,1520598959687056
1732,1520598959697071
1733,1520598959707085
1734,1520598959717100
1735,1520598959727115
1736,1520598959737129
1737,1520598959747144
1738,1520598959757162
1739,1520598959767177
1740,1520598959777191
1741,1520598959787206
1742,1520598959797221
1743,1520598959807236
1744,1520598959817250
1745,1520598959827265
1746,1520598959837280
1747,1520598959847295
1748,1520598959857309
1749,1520598959867324
1750,1520598959877339
1751,1520598959887354
1752,1520598959897369
1753,1520598959907383
1754,1520598959917398
1755,1520598959927413
1756,1520598959937427
1757,1520598959947442
1758,1520598959957457
1759,1520598959967471
1760,1520598959977486
1761,1520598959987501
1762,1520598959997515
1763,1520598960007531
1764,1520598960017545
1765,1520598960027560
1766,1520598960037575
1767,1520598960047590
1768,1520598960057604
1769,1520598960067619
1770,1520598960077634
1771,1520598960087649
1772,1520598960097663
1773,1520598960107678
1774,1520598960117692
1775,1520598960127707
1776,1520598960137722
1777,1520598960147737
1778,1520598960157751
1779,1520598960167766
1780,1520598960177781
1781,1520598960187795
1782,1520598960197811
1783,1520598960207825
1784,1520598960217840
1785,1520598960227855
1786,1520598960237869
1787,1520598960247884
1788,1520598960257899
1789,1520598960267914
1790,1520598960277928
1791,1520598960287944
1792,1520598960297957
1793,1520598960307972
1794,1520598960317987
1795,1520598960328002
1796,1520598960338016
1797,1520598960348030
1798,1520598960358045
1799,1520598960368060
1800,1520598960378074
1801,1520598960388089
1802,1520598960398104
1803,1520598960408120
1804,1520598960418135
1805,1520598960428149
1806,1520598960438176
1807,1520598960448179
1808,1520598960458194
1809,1520598960468208
1810,1520598960478223
1811,1520598960488238
1812,1520598960498253
1813,1520598960508267
1814,1520598960518282
1815,1520598960528297
1816,1520598960538311
1817,1520598960548326
1818,1520598960558341
1819,1520598960568355
1820,1520598960578370
1821,1520598960588385
1822,1520598960598400
1823,1520598960608414
1824,1520598960618430
1825,1520598960628445
1826,1520598960638459
1827,1520598960648474
1828,1520598960658489
1829,1520598960668504
1830,1520598960678518
1831,1520598960688533
1832,1520598960698547
1833,1520598960708563
1834,1520598960718578
1835,1520598960728592
1836,1520598960738607
1837,1520598960748621
1838,1520598960758636
1839,1520598960768650
1840,1520598960778665
1841,1520598960788680
1842,1520598960798695
1843,1520598960808709
1844,1520598960818724
1845,1520598960828739
1846,1520598960838753
1847,1520598960848768
1848,1520598960858783
1849,1520598960868798
1850,1520598960878812
1851,1520598960888827
1852,1520598960898842
1853,1520598960908856
1854,1520598960918871
1855,1520598960928886
1856,1520598960938901
1857,1520598960948916
1858,1520598960958930
1859,1520598960968945
1860,1520598960978960
1861,1520598960988975
1862,1520598960998989
1863,1520598961009004
1864,1520598961019019
1865,1520598961029033
1866,1520598961039048
1867,1520598961049063
1868,1520598961059077
1869,1520598961069092
1870,1520598961079106
1871,1520598961089121
1872,1520598961099136
1873,1520598961109159
1874,1520598961119165
1875,1520598961129180
1876,1520598961139195
1877,1520598961149209
1878,1520598961159224
1879,1520598961169239
1880,1520598961179254
1881,1520598961189269
1882,1520598961199283
1883,1520598961209297
1884,1520598961219313
1885,1520598961229327
1886,1520598961239342
1887,1520598961249356
1888,1520598961259371
1889,1520598961269385
1890,1520598961279400
1891,1520598961289415
1892,1520598961299430
1893,1520598961309444
1894,1520598961319459
1895,1520598961329475
1896,1520598961339489
1897,1520598961349504
1898,1520598961359518
1899,1520598961369532
1900,1520598961379547
1901,1520598961389562
1902,1520598961399577
1903,1520598961409591
1904,1520598961419606
1905,1520598961429622
1906,1520598961439636
1907,1520598961449650
1908,1520598961459665
1909,1520598961469679
1910,1520598961479695
1911,1520598961489709
1912,1520598961499724
1913,1520598961509739
1914,1520598961519753
1915,1520598961529768
1916,1520598961539782
1917,1520598961549797
1918,1520598961559812
1919,1520598961569826
1920,1520598961579841
1921,1520598961589856
1922,1520598961599870
1923,1520598961609885
1924,1520598961619900
1925,1520598961629915
1926,1520598961639930
1927,1520598961649944
1928,1520598961659959
1929,1520598961669973
1930,1520598961679988
1931,1520598961690003
1932,1520598961700017
1933,1520598961710032
1934,1520598961720046
1935,1520598961730061
1936,1520598961740075
1937,1520598961750090
1938,1520598961760104
1939,1520598961770119
1940,1520598961780134
1941,1520598961790148
1942,1520598961800163
1943,1520598961810178
1944,1520598961820192
1945,1520598961830207
1946,1520598961840222
1947,1520598961850237
1948,1520598961860251
1949,1520598961870266
1950,1520598961880280
1951,1520598961890295
1952,1520598961900310
1953,1520598961910324
1954,1520598961920339
1955,1520598961930354
1956,1520598961940368
1957,1520598961950383
1958,1520598961960398
1959,1520598961970413
1960,1520598961980427
1961,1520598961990442
1962,1520598962000457
1963,1520598962010471
1964,1520598962020486
1965,1520598962030500
1966,1520598962040516
1967,1520598962050530
1968,1520598962060544
1969,1520598962070559
1970,1520598962080574
1971,1520598962090589
1972,1520598962100604
1973,1520598962110618
1974,1520598962120633
1975,1520598962130648
1976,1520598962140662
1977,1520598962150677
1978,1520598962160692
1979,1520598962170706
1980,1520598962180721
1981,1520598962190736
1982,1520598962200750
1983,1520598962210765
1984,1520598962220780
1985,1520598962230794
1986,1520598962240809
1987,1520598962250824
1988,1520598962260838
1989,1520598962270854
1990,1520598962280868
1991,1520598962290883
1992,1520598962300898
1993,1520598962310913
1994,1520598962320927
1995,1520598962330942
1996,1520598962340956
1997,1520598962350971
1998,1520598962360986
1999,1520598962371001
2000,1520598962381015
2001,1520598962391030
2002,1520598962401045
2003,1520598962411060
2004,1520598962421074
2005,1520598962431089
2006,1520598962441103
2007,1520598962451118
2008,1520598962461133
2009,1520598962471147
2010,1520598962481165
2011,1520598962491180
2012,1520598962501194
2013,1520598962511209
2014,1520598962521223
2015,1520598962531238
2016,1520598962541253
2017,1520598962551268
2018,1520598962561282
2019,1520598962571297
2020,1520598962581312
2021,1520598962591327
2022,1520598962601342
2023,1520598962611357
2024,1520598962621371
2025,1520598962631387
2026,1520598962641401
2027,1520598962651416
2028,1520598962661431
2029,1520598962671445
2030,1520598962681460
2031,1520598962691475
2032,1520598962701489
2033,1520598962711504
2034,1520598962721519
2035,1520598962731534
2036,1520598962741548
2037,1520598962751563
2038,1520598962761578
2039,1520598962771592
2040,1520598962781608
2041,1520598962791622
2042,1520598962801637
2043,1520598962811652
2044,1520598962821666
2045,1520598962831682
2046,1520598962841696
2047,1520598962851711
2048,1520598962861740
2049,1520598962871742
2050,1520598962881756
2051,1520598962891770
2052,1520598962901785
2053,1520598962911800
2054,1520598962921814
2055,1520598962931829
2056,1520598962941844
2057,1520598962951859
2058,1520598962961873
2059,1520598962971888
2060,1520598962981903
2061,1520598962991917
2062,1520598963001943
2063,1520598963011947
2064,1520598963021962
2065,1520598963031977
2066,1520598963041991
2067,1520598963052006
2068,1520598963062020
2069,1520598963072035
2070,1520598963082050
2071,1520598963092064
2072,1520598963102079
2073,1520598963112094
2074,1520598963122109
2075,1520598963132123
2076,1520598963142138
2077,1520598963152153
2078,1520598963162167
2079,1520598963172182
2080,1520598963182197
2081,1520598963192211
2082,1520598963202226
2083,1520598963212241
2084,1520598963222256
2085,1520598963232271
2086,1520598963242285
2087,1520598963252300
2088,1520598963262315
2089,1520598963272329
2090,1520598963282344
2091,1520598963292358
2092,1520598963302373
2093,1520598963312388
2094,1520598963322402
2095,1520598963332417
2096,1520598963342432
2097,1520598963352446
2098,1520598963362460
2099,1520598963372475
2100,1520598963382489
2101,1520598963392504
2102,1520598963402519
2103,1520598963412534
2104,1520598963422548
2105,1520598963432563
2106,1520598963442578
2107,1520598963452594
2108,1520598963462608
2109,1520598963472622
2110,1520598963482636
2111,1520598963492652
2112,1520598963502666
2113,1520598963512681
2114,1520598963522695
2115,1520598963532710
2116,1520598963542724
2117,1520598963552739
2118,1520598963562754
2119,1520598963572768
2120,1520598963582782
2121,1520598963592797
2122,1520598963602812
2123,1520598963612827
2124,1520598963622842
2125,1520598963632857
2126,1520598963642872
2127,1520598963652886
2128,1520598963662901
2129,1520598963672916
2130,1520598963682930
2131,1520598963692945
2132,1520598963702960
2133,1520598963712974
2134,1520598963722989
2135,1520598963733004
2136,1520598963743018
2137,1520598963753033
2138,1520598963763048
2139,1520598963773063
2140,1520598963783077
2141,1520598963793092
2142,1520598963803107
2143,1520598963813121
2144,1520598963823135
2145,1520598963833159
2146,1520598963843165
2147,1520598963853180
2148,1520598963863194
2149,1520598963873209
2150,1520598963883224
2151,1520598963893239
2152,1520598963903253
2153,1520598963913267
2154,1520598963923282
2155,1520598963933297
2156,1520598963943312
2157,1520598963953327
2158,1520598963963341
2159,1520598963973356
2160,1520598963983370
2161,1520598963993385
2162,1520598964003400
2163,1520598964013415
2164,1520598964023429
2165,1520598964033444
2166,1520598964043459
2167,1520598964053474
2168,1520598964063489
2169,1520598964073503
2170,1520598964083518
2171,1520598964093533
2172,1520598964103547
2173,1520598964113563
2174,1520598964123577
2175,1520598964133592
2176,1520598964143607
2177,1520598964153622
2178,1520598964163636
2179,1520598964173651
2180,1520598964183665
2181,1520598964193680
2182,1520598964203695
2183,1520598964213709
2184,1520598964223724
2185,1520598964233739
2186,1520598964243753
2187,1520598964253768
2188,1520598964263783
2189,1520598964273798
2190,1520598964283824
2191,1520598964293828
2192,1520598964303842
2193,1520598964313857
2194,1520598964323872
2195,1520598964333887
2196,1520598964343901
2197,1520598964353916
2198,1520598964363931
2199,1520598964373945
2200,1520598964383961
2201,1520598964393975
2202,1520598964403990
2203,1520598964414006
2204,1520598964424020
2205,1520598964434034
2206,1520598964444049
2207,1520598964454064
2208,1520598964464079
2209,1520598964474093
2210,1520598964484108
2211,1520598964494123
2212,1520598964504137
2213,1520598964514151
2214,1520598964524167
2215,1520598964534182
2216,1520598964544196
2217,1520598964554211
2218,1520598964564226
2219,1520598964574241
2220,1520598964584255
2221,1520598964594270
2222,1520598964604284
2223,1520598964614299
2224,1520598964624315
2225,1520598964634330
2226,1520598964644344
2227,1520598964654359
2228,1520598964664373
2229,1520598964674388
2230,1520598964684403
2231,1520598964694417
2232,1520598964704432
2233,1520598964714447
2234,1520598964724461
2235,1520598964734476
2236,1520598964744491
2237,1520598964754505
2238,1520598964764520
2239,1520598964774535
2240,1520598964784549
2241,1520598964794563
2242,1520598964804578
2243,1520598964814593
2244,1520598964824608
2245,1520598964834623
2246,1520598964844637
2247,1520598964854652
2248,1520598964864667
2249,1520598964874681
2250,1520598964884696
2251,1520598964894710
2252,1520598964904725
2253,1520598964914740
2254,1520598964924754
2255,1520598964934769
2256,1520598964944783
2257,1520598964954798
2258,1520598964964812
2259,1520598964974828
2260,1520598964984842
2261,1520598964994857
2262,1520598965004872
2263,1520598965014886
2264,1520598965024901
2265,1520598965034916
2266,1520598965044931
2267,1520598965054946
2268,1520598965064960
2269,1520598965074975
2270,1520598965084989
2271,1520598965095004
2272,1520598965105018
2273,1520598965115033
2274,1520598965125048
2275,1520598965135063
2276,1520598965145077
2277,1520598965155091
2278,1520598965165106
2279,1520598965175121
2280,1520598965185143
2281,1520598965195150
2282,1520598965205166
2283,1520598965215181
2284,1520598965225195
2285,1520598965235210
2286,1520598965245224
2287,1520598965255240
2288,1520598965265254
2289,1520598965275268
2290,1520598965285283
2291,1520598965295298
2292,1520598965305313
2293,1520598965315327
2294,1520598965325341
2295,1520598965335356
2296,1520598965345371
2297,1520598965355385
2298,1520598965365400
2299,1520598965375415
2300,1520598965385429
2301,1520598965395444
2302,1520598965405459
2303,1520598965415473
2304,1520598965425488
2305,1520598965435503
2306,1520598965445517
2307,1520598965455532
2308,1520598965465546
2309,1520598965475561
2310,1520598965485576
2311,1520598965495590
2312,1520598965505605
2313,1520598965515619
2314,1520598965525634
2315,1520598965535649
2316,1520598965545663
2317,1520598965555678
2318,1520598965565704
2319,1520598965575707
2320,1520598965585722
2321,1520598965595737
2322,1520598965605751
2323,1520598965615767
2324,1520598965625781
2325,1520598965635796
2326,1520598965645810
2327,1520598965655825
2328,1520598965665839
2329,1520598965675854
2330,1520598965685868
2331,1520598965695883
2332,1520598965705898
2333,1520598965715913
2334,1520598965725927
2335,1520598965735942
2336,1520598965745957
2337,1520598965755972
2338,1520598965765986
2339,1520598965776001
2340,1520598965786016
2341,1520598965796030
2342,1520598965806045
2343,1520598965816060
2344,1520598965826074
2345,1520598965836089
2346,1520598965846104
2347,1520598965856118
2348,1520598965866133
2349,1520598965876148
2350,1520598965886162
2351,1520598965896177
2352,1520598965906192
2353,1520598965916207
2354,1520598965926221
2355,1520598965936237
2356,1520598965946251
2357,1520598965956266
2358,1520598965966281
2359,1520598965976295
2360,1520598965986310
2361,1520598965996324
2362,1520598966006339
2363,1520598966016354
2364,1520598966026368
2365,1520598966036383
2366,1520598966046398
2367,1520598966056412
2368,1520598966066426
2369,1520598966076441
2370,1520598966086456
2371,1520598966096471
2372,1520598966106485
2373,1520598966116500
2374,1520598966126515
2375,1520598966136530
2376,1520598966146544
2377,1520598966156558
2378,1520598966166573
2379,1520598966176587
2380,1520598966186602
2381,1520598966196616
2382,1520598966206631
2383,1520598966216646
2384,1520598966226661
2385,1520598966236675
2386,1520598966246690
2387,1520598966256705
2388,1520598966266719
2389,1520598966276734
2390,1520598966286748
2391,1520598966296763
2392,1520598966306778
2393,1520598966316792
2394,1520598966326807
2395,1520598966336821
2396,1520598966346836
2397,1520598966356851
2398,1520598966366866
2399,1520598966376880
2400,1520598966386895
2401,1520598966396909
2402,1520598966406924
2403,1520598966416939
2404,1520598966426953
2405,1520598966436968
2406,1520598966446983
2407,1520598966456998
2408,1520598966467012
2409,1520598966477027
2410,1520598966487042
2411,1520598966497057
2412,1520598966507071
2413,1520598966517085
2414,1520598966527100
2415,1520598966537115
2416,1520598966547138
2417,1520598966557160
2418,1520598966567175
2419,1520598966577189
2420,1520598966587204
2421,1520598966597219
2422,1520598966607234
2423,1520598966617249
2424,1520598966627265
2425,1520598966637279
2426,1520598966647294
2427,1520598966657308
2428,1520598966667323
2429,1520598966677337
2430,1520598966687352
2431,1520598966697367
2432,1520598966707381
2433,1520598966717396
2434,1520598966727411
2435,1520598966737425
2436,1520598966747440
2437,1520598966757455
2438,1520598966767469
2439,1520598966777485
2440,1520598966787499
2441,1520598966797514
2442,1520598966807528
2443,1520598966817543
2444,1520598966827558
2445,1520598966837573
2446,1520598966847600
2447,1520598966857602
2448,1520598966867617
2449,1520598966877632
2450,1520598966887646
2451,1520598966897661
2452,1520598966907676
2453,1520598966917691
2454,1520598966927705
2455,1520598966937720
2456,1520598966947735
2457,1520598966957751
2458,1520598966967764
2459,1520598966977780
2460,1520598966987795
2461,1520598966997809
2462,1520598967007824
2463,1520598967017839
2464,1520598967027853
2465,1520598967037869
2466,1520598967047883
2467,1520598967057898
2468,1520598967067913
2469,1520598967077927
2470,1520598967087943
2471,1520598967097957
2472,1520598967107972
2473,1520598967117986
2474,1520598967128001
2475,1520598967138015
2476,1520598967148030
2477,1520598967158045
2478,1520598967168059
2479,1520598967178074
2480,1520598967188089
2481,1520598967198103
2482,1520598967208117
2483,1520598967218132
2484,1520598967228147
2485,1520598967238161
2486,1520598967248177
2487,1520598967258191
2488,1520598967268206
2489,1520598967278221
2490,1520598967288235
2491,1520598967298250
2492,1520598967308265
2493,1520598967318279
2494,1520598967328294
2495,1520598967338309
2496,1520598967348324
2497,1520598967358338
2498,1520598967368353
2499,1520598967378368
2500,1520598967388383
2501,1520598967398398
2502,1520598967408413
2503,1520598967418428
2504,1520598967428442
2505,1520598967438457
2506,1520598967448471
2507,1520598967458486
2508,1520598967468501
2509,1520598967478516
2510,1520598967488531
2511,1520598967498545
2512,1520598967508560
2513,1520598967518575
2514,1520598967528590
2515,1520598967538604
2516,1520598967548619
2517,1520598967558634
2518,1520598967568649
2519,1520598967578663
2520,1520598967588678
2521,1520598967598692
2522,1520598967608707
2523,1520598967618722
2524,1520598967628737
2525,1520598967638752
2526,1520598967648766
2527,1520598967658781
2528,1520598967668796
2529,1520598967678811
2530,1520598967688825
2531,1520598967698839
2532,1520598967708854
2533,1520598967718869
2534,1520598967728884
2535,1520598967738898
2536,1520598967748913
2537,1520598967758927
2538,1520598967768943
2539,1520598967778957
2540,1520598967788972
2541,1520598967798986
2542,1520598967809001
2543,1520598967819016
2544,1520598967829030
2545,1520598967839045
2546,1520598967849059
2547,1520598967859074
2548,1520598967869089
2549,1520598967879103
2550,1520598967889118
2551,1520598967899132
2552,1520598967909149
2553,1520598967919162
2554,1520598967929177
2555,1520598967939191
2556,1520598967949206
2557,1520598967959221
2558,1520598967969235
2559,1520598967979250
2560,1520598967989264
2561,1520598967999279
2562,1520598968009294
2563,1520598968019308
2564,1520598968029323
2565,1520598968039337
2566,1520598968049352
2567,1520598968059367
2568,1520598968069382
2569,1520598968079396
2570,1520598968089411
2571,1520598968099425
2572,1520598968109440
2573,1520598968119454
2574,1520598968129481
2575,1520598968139485
2576,1520598968149499
2577,1520598968159514
2578,1520598968169529
2579,1520598968179544
2580,1520598968189558
2581,1520598968199573
2582,1520598968209588
2583,1520598968219602
2584,1520598968229617
2585,1520598968239631
2586,1520598968249646
2587,1520598968259661
2588,1520598968269675
2589,1520598968279690
2590,1520598968289705
2591,1520598968299719
2592,1520598968309734
2593,1520598968319748
2594,1520598968329763
2595,1520598968339778
2596,1520598968349793
2597,1520598968359807
2598,1520598968369822
2599,1520598968379837
2600,1520598968389853
2601,1520598968399866
2602,1520598968409882
2603,1520598968419896
2604,1520598968429911
2605,1520598968439926
2606,1520598968449940
2607,1520598968459955
2608,1520598968469970
2609,1520598968479984
2610,1520598968489999
2611,1520598968500013
2612,1520598968510028
2613,1520598968520043
2614,1520598968530057
2615,1520598968540072
2616,1520598968550087
2617,1520598968560101
2618,1520598968570115
2619,1520598968580130
2620,1520598968590145
2621,1520598968600159
2622,1520598968610174
2623,1520598968620190
2624,1520598968630204
2625,1520598968640219
2626,1520598968650234
2627,1520598968660248
2628,1520598968670263
2629,1520598968680278
2630,1520598968690292
2631,1520598968700307
2632,1520598968710322
2633,1520598968720336
2634,1520598968730351
2635,1520598968740366
2636,1520598968750380
2637,1520598968760394
2638,1520598968770410
2639,1520598968780424
2640,1520598968790439
2641,1520598968800453
2642,1520598968810467
2643,1520598968820482
2644,1520598968830497
2645,1520598968840512
2646,1520598968850526
2647,1520598968860541
2648,1520598968870556
2649,1520598968880570
2650,1520598968890585
2651,1520598968900600
2652,1520598968910614
2653,1520598968920629
2654,1520598968930643
2655,1520598968940659
2656,1520598968950673
2657,1520598968960688
2658,1520598968970703
2659,1520598968980718
2660,1520598968990732
2661,1520598969000747
2662,1520598969010762
2663,1520598969020777
2664,1520598969030791
2665,1520598969040806
2666,1520598969050821
2667,1520598969060836
2668,1520598969070850
2669,1520598969080865
2670,1520598969090880
2671,1520598969100894
2672,1520598969110909
2673,1520598969120924
2674,1520598969130938
2675,1520598969140953
2676,1520598969150968
2677,1520598969160982
2678,1520598969170997
2679,1520598969181012
2680,1520598969191026
2681,1520598969201041
2682,1520598969211056
2683,1520598969221070
2684,1520598969231085
2685,1520598969241100
2686,1520598969251114
2687,1520598969261129
2688,1520598969271144
2689,1520598969281163
2690,1520598969291177
2691,1520598969301191
2692,1520598969311206
2693,1520598969321221
2694,1520598969331235
2695,1520598969341250
2696,1520598969351264
2697,1520598969361279
2698,1520598969371294
2699,1520598969381309
2700,1520598969391323
2701,1520598969401338
2702,1520598969411366
2703,1520598969421368
2704,1520598969431385
2705,1520598969441399
2706,1520598969451413
2707,1520598969461428
2708,1520598969471443
2709,1520598969481458
2710,1520598969491472
2711,1520598969501486
2712,1520598969511501
2713,1520598969521516
2714,1520598969531531
2715,1520598969541545
2716,1520598969551560
2717,1520598969561574
2718,1520598969571589
2719,1520598969581604
2720,1520598969591619
2721,1520598969601633
2722,1520598969611648
2723,1520598969621664
2724,1520598969631679
2725,1520598969641693
2726,1520598969651708
2727,1520598969661722
2728,1520598969671737
2729,1520598969681751
2730,1520598969691766
2731,1520598969701781
2732,1520598969711796
2733,1520598969721810
2734,1520598969731825
2735,1520598969741839
2736,1520598969751854
2737,1520598969761869
2738,1520598969771884
2739,1520598969781898
2740,1520598969791913
2741,1520598969801928
2742,1520598969811943
2743,1520598969821957
2744,1520598969831972
2745,1520598969841987
2746,1520598969852002
2747,1520598969862016
2748,1520598969872031
2749,1520598969882045
2750,1520598969892059
2751,1520598969902074
2752,1520598969912089
2753,1520598969922103
2754,1520598969932118
2755,1520598969942132
2756,1520598969952147
2757,1520598969962162
2758,1520598969972176
2759,1520598969982191
2760,1520598969992205
2761,1520598970002220
2762,1520598970012234
2763,1520598970022249
2764,1520598970032264
2765,1520598970042279
2766,1520598970052294
2767,1520598970062308
2768,1520598970072323
2769,1520598970082337
2770,1520598970092352
2771,1520598970102367
2772,1520598970112382
2773,1520598970122396
2774,1520598970132411
2775,1520598970142426
2776,1520598970152440
2777,1520598970162455
2778,1520598970172470
2779,1520598970182484
2780,1520598970192499
2781,1520598970202513
2782,1520598970212528
2783,1520598970222543
2784,1520598970232558
2785,1520598970242573
2786,1520598970252587
2787,1520598970262601
2788,1520598970272616
2789,1520598970282631
2790,1520598970292646
2791,1520598970302660
2792,1520598970312675
2793,1520598970322690
2794,1520598970332704
2795,1520598970342719
2796,1520598970352734
2797,1520598970362749
2798,1520598970372763
2799,1520598970382778
2800,1520598970392795
2801,1520598970402808
2802,1520598970412823
2803,1520598970422839
2804,1520598970432853
2805,1520598970442868
2806,1520598970452882
2807,1520598970462897
2808,1520598970472912
2809,1520598970482926
2810,1520598970492941
2811,1520598970502956
2812,1520598970512971
2813,1520598970522986
2814,1520598970533001
2815,1520598970543014
2816,1520598970553029
2817,1520598970563045
2818,1520598970573059
2819,1520598970583074
2820,1520598970593089
2821,1520598970603104
2822,1520598970613119
2823,1520598970623134
2824,1520598970633156
2825,1520598970643163
2826,1520598970653178
2827,1520598970663193
2828,1520598970673207
2829,1520598970683222
2830,1520598970693249
2831,1520598970703252
2832,1520598970713267
2833,1520598970723282
2834,1520598970733296
2835,1520598970743311
2836,1520598970753325
2837,1520598970763340
2838,1520598970773355
2839,1520598970783369
2840,1520598970793384
2841,1520598970803399
2842,1520598970813413
2843,1520598970823428
2844,1520598970833443
2845,1520598970843457
2846,1520598970853472
2847,1520598970863487
2848,1520598970873502
2849,1520598970883516
2850,1520598970893531
2851,1520598970903545
2852,1520598970913561
2853,1520598970923575
2854,1520598970933590
2855,1520598970943604
2856,1520598970953619
2857,1520598970963634
2858,1520598970973648
2859,1520598970983663
2860,1520598970993677
2861,1520598971003692
2862,1520598971013706
2863,1520598971023721
2864,1520598971033735
2865,1520598971043750
2866,1520598971053765
2867,1520598971063779
2868,1520598971073794
2869,1520598971083809
2870,1520598971093823
2871,1520598971103838
2872,1520598971113852
2873,1520598971123866
2874,1520598971133881
2875,1520598971143896
2876,1520598971153911
2877,1520598971163926
2878,1520598971173941
2879,1520598971183955
2880,1520598971193969
2881,1520598971203984
2882,1520598971213998
2883,1520598971224013
2884,1520598971234027
2885,1520598971244042
2886,1520598971254056
2887,1520598971264071
2888,1520598971274085
2889,1520598971284100
2890,1520598971294114
2891,1520598971304129
2892,1520598971314144
2893,1520598971324159
2894,1520598971334173
2895,1520598971344188
2896,1520598971354203
2897,1520598971364217
2898,1520598971374232
2899,1520598971384246
2900,1520598971394261
2901,1520598971404276
2902,1520598971414290
2903,1520598971424304
2904,1520598971434319
2905,1520598971444334
2906,1520598971454349
2907,1520598971464363
2908,1520598971474378
2909,1520598971484393
2910,1520598971494407
2911,1520598971504422
2912,1520598971514436
2913,1520598971524451
2914,1520598971534466
2915,1520598971544480
2916,1520598971554495
2917,1520598971564510
2918,1520598971574524
2919,1520598971584538
2920,1520598971594553
2921,1520598971604567
2922,1520598971614582
2923,1520598971624598
2924,1520598971634613
2925,1520598971644628
2926,1520598971654642
2927,1520598971664657
2928,1520598971674671
2929,1520598971684686
2930,1520598971694701
2931,1520598971704716
2932,1520598971714730
2933,1520598971724745
2934,1520598971734760
2935,1520598971744774
2936,1520598971754789
2937,1520598971764804
2938,1520598971774819
2939,1520598971784833
2940,1520598971794848
2941,1520598971804862
2942,1520598971814877
2943,1520598971824891
2944,1520598971834906
2945,1520598971844921
2946,1520598971854936
2947,1520598971864951
2948,1520598971874965
2949,1520598971884980
2950,1520598971894995
2951,1520598971905010
2952,1520598971915024
2953,1520598971925039
2954,1520598971935054
2955,1520598971945068
2956,1520598971955083
2957,1520598971965098
2958,1520598971975124
2959,1520598971985127
2960,1520598971995142
2961,1520598972005163
2962,1520598972015177
2963,1520598972025192
2964,1520598972035207
2965,1520598972045221
2966,1520598972055236
2967,1520598972065251
2968,1520598972075266
2969,1520598972085280
2970,1520598972095295
2971,1520598972105310
2972,1520598972115324
2973,1520598972125339
2974,1520598972135354
2975,1520598972145368
2976,1520598972155383
2977,1520598972165397
2978,1520598972175412
2979,1520598972185427
2980,1520598972195442
2981,1520598972205456
2982,1520598972215471
2983,1520598972225486
2984,1520598972235500
2985,1520598972245515
2986,1520598972255530
2987,1520598972265544
2988,1520598972275559
2989,1520598972285574
2990,1520598972295589
2991,1520598972305603
2992,1520598972315618
2993,1520598972325633
2994,1520598972335647
2995,1520598972345662
2996,1520598972355677
2997,1520598972365692
2998,1520598972375706
2999,1520598972385721
3000,1520598972395736
3001,1520598972405752
3002,1520598972415766
3003,1520598972425781
3004,1520598972435795
3005,1520598972445810
3006,1520598972455824
3007,1520598972465839
3008,1520598972475854
3009,1520598972485868
3010,1520598972495883
3011,1520598972505897
3012,1520598972515912
3013,1520598972525926
3014,1520598972535941
3015,1520598972545955
3016,1520598972555970
3017,1520598972565984
3018,1520598972575999
3019,1520598972586014
3020,1520598972596028
3021,1520598972606043
3022,1520598972616057
3023,1520598972626072
3024,1520598972636087
3025,1520598972646102
3026,1520598972656117
3027,1520598972666131
3028,1520598972676146
3029,1520598972686161
3030,1520598972696175
3031,1520598972706190
3032,1520598972716204
3033,1520598972726219
3034,1520598972736234
3035,1520598972746248
3036,1520598972756263
3037,1520598972766277
3038,1520598972776292
3039,1520598972786306
3040,1520598972796321
3041,1520598972806335
3042,1520598972816350
3043,1520598972826365
3044,1520598972836379
3045,1520598972846394
3046,1520598972856408
3047,1520598972866423
3048,1520598972876438
3049,1520598972886452
3050,1520598972896467
3051,1520598972906482
3052,1520598972916496
3053,1520598972926510
3054,1520598972936525
3055,1520598972946540
3056,1520598972956555
3057,1520598972966569
3058,1520598972976584
3059,1520598972986598
3060,1520598972996613
3061,1520598973006627
3062,1520598973016642
3063,1520598973026656
3064,1520598973036671
3065,1520598973046685
3066,1520598973056700
3067,1520598973066714
3068,1520598973076729
3069,1520598973086744
3070,1520598973096758
3071,1520598973106773
3072,1520598973116788
3073,1520598973126802
3074,1520598973136817
3075,1520598973146831
3076,1520598973156846
3077,1520598973166860
3078,1520598973176875
3079,1520598973186889
3080,1520598973196904
3081,1520598973206919
3082,1520598973216933
3083,1520598973226948
3084,1520598973236962
3085,1520598973246977
3086,1520598973257004
3087,1520598973267007
3088,1520598973277021
3089,1520598973287036
3090,1520598973297051
3091,1520598973307065
3092,1520598973317080
3093,1520598973327095
3094,1520598973337109
3095,1520598973347123
3096,1520598973357145
3097,1520598973367153
3098,1520598973377167
3099,1520598973387182
3100,1520598973397196
3101,1520598973407211
3102,1520598973417225
3103,1520598973427240
3104,1520598973437256
3105,1520598973447270
3106,1520598973457285
3107,1520598973467300
3108,1520598973477314
3109,1520598973487330
3110,1520598973497344
3111,1520598973507359
3112,1520598973517373
3113,1520598973527388
3114,1520598973537403
3115,1520598973547417
3116,1520598973557431
3117,1520598973567446
3118,1520598973577461
3119,1520598973587476
3120,1520598973597490
3121,1520598973607505
3122,1520598973617520
3123,1520598973627536
3124,1520598973637550
3125,1520598973647565
3126,1520598973657579
3127,1520598973667594
3128,1520598973677608
3129,1520598973687623
3130,1520598973697637
3131,1520598973707652
3132,1520598973717667
3133,1520598973727682
3134,1520598973737696
3135,1520598973747711
3136,1520598973757725
3137,1520598973767740
3138,1520598973777755
3139,1520598973787770
3140,1520598973797784
3141,1520598973807800
3142,1520598973817814
3143,1520598973827829
3144,1520598973837843
3145,1520598973847858
3146,1520598973857873
3147,1520598973867887
3148,1520598973877902
3149,1520598973887917
3150,1520598973897931
3151,1520598973907946
3152,1520598973917961
3153,1520598973927976
3154,1520598973937991
3155,1520598973948005
3156,1520598973958019
3157,1520598973968034
3158,1520598973978049
3159,1520598973988063
3160,1520598973998078
3161,1520598974008093
3162,1520598974018107
3163,1520598974028122
3164,1520598974038136
3165,1520598974048152
3166,1520598974058166
3167,1520598974068181
3168,1520598974078195
3169,1520598974088210
3170,1520598974098225
3171,1520598974108239
3172,1520598974118254
3173,1520598974128269
3174,1520598974138283
3175,1520598974148298
3176,1520598974158313
3177,1520598974168327
3178,1520598974178342
3179,1520598974188357
3180,1520598974198371
3181,1520598974208386
3182,1520598974218401
3183,1520598974228416
3184,1520598974238431
3185,1520598974248445
3186,1520598974258460
3187,1520598974268475
3188,1520598974278489
3189,1520598974288503
3190,1520598974298518
3191,1520598974308533
3192,1520598974318547
3193,1520598974328562
3194,1520598974338577
3195,1520598974348591
3196,1520598974358606
3197,1520598974368621
3198,1520598974378636
3199,1520598974388650
3200,1520598974398665
3201,1520598974408680
3202,1520598974418694
3203,1520598974428710
3204,1520598974438724
3205,1520598974448739
3206,1520598974458753
3207,1520598974468768
3208,1520598974478783
3209,1520598974488798
3210,1520598974498813
3211,1520598974508827
3212,1520598974518842
3213,1520598974528857
3214,1520598974538884
3215,1520598974548887
3216,1520598974558901
3217,1520598974568916
3218,1520598974578931
3219,1520598974588945
3220,1520598974598959
3221,1520598974608974
3222,1520598974618989
3223,1520598974629004
3224,1520598974639019
3225,1520598974649033
3226,1520598974659048
3227,1520598974669063
3228,1520598974679078
3229,1520598974689092
3230,1520598974699107
3231,1520598974709122
3232,1520598974719136
3233,1520598974729158
3234,1520598974739165
3235,1520598974749179
3236,1520598974759194
3237,1520598974769209
3238,1520598974779224
3239,1520598974789239
3240,1520598974799253
3241,1520598974809267
3242,1520598974819282
3243,1520598974829296
3244,1520598974839311
3245,1520598974849326
3246,1520598974859341
3247,1520598974869356
3248,1520598974879370
3249,1520598974889385
3250,1520598974899400
3251,1520598974909414
3252,1520598974919429
3253,1520598974929444
3254,1520598974939458
3255,1520598974949473
3256,1520598974959487
3257,1520598974969503
3258,1520598974979517
3259,1520598974989532
3260,1520598974999546
3261,1520598975009561
3262,1520598975019576
3263,1520598975029590
3264,1520598975039605
3265,1520598975049620
3266,1520598975059635
3267,1520598975069649
3268,1520598975079664
3269,1520598975089679
3270,1520598975099694
3271,1520598975109708
3272,1520598975119723
3273,1520598975129738
3274,1520598975139753
3275,1520598975149767
3276,1520598975159782
3277,1520598975169796
3278,1520598975179811
3279,1520598975189826
3280,1520598975199840
3281,1520598975209855
3282,1520598975219869
3283,1520598975229884
3284,1520598975239899
3285,1520598975249914
3286,1520598975259928
3287,1520598975269943
3288,1520598975279957
3289,1520598975289972
3290,1520598975299987
3291,1520598975310002
3292,1520598975320016
3293,1520598975330031
3294,1520598975340046
3295,1520598975350061
3296,1520598975360075
3297,1520598975370090
3298,1520598975380105
3299,1520598975390119
3300,1520598975400134
3301,1520598975410148
3302,1520598975420163
3303,1520598975430178
3304,1520598975440193
3305,1520598975450209
3306,1520598975460222
3307,1520598975470237
3308,1520598975480252
3309,1520598975490266
3310,1520598975500281
3311,1520598975510296
3312,1520598975520310
3313,1520598975530325
3314,1520598975540340
3315,1520598975550354
3316,1520598975560369
3317,1520598975570384
3318,1520598975580399
3319,1520598975590413
3320,1520598975600428
3321,1520598975610442
3322,1520598975620458
3323,1520598975630473
3324,1520598975640487
3325,1520598975650502
3326,1520598975660516
3327,1520598975670531
3328,1520598975680546
3329,1520598975690561
3330,1520598975700576
3331,1520598975710590
3332,1520598975720606
3333,1520598975730620
3334,1520598975740635
3335,1520598975750649
3336,1520598975760664
3337,1520598975770679
3338,1520598975780694
3339,1520598975790709
3340,1520598975800723
3341,1520598975810738
3342,1520598975820764
3343,1520598975830768
3344,1520598975840783
3345,1520598975850797
3346,1520598975860812
3347,1520598975870826
3348,1520598975880841
3349,1520598975890856
3350,1520598975900870
3351,1520598975910885
3352,1520598975920900
3353,1520598975930914
3354,1520598975940929
3355,1520598975950944
3356,1520598975960958
3357,1520598975970973
3358,1520598975980988
3359,1520598975991003
3360,1520598976001017
3361,1520598976011032
3362,1520598976021047
3363,1520598976031062
3364,1520598976041076
3365,1520598976051091
3366,1520598976061106
3367,1520598976071121
3368,1520598976081143
3369,1520598976091150
3370,1520598976101166
3371,1520598976111182
3372,1520598976121196
3373,1520598976131210
3374,1520598976141225
3375,1520598976151240
3376,1520598976161255
3377,1520598976171269
3378,1520598976181285
3379,1520598976191299
3380,1520598976201313
3381,1520598976211329
3382,1520598976221344
3383,1520598976231358
3384,1520598976241373
3385,1520598976251388
3386,1520598976261403
3387,1520598976271418
3388,1520598976281432
3389,1520598976291447
3390,1520598976301461
3391,1520598976311476
3392,1520598976321491
3393,1520598976331505
3394,1520598976341520
3395,1520598976351535
3396,1520598976361550
3397,1520598976371564
3398,1520598976381579
3399,1520598976391593
3400,1520598976401608
3401,1520598976411625
3402,1520598976421638
3403,1520598976431653
3404,1520598976441669
3405,1520598976451683
3406,1520598976461698
3407,1520598976471712
3408,1520598976481727
3409,1520598976491742
3410,1520598976501756
3411,1520598976511771
3412,1520598976521786
3413,1520598976531800
3414,1520598976541815
3415,1520598976551830
3416,1520598976561844
3417,1520598976571859
3418,1520598976581874
3419,1520598976591889
3420,1520598976601903
3421,1520598976611918
3422,1520598976621933
3423,1520598976631948
3424,1520598976641962
3425,1520598976651978
3426,1520598976661992
3427,1520598976672007
3428,1520598976682021
3429,1520598976692036
3430,1520598976702050
3431,1520598976712065
3432,1520598976722080
3433,1520598976732095
3434,1520598976742109
3435,1520598976752124
3436,1520598976762138
3437,1520598976772153
3438,1520598976782168
3439,1520598976792183
3440,1520598976802197
3441,1520598976812212
3442,1520598976822227
3443,1520598976832241
3444,1520598976842256
3445,1520598976852270
3446,1520598976862285
3447,1520598976872300
3448,1520598976882314
3449,1520598976892329
3450,1520598976902344
3451,1520598976912358
3452,1520598976922373
3453,1520598976932388
3454,1520598976942403
3455,1520598976952417
3456,1520598976962432
3457,1520598976972446
3458,1520598976982461
3459,1520598976992476
3460,1520598977002490
3461,1520598977012505
3462,1520598977022519
3463,1520598977032534
3464,1520598977042548
3465,1520598977052563
3466,1520598977062577
3467,1520598977072593
3468,1520598977082607
3469,1520598977092622
3470,1520598977102648
3471,1520598977112652
3472,1520598977122667
3473,1520598977132681
3474,1520598977142695
3475,1520598977152710
3476,1520598977162724
3477,1520598977172739
3478,1520598977182754
3479,1520598977192769
3480,1520598977202783
3481,1520598977212798
3482,1520598977222813
3483,1520598977232828
3484,1520598977242842
3485,1520598977252857
3486,1520598977262871
3487,1520598977272886
3488,1520598977282901
3489,1520598977292915
3490,1520598977302930
3491,1520598977312945
3492,1520598977322959
3493,1520598977332974
3494,1520598977342988
3495,1520598977353003
3496,1520598977363018
3497,1520598977373033
3498,1520598977383047
3499,1520598977393062
3500,1520598977403077
3501,1520598977413092
3502,1520598977423106
3503,1520598977433122
3504,1520598977443137
3505,1520598977453159
3506,1520598977463166
3507,1520598977473181
3508,1520598977483195
3509,1520598977493209
3510,1520598977503225
3511,1520598977513239
3512,1520598977523254
3513,1520598977533269
3514,1520598977543283
3515,1520598977553298
3516,1520598977563312
3517,1520598977573327
3518,1520598977583341
3519,1520598977593356
3520,1520598977603371
3521,1520598977613386
3522,1520598977623401
3523,1520598977633416
3524,1520598977643430
3525,1520598977653445
3526,1520598977663459
3527,1520598977673474
3528,1520598977683489
3529,1520598977693504
3530,1520598977703518
3531,1520598977713533
3532,1520598977723548
3533,1520598977733562
3534,1520598977743577
3535,1520598977753591
3536,1520598977763607
3537,1520598977773620
3538,1520598977783635
3539,1520598977793650
3540,1520598977803665
3541,1520598977813679
3542,1520598977823695
3543,1520598977833709
3544,1520598977843724
3545,1520598977853738
3546,1520598977863753
3547,1520598977873768
3548,1520598977883782
3549,1520598977893798
3550,1520598977903812
3551,1520598977913827
3552,1520598977923841
3553,1520598977933856
3554,1520598977943871
3555,1520598977953886
3556,1520598977963901
3557,1520598977973915
3558,1520598977983930
3559,1520598977993945
3560,1520598978003960
3561,1520598978013975
3562,1520598978023989
3563,1520598978034004
3564,1520598978044019
3565,1520598978054034
3566,1520598978064048
3567,1520598978074063
3568,1520598978084078
3569,1520598978094093
3570,1520598978104107
3571,1520598978114122
3572,1520598978124136
3573,1520598978134151
3574,1520598978144166
3575,1520598978154181
3576,1520598978164195
3577,1520598978174210
3578,1520598978184225
3579,1520598978194240
3580,1520598978204254
3581,1520598978214269
3582,1520598978224284
3583,1520598978234298
3584,1520598978244313
3585,1520598978254328
3586,1520598978264343
3587,1520598978274357
3588,1520598978284372
3589,1520598978294387
3590,1520598978304401
3591,1520598978314416
3592,1520598978324431
3593,1520598978334446
3594,1520598978344461
3595,1520598978354475
3596,1520598978364490
3597,1520598978374505
3598,1520598978384562
3599,1520598978394535
3600,1520598978404550
3601,1520598978414564
3602,1520598978424581
3603,1520598978434595
3604,1520598978444609
3605,1520598978454624
3606,1520598978464639
3607,1520598978474652
3608,1520598978484668
3609,1520598978494682
3610,1520598978504696
3611,1520598978514711
3612,1520598978524726
3613,1520598978534740
3614,1520598978544755
3615,1520598978554770
3616,1520598978564785
3617,1520598978574799
3618,1520598978584814
3619,1520598978594828
3620,1520598978604844
3621,1520598978614858
3622,1520598978624873
3623,1520598978634888
3624,1520598978644903
3625,1520598978654917
3626,1520598978664932
3627,1520598978674947
3628,1520598978684962
3629,1520598978694976
3630,1520598978704991
3631,1520598978715006
3632,1520598978725020
3633,1520598978735035
3634,1520598978745050
3635,1520598978755064
3636,1520598978765080
3637,1520598978775094
3638,1520598978785109
3639,1520598978795124
3640,1520598978805145
3641,1520598978815153
3642,1520598978825167
3643,1520598978835182
3644,1520598978845196
3645,1520598978855211
3646,1520598978865226
3647,1520598978875240
3648,1520598978885255
3649,1520598978895270
3650,1520598978905284
3651,1520598978915299
3652,1520598978925314
3653,1520598978935329
3654,1520598978945344
3655,1520598978955358
3656,1520598978965373
3657,1520598978975388
3658,1520598978985402
3659,1520598978995417
3660,1520598979005432
3661,1520598979015447
3662,1520598979025461
3663,1520598979035476
3664,1520598979045490
3665,1520598979055506
3666,1520598979065521
3667,1520598979075535
3668,1520598979085549
3669,1520598979095564
3670,1520598979105579
3671,1520598979115594
3672,1520598979125608
3673,1520598979135623
3674,1520598979145638
3675,1520598979155652
3676,1520598979165667
3677,1520598979175682
3678,1520598979185696
3679,1520598979195711
3680,1520598979205726
3681,1520598979215741
3682,1520598979225755
3683,1520598979235770
3684,1520598979245785
3685,1520598979255800
3686,1520598979265814
3687,1520598979275829
3688,1520598979285843
3689,1520598979295858
3690,1520598979305873
3691,1520598979315888
3692,1520598979325902
3693,1520598979335917
3694,1520598979345931
3695,1520598979355946
3696,1520598979365960
3697,1520598979375976
3698,1520598979385990
3699,1520598979396005
3700,1520598979406019
3701,1520598979416036
3702,1520598979426050
3703,1520598979436065
3704,1520598979446080
3705,1520598979456094
3706,1520598979466108
3707,1520598979476123
3708,1520598979486138
3709,1520598979496153
3710,1520598979506167
3711,1520598979516182
3712,1520598979526197
3713,1520598979536212
3714,1520598979546227
3715,1520598979556241
3716,1520598979566256
3717,1520598979576270
3718,1520598979586284
3719,1520598979596299
3720,1520598979606314
3721,1520598979616329
3722,1520598979626344
3723,1520598979636359
3724,1520598979646374
3725,1520598979656389
3726,1520598979666415
3727,1520598979676418
3728,1520598979686432
3729,1520598979696447
3730,1520598979706462
3731,1520598979716477
3732,1520598979726491
3733,1520598979736506
3734,1520598979746521
3735,1520598979756536
3736,1520598979766550
3737,1520598979776565
3738,1520598979786580
3739,1520598979796595
3740,1520598979806609
3741,1520598979816624
3742,1520598979826639
3743,1520598979836653
3744,1520598979846668
3745,1520598979856683
3746,1520598979866698
3747,1520598979876713
3748,1520598979886727
3749,1520598979896742
3750,1520598979906756
3751,1520598979916772
3752,1520598979926786
3753,1520598979936801
3754,1520598979946815
3755,1520598979956830
3756,1520598979966845
3757,1520598979976859
3758,1520598979986874
3759,1520598979996889
3760,1520598980006904
3761,1520598980016918
3762,1520598980026933
3763,1520598980036947
3764,1520598980046962
3765,1520598980056977
3766,1520598980066991
3767,1520598980077005
3768,1520598980087020
3769,1520598980097035
3770,1520598980107050
3771,1520598980117064
3772,1520598980127079
3773,1520598980137094
3774,1520598980147108
3775,1520598980157122
3776,1520598980167137
3777,1520598980177160
3778,1520598980187166
3779,1520598980197181
3780,1520598980207196
3781,1520598980217210
3782,1520598980227225
3783,1520598980237240
3784,1520598980247254
3785,1520598980257269
3786,1520598980267284
3787,1520598980277298
3788,1520598980287313
3789,1520598980297327
3790,1520598980307342
3791,1520598980317357
3792,1520598980327371
3793,1520598980337386
3794,1520598980347400
3795,1520598980357415
3796,1520598980367430
3797,1520598980377444
3798,1520598980387459
3799,1520598980397473
3800,1520598980407488
3801,1520598980417503
3802,1520598980427518
3803,1520598980437534
3804,1520598980447547
3805,1520598980457562
3806,1520598980467576
3807,1520598980477591
3808,1520598980487605
3809,1520598980497620
3810,1520598980507635
3811,1520598980517649
3812,1520598980527664
3813,1520598980537678
3814,1520598980547693
3815,1520598980557708
3816,1520598980567722
3817,1520598980577737
3818,1520598980587752
3819,1520598980597767
3820,1520598980607781
3821,1520598980617796
3822,1520598980627811
3823,1520598980637826
3824,1520598980647840
3825,1520598980657855
3826,1520598980667870
3827,1520598980677884
3828,1520598980687899
3829,1520598980697913
3830,1520598980707928
3831,1520598980717942
3832,1520598980727958
3833,1520598980737972
3834,1520598980747987
3835,1520598980758002
3836,1520598980768017
3837,1520598980778031
3838,1520598980788046
3839,1520598980798061
3840,1520598980808076
3841,1520598980818090
3842,1520598980828105
3843,1520598980838119
3844,1520598980848134
3845,1520598980858148
3846,1520598980868163
3847,1520598980878178
3848,1520598980888193
3849,1520598980898208
3850,1520598980908222
3851,1520598980918237
3852,1520598980928251
3853,1520598980938266
3854,1520598980948293
3855,1520598980958296
3856,1520598980968311
3857,1520598980978325
3858,1520598980988340
3859,1520598980998355
3860,1520598981008370
3861,1520598981018384
3862,1520598981028399
3863,1520598981038414
3864,1520598981048428
3865,1520598981058443
3866,1520598981068457
3867,1520598981078472
3868,1520598981088487
3869,1520598981098501
3870,1520598981108516
3871,1520598981118530
3872,1520598981128545
3873,1520598981138559
3874,1520598981148574
3875,1520598981158589
3876,1520598981168603
3877,1520598981178618
3878,1520598981188632
3879,1520598981198648
3880,1520598981208662
3881,1520598981218677
3882,1520598981228692
3883,1520598981238707
3884,1520598981248721
3885,1520598981258735
3886,1520598981268751
3887,1520598981278765
3888,1520598981288780
3889,1520598981298795
3890,1520598981308809
3891,1520598981318824
3892,1520598981328838
3893,1520598981338853
3894,1520598981348868
3895,1520598981358882
3896,1520598981368897
3897,1520598981378911
3898,1520598981388926
3899,1520598981398940
3900,1520598981408955
3901,1520598981418970
3902,1520598981428985
3903,1520598981439000
3904,1520598981449014
3905,1520598981459029
3906,1520598981469044
3907,1520598981479059
3908,1520598981489073
3909,1520598981499088
3910,1520598981509102
3911,1520598981519117
3912,1520598981529132
3913,1520598981539146
3914,1520598981549165
3915,1520598981559180
3916,1520598981569194
3917,1520598981579209
3918,1520598981589223
3919,1520598981599238
3920,1520598981609252
3921,1520598981619268
3922,1520598981629283
3923,1520598981639298
3924,1520598981649313
3925,1520598981659328
3926,1520598981669342
3927,1520598981679357
3928,1520598981689372
3929,1520598981699387
3930,1520598981709402
3931,1520598981719417
3932,1520598981729431
3933,1520598981739446
3934,1520598981749461
3935,1520598981759475
3936,1520598981769490
3937,1520598981779505
3938,1520598981789519
3939,1520598981799534
3940,1520598981809549
3941,1520598981819563
3942,1520598981829579
3943,1520598981839593
3944,1520598981849608
3945,1520598981859623
3946,1520598981869637
3947,1520598981879652
3948,1520598981889667
3949,1520598981899682
3950,1520598981909696
3951,1520598981919711
3952,1520598981929726
3953,1520598981939741
3954,1520598981949755
3955,1520598981959770
3956,1520598981969785
3957,1520598981979800
3958,1520598981989814
3959,1520598981999829
3960,1520598982009844
3961,1520598982019859
3962,1520598982029874
3963,1520598982039889
3964,1520598982049903
3965,1520598982059918
3966,1520598982069933
3967,1520598982079948
3968,1520598982089962
3969,1520598982099977
3970,1520598982109992
3971,1520598982120006
3972,1520598982130021
3973,1520598982140036
3974,1520598982150051
3975,1520598982160066
3976,1520598982170080
3977,1520598982180095
3978,1520598982190110
3979,1520598982200124
3980,1520598982210139
3981,1520598982220154
3982,1520598982230168
3983,1520598982240183
3984,1520598982250198
3985,1520598982260213
3986,1520598982270228
3987,1520598982280242
3988,1520598982290257
3989,1520598982300272
3990,1520598982310286
3991,1520598982320302
3992,1520598982330316
3993,1520598982340331
3994,1520598982350345
3995,1520598982360360
3996,1520598982370375
3997,1520598982380389
3998,1520598982390404
3999,1520598982400419
4000,1520598982410434
4001,1520598982420448
4002,1520598982430465
4003,1520598982440479
4004,1520598982450494
4005,1520598982460508
4006,1520598982470523
4007,1520598982480538
4008,1520598982490552
4009,1520598982500567
4010,1520598982510582
4011,1520598982520596
4012,1520598982530611
4013,1520598982540625
4014,1520598982550640
4015,1520598982560655
4016,1520598982570669
4017,1520598982580684
4018,1520598982590698
4019,1520598982600713
4020,1520598982610728
4021,1520598982620743
4022,1520598982630758
4023,1520598982640773
4024,1520598982650787
4025,1520598982660802
4026,1520598982670817
4027,1520598982680832
4028,1520598982690847
4029,1520598982700861
4030,1520598982710876
4031,1520598982720890
4032,1520598982730905
4033,1520598982740920
4034,1520598982750934
4035,1520598982760949
4036,1520598982770964
4037,1520598982780978
4038,1520598982790993
4039,1520598982801007
4040,1520598982811022
4041,1520598982821037
4042,1520598982831052
4043,1520598982841067
4044,1520598982851081
4045,1520598982861096
4046,1520598982871111
4047,1520598982881126
4048,1520598982891140
4049,1520598982901162
4050,1520598982911177
4051,1520598982921191
4052,1520598982931207
4053,1520598982941221
4054,1520598982951235
4055,1520598982961250
4056,1520598982971265
4057,1520598982981280
4058,1520598982991295
4059,1520598983001309
4060,1520598983011324
4061,1520598983021338
4062,1520598983031354
4063,1520598983041368
4064,1520598983051382
4065,1520598983061397
4066,1520598983071412
4067,1520598983081427
4068,1520598983091441
4069,1520598983101456
4070,1520598983111471
4071,1520598983121485
4072,1520598983131500
4073,1520598983141515
4074,1520598983151530
4075,1520598983161544
4076,1520598983171559
4077,1520598983181574
4078,1520598983191588
4079,1520598983201603
4080,1520598983211618
4081,1520598983221633
4082,1520598983231648
4083,1520598983241662
4084,1520598983251677
4085,1520598983261692
4086,1520598983271707
4087,1520598983281721
4088,1520598983291736
4089,1520598983301751
4090,1520598983311765
4091,1520598983321780
4092,1520598983331795
4093,1520598983341810
4094,1520598983351825
4095,1520598983361840
4096,1520598983372294
4097,1520598983381874
4098,1520598983391889
4099,1520598983401903
4100,1520598983411918
4101,1520598983421932
4102,1520598983431947
4103,1520598983441962
4104,1520598983451978
4105,1520598983461992
4106,1520598983472007
4107,1520598983482021
4108,1520598983492036
4109,1520598983502050
4110,1520598983512065
4111,1520598983522080
4112,1520598983532094
4113,1520598983542109
4114,1520598983552123
4115,1520598983562138
4116,1520598983572152
4117,1520598983582167
4118,1520598983592181
4119,1520598983602196
4120,1520598983612211
4121,1520598983622226
4122,1520598983632240
4123,1520598983642255
4124,1520598983652270
4125,1520598983662285
4126,1520598983672300
4127,1520598983682314
4128,1520598983692329
4129,1520598983702344
4130,1520598983712358
4131,1520598983722373
4132,1520598983732388
4133,1520598983742403
4134,1520598983752417
4135,1520598983762432
4136,1520598983772447
4137,1520598983782462
4138,1520598983792476
4139,1520598983802491
4140,1520598983812506
4141,1520598983822520
4142,1520598983832536
4143,1520598983842550
4144,1520598983852565
4145,1520598983862579
4146,1520598983872594
4147,1520598983882609
4148,1520598983892623
4149,1520598983902638
4150,1520598983912653
4151,1520598983922667
4152,1520598983932682
4153,1520598983942696
4154,1520598983952711
4155,1520598983962726
4156,1520598983972740
4157,1520598983982755
4158,1520598983992769
4159,1520598984002784
4160,1520598984012799
4161,1520598984022814
4162,1520598984032829
4163,1520598984042843
4164,1520598984052858
4165,1520598984062873
4166,1520598984072887
4167,1520598984082902
4168,1520598984092916
4169,1520598984102932
4170,1520598984112946
4171,1520598984122960
4172,1520598984132975
4173,1520598984142990
4174,1520598984153004
4175,1520598984163019
4176,1520598984173033
4177,1520598984183048
4178,1520598984193063
4179,1520598984203077
4180,1520598984213092
4181,1520598984223106
4182,1520598984233121
4183,1520598984243135
4184,1520598984253158
4185,1520598984263164
4186,1520598984273179
4187,1520598984283193
4188,1520598984293209
4189,1520598984303223
4190,1520598984313237
4191,1520598984323252
4192,1520598984333267
4193,1520598984343282
4194,1520598984353296
4195,1520598984363311
4196,1520598984373325
4197,1520598984383340
4198,1520598984393354
4199,1520598984403369
4200,1520598984413386
4201,1520598984423400
4202,1520598984433414
4203,1520598984443429
4204,1520598984453443
4205,1520598984463458
4206,1520598984473473
4207,1520598984483488
4208,1520598984493502
4209,1520598984503517
4210,1520598984513531
4211,1520598984523546
4212,1520598984533561
4213,1520598984543575
4214,1520598984553590
4215,1520598984563605
4216,1520598984573619
4217,1520598984583634
4218,1520598984593648
4219,1520598984603663
4220,1520598984613678
4221,1520598984623694
4222,1520598984633709
4223,1520598984643737
4224,1520598984653739
4225,1520598984663753
4226,1520598984673769
4227,1520598984683783
4228,1520598984693798
4229,1520598984703812
4230,1520598984713827
4231,1520598984723841
4232,1520598984733856
4233,1520598984743870
4234,1520598984753885
4235,1520598984763900
4236,1520598984773914
4237,1520598984783929
4238,1520598984793944
4239,1520598984803958
4240,1520598984813973
4241,1520598984823987
4242,1520598984834002
4243,1520598984844017
4244,1520598984854031
4245,1520598984864046
4246,1520598984874060
4247,1520598984884075
4248,1520598984894090
4249,1520598984904104
4250,1520598984914119
4251,1520598984924134
4252,1520598984934148
4253,1520598984944163
4254,1520598984954177
4255,1520598984964192
4256,1520598984974207
4257,1520598984984221
4258,1520598984994236
4259,1520598985004251
4260,1520598985014266
4261,1520598985024281
4262,1520598985034295
4263,1520598985044310
4264,1520598985054325
4265,1520598985064339
4266,1520598985074354
4267,1520598985084369
4268,1520598985094383
4269,1520598985104398
4270,1520598985114412
4271,1520598985124427
4272,1520598985134442
4273,1520598985144457
4274,1520598985154471
4275,1520598985164486
4276,1520598985174501
4277,1520598985184516
4278,1520598985194530
4279,1520598985204544
4280,1520598985214559
4281,1520598985224573
4282,1520598985234588
4283,1520598985244603
4284,1520598985254617
4285,1520598985264632
4286,1520598985274647
4287,1520598985284662
4288,1520598985294676
4289,1520598985304691
4290,1520598985314706
4291,1520598985324721
4292,1520598985334736
4293,1520598985344750
4294,1520598985354765
4295,1520598985364779
4296,1520598985374794
4297,1520598985384809
4298,1520598985394824
4299,1520598985404838
4300,1520598985414852
4301,1520598985424867
4302,1520598985434883
4303,1520598985444897
4304,1520598985454912
4305,1520598985464927
4306,1520598985474941
4307,1520598985484956
4308,1520598985494971
4309,1520598985504986
4310,1520598985515000
4311,1520598985525015
4312,1520598985535030
4313,1520598985545044
4314,1520598985555059
4315,1520598985565074
4316,1520598985575088
4317,1520598985585103
4318,1520598985595118
4319,1520598985605132
4320,1520598985615147
4321,1520598985625166
4322,1520598985635181
4323,1520598985645195
4324,1520598985655210
4325,1520598985665224
4326,1520598985675239
4327,1520598985685254
4328,1520598985695268
4329,1520598985705283
4330,1520598985715298
4331,1520598985725312
4332,1520598985735327
4333,1520598985745341
4334,1520598985755356
4335,1520598985765370
4336,1520598985775385
4337,1520598985785399
4338,1520598985795414
4339,1520598985805428
4340,1520598985815443
4341,1520598985825457
4342,1520598985835472
4343,1520598985845487
4344,1520598985855501
4345,1520598985865516
4346,1520598985875531
4347,1520598985885546
4348,1520598985895560
4349,1520598985905575
4350,1520598985915590
4351,1520598985925616
4352,1520598985935619
4353,1520598985945634
4354,1520598985955649
4355,1520598985965663
4356,1520598985975678
4357,1520598985985692
4358,1520598985995707
4359,1520598986005722
4360,1520598986015737
4361,1520598986025752
4362,1520598986035766
4363,1520598986045781
4364,1520598986055796
4365,1520598986065810
4366,1520598986075825
4367,1520598986085840
4368,1520598986095854
4369,1520598986105869
4370,1520598986115884
4371,1520598986125899
4372,1520598986135914
4373,1520598986145928
4374,1520598986155943
4375,1520598986165958
4376,1520598986175973
4377,1520598986185987
4378,1520598986196002
4379,1520598986206017
4380,1520598986216031
4381,1520598986226046
4382,1520598986236061
4383,1520598986246075
4384,1520598986256090
4385,1520598986266105
4386,1520598986276120
4387,1520598986286135
4388,1520598986296149
4389,1520598986306164
4390,1520598986316179
4391,1520598986326193
4392,1520598986336208
4393,1520598986346223
4394,1520598986356238
4395,1520598986366252
4396,1520598986376267
4397,1520598986386282
4398,1520598986396298
4399,1520598986406311
4400,1520598986416326
4401,1520598986426343
4402,1520598986436357
4403,1520598986446371
4404,1520598986456386
4405,1520598986466400
4406,1520598986476415
4407,1520598986486430
4408,1520598986496445
4409,1520598986506459
4410,1520598986516474
4411,1520598986526488
4412,1520598986536504
4413,1520598986546518
4414,1520598986556533
4415,1520598986566547
4416,1520598986576562
4417,1520598986586576
4418,1520598986596591
4419,1520598986606606
4420,1520598986616620
4421,1520598986626635
4422,1520598986636650
4423,1520598986646665
4424,1520598986656679
4425,1520598986666694
4426,1520598986676709
4427,1520598986686724
4428,1520598986696737
4429,1520598986706752
4430,1520598986716767
4431,1520598986726782
4432,1520598986736797
4433,1520598986746811
4434,1520598986756826
4435,1520598986766841
4436,1520598986776855
4437,1520598986786870
4438,1520598986796885
4439,1520598986806899
4440,1520598986816914
4441,1520598986826929
4442,1520598986836943
4443,1520598986846957
4444,1520598986856973
4445,1520598986866987
4446,1520598986877001
4447,1520598986887016
4448,1520598986897031
4449,1520598986907046
4450,1520598986917061
4451,1520598986927075
4452,1520598986937090
4453,1520598986947104
4454,1520598986957119
4455,1520598986967134
4456,1520598986977156
4457,1520598986987163
4458,1520598986997178
4459,1520598987007192
4460,1520598987017207
4461,1520598987027222
4462,1520598987037236
4463,1520598987047251
4464,1520598987057265
4465,1520598987067280
4466,1520598987077295
4467,1520598987087310
4468,1520598987097325
4469,1520598987107339
4470,1520598987117354
4471,1520598987127368
4472,1520598987137383
4473,1520598987147398
4474,1520598987157412
4475,1520598987167427
4476,1520598987177442
4477,1520598987187456
4478,1520598987197471
4479,1520598987207498
4480,1520598987217501
4481,1520598987227515
4482,1520598987237530
4483,1520598987247545
4484,1520598987257559
4485,1520598987267574
4486,1520598987277588
4487,1520598987287603
4488,1520598987297618
4489,1520598987307632
4490,1520598987317646
4491,1520598987327662
4492,1520598987337676
4493,1520598987347691
4494,1520598987357705
4495,1520598987367720
4496,1520598987377735
4497,1520598987387749
4498,1520598987397764
4499,1520598987407779
4500,1520598987417795
4501,1520598987427808
4502,1520598987437823
4503,1520598987447838
4504,1520598987457853
4505,1520598987467867
4506,1520598987477882
4507,1520598987487897
4508,1520598987497911
4509,1520598987507925
4510,1520598987517940
4511,1520598987527955
4512,1520598987537969
4513,1520598987547984
4514,1520598987557999
4515,1520598987568014
4516,1520598987578028
4517,1520598987588042
4518,1520598987598057
4519,1520598987608072
4520,1520598987618088
4521,1520598987628103
4522,1520598987638117
4523,1520598987648132
4524,1520598987658147
4525,1520598987668161
4526,1520598987678176
4527,1520598987688191
4528,1520598987698206
4529,1520598987708220
4530,1520598987718234
4531,1520598987728250
4532,1520598987738264
4533,1520598987748279
4534,1520598987758293
4535,1520598987768308
4536,1520598987778322
4537,1520598987788337
4538,1520598987798352
4539,1520598987808366
4540,1520598987818381
4541,1520598987828396
4542,1520598987838411
4543,1520598987848425
4544,1520598987858440
4545,1520598987868454
4546,1520598987878469
4547,1520598987888484
4548,1520598987898498
4549,1520598987908513
4550,1520598987918527
4551,1520598987928543
4552,1520598987938557
4553,1520598987948572
4554,1520598987958587
4555,1520598987968601
4556,1520598987978616
4557,1520598987988630
4558,1520598987998645
4559,1520598988008660
4560,1520598988018674
4561,1520598988028689
4562,1520598988038704
4563,1520598988048718
4564,1520598988058733
4565,1520598988068748
4566,1520598988078762
4567,1520598988088777
4568,1520598988098792
4569,1520598988108806
4570,1520598988118821
4571,1520598988128836
4572,1520598988138851
4573,1520598988148865
4574,1520598988158879
4575,1520598988168894
4576,1520598988178908
4577,1520598988188924
4578,1520598988198938
4579,1520598988208953
4580,1520598988218967
4581,1520598988228982
4582,1520598988238996
4583,1520598988249011
4584,1520598988259026
4585,1520598988269040
4586,1520598988279055
4587,1520598988289070
4588,1520598988299084
4589,1520598988309099
4590,1520598988319114
4591,1520598988329129
4592,1520598988339143
4593,1520598988349164
4594,1520598988359178
4595,1520598988369193
4596,1520598988379207
4597,1520598988389222
4598,1520598988399237
4599,1520598988409252
4600,1520598988419267
4601,1520598988429281
4602,1520598988439296
4603,1520598988449310
4604,1520598988459325
4605,1520598988469340
4606,1520598988479354
4607,1520598988489381
4608,1520598988499384
4609,1520598988509399
4610,1520598988519414
4611,1520598988529428
4612,1520598988539443
4613,1520598988549457
4614,1520598988559472
4615,1520598988569486
4616,1520598988579501
4617,1520598988589516
4618,1520598988599530
4619,1520598988609545
4620,1520598988619561
4621,1520598988629575
4622,1520598988639590
4623,1520598988649605
4624,1520598988659620
4625,1520598988669634
4626,1520598988679649
4627,1520598988689664
4628,1520598988699678
4629,1520598988709693
4630,1520598988719708
4631,1520598988729723
4632,1520598988739738
4633,1520598988749752
4634,1520598988759767
4635,1520598988769782
4636,1520598988779796
4637,1520598988789811
4638,1520598988799827
4639,1520598988809841
4640,1520598988819856
4641,1520598988829871
4642,1520598988839886
4643,1520598988849900
4644,1520598988859914
4645,1520598988869929
4646,1520598988879944
4647,1520598988889959
4648,1520598988899973
4649,1520598988909988
4650,1520598988920003
4651,1520598988930018
4652,1520598988940032
4653,1520598988950047
4654,1520598988960062
4655,1520598988970076
4656,1520598988980091
4657,1520598988990106
4658,1520598989000121
4659,1520598989010135
4660,1520598989020150
4661,1520598989030165
4662,1520598989040180
4663,1520598989050194
4664,1520598989060208
4665,1520598989070223
4666,1520598989080238
4667,1520598989090253
4668,1520598989100267
4669,1520598989110282
4670,1520598989120297
4671,1520598989130311
4672,1520598989140326
4673,1520598989150341
4674,1520598989160355
4675,1520598989170371
4676,1520598989180385
4677,1520598989190399
4678,1520598989200415
4679,1520598989210429
4680,1520598989220444
4681,1520598989230459
4682,1520598989240474
4683,1520598989250489
4684,1520598989260503
4685,1520598989270518
4686,1520598989280533
4687,1520598989290548
4688,1520598989300563
4689,1520598989310577
4690,1520598989320592
4691,1520598989330606
4692,1520598989340621
4693,1520598989350636
4694,1520598989360650
4695,1520598989370665
4696,1520598989380679
4697,1520598989390694
4698,1520598989400709
4699,1520598989410724
4700,1520598989420739
4701,1520598989430754
4702,1520598989440768
4703,1520598989450783
4704,1520598989460797
4705,1520598989470812
4706,1520598989480826
4707,1520598989490841
4708,1520598989500856
4709,1520598989510871
4710,1520598989520885
4711,1520598989530900
4712,1520598989540915
4713,1520598989550930
4714,1520598989560945
4715,1520598989570960
4716,1520598989580974
4717,1520598989590989
4718,1520598989601003
4719,1520598989611018
4720,1520598989621033
4721,1520598989631048
4722,1520598989641063
4723,1520598989651077
4724,1520598989661092
4725,1520598989671107
4726,1520598989681121
4727,1520598989691136
4728,1520598989701159
4729,1520598989711166
4730,1520598989721180
4731,1520598989731195
4732,1520598989741210
4733,1520598989751225
4734,1520598989761239
4735,1520598989771267
4736,1520598989781269
4737,1520598989791284
4738,1520598989801299
4739,1520598989811314
4740,1520598989821328
4741,1520598989831343
4742,1520598989841358
4743,1520598989851372
4744,1520598989861387
4745,1520598989871402
4746,1520598989881417
4747,1520598989891431
4748,1520598989901446
4749,1520598989911461
4750,1520598989921476
4751,1520598989931490
4752,1520598989941505
4753,1520598989951519
4754,1520598989961533
4755,1520598989971549
4756,1520598989981563
4757,1520598989991578
4758,1520598990001592
4759,1520598990011607
4760,1520598990021621
4761,1520598990031635
4762,1520598990041650
4763,1520598990051665
4764,1520598990061679
4765,1520598990071694
4766,1520598990081709
4767,1520598990091723
4768,1520598990101738
4769,1520598990111752
4770,1520598990121767
4771,1520598990131782
4772,1520598990141796
4773,1520598990151811
4774,1520598990161826
4775,1520598990171841
4776,1520598990181855
4777,1520598990191870
4778,1520598990201885
4779,1520598990211900
4780,1520598990221914
4781,1520598990231929
4782,1520598990241943
4783,1520598990251958
4784,1520598990261972
4785,1520598990271987
4786,1520598990282002
4787,1520598990292017
4788,1520598990302031
4789,1520598990312046
4790,1520598990322061
4791,1520598990332075
4792,1520598990342090
4793,1520598990352104
4794,1520598990362119
4795,1520598990372134
4796,1520598990382149
4797,1520598990392164
4798,1520598990402178
4799,1520598990412192
4800,1520598990422209
4801,1520598990432223
4802,1520598990442238
4803,1520598990452252
4804,1520598990462268
4805,1520598990472282
4806,1520598990482297
4807,1520598990492311
4808,1520598990502326
4809,1520598990512340
4810,1520598990522355
4811,1520598990532370
4812,1520598990542385
4813,1520598990552399
4814,1520598990562413
4815,1520598990572428
4816,1520598990582442
4817,1520598990592457
4818,1520598990602472
4819,1520598990612486
4820,1520598990622502
4821,1520598990632516
4822,1520598990642531
4823,1520598990652546
4824,1520598990662561
4825,1520598990672576
4826,1520598990682591
4827,1520598990692605
4828,1520598990702620
4829,1520598990712634
4830,1520598990722649
4831,1520598990732663
4832,1520598990742678
4833,1520598990752693
4834,1520598990762707
4835,1520598990772722
4836,1520598990782737
4837,1520598990792751
4838,1520598990802766
4839,1520598990812781
4840,1520598990822796
4841,1520598990832811
4842,1520598990842825
4843,1520598990852840
4844,1520598990862854
4845,1520598990872869
4846,1520598990882883
4847,1520598990892898
4848,1520598990902913
4849,1520598990912929
4850,1520598990922943
4851,1520598990932958
4852,1520598990942972
4853,1520598990952987
4854,1520598990963002
4855,1520598990973017
4856,1520598990983031
4857,1520598990993046
4858,1520598991003061
4859,1520598991013075
4860,1520598991023090
4861,1520598991033105
4862,1520598991043120
4863,1520598991053157
4864,1520598991063150
4865,1520598991073166
4866,1520598991083180
4867,1520598991093195
4868,1520598991103209
4869,1520598991113224
4870,1520598991123239
4871,1520598991133254
4872,1520598991143269
4873,1520598991153283
4874,1520598991163298
4875,1520598991173313
4876,1520598991183327
4877,1520598991193342
4878,1520598991203356
4879,1520598991213371
4880,1520598991223386
4881,1520598991233401
4882,1520598991243415
4883,1520598991253430
4884,1520598991263445
4885,1520598991273459
4886,1520598991283473
4887,1520598991293488
4888,1520598991303502
4889,1520598991313517
4890,1520598991323532
4891,1520598991333546
4892,1520598991343561
4893,1520598991353575
4894,1520598991363589
4895,1520598991373604
4896,1520598991383619
4897,1520598991393633
4898,1520598991403649
4899,1520598991413666
4900,1520598991423679
4901,1520598991433693
4902,1520598991443708
4903,1520598991453722
4904,1520598991463737
4905,1520598991473752
4906,1520598991483766
4907,1520598991493781
4908,1520598991503795
4909,1520598991513810
4910,1520598991523825
4911,1520598991533839
4912,1520598991543854
4913,1520598991553868
4914,1520598991563883
4915,1520598991573897
4916,1520598991583912
4917,1520598991593927
4918,1520598991603942
4919,1520598991613956
4920,1520598991623971
4921,1520598991633987
4922,1520598991644001
4923,1520598991654016
4924,1520598991664030
4925,1520598991674045
4926,1520598991684060
4927,1520598991694074
4928,1520598991704089
4929,1520598991714104
4930,1520598991724118
4931,1520598991734133
4932,1520598991744147
4933,1520598991754162
4934,1520598991764177
4935,1520598991774191
4936,1520598991784206
4937,1520598991794220
4938,1520598991804235
4939,1520598991814250
4940,1520598991824264
4941,1520598991834278
4942,1520598991844294
4943,1520598991854308
4944,1520598991864323
4945,1520598991874338
4946,1520598991884352
4947,1520598991894366
4948,1520598991904382
4949,1520598991914397
4950,1520598991924411
4951,1520598991934426
4952,1520598991944441
4953,1520598991954456
4954,1520598991964470
4955,1520598991974485
4956,1520598991984499
4957,1520598991994514
4958,1520598992004529
4959,1520598992014544
4960,1520598992024558
4961,1520598992034573
4962,1520598992044588
4963,1520598992054603
4964,1520598992064617
4965,1520598992074632
4966,1520598992084647
4967,1520598992094662
4968,1520598992104676
4969,1520598992114690
4970,1520598992124705
4971,1520598992134720
4972,1520598992144734
4973,1520598992154749
4974,1520598992164764
4975,1520598992174779
4976,1520598992184793
4977,1520598992194808
4978,1520598992204823
4979,1520598992214838
4980,1520598992224853
4981,1520598992234867
4982,1520598992244882
4983,1520598992254897
4984,1520598992264912
4985,1520598992274926
4986,1520598992284941
4987,1520598992294956
4988,1520598992304971
4989,1520598992314986
4990,1520598992325000
4991,1520598992335028
4992,1520598992345030
4993,1520598992355045
4994,1520598992365059
4995,1520598992375074
4996,1520598992385089
4997,1520598992395103
4998,1520598992405118
4999,1520598992415135
5000,1520598992425156
5001,1520598992435163
5002,1520598992445178
5003,1520598992455192
5004,1520598992465207
5005,1520598992475222
5006,1520598992485236
5007,1520598992495251
5008,1520598992505265
5009,1520598992515280
5010,1520598992525295
5011,1520598992535309
5012,1520598992545324
5013,1520598992555339
5014,1520598992565353
5015,1520598992575368
5016,1520598992585383
5017,1520598992595398
5018,1520598992605412
5019,1520598992615427
5020,1520598992625442
5021,1520598992635456
5022,1520598992645471
5023,1520598992655486
5024,1520598992665501
5025,1520598992675515
5026,1520598992685530
5027,1520598992695544
5028,1520598992705558
5029,1520598992715574
5030,1520598992725588
5031,1520598992735603
5032,1520598992745617
5033,1520598992755632
5034,1520598992765647
5035,1520598992775662
5036,1520598992785676
5037,1520598992795691
5038,1520598992805706
5039,1520598992815720
5040,1520598992825735
5041,1520598992835750
5042,1520598992845764
5043,1520598992855779
5044,1520598992865794
5045,1520598992875809
5046,1520598992885823
5047,1520598992895838
5048,1520598992905853
5049,1520598992915867
5050,1520598992925882
5051,1520598992935897
5052,1520598992945911
5053,1520598992955926
5054,1520598992965940
5055,1520598992975956
5056,1520598992985970
5057,1520598992995985
5058,1520598993005999
5059,1520598993016014
5060,1520598993026029
5061,1520598993036043
5062,1520598993046058
5063,1520598993056073
5064,1520598993066087
5065,1520598993076102
5066,1520598993086117
5067,1520598993096132
5068,1520598993106146
5069,1520598993116161
5070,1520598993126176
5071,1520598993136190
5072,1520598993146205
5073,1520598993156219
5074,1520598993166234
5075,1520598993176249
5076,1520598993186263
5077,1520598993196278
5078,1520598993206292
5079,1520598993216307
5080,1520598993226322
5081,1520598993236337
5082,1520598993246351
5083,1520598993256366
5084,1520598993266380
5085,1520598993276394
5086,1520598993286409
5087,1520598993296424
5088,1520598993306438
5089,1520598993316453
5090,1520598993326467
5091,1520598993336482
5092,1520598993346497
5093,1520598993356511
5094,1520598993366526
5095,1520598993376541
5096,1520598993386555
5097,1520598993396570
5098,1520598993406584
5099,1520598993416599
5100,1520598993426613
5101,1520598993436628
5102,1520598993446642
5103,1520598993456657
5104,1520598993466672
5105,1520598993476687
5106,1520598993486701
5107,1520598993496716
5108,1520598993506730
5109,1520598993516745
5110,1520598993526760
5111,1520598993536774
5112,1520598993546788
5113,1520598993556803
5114,1520598993566818
5115,1520598993576833
5116,1520598993586847
5117,1520598993596862
5118,1520598993606876
5119,1520598993616904
5120,1520598993626907
5121,1520598993636922
5122,1520598993646936
5123,1520598993656951
5124,1520598993666966
5125,1520598993676980
5126,1520598993686995
5127,1520598993697009
5128,1520598993707024
5129,1520598993717038
5130,1520598993727053
5131,1520598993737067
5132,1520598993747082
5133,1520598993757097
5134,1520598993767112
5135,1520598993777126
5136,1520598993787140
5137,1520598993797161
5138,1520598993807176
5139,1520598993817190
5140,1520598993827205
5141,1520598993837220
5142,1520598993847234
5143,1520598993857249
5144,1520598993867263
5145,1520598993877278
5146,1520598993887292
5147,1520598993897307
5148,1520598993907322
5149,1520598993917336
5150,1520598993927351
5151,1520598993937365
5152,1520598993947380
5153,1520598993957394
5154,1520598993967409
5155,1520598993977424
5156,1520598993987438
5157,1520598993997453
5158,1520598994007468
5159,1520598994017482
5160,1520598994027497
5161,1520598994037511
5162,1520598994047526
5163,1520598994057540
5164,1520598994067556
5165,1520598994077570
5166,1520598994087584
5167,1520598994097599
5168,1520598994107613
5169,1520598994117628
5170,1520598994127643
5171,1520598994137658
5172,1520598994147672
5173,1520598994157687
5174,1520598994167701
5175,1520598994177716
5176,1520598994187730
5177,1520598994197745
5178,1520598994207759
5179,1520598994217774
5180,1520598994227789
5181,1520598994237803
5182,1520598994247818
5183,1520598994257833
5184,1520598994267848
5185,1520598994277862
5186,1520598994287877
5187,1520598994297892
5188,1520598994307906
5189,1520598994317920
5190,1520598994327935
5191,1520598994337949
5192,1520598994347964
5193,1520598994357979
5194,1520598994367994
5195,1520598994378009
5196,1520598994388023
5197,1520598994398038
5198,1520598994408053
5199,1520598994418067
5200,1520598994428082
5201,1520598994438096
5202,1520598994448110
5203,1520598994458126
5204,1520598994468140
5205,1520598994478155
5206,1520598994488169
5207,1520598994498184
5208,1520598994508199
5209,1520598994518213
5210,1520598994528228
5211,1520598994538243
5212,1520598994548257
5213,1520598994558272
5214,1520598994568288
5215,1520598994578302
5216,1520598994588317
5217,1520598994598331
5218,1520598994608345
5219,1520598994618361
5220,1520598994628376
5221,1520598994638391
5222,1520598994648405
5223,1520598994658419
5224,1520598994668434
5225,1520598994678449
5226,1520598994688463
5227,1520598994698478
5228,1520598994708492
5229,1520598994718507
5230,1520598994728521
5231,1520598994738536
5232,1520598994748551
5233,1520598994758565
5234,1520598994768580
5235,1520598994778594
5236,1520598994788609
5237,1520598994798624
5238,1520598994808639
5239,1520598994818653
5240,1520598994828668
5241,1520598994838682
5242,1520598994848697
5243,1520598994858711
5244,1520598994868726
5245,1520598994878741
5246,1520598994888756
5247,1520598994898782
5248,1520598994908785
5249,1520598994918800
5250,1520598994928815
5251,1520598994938830
5252,1520598994948844
5253,1520598994958859
5254,1520598994968874
5255,1520598994978889
5256,1520598994988903
5257,1520598994998917
5258,1520598995008932
5259,1520598995018947
5260,1520598995028961
5261,1520598995038976
5262,1520598995048991
5263,1520598995059005
5264,1520598995069020
5265,1520598995079035
5266,1520598995089050
5267,1520598995099064
5268,1520598995109078
5269,1520598995119093
5270,1520598995129107
5271,1520598995139122
5272,1520598995149144
5273,1520598995159151
5274,1520598995169167
5275,1520598995179182
5276,1520598995189197
5277,1520598995199211
5278,1520598995209225
5279,1520598995219240
5280,1520598995229255
5281,1520598995239269
5282,1520598995249284
5283,1520598995259298
5284,1520598995269313
5285,1520598995279328
5286,1520598995289342
5287,1520598995299357
5288,1520598995309371
5289,1520598995319386
5290,1520598995329400
5291,1520598995339415
5292,1520598995349429
5293,1520598995359444
5294,1520598995369458
5295,1520598995379473
5296,1520598995389488
5297,1520598995399502
5298,1520598995409516
5299,1520598995419532
5300,1520598995429546
5301,1520598995439561
5302,1520598995449577
5303,1520598995459591
5304,1520598995469605
5305,1520598995479620
5306,1520598995489634
5307,1520598995499649
5308,1520598995509664
5309,1520598995519678
5310,1520598995529693
5311,1520598995539707
5312,1520598995549722
5313,1520598995559737
5314,1520598995569751
5315,1520598995579766
5316,1520598995589781
5317,1520598995599795
5318,1520598995609810
5319,1520598995619825
5320,1520598995629840
5321,1520598995639854
5322,1520598995649870
5323,1520598995659884
5324,1520598995669899
5325,1520598995679914
5326,1520598995689928
5327,1520598995699943
5328,1520598995709957
5329,1520598995719972
5330,1520598995729986
5331,1520598995740001
5332,1520598995750015
5333,1520598995760030
5334,1520598995770045
5335,1520598995780060
5336,1520598995790074
5337,1520598995800089
5338,1520598995810103
5339,1520598995820118
5340,1520598995830132
5341,1520598995840147
5342,1520598995850162
5343,1520598995860177
5344,1520598995870190
5345,1520598995880206
5346,1520598995890220
5347,1520598995900235
5348,1520598995910249
5349,1520598995920264
5350,1520598995930278
5351,1520598995940294
5352,1520598995950309
5353,1520598995960323
5354,1520598995970337
5355,1520598995980352
5356,1520598995990367
5357,1520598996000381
5358,1520598996010396
5359,1520598996020411
5360,1520598996030425
5361,1520598996040440
5362,1520598996050454
5363,1520598996060469
5364,1520598996070483
5365,1520598996080498
5366,1520598996090512
5367,1520598996100527
5368,1520598996110542
5369,1520598996120557
5370,1520598996130571
5371,1520598996140586
5372,1520598996150601
5373,1520598996160616
5374,1520598996170630
5375,1520598996180672
5376,1520598996190660
5377,1520598996200675
5378,1520598996210689
5379,1520598996220704
5380,1520598996230719
5381,1520598996240733
5382,1520598996250748
5383,1520598996260763
5384,1520598996270778
5385,1520598996280792
5386,1520598996290807
5387,1520598996300822
5388,1520598996310836
5389,1520598996320851
5390,1520598996330865
5391,1520598996340880
5392,1520598996350894
5393,1520598996360909
5394,1520598996370923
5395,1520598996380938
5396,1520598996390953
5397,1520598996400968
5398,1520598996410985
5399,1520598996420998
5400,1520598996431012
5401,1520598996441027
5402,1520598996451041
5403,1520598996461056
5404,1520598996471070
5405,1520598996481085
5406,1520598996491100
5407,1520598996501114
5408,1520598996511138
5409,1520598996521159
5410,1520598996531167
5411,1520598996541181
5412,1520598996551196
5413,1520598996561210
5414,1520598996571225
5415,1520598996581239
5416,1520598996591254
5417,1520598996601269
5418,1520598996611283
5419,1520598996621297
5420,1520598996631312
5421,1520598996641327
5422,1520598996651342
5423,1520598996661356
5424,1520598996671371
5425,1520598996681386
5426,1520598996691401
5427,1520598996701415
5428,1520598996711429
5429,1520598996721444
5430,1520598996731458
5431,1520598996741473
5432,1520598996751488
5433,1520598996761503
5434,1520598996771517
5435,1520598996781532
5436,1520598996791546
5437,1520598996801561
5438,1520598996811575
5439,1520598996821590
5440,1520598996831604
5441,1520598996841619
5442,1520598996851633
5443,1520598996861648
5444,1520598996871662
5445,1520598996881676
5446,1520598996891691
5447,1520598996901706
5448,1520598996911720
5449,1520598996921735
5450,1520598996931750
5451,1520598996941764
5452,1520598996951779
5453,1520598996961794
5454,1520598996971809
5455,1520598996981823
5456,1520598996991837
5457,1520598997001852
5458,1520598997011867
5459,1520598997021881
5460,1520598997031896
5461,1520598997041910
5462,1520598997051925
5463,1520598997061940
5464,1520598997071955
5465,1520598997081969
5466,1520598997091984
5467,1520598997101998
5468,1520598997112013
5469,1520598997122027
5470,1520598997132042
5471,1520598997142057
5472,1520598997152071
5473,1520598997162086
5474,1520598997172101
5475,1520598997182115
5476,1520598997192129
5477,1520598997202144
5478,1520598997212159
5479,1520598997222173
5480,1520598997232188
5481,1520598997242202
5482,1520598997252217
5483,1520598997262232
5484,1520598997272247
5485,1520598997282261
5486,1520598997292276
5487,1520598997302291
5488,1520598997312306
5489,1520598997322320
5490,1520598997332335
5491,1520598997342350
5492,1520598997352364
5493,1520598997362378
5494,1520598997372393
5495,1520598997382407
5496,1520598997392422
5497,1520598997402437
5498,1520598997412452
5499,1520598997422466
5500,1520598997432483
5501,1520598997442497
5502,1520598997452512
5503,1520598997462539
5504,1520598997472542
5505,1520598997482556
5506,1520598997492571
5507,1520598997502585
5508,1520598997512600
5509,1520598997522614
5510,1520598997532629
5511,1520598997542644
5512,1520598997552658
5513,1520598997562673
5514,1520598997572687
5515,1520598997582702
5516,1520598997592717
5517,1520598997602731
5518,1520598997612746
5519,1520598997622761
5520,1520598997632775
5521,1520598997642790
5522,1520598997652804
5523,1520598997662819
5524,1520598997672834
5525,1520598997682848
5526,1520598997692863
5527,1520598997702878
5528,1520598997712892
5529,1520598997722906
5530,1520598997732921
5531,1520598997742936
5532,1520598997752950
5533,1520598997762964
5534,1520598997772980
5535,1520598997782994
5536,1520598997793009
5537,1520598997803023
5538,1520598997813038
5539,1520598997823052
5540,1520598997833067
5541,1520598997843081
5542,1520598997853095
5543,1520598997863110
5544,1520598997873125
5545,1520598997883139
5546,1520598997893161
5547,1520598997903176
5548,1520598997913190
5549,1520598997923205
5550,1520598997933219
5551,1520598997943234
5552,1520598997953248
5553,1520598997963263
5554,1520598997973278
5555,1520598997983292
5556,1520598997993307
5557,1520598998003322
5558,1520598998013336
5559,1520598998023351
5560,1520598998033365
5561,1520598998043380
5562,1520598998053394
5563,1520598998063409
5564,1520598998073423
5565,1520598998083438
5566,1520598998093453
5567,1520598998103467
5568,1520598998113482
5569,1520598998123497
5570,1520598998133511
5571,1520598998143526
5572,1520598998153540
5573,1520598998163555
5574,1520598998173570
5575,1520598998183584
5576,1520598998193599
5577,1520598998203614
5578,1520598998213628
5579,1520598998223643
5580,1520598998233657
5581,1520598998243672
5582,1520598998253687
5583,1520598998263701
5584,1520598998273716
5585,1520598998283730
5586,1520598998293745
5587,1520598998303759
5588,1520598998313774
5589,1520598998323789
5590,1520598998333803
5591,1520598998343818
5592,1520598998353833
5593,1520598998363847
5594,1520598998373861
5595,1520598998383876
5596,1520598998393891
5597,1520598998403905
5598,1520598998413920
5599,1520598998423934
5600,1520598998433949
5601,1520598998443964
5602,1520598998453979
5603,1520598998463993
5604,1520598998474007
5605,1520598998484022
5606,1520598998494036
5607,1520598998504051
5608,1520598998514066
5609,1520598998524081
5610,1520598998534095
5611,1520598998544110
5612,1520598998554125
5613,1520598998564139
5614,1520598998574153
5615,1520598998584168
5616,1520598998594182
5617,1520598998604197
5618,1520598998614212
5619,1520598998624228
5620,1520598998634242
5621,1520598998644257
5622,1520598998654271
5623,1520598998664286
5624,1520598998674301
5625,1520598998684315
5626,1520598998694330
5627,1520598998704345
5628,1520598998714359
5629,1520598998724373
5630,1520598998734388
5631,1520598998744415
5632,1520598998754417
5633,1520598998764432
5634,1520598998774447
5635,1520598998784462
5636,1520598998794476
5637,1520598998804491
5638,1520598998814506
5639,1520598998824520
5640,1520598998834534
5641,1520598998844549
5642,1520598998854564
5643,1520598998864578
5644,1520598998874593
5645,1520598998884608
5646,1520598998894622
5647,1520598998904636
5648,1520598998914651
5649,1520598998924666
5650,1520598998934680
5651,1520598998944695
5652,1520598998954709
5653,1520598998964724
5654,1520598998974738
5655,1520598998984753
5656,1520598998994768
5657,1520598999004783
5658,1520598999014797
5659,1520598999024812
5660,1520598999034826
5661,1520598999044842
5662,1520598999054856
5663,1520598999064871
5664,1520598999074885
5665,1520598999084900
5666,1520598999094914
5667,1520598999104929
5668,1520598999114944
5669,1520598999124959
5670,1520598999134973
5671,1520598999144988
5672,1520598999155002
5673,1520598999165017
5674,1520598999175031
5675,1520598999185046
5676,1520598999195061
5677,1520598999205075
5678,1520598999215089
5679,1520598999225105
5680,1520598999235119
5681,1520598999245142
5682,1520598999255148
5683,1520598999265165
5684,1520598999275180
5685,1520598999285194
5686,1520598999295209
5687,1520598999305223
5688,1520598999315238
5689,1520598999325253
5690,1520598999335268
5691,1520598999345282
5692,1520598999355297
5693,1520598999365312
5694,1520598999375326
5695,1520598999385341
5696,1520598999395356
5697,1520598999405371
5698,1520598999415387
5699,1520598999425400
5700,1520598999435415
5701,1520598999445430
5702,1520598999455444
5703,1520598999465459
5704,1520598999475473
5705,1520598999485488
5706,1520598999495503
5707,1520598999505517
5708,1520598999515532
5709,1520598999525546
5710,1520598999535561
5711,1520598999545575
5712,1520598999555590
5713,1520598999565604
5714,1520598999575619
5715,1520598999585633
5716,1520598999595648
5717,1520598999605663
5718,1520598999615677
5719,1520598999625692
5720,1520598999635707
5721,1520598999645722
5722,1520598999655737
5723,1520598999665751
5724,1520598999675766
5725,1520598999685780
5726,1520598999695795
5727,1520598999705809
5728,1520598999715824
5729,1520598999725838
5730,1520598999735853
5731,1520598999745867
5732,1520598999755882
5733,1520598999765897
5734,1520598999775912
5735,1520598999785926
5736,1520598999795941
5737,1520598999805955
5738,1520598999815970
5739,1520598999825984
5740,1520598999835999
5741,1520598999846013
5742,1520598999856028
5743,1520598999866042
5744,1520598999876058
5745,1520598999886072
5746,1520598999896086
5747,1520598999906101
5748,1520598999916116
5749,1520598999926130
5750,1520598999936145
5751,1520598999946159
5752,1520598999956174
5753,1520598999966188
5754,1520598999976203
5755,1520598999986217
5756,1520598999996232
5757,1520599000006246
5758,1520599000016261
5759,1520599000026287
5760,1520599000036291
5761,1520599000046305
5762,1520599000056320
5763,1520599000066334
5764,1520599000076349
5765,1520599000086364
5766,1520599000096378
5767,1520599000106393
5768,1520599000116408
5769,1520599000126423
5770,1520599000136437
5771,1520599000146452
5772,1520599000156466
5773,1520599000166481
5774,1520599000176495
5775,1520599000186511
5776,1520599000196525
5777,1520599000206540
5778,1520599000216554
5779,1520599000226569
5780,1520599000236583
5781,1520599000246598
5782,1520599000256612
5783,1520599000266627
5784,1520599000276642
5785,1520599000286656
5786,1520599000296671
5787,1520599000306686
5788,1520599000316701
5789,1520599000326715
5790,1520599000336729
5791,1520599000346744
5792,1520599000356759
5793,1520599000366773
5794,1520599000376788
5795,1520599000386803
5796,1520599000396817
5797,1520599000406834
5798,1520599000416847
5799,1520599000426862
5800,1520599000436876
5801,1520599000446892
5802,1520599000456906
5803,1520599000466920
5804,1520599000476934
5805,1520599000486949
5806,1520599000496964
5807,1520599000506979
5808,1520599000516993
5809,1520599000527008
5810,1520599000537022
5811,1520599000547036
5812,1520599000557051
5813,1520599000567065
5814,1520599000577080
5815,1520599000587095
5816,1520599000597109
5817,1520599000607124
5818,1520599000617145
5819,1520599000627153
5820,1520599000637167
5821,1520599000647182
5822,1520599000657196
5823,1520599000667211
5824,1520599000677225
5825,1520599000687239
5826,1520599000697254
5827,1520599000707269
5828,1520599000717283
5829,1520599000727298
5830,1520599000737313
5831,1520599000747327
5832,1520599000757342
5833,1520599000767356
5834,1520599000777371
5835,1520599000787385
5836,1520599000797400
5837,1520599000807415
5838,1520599000817429
5839,1520599000827444
5840,1520599000837458
5841,1520599000847472
5842,1520599000857488
5843,1520599000867502
5844,1520599000877517
5845,1520599000887531
5846,1520599000897546
5847,1520599000907561
5848,1520599000917576
5849,1520599000927590
5850,1520599000937605
5851,1520599000947620
5852,1520599000957634
5853,1520599000967649
5854,1520599000977663
5855,1520599000987678
5856,1520599000997692
5857,1520599001007707
5858,1520599001017721
5859,1520599001027736
5860,1520599001037751
5861,1520599001047765
5862,1520599001057780
5863,1520599001067794
5864,1520599001077809
5865,1520599001087824
5866,1520599001097838
5867,1520599001107853
5868,1520599001117867
5869,1520599001127882
5870,1520599001137896
5871,1520599001147911
5872,1520599001157926
5873,1520599001167940
5874,1520599001177954
5875,1520599001187969
5876,1520599001197984
5877,1520599001207999
5878,1520599001218013
5879,1520599001228028
5880,1520599001238042
5881,1520599001248057
5882,1520599001258072
5883,1520599001268086
5884,1520599001278101
5885,1520599001288116
5886,1520599001298130
5887,1520599001308157
5888,1520599001318159
5889,1520599001328175
5890,1520599001338189
5891,1520599001348203
5892,1520599001358218
5893,1520599001368233
5894,1520599001378248
5895,1520599001388262
5896,1520599001398279
5897,1520599001408292
5898,1520599001418307
5899,1520599001428322
5900,1520599001438337
5901,1520599001448351
5902,1520599001458366
5903,1520599001468381
5904,1520599001478395
5905,1520599001488410
5906,1520599001498424
5907,1520599001508439
5908,1520599001518454
5909,1520599001528469
5910,1520599001538483
5911,1520599001548497
5912,1520599001558512
5913,1520599001568527
5914,1520599001578542
5915,1520599001588556
5916,1520599001598571
5917,1520599001608586
5918,1520599001618601
5919,1520599001628616
5920,1520599001638631
5921,1520599001648645
5922,1520599001658660
5923,1520599001668674
5924,1520599001678689
5925,1520599001688704
5926,1520599001698719
5927,1520599001708733
5928,1520599001718748
5929,1520599001728762
5930,1520599001738777
5931,1520599001748791
5932,1520599001758806
5933,1520599001768821
5934,1520599001778835
5935,1520599001788850
5936,1520599001798864
5937,1520599001808879
5938,1520599001818894
5939,1520599001828908
5940,1520599001838923
5941,1520599001848937
5942,1520599001858952
5943,1520599001868967
5944,1520599001878982
5945,1520599001888996
5946,1520599001899011
5947,1520599001909025
5948,1520599001919040
5949,1520599001929054
5950,1520599001939069
5951,1520599001949084
5952,1520599001959099
5953,1520599001969114
5954,1520599001979137
5955,1520599001989158
5956,1520599001999166
5957,1520599002009181
5958,1520599002019196
5959,1520599002029210
5960,1520599002039225
5961,1520599002049239
5962,1520599002059255
5963,1520599002069269
5964,1520599002079284
5965,1520599002089298
5966,1520599002099312
5967,1520599002109327
5968,1520599002119342
5969,1520599002129356
5970,1520599002139371
5971,1520599002149386
5972,1520599002159400
5973,1520599002169415
5974,1520599002179429
5975,1520599002189444
5976,1520599002199458
5977,1520599002209473
5978,1520599002219488
5979,1520599002229503
5980,1520599002239517
5981,1520599002249532
5982,1520599002259547
5983,1520599002269561
5984,1520599002279576
5985,1520599002289591
5986,1520599002299606
5987,1520599002309620
5988,1520599002319635
5989,1520599002329649
5990,1520599002339664
5991,1520599002349678
5992,1520599002359692
5993,1520599002369707
5994,1520599002379721
5995,1520599002389736
5996,1520599002399751
5997,1520599002409765
5998,1520599002419780
5999,1520599002429795
6000,1520599002439809
6001,1520599002449824
6002,1520599002459839
6003,1520599002469853
6004,1520599002479868
6005,1520599002489883
6006,1520599002499897
6007,1520599002509912
6008,1520599002519926
6009,1520599002529941
6010,1520599002539956
6011,1520599002549970
6012,1520599002559985
6013,1520599002569999
6014,1520599002580014
6015,1520599002590041
6016,1520599002600044
6017,1520599002610058
6018,1520599002620074
6019,1520599002630088
6020,1520599002640103
6021,1520599002650118
6022,1520599002660133
6023,1520599002670147
6024,1520599002680162
6025,1520599002690176
6026,1520599002700191
6027,1520599002710206
6028,1520599002720220
6029,1520599002730235
6030,1520599002740250
6031,1520599002750265
6032,1520599002760279
6033,1520599002770294
6034,1520599002780309
6035,1520599002790323
6036,1520599002800338
6037,1520599002810352
6038,1520599002820367
6039,1520599002830382
6040,1520599002840397
6041,1520599002850411
6042,1520599002860425
6043,1520599002870440
6044,1520599002880455
6045,1520599002890469
6046,1520599002900484
6047,1520599002910499
6048,1520599002920514
6049,1520599002930528
6050,1520599002940543
6051,1520599002950557
6052,1520599002960572
6053,1520599002970587
6054,1520599002980602
6055,1520599002990616
6056,1520599003000631
6057,1520599003010646
6058,1520599003020661
6059,1520599003030675
6060,1520599003040690
6061,1520599003050705
6062,1520599003060719
6063,1520599003070734
6064,1520599003080748
6065,1520599003090763
6066,1520599003100777
6067,1520599003110792
6068,1520599003120807
6069,1520599003130821
6070,1520599003140836
6071,1520599003150851
6072,1520599003160866
6073,1520599003170880
6074,1520599003180894
6075,1520599003190910
6076,1520599003200924
6077,1520599003210939
6078,1520599003220953
6079,1520599003230968
6080,1520599003240982
6081,1520599003250997
6082,1520599003261012
6083,1520599003271027
6084,1520599003281041
6085,1520599003291056
6086,1520599003301070
6087,1520599003311085
6088,1520599003321100
6089,1520599003331114
6090,1520599003341129
6091,1520599003351144
6092,1520599003361162
6093,1520599003371176
6094,1520599003381192
6095,1520599003391206
6096,1520599003401220
6097,1520599003411235
6098,1520599003421250
6099,1520599003431265
6100,1520599003441279
6101,1520599003451294
6102,1520599003461309
6103,1520599003471323
6104,1520599003481338
6105,1520599003491353
6106,1520599003501368
6107,1520599003511383
6108,1520599003521397
6109,1520599003531412
6110,1520599003541426
6111,1520599003551441
6112,1520599003561456
6113,1520599003571470
6114,1520599003581485
6115,1520599003591500
6116,1520599003601514
6117,1520599003611529
6118,1520599003621545
6119,1520599003631559
6120,1520599003641574
6121,1520599003651589
6122,1520599003661604
6123,1520599003671618
6124,1520599003681633
6125,1520599003691647
6126,1520599003701662
6127,1520599003711677
6128,1520599003721692
6129,1520599003731706
6130,1520599003741721
6131,1520599003751736
6132,1520599003761751
6133,1520599003771765
6134,1520599003781779
6135,1520599003791794
6136,1520599003801809
6137,1520599003811823
6138,1520599003821838
6139,1520599003831852
6140,1520599003841867
6141,1520599003851881
6142,1520599003861896
6143,1520599003871922
6144,1520599003881926
6145,1520599003891940
6146,1520599003901955
6147,1520599003911969
6148,1520599003921984
6149,1520599003931999
6150,1520599003942014
6151,1520599003952028
6152,1520599003962043
6153,1520599003972057
6154,1520599003982072
6155,1520599003992087
6156,1520599004002101
6157,1520599004012116
6158,1520599004022131
6159,1520599004032145
6160,1520599004042160
6161,1520599004052175
6162,1520599004062189
6163,1520599004072204
6164,1520599004082219
6165,1520599004092233
6166,1520599004102248
6167,1520599004112263
6168,1520599004122277
6169,1520599004132292
6170,1520599004142307
6171,1520599004152321
6172,1520599004162336
6173,1520599004172350
6174,1520599004182365
6175,1520599004192380
6176,1520599004202394
6177,1520599004212409
6178,1520599004222423
6179,1520599004232439
6180,1520599004242454
6181,1520599004252468
6182,1520599004262483
6183,1520599004272497
6184,1520599004282512
6185,1520599004292527
6186,1520599004302542
6187,1520599004312557
6188,1520599004322571
6189,1520599004332586
6190,1520599004342600
6191,1520599004352615
6192,1520599004362629
6193,1520599004372644
6194,1520599004382658
6195,1520599004392674
6196,1520599004402688
6197,1520599004412703
6198,1520599004422717
6199,1520599004432733
6200,1520599004442747
6201,1520599004452762
6202,1520599004462777
6203,1520599004472792
6204,1520599004482806
6205,1520599004492821
6206,1520599004502836
6207,1520599004512850
6208,1520599004522865
6209,1520599004532879
6210,1520599004542894
6211,1520599004552908
6212,1520599004562923
6213,1520599004572938
6214,1520599004582952
6215,1520599004592967
6216,1520599004602981
6217,1520599004612996
6218,1520599004623012
6219,1520599004633026
6220,1520599004643041
6221,1520599004653056
6222,1520599004663070
6223,1520599004673086
6224,1520599004683100
6225,1520599004693115
6226,1520599004703129
6227,1520599004713148
6228,1520599004723158
6229,1520599004733173
6230,1520599004743188
6231,1520599004753203
6232,1520599004763218
6233,1520599004773232
6234,1520599004783247
6235,1520599004793261
6236,1520599004803276
6237,1520599004813290
6238,1520599004823305
6239,1520599004833319
6240,1520599004843334
6241,1520599004853349
6242,1520599004863363
6243,1520599004873378
6244,1520599004883392
6245,1520599004893407
6246,1520599004903422
6247,1520599004913436
6248,1520599004923451
6249,1520599004933465
6250,1520599004943480
6251,1520599004953494
6252,1520599004963509
6253,1520599004973524
6254,1520599004983539
6255,1520599004993553
6256,1520599005003568
6257,1520599005013583
6258,1520599005023597
6259,1520599005033612
6260,1520599005043627
6261,1520599005053641
6262,1520599005063656
6263,1520599005073671
6264,1520599005083685
6265,1520599005093700
6266,1520599005103715
6267,1520599005113730
6268,1520599005123744
6269,1520599005133759
6270,1520599005143774
6271,1520599005153801
6272,1520599005163803
6273,1520599005173818
6274,1520599005183833
6275,1520599005193847
6276,1520599005203863
6277,1520599005213877
6278,1520599005223892
6279,1520599005233907
6280,1520599005243921
6281,1520599005253936
6282,1520599005263951
6283,1520599005273965
6284,1520599005283980
6285,1520599005293995
6286,1520599005304010
6287,1520599005314024
6288,1520599005324039
6289,1520599005334053
6290,1520599005344068
6291,1520599005354083
6292,1520599005364097
6293,1520599005374112
6294,1520599005384127
6295,1520599005394142
6296,1520599005404156
6297,1520599005414171
6298,1520599005424186
6299,1520599005434202
6300,1520599005444216
6301,1520599005454230
6302,1520599005464245
6303,1520599005474259
6304,1520599005484274
6305,1520599005494289
6306,1520599005504303
6307,1520599005514318
6308,1520599005524332
6309,1520599005534347
6310,1520599005544362
6311,1520599005554377
6312,1520599005564392
6313,1520599005574406
6314,1520599005584421
6315,1520599005594435
6316,1520599005604450
6317,1520599005614465
6318,1520599005624480
6319,1520599005634495
6320,1520599005644510
6321,1520599005654525
6322,1520599005664540
6323,1520599005674554
6324,1520599005684569
6325,1520599005694583
6326,1520599005704598
6327,1520599005714613
6328,1520599005724628
6329,1520599005734642
6330,1520599005744657
6331,1520599005754672
6332,1520599005764686
6333,1520599005774701
6334,1520599005784716
6335,1520599005794730
6336,1520599005804745
6337,1520599005814760
6338,1520599005824774
6339,1520599005834789
6340,1520599005844803
6341,1520599005854818
6342,1520599005864832
6343,1520599005874847
6344,1520599005884861
6345,1520599005894876
6346,1520599005904891
6347,1520599005914906
6348,1520599005924920
6349,1520599005934936
6350,1520599005944950
6351,1520599005954965
6352,1520599005964979
6353,1520599005974994
6354,1520599005985009
6355,1520599005995024
6356,1520599006005038
6357,1520599006015053
6358,1520599006025069
6359,1520599006035083
6360,1520599006045098
6361,1520599006055113
6362,1520599006065128
6363,1520599006075143
6364,1520599006085163
6365,1520599006095178
6366,1520599006105192
6367,1520599006115207
6368,1520599006125222
6369,1520599006135237
6370,1520599006145252
6371,1520599006155266
6372,1520599006165280
6373,1520599006175295
6374,1520599006185310
6375,1520599006195324
6376,1520599006205339
6377,1520599006215354
6378,1520599006225368
6379,1520599006235383
6380,1520599006245397
6381,1520599006255412
6382,1520599006265427
6383,1520599006275442
6384,1520599006285456
6385,1520599006295471
6386,1520599006305486
6387,1520599006315500
6388,1520599006325515
6389,1520599006335529
6390,1520599006345544
6391,1520599006355559
6392,1520599006365574
6393,1520599006375589
6394,1520599006385603
6395,1520599006395619
6396,1520599006405633
6397,1520599006415648
6398,1520599006425663
6399,1520599006435690
6400,1520599006445693
6401,1520599006455709
6402,1520599006465723
6403,1520599006475737
6404,1520599006485752
6405,1520599006495767
6406,1520599006505781
6407,1520599006515796
6408,1520599006525811
6409,1520599006535826
6410,1520599006545840
6411,1520599006555855
6412,1520599006565869
6413,1520599006575884
6414,1520599006585899
6415,1520599006595913
6416,1520599006605928
6417,1520599006615942
6418,1520599006625957
6419,1520599006635972
6420,1520599006645987
6421,1520599006656002
6422,1520599006666016
6423,1520599006676031
6424,1520599006686045
6425,1520599006696060
6426,1520599006706075
6427,1520599006716089
6428,1520599006726104
6429,1520599006736119
6430,1520599006746133
6431,1520599006756148
6432,1520599006766163
6433,1520599006776177
6434,1520599006786191
6435,1520599006796206
6436,1520599006806221
6437,1520599006816236
6438,1520599006826250
6439,1520599006836265
6440,1520599006846280
6441,1520599006856295
6442,1520599006866309
6443,1520599006876324
6444,1520599006886339
6445,1520599006896353
6446,1520599006906368
6447,1520599006916383
6448,1520599006926398
6449,1520599006936413
6450,1520599006946427
6451,1520599006956442
6452,1520599006966456
6453,1520599006976471
6454,1520599006986486
6455,1520599006996501
6456,1520599007006515
6457,1520599007016530
6458,1520599007026544
6459,1520599007036559
6460,1520599007046574
6461,1520599007056589
6462,1520599007066603
6463,1520599007076618
6464,1520599007086633
6465,1520599007096648
6466,1520599007106662
6467,1520599007116677
6468,1520599007126691
6469,1520599007136706
6470,1520599007146721
6471,1520599007156735
6472,1520599007166750
6473,1520599007176765
6474,1520599007186779
6475,1520599007196794
6476,1520599007206808
6477,1520599007216823
6478,1520599007226838
6479,1520599007236852
6480,1520599007246867
6481,1520599007256882
6482,1520599007266896
6483,1520599007276911
6484,1520599007286925
6485,1520599007296940
6486,1520599007306955
6487,1520599007316970
6488,1520599007326985
6489,1520599007336999
6490,1520599007347014
6491,1520599007357029
6492,1520599007367043
6493,1520599007377058
6494,1520599007387072
6495,1520599007397087
6496,1520599007407101
6497,1520599007417118
6498,1520599007427132
6499,1520599007437152
6500,1520599007447162
6501,1520599007457176
6502,1520599007467191
6503,1520599007477205
6504,1520599007487220
6505,1520599007497235
6506,1520599007507249
6507,1520599007517264
6508,1520599007527278
6509,1520599007537293
6510,1520599007547308
6511,1520599007557322
6512,1520599007567337
6513,1520599007577352
6514,1520599007587366
6515,1520599007597381
6516,1520599007607396
6517,1520599007617412
6518,1520599007627427
6519,1520599007637441
6520,1520599007647456
6521,1520599007657470
6522,1520599007667485
6523,1520599007677500
6524,1520599007687514
6525,1520599007697529
6526,1520599007707544
6527,1520599007717572
6528,1520599007727575
6529,1520599007737589
6530,1520599007747604
6531,1520599007757618
6532,1520599007767633
6533,1520599007777648
6534,1520599007787663
6535,1520599007797678
6536,1520599007807692
6537,1520599007817707
6538,1520599007827722
6539,1520599007837737
6540,1520599007847752
6541,1520599007857766
6542,1520599007867781
6543,1520599007877796
6544,1520599007887810
6545,1520599007897825
6546,1520599007907840
6547,1520599007917855
6548,1520599007927870
6549,1520599007937884
6550,1520599007947900
6551,1520599007957914
6552,1520599007967929
6553,1520599007977943
6554,1520599007987958
6555,1520599007997973
6556,1520599008007988
6557,1520599008018002
6558,1520599008028017
6559,1520599008038032
6560,1520599008048047
6561,1520599008058062
6562,1520599008068076
6563,1520599008078091
6564,1520599008088106
6565,1520599008098121
6566,1520599008108136
6567,1520599008118150
6568,1520599008128165
6569,1520599008138179
6570,1520599008148194
6571,1520599008158209
6572,1520599008168224
6573,1520599008178239
6574,1520599008188253
6575,1520599008198269
6576,1520599008208283
6577,1520599008218298
6578,1520599008228312
6579,1520599008238326
6580,1520599008248341
6581,1520599008258356
6582,1520599008268370
6583,1520599008278385
6584,1520599008288400
6585,1520599008298414
6586,1520599008308429
6587,1520599008318444
6588,1520599008328459
6589,1520599008338473
6590,1520599008348488
6591,1520599008358502
6592,1520599008368517
6593,1520599008378532
6594,1520599008388547
6595,1520599008398561
6596,1520599008408576
6597,1520599008418591
6598,1520599008428605
6599,1520599008438621
6600,1520599008448636
6601,1520599008458650
6602,1520599008468665
6603,1520599008478679
6604,1520599008488694
6605,1520599008498708
6606,1520599008508723
6607,1520599008518738
6608,1520599008528752
6609,1520599008538767
6610,1520599008548782
6611,1520599008558796
6612,1520599008568811
6613,1520599008578825
6614,1520599008588841
6615,1520599008598855
6616,1520599008608870
6617,1520599008618886
6618,1520599008628901
6619,1520599008638915
6620,1520599008648930
6621,1520599008658945
6622,1520599008668959
6623,1520599008678974
6624,1520599008688988
6625,1520599008699003
6626,1520599008709018
6627,1520599008719033
6628,1520599008729047
6629,1520599008739062
6630,1520599008749077
6631,1520599008759091
6632,1520599008769106
6633,1520599008779120
6634,1520599008789143
6635,1520599008799149
6636,1520599008809166
6637,1520599008819181
6638,1520599008829195
6639,1520599008839210
6640,1520599008849225
6641,1520599008859239
6642,1520599008869254
6643,1520599008879268
6644,1520599008889284
6645,1520599008899298
6646,1520599008909313
6647,1520599008919327
6648,1520599008929343
6649,1520599008939357
6650,1520599008949371
6651,1520599008959386
6652,1520599008969401
6653,1520599008979416
6654,1520599008989430
6655,1520599008999458
6656,1520599009009461
6657,1520599009019475
6658,1520599009029490
6659,1520599009039504
6660,1520599009049519
6661,1520599009059534
6662,1520599009069548
6663,1520599009079563
6664,1520599009089578
6665,1520599009099592
6666,1520599009109607
6667,1520599009119622
6668,1520599009129636
6669,1520599009139651
6670,1520599009149665
6671,1520599009159680
6672,1520599009169695
6673,1520599009179710
6674,1520599009189724
6675,1520599009199739
6676,1520599009209754
6677,1520599009219768
6678,1520599009229783
6679,1520599009239797
6680,1520599009249813
6681,1520599009259827
6682,1520599009269842
6683,1520599009279857
6684,1520599009289871
6685,1520599009299886
6686,1520599009309900
6687,1520599009319916
6688,1520599009329930
6689,1520599009339945
6690,1520599009349959
6691,1520599009359974
6692,1520599009369988
6693,1520599009380003
6694,1520599009390018
6695,1520599009400033
6696,1520599009410048
6697,1520599009420062
6698,1520599009430079
6699,1520599009440093
6700,1520599009450108
6701,1520599009460122
6702,1520599009470137
6703,1520599009480151
6704,1520599009490166
6705,1520599009500181
6706,1520599009510195
6707,1520599009520210
6708,1520599009530224
6709,1520599009540239
6710,1520599009550253
6711,1520599009560268
6712,1520599009570282
6713,1520599009580297
6714,1520599009590312
6715,1520599009600326
6716,1520599009610341
6717,1520599009620356
6718,1520599009630371
6719,1520599009640386
6720,1520599009650400
6721,1520599009660415
6722,1520599009670429
6723,1520599009680444
6724,1520599009690459
6725,1520599009700473
6726,1520599009710488
6727,1520599009720503
6728,1520599009730517
6729,1520599009740532
6730,1520599009750547
6731,1520599009760562
6732,1520599009770576
6733,1520599009780591
6734,1520599009790606
6735,1520599009800620
6736,1520599009810635
6737,1520599009820650
6738,1520599009830665
6739,1520599009840679
6740,1520599009850694
6741,1520599009860709
6742,1520599009870724
6743,1520599009880738
6744,1520599009890753
6745,1520599009900767
6746,1520599009910782
6747,1520599009920796
6748,1520599009930811
6749,1520599009940825
6750,1520599009950840
6751,1520599009960855
6752,1520599009970870
6753,1520599009980884
6754,1520599009990899
6755,1520599010000914
6756,1520599010010928
6757,1520599010020943
6758,1520599010030958
6759,1520599010040972
6760,1520599010050987
6761,1520599010061002
6762,1520599010071016
6763,1520599010081031
6764,1520599010091045
6765,1520599010101060
6766,1520599010111074
6767,1520599010121089
6768,1520599010131104
6769,1520599010141118
6770,1520599010151132
6771,1520599010161155
6772,1520599010171162
6773,1520599010181177
6774,1520599010191191
6775,1520599010201205
6776,1520599010211220
6777,1520599010221235
6778,1520599010231250
6779,1520599010241265
6780,1520599010251279
6781,1520599010261294
6782,1520599010271308
6783,1520599010281336
6784,1520599010291338
6785,1520599010301353
6786,1520599010311367
6787,1520599010321382
6788,1520599010331397
6789,1520599010341412
6790,1520599010351426
6791,1520599010361441
6792,1520599010371456
6793,1520599010381470
6794,1520599010391485
6795,1520599010401500
6796,1520599010411515
6797,1520599010421532
6798,1520599010431545
6799,1520599010441560
6800,1520599010451575
6801,1520599010461590
6802,1520599010471604
6803,1520599010481619
6804,1520599010491634
6805,1520599010501649
6806,1520599010511664
6807,1520599010521678
6808,1520599010531693
6809,1520599010541708
6810,1520599010551722
6811,1520599010561737
6812,1520599010571752
6813,1520599010581767
6814,1520599010591781
6815,1520599010601796
6816,1520599010611811
6817,1520599010621826
6818,1520599010631841
6819,1520599010641856
6820,1520599010651871
6821,1520599010661885
6822,1520599010671900
6823,1520599010681915
6824,1520599010691930
6825,1520599010701945
6826,1520599010711959
6827,1520599010721975
6828,1520599010731989
6829,1520599010742004
6830,1520599010752019
6831,1520599010762033
6832,1520599010772049
6833,1520599010782063
6834,1520599010792078
6835,1520599010802093
6836,1520599010812107
6837,1520599010822122
6838,1520599010832137
6839,1520599010842152
6840,1520599010852167
6841,1520599010862181
6842,1520599010872196
6843,1520599010882211
6844,1520599010892226
6845,1520599010902241
6846,1520599010912255
6847,1520599010922271
6848,1520599010932286
6849,1520599010942301
6850,1520599010952315
6851,1520599010962330
6852,1520599010972345
6853,1520599010982359
6854,1520599010992374
6855,1520599011002389
6856,1520599011012404
6857,1520599011022418
6858,1520599011032433
6859,1520599011042448
6860,1520599011052463
6861,1520599011062477
6862,1520599011072492
6863,1520599011082507
6864,1520599011092522
6865,1520599011102536
6866,1520599011112551
6867,1520599011122566
6868,1520599011132580
6869,1520599011142595
6870,1520599011152610
6871,1520599011162625
6872,1520599011172640
6873,1520599011182654
6874,1520599011192669
6875,1520599011202683
6876,1520599011212698
6877,1520599011222713
6878,1520599011232727
6879,1520599011242743
6880,1520599011252757
6881,1520599011262772
6882,1520599011272787
6883,1520599011282801
6884,1520599011292816
6885,1520599011302830
6886,1520599011312845
6887,1520599011322859
6888,1520599011332875
6889,1520599011342890
6890,1520599011352904
6891,1520599011362919
6892,1520599011372934
6893,1520599011382948
6894,1520599011392963
6895,1520599011402978
6896,1520599011412993
6897,1520599011423009
6898,1520599011433023
6899,1520599011443037
6900,1520599011453053
6901,1520599011463067
6902,1520599011473082
6903,1520599011483097
6904,1520599011493112
6905,1520599011503126
6906,1520599011513147
6907,1520599011523156
6908,1520599011533171
6909,1520599011543185
6910,1520599011553200
6911,1520599011563228
6912,1520599011573231
6913,1520599011583245
6914,1520599011593260
6915,1520599011603276
6916,1520599011613290
6917,1520599011623306
6918,1520599011633321
6919,1520599011643335
6920,1520599011653350
6921,1520599011663364
6922,1520599011673379
6923,1520599011683394
6924,1520599011693409
6925,1520599011703424
6926,1520599011713438
6927,1520599011723452
6928,1520599011733467
6929,1520599011743482
6930,1520599011753497
6931,1520599011763512
6932,1520599011773526
6933,1520599011783541
6934,1520599011793556
6935,1520599011803571
6936,1520599011813586
6937,1520599011823601
6938,1520599011833615
6939,1520599011843630
6940,1520599011853645
6941,1520599011863660
6942,1520599011873674
6943,1520599011883689
6944,1520599011893704
6945,1520599011903719
6946,1520599011913733
6947,1520599011923748
6948,1520599011933762
6949,1520599011943777
6950,1520599011953791
6951,1520599011963806
6952,1520599011973821
6953,1520599011983836
6954,1520599011993851
6955,1520599012003865
6956,1520599012013880
6957,1520599012023894
6958,1520599012033909
6959,1520599012043924
6960,1520599012053939
6961,1520599012063953
6962,1520599012073968
6963,1520599012083983
6964,1520599012093998
6965,1520599012104012
6966,1520599012114027
6967,1520599012124042
6968,1520599012134056
6969,1520599012144071
6970,1520599012154085
6971,1520599012164100
6972,1520599012174115
6973,1520599012184130
6974,1520599012194144
6975,1520599012204160
6976,1520599012214174
6977,1520599012224189
6978,1520599012234204
6979,1520599012244218
6980,1520599012254233
6981,1520599012264248
6982,1520599012274263
6983,1520599012284277
6984,1520599012294292
6985,1520599012304307
6986,1520599012314322
6987,1520599012324337
6988,1520599012334351
6989,1520599012344366
6990,1520599012354381
6991,1520599012364396
6992,1520599012374411
6993,1520599012384425
6994,1520599012394440
6995,1520599012404454
6996,1520599012414469
6997,1520599012424484
6998,1520599012434498
6999,1520599012444514
7000,1520599012454528
7001,1520599012464543
7002,1520599012474557
7003,1520599012484573
7004,1520599012494587
7005,1520599012504602
7006,1520599012514617
7007,1520599012524632
7008,1520599012534647
7009,1520599012544661
7010,1520599012554676
7011,1520599012564691
7012,1520599012574706
7013,1520599012584721
7014,1520599012594736
7015,1520599012604751
7016,1520599012614765
7017,1520599012624781
7018,1520599012634796
7019,1520599012644811
7020,1520599012654825
7021,1520599012664841
7022,1520599012674855
7023,1520599012684870
7024,1520599012694885
7025,1520599012704900
7026,1520599012714914
7027,1520599012724929
7028,1520599012734944
7029,1520599012744958
7030,1520599012754973
7031,1520599012764988
7032,1520599012775004
7033,1520599012785017
7034,1520599012795033
7035,1520599012805047
7036,1520599012815062
7037,1520599012825077
7038,1520599012835092
7039,1520599012845119
7040,1520599012855121
7041,1520599012865144
7042,1520599012875151
7043,1520599012885167
7044,1520599012895181
7045,1520599012905197
7046,1520599012915211
7047,1520599012925226
7048,1520599012935241
7049,1520599012945256
7050,1520599012955271
7051,1520599012965285
7052,1520599012975300
7053,1520599012985315
7054,1520599012995330
7055,1520599013005345
7056,1520599013015360
7057,1520599013025374
7058,1520599013035389
7059,1520599013045404
7060,1520599013055419
7061,1520599013065434
7062,1520599013075449
7063,1520599013085464
7064,1520599013095479
7065,1520599013105493
7066,1520599013115508
7067,1520599013125523
7068,1520599013135538
7069,1520599013145552
7070,1520599013155567
7071,1520599013165582
7072,1520599013175597
7073,1520599013185612
7074,1520599013195627
7075,1520599013205641
7076,1520599013215656
7077,1520599013225671
7078,1520599013235686
7079,1520599013245700
7080,1520599013255716
7081,1520599013265730
7082,1520599013275745
7083,1520599013285760
7084,1520599013295775
7085,1520599013305790
7086,1520599013315805
7087,1520599013325820
7088,1520599013335834
7089,1520599013345849
7090,1520599013355864
7091,1520599013365879
7092,1520599013375894
7093,1520599013385908
7094,1520599013395923
7095,1520599013405938
7096,1520599013415953
7097,1520599013425967
7098,1520599013435983
7099,1520599013445997
7100,1520599013456012
7101,1520599013466027
7102,1520599013476042
7103,1520599013486057
7104,1520599013496072
7105,1520599013506086
7106,1520599013516101
7107,1520599013526115
7108,1520599013536131
7109,1520599013546146
7110,1520599013556160
7111,1520599013566175
7112,1520599013576190
7113,1520599013586204
7114,1520599013596219
7115,1520599013606233
7116,1520599013616248
7117,1520599013626264
7118,1520599013636279
7119,1520599013646294
7120,1520599013656308
7121,1520599013666323
7122,1520599013676338
7123,1520599013686353
7124,1520599013696367
7125,1520599013706382
7126,1520599013716396
7127,1520599013726412
7128,1520599013736426
7129,1520599013746441
7130,1520599013756455
7131,1520599013766470
7132,1520599013776485
7133,1520599013786499
7134,1520599013796515
7135,1520599013806529
7136,1520599013816544
7137,1520599013826559
7138,1520599013836573
7139,1520599013846588
7140,1520599013856602
7141,1520599013866617
7142,1520599013876632
7143,1520599013886646
7144,1520599013896661
7145,1520599013906676
7146,1520599013916691
7147,1520599013926706
7148,1520599013936721
7149,1520599013946736
7150,1520599013956751
7151,1520599013966766
7152,1520599013976781
7153,1520599013986795
7154,1520599013996810
7155,1520599014006825
7156,1520599014016840
7157,1520599014026855
7158,1520599014036869
7159,1520599014046885
7160,1520599014056899
7161,1520599014066914
7162,1520599014076928
7163,1520599014086944
7164,1520599014096958
7165,1520599014106973
7166,1520599014116988
7167,1520599014127014
7168,1520599014137018
7169,1520599014147032
7170,1520599014157047
7171,1520599014167062
7172,1520599014177076
7173,1520599014187091
7174,1520599014197106
7175,1520599014207120
7176,1520599014217143
7177,1520599014227150
7178,1520599014237166
7179,1520599014247180
7180,1520599014257195
7181,1520599014267209
7182,1520599014277224
7183,1520599014287239
7184,1520599014297253
7185,1520599014307268
7186,1520599014317282
7187,1520599014327297
7188,1520599014337312
7189,1520599014347326
7190,1520599014357341
7191,1520599014367355
7192,1520599014377370
7193,1520599014387385
7194,1520599014397399
7195,1520599014407414
7196,1520599014417429
7197,1520599014427444
7198,1520599014437458
7199,1520599014447473
7200,1520599014457488
7201,1520599014467502
7202,1520599014477517
7203,1520599014487532
7204,1520599014497546
7205,1520599014507561
7206,1520599014517575
7207,1520599014527590
7208,1520599014537604
7209,1520599014547619
7210,1520599014557634
7211,1520599014567649
7212,1520599014577664
7213,1520599014587678
7214,1520599014597692
7215,1520599014607708
7216,1520599014617723
7217,1520599014627738
7218,1520599014637752
7219,1520599014647767
7220,1520599014657781
7221,1520599014667796
7222,1520599014677811
7223,1520599014687826
7224,1520599014697840
7225,1520599014707855
7226,1520599014717869
7227,1520599014727884
7228,1520599014737899
7229,1520599014747913
7230,1520599014757928
7231,1520599014767943
7232,1520599014777958
7233,1520599014787972
7234,1520599014797988
7235,1520599014808001
7236,1520599014818016
7237,1520599014828031
7238,1520599014838046
7239,1520599014848061
7240,1520599014858075
7241,1520599014868090
7242,1520599014878104
7243,1520599014888119
7244,1520599014898133
7245,1520599014908148
7246,1520599014918163
7247,1520599014928178
7248,1520599014938192
7249,1520599014948207
7250,1520599014958222
7251,1520599014968237
7252,1520599014978252
7253,1520599014988266
7254,1520599014998281
7255,1520599015008296
7256,1520599015018311
7257,1520599015028325
7258,1520599015038340
7259,1520599015048355
7260,1520599015058370
7261,1520599015068385
7262,1520599015078399
7263,1520599015088414
7264,1520599015098428
7265,1520599015108443
7266,1520599015118457
7267,1520599015128472
7268,1520599015138487
7269,1520599015148502
7270,1520599015158517
7271,1520599015168532
7272,1520599015178547
7273,1520599015188562
7274,1520599015198577
7275,1520599015208591
7276,1520599015218606
7277,1520599015228621
7278,1520599015238635
7279,1520599015248650
7280,1520599015258665
7281,1520599015268679
7282,1520599015278694
7283,1520599015288709
7284,1520599015298724
7285,1520599015308739
7286,1520599015318753
7287,1520599015328768
7288,1520599015338782
7289,1520599015348797
7290,1520599015358812
7291,1520599015368826
7292,1520599015378841
7293,1520599015388856
7294,1520599015398871
7295,1520599015408912
7296,1520599015418901
7297,1520599015428915
7298,1520599015438930
7299,1520599015448945
7300,1520599015458959
7301,1520599015468974
7302,1520599015478989
7303,1520599015489003
7304,1520599015499018
7305,1520599015509033
7306,1520599015519047
7307,1520599015529062
7308,1520599015539077
7309,1520599015549092
7310,1520599015559106
7311,1520599015569121
7312,1520599015579136
7313,1520599015589158
7314,1520599015599165
7315,1520599015609179
7316,1520599015619195
7317,1520599015629210
7318,1520599015639224
7319,1520599015649239
7320,1520599015659254
7321,1520599015669268
7322,1520599015679283
7323,1520599015689298
7324,1520599015699312
7325,1520599015709327
7326,1520599015719342
7327,1520599015729356
7328,1520599015739371
7329,1520599015749386
7330,1520599015759401
7331,1520599015769415
7332,1520599015779430
7333,1520599015789445
7334,1520599015799459
7335,1520599015809474
7336,1520599015819489
7337,1520599015829504
7338,1520599015839518
7339,1520599015849533
7340,1520599015859548
7341,1520599015869562
7342,1520599015879577
7343,1520599015889592
7344,1520599015899606
7345,1520599015909621
7346,1520599015919636
7347,1520599015929650
7348,1520599015939665
7349,1520599015949680
7350,1520599015959694
7351,1520599015969709
7352,1520599015979724
7353,1520599015989738
7354,1520599015999753
7355,1520599016009767
7356,1520599016019782
7357,1520599016029796
7358,1520599016039811
7359,1520599016049826
7360,1520599016059841
7361,1520599016069855
7362,1520599016079870
7363,1520599016089884
7364,1520599016099899
7365,1520599016109914
7366,1520599016119929
7367,1520599016129943
7368,1520599016139958
7369,1520599016149973
7370,1520599016159987
7371,1520599016170002
7372,1520599016180017
7373,1520599016190031
7374,1520599016200046
7375,1520599016210060
7376,1520599016220075
7377,1520599016230090
7378,1520599016240104
7379,1520599016250119
7380,1520599016260134
7381,1520599016270148
7382,1520599016280163
7383,1520599016290177
7384,1520599016300192
7385,1520599016310207
7386,1520599016320222
7387,1520599016330236
7388,1520599016340251
7389,1520599016350266
7390,1520599016360281
7391,1520599016370295
7392,1520599016380310
7393,1520599016390325
7394,1520599016400339
7395,1520599016410355
7396,1520599016420369
7397,1520599016430384
7398,1520599016440399
7399,1520599016450413
7400,1520599016460428
7401,1520599016470443
7402,1520599016480457
7403,1520599016490472
7404,1520599016500486
7405,1520599016510501
7406,1520599016520516
7407,1520599016530531
7408,1520599016540545
7409,1520599016550560
7410,1520599016560575
7411,1520599016570590
7412,1520599016580604
7413,1520599016590619
7414,1520599016600633
7415,1520599016610648
7416,1520599016620663
7417,1520599016630678
7418,1520599016640693
7419,1520599016650708
7420,1520599016660722
7421,1520599016670737
7422,1520599016680752
7423,1520599016690779
7424,1520599016700782
7425,1520599016710796
7426,1520599016720811
7427,1520599016730825
7428,1520599016740840
7429,1520599016750855
7430,1520599016760870
7431,1520599016770885
7432,1520599016780899
7433,1520599016790914
7434,1520599016800928
7435,1520599016810943
7436,1520599016820958
7437,1520599016830973
7438,1520599016840988
7439,1520599016851002
7440,1520599016861018
7441,1520599016871031
7442,1520599016881046
7443,1520599016891061
7444,1520599016901076
7445,1520599016911090
7446,1520599016921105
7447,1520599016931119
7448,1520599016941142
7449,1520599016951149
7450,1520599016961166
7451,1520599016971180
7452,1520599016981195
7453,1520599016991210
7454,1520599017001225
7455,1520599017011239
7456,1520599017021254
7457,1520599017031269
7458,1520599017041283
7459,1520599017051298
7460,1520599017061312
7461,1520599017071327
7462,1520599017081341
7463,1520599017091356
7464,1520599017101371
7465,1520599017111385
7466,1520599017121400
7467,1520599017131414
7468,1520599017141429
7469,1520599017151444
7470,1520599017161459
7471,1520599017171474
7472,1520599017181488
7473,1520599017191502
7474,1520599017201517
7475,1520599017211532
7476,1520599017221547
7477,1520599017231561
7478,1520599017241576
7479,1520599017251591
7480,1520599017261606
7481,1520599017271620
7482,1520599017281635
7483,1520599017291649
7484,1520599017301664
7485,1520599017311679
7486,1520599017321693
7487,1520599017331708
7488,1520599017341723
7489,1520599017351737
7490,1520599017361752
7491,1520599017371767
7492,1520599017381781
7493,1520599017391796
7494,1520599017401813
7495,1520599017411826
7496,1520599017421841
7497,1520599017431857
7498,1520599017441871
7499,1520599017451886
7500,1520599017461900
7501,1520599017471916
7502,1520599017481930
7503,1520599017491945
7504,1520599017501959
7505,1520599017511974
7506,1520599017521989
7507,1520599017532003
7508,1520599017542018
7509,1520599017552033
7510,1520599017562048
7511,1520599017572062
7512,1520599017582077
7513,1520599017592092
7514,1520599017602107
7515,1520599017612121
7516,1520599017622136
7517,1520599017632151
7518,1520599017642166
7519,1520599017652181
7520,1520599017662195
7521,1520599017672210
7522,1520599017682225
7523,1520599017692239
7524,1520599017702254
7525,1520599017712269
7526,1520599017722283
7527,1520599017732298
7528,1520599017742313
7529,1520599017752328
7530,1520599017762342
7531,1520599017772357
7532,1520599017782371
7533,1520599017792386
7534,1520599017802401
7535,1520599017812416
7536,1520599017822430
7537,1520599017832445
7538,1520599017842460
7539,1520599017852475
7540,1520599017862489
7541,1520599017872505
7542,1520599017882519
7543,1520599017892534
7544,1520599017902548
7545,1520599017912563
7546,1520599017922578
7547,1520599017932593
7548,1520599017942607
7549,1520599017952622
7550,1520599017962637
7551,1520599017972664
7552,1520599017982667
7553,1520599017992682
7554,1520599018002696
7555,1520599018012711
7556,1520599018022726
7557,1520599018032741
7558,1520599018042755
7559,1520599018052770
7560,1520599018062785
7561,1520599018072800
7562,1520599018082814
7563,1520599018092828
7564,1520599018102843
7565,1520599018112858
7566,1520599018122872
7567,1520599018132887
7568,1520599018142902
7569,1520599018152917
7570,1520599018162931
7571,1520599018172946
7572,1520599018182960
7573,1520599018192976
7574,1520599018202990
7575,1520599018213005
7576,1520599018223019
7577,1520599018233034
7578,1520599018243048
7579,1520599018253063
7580,1520599018263077
7581,1520599018273092
7582,1520599018283107
7583,1520599018293121
7584,1520599018303136
7585,1520599018313158
7586,1520599018323165
7587,1520599018333180
7588,1520599018343195
7589,1520599018353209
7590,1520599018363224
7591,1520599018373239
7592,1520599018383254
7593,1520599018393269
7594,1520599018403283
7595,1520599018413298
7596,1520599018423314
7597,1520599018433329
7598,1520599018443343
7599,1520599018453359
7600,1520599018463373
7601,1520599018473388
7602,1520599018483403
7603,1520599018493418
7604,1520599018503432
7605,1520599018513447
7606,1520599018523462
7607,1520599018533477
7608,1520599018543491
7609,1520599018553506
7610,1520599018563521
7611,1520599018573535
7612,1520599018583550
7613,1520599018593565
7614,1520599018603579
7615,1520599018613594
7616,1520599018623610
7617,1520599018633625
7618,1520599018643639
7619,1520599018653654
7620,1520599018663669
7621,1520599018673683
7622,1520599018683698
7623,1520599018693713
7624,1520599018703728
7625,1520599018713742
7626,1520599018723757
7627,1520599018733771
7628,1520599018743786
7629,1520599018753801
7630,1520599018763815
7631,1520599018773830
7632,1520599018783845
7633,1520599018793860
7634,1520599018803874
7635,1520599018813889
7636,1520599018823904
7637,1520599018833918
7638,1520599018843933
7639,1520599018853947
7640,1520599018863962
7641,1520599018873977
7642,1520599018883992
7643,1520599018894006
7644,1520599018904021
7645,1520599018914036
7646,1520599018924050
7647,1520599018934066
7648,1520599018944080
7649,1520599018954095
7650,1520599018964110
7651,1520599018974125
7652,1520599018984139
7653,1520599018994154
7654,1520599019004169
7655,1520599019014183
7656,1520599019024198
7657,1520599019034213
7658,1520599019044227
7659,1520599019054242
7660,1520599019064257
7661,1520599019074272
7662,1520599019084286
7663,1520599019094301
7664,1520599019104315
7665,1520599019114330
7666,1520599019124345
7667,1520599019134360
7668,1520599019144374
7669,1520599019154389
7670,1520599019164404
7671,1520599019174418
7672,1520599019184433
7673,1520599019194448
7674,1520599019204463
7675,1520599019214477
7676,1520599019224492
7677,1520599019234507
7678,1520599019244522
7679,1520599019254564
7680,1520599019264551
7681,1520599019274566
7682,1520599019284581
7683,1520599019294596
7684,1520599019304610
7685,1520599019314625
7686,1520599019324640
7687,1520599019334654
7688,1520599019344669
7689,1520599019354684
7690,1520599019364699
7691,1520599019374713
7692,1520599019384727
7693,1520599019394742
7694,1520599019404757
7695,1520599019414773
7696,1520599019424787
7697,1520599019434801
7698,1520599019444816
7699,1520599019454831
7700,1520599019464845
7701,1520599019474860
7702,1520599019484875
7703,1520599019494889
7704,1520599019504904
7705,1520599019514919
7706,1520599019524933
7707,1520599019534948
7708,1520599019544963
7709,1520599019554977
7710,1520599019564991
7711,1520599019575006
7712,1520599019585021
7713,1520599019595035
7714,1520599019605050
7715,1520599019615065
7716,1520599019625080
7717,1520599019635095
7718,1520599019645110
7719,1520599019655124
7720,1520599019665146
7721,1520599019675154
7722,1520599019685167
7723,1520599019695181
7724,1520599019705196
7725,1520599019715211
7726,1520599019725225
7727,1520599019735240
7728,1520599019745254
7729,1520599019755269
7730,1520599019765284
7731,1520599019775298
7732,1520599019785313
7733,1520599019795328
7734,1520599019805342
7735,1520599019815357
7736,1520599019825371
7737,1520599019835386
7738,1520599019845401
7739,1520599019855416
7740,1520599019865430
7741,1520599019875445
7742,1520599019885460
7743,1520599019895475
7744,1520599019905489
7745,1520599019915504
7746,1520599019925518
7747,1520599019935533
7748,1520599019945548
7749,1520599019955562
7750,1520599019965577
7751,1520599019975592
7752,1520599019985606
7753,1520599019995621
7754,1520599020005636
7755,1520599020015650
7756,1520599020025665
7757,1520599020035680
7758,1520599020045695
7759,1520599020055710
7760,1520599020065724
7761,1520599020075739
7762,1520599020085754
7763,1520599020095768
7764,1520599020105783
7765,1520599020115798
7766,1520599020125812
7767,1520599020135827
7768,1520599020145841
7769,1520599020155856
7770,1520599020165870
7771,1520599020175885
7772,1520599020185900
7773,1520599020195915
7774,1520599020205929
7775,1520599020215944
7776,1520599020225958
7777,1520599020235972
7778,1520599020245987
7779,1520599020256002
7780,1520599020266017
7781,1520599020276032
7782,1520599020286046
7783,1520599020296060
7784,1520599020306075
7785,1520599020316089
7786,1520599020326104
7787,1520599020336118
7788,1520599020346133
7789,1520599020356148
7790,1520599020366163
7791,1520599020376177
7792,1520599020386192
7793,1520599020396206
7794,1520599020406223
7795,1520599020416237
7796,1520599020426252
7797,1520599020436267
7798,1520599020446282
7799,1520599020456296
7800,1520599020466311
7801,1520599020476325
7802,1520599020486340
7803,1520599020496354
7804,1520599020506369
7805,1520599020516383
7806,1520599020526398
7807,1520599020536425
7808,1520599020546428
7809,1520599020556442
7810,1520599020566457
7811,1520599020576472
7812,1520599020586486
7813,1520599020596502
7814,1520599020606516
7815,1520599020616531
7816,1520599020626546
7817,1520599020636560
7818,1520599020646575
7819,1520599020656590
7820,1520599020666605
7821,1520599020676620
7822,1520599020686634
7823,1520599020696649
7824,1520599020706663
7825,1520599020716678
7826,1520599020726693
7827,1520599020736708
7828,1520599020746722
7829,1520599020756737
7830,1520599020766752
7831,1520599020776766
7832,1520599020786781
7833,1520599020796795
7834,1520599020806811
7835,1520599020816825
7836,1520599020826840
7837,1520599020836855
7838,1520599020846869
7839,1520599020856884
7840,1520599020866899
7841,1520599020876914
7842,1520599020886929
7843,1520599020896944
7844,1520599020906958
7845,1520599020916973
7846,1520599020926987
7847,1520599020937002
7848,1520599020947017
7849,1520599020957032
7850,1520599020967046
7851,1520599020977061
7852,1520599020987076
7853,1520599020997091
7854,1520599021007105
7855,1520599021017120
7856,1520599021027134
7857,1520599021037157
7858,1520599021047164
7859,1520599021057178
7860,1520599021067193
7861,1520599021077208
7862,1520599021087223
7863,1520599021097238
7864,1520599021107252
7865,1520599021117267
7866,1520599021127282
7867,1520599021137297
7868,1520599021147312
7869,1520599021157327
7870,1520599021167341
7871,1520599021177355
7872,1520599021187370
7873,1520599021197385
7874,1520599021207399
7875,1520599021217414
7876,1520599021227429
7877,1520599021237443
7878,1520599021247458
7879,1520599021257473
7880,1520599021267487
7881,1520599021277502
7882,1520599021287517
7883,1520599021297532
7884,1520599021307546
7885,1520599021317561
7886,1520599021327576
7887,1520599021337591
7888,1520599021347605
7889,1520599021357620
7890,1520599021367635
7891,1520599021377649
7892,1520599021387664
7893,1520599021397679
7894,1520599021407694
7895,1520599021417708
7896,1520599021427724
7897,1520599021437739
7898,1520599021447753
7899,1520599021457768
7900,1520599021467783
7901,1520599021477797
7902,1520599021487812
7903,1520599021497826
7904,1520599021507841
7905,1520599021517855
7906,1520599021527870
7907,1520599021537884
7908,1520599021547899
7909,1520599021557914
7910,1520599021567929
7911,1520599021577943
7912,1520599021587958
7913,1520599021597972
7914,1520599021607987
7915,1520599021618003
7916,1520599021628017
7917,1520599021638032
7918,1520599021648047
7919,1520599021658062
7920,1520599021668076
7921,1520599021678092
7922,1520599021688107
7923,1520599021698121
7924,1520599021708136
7925,1520599021718150
7926,1520599021728165
7927,1520599021738180
7928,1520599021748195
7929,1520599021758209
7930,1520599021768224
7931,1520599021778239
7932,1520599021788253
7933,1520599021798268
7934,1520599021808282
7935,1520599021818309
7936,1520599021828311
7937,1520599021838327
7938,1520599021848341
7939,1520599021858356
7940,1520599021868370
7941,1520599021878385
7942,1520599021888399
7943,1520599021898414
7944,1520599021908429
7945,1520599021918444
7946,1520599021928458
7947,1520599021938473
7948,1520599021948488
7949,1520599021958502
7950,1520599021968517
7951,1520599021978531
7952,1520599021988546
7953,1520599021998560
7954,1520599022008576
7955,1520599022018590
7956,1520599022028605
7957,1520599022038619
7958,1520599022048634
7959,1520599022058648
7960,1520599022068663
7961,1520599022078678
7962,1520599022088693
7963,1520599022098707
7964,1520599022108722
7965,1520599022118737
7966,1520599022128751
7967,1520599022138767
7968,1520599022148782
7969,1520599022158796
7970,1520599022168811
7971,1520599022178826
7972,1520599022188840
7973,1520599022198855
7974,1520599022208869
7975,1520599022218884
7976,1520599022228898
7977,1520599022238913
7978,1520599022248928
7979,1520599022258943
7980,1520599022268958
7981,1520599022278972
7982,1520599022288987
7983,1520599022299001
7984,1520599022309016
7985,1520599022319031
7986,1520599022329046
7987,1520599022339060
7988,1520599022349075
7989,1520599022359090
7990,1520599022369104
7991,1520599022379119
7992,1520599022389141
7993,1520599022399148
7994,1520599022409165
7995,1520599022419180
7996,1520599022429196
7997,1520599022439210
7998,1520599022449224
7999,1520599022459239
8000,1520599022469254
8001,1520599022479269
8002,1520599022489283
8003,1520599022499298
8004,1520599022509313
8005,1520599022519327
8006,1520599022529342
8007,1520599022539357
8008,1520599022549372
8009,1520599022559387
8010,1520599022569401
8011,1520599022579415
8012,1520599022589430
8013,1520599022599445
8014,1520599022609460
8015,1520599022619475
8016,1520599022629489
8017,1520599022639505
8018,1520599022649519
8019,1520599022659534
8020,1520599022669548
8021,1520599022679563
8022,1520599022689577
8023,1520599022699592
8024,1520599022709607
8025,1520599022719622
8026,1520599022729636
8027,1520599022739650
8028,1520599022749665
8029,1520599022759679
8030,1520599022769694
8031,1520599022779709
8032,1520599022789724
8033,1520599022799739
8034,1520599022809753
8035,1520599022819768
8036,1520599022829783
8037,1520599022839798
8038,1520599022849812
8039,1520599022859827
8040,1520599022869841
8041,1520599022879856
8042,1520599022889870
8043,1520599022899885
8044,1520599022909900
8045,1520599022919915
8046,1520599022929929
8047,1520599022939944
8048,1520599022949959
8049,1520599022959973
8050,1520599022969988
8051,1520599022980003
8052,1520599022990017
8053,1520599023000032
8054,1520599023010047
8055,1520599023020062
8056,1520599023030077
8057,1520599023040092
8058,1520599023050106
8059,1520599023060121
8060,1520599023070136
8061,1520599023080151
8062,1520599023090165
8063,1520599023100193
8064,1520599023110196
8065,1520599023120210
8066,1520599023130225
8067,1520599023140240
8068,1520599023150254
8069,1520599023160268
8070,1520599023170283
8071,1520599023180298
8072,1520599023190313
8073,1520599023200327
8074,1520599023210342
8075,1520599023220357
8076,1520599023230372
8077,1520599023240386
8078,1520599023250401
8079,1520599023260416
8080,1520599023270431
8081,1520599023280446
8082,1520599023290461
8083,1520599023300475
8084,1520599023310490
8085,1520599023320505
8086,1520599023330520
8087,1520599023340535
8088,1520599023350550
8089,1520599023360564
8090,1520599023370579
8091,1520599023380594
8092,1520599023390608
8093,1520599023400624
8094,1520599023410638
8095,1520599023420654
8096,1520599023430668
8097,1520599023440683
8098,1520599023450697
8099,1520599023460712
8100,1520599023470726
8101,1520599023480741
8102,1520599023490756
8103,1520599023500770
8104,1520599023510785
8105,1520599023520800
8106,1520599023530814
8107,1520599023540829
8108,1520599023550844
8109,1520599023560859
8110,1520599023570873
8111,1520599023580888
8112,1520599023590903
8113,1520599023600918
8114,1520599023610932
8115,1520599023620948
8116,1520599023630963
8117,1520599023640977
8118,1520599023650992
8119,1520599023661007
8120,1520599023671022
8121,1520599023681036
8122,1520599023691051
8123,1520599023701065
8124,1520599023711080
8125,1520599023721094
8126,1520599023731109
8127,1520599023741124
8128,1520599023751139
8129,1520599023761161
8130,1520599023771175
8131,1520599023781190
8132,1520599023791204
8133,1520599023801218
8134,1520599023811233
8135,1520599023821248
8136,1520599023831262
8137,1520599023841277
8138,1520599023851292
8139,1520599023861306
8140,1520599023871321
8141,1520599023881336
8142,1520599023891351
8143,1520599023901365
8144,1520599023911380
8145,1520599023921395
8146,1520599023931409
8147,1520599023941423
8148,1520599023951437
8149,1520599023961452
8150,1520599023971467
8151,1520599023981482
8152,1520599023991496
8153,1520599024001511
8154,1520599024011525
8155,1520599024021540
8156,1520599024031555
8157,1520599024041570
8158,1520599024051584
8159,1520599024061599
8160,1520599024071614
8161,1520599024081628
8162,1520599024091643
8163,1520599024101657
8164,1520599024111672
8165,1520599024121686
8166,1520599024131701
8167,1520599024141716
8168,1520599024151731
8169,1520599024161745
8170,1520599024171760
8171,1520599024181774
8172,1520599024191789
8173,1520599024201803
8174,1520599024211818
8175,1520599024221833
8176,1520599024231848
8177,1520599024241862
8178,1520599024251877
8179,1520599024261892
8180,1520599024271906
8181,1520599024281921
8182,1520599024291936
8183,1520599024301951
8184,1520599024311965
8185,1520599024321980
8186,1520599024331995
8187,1520599024342009
8188,1520599024352024
8189,1520599024362039
8190,1520599024372053
8191,1520599024382080
8192,1520599024392195
8193,1520599024402102
8194,1520599024412118
8195,1520599024422131
8196,1520599024432145
8197,1520599024442161
8198,1520599024452174
8199,1520599024462189
8200,1520599024472203
8201,1520599024482218
8202,1520599024492233
8203,1520599024502247
8204,1520599024512262
8205,1520599024522276
8206,1520599024532291
8207,1520599024542306
8208,1520599024552321
8209,1520599024562336
8210,1520599024572350
8211,1520599024582364
8212,1520599024592379
8213,1520599024602394
8214,1520599024612409
8215,1520599024622424
8216,1520599024632439
8217,1520599024642453
8218,1520599024652468
8219,1520599024662482
8220,1520599024672497
8221,1520599024682512
8222,1520599024692526
8223,1520599024702541
8224,1520599024712556
8225,1520599024722570
8226,1520599024732585
8227,1520599024742599
8228,1520599024752614
8229,1520599024762628
8230,1520599024772643
8231,1520599024782658
8232,1520599024792673
8233,1520599024802688
8234,1520599024812702
8235,1520599024822717
8236,1520599024832732
8237,1520599024842746
8238,1520599024852761
8239,1520599024862776
8240,1520599024872791
8241,1520599024882805
8242,1520599024892820
8243,1520599024902834
8244,1520599024912849
8245,1520599024922863
8246,1520599024932879
8247,1520599024942893
8248,1520599024952908
8249,1520599024962923
8250,1520599024972937
8251,1520599024982952
8252,1520599024992966
8253,1520599025002981
8254,1520599025012996
8255,1520599025023010
8256,1520599025033025
8257,1520599025043039
8258,1520599025053054
8259,1520599025063069
8260,1520599025073084
8261,1520599025083098
8262,1520599025093113
8263,1520599025103128
8264,1520599025113148
8265,1520599025123157
8266,1520599025133171
8267,1520599025143186
8268,1520599025153201
8269,1520599025163216
8270,1520599025173231
8271,1520599025183246
8272,1520599025193260
8273,1520599025203275
8274,1520599025213290
8275,1520599025223304
8276,1520599025233319
8277,1520599025243334
8278,1520599025253349
8279,1520599025263364
8280,1520599025273378
8281,1520599025283393
8282,1520599025293407
8283,1520599025303422
8284,1520599025313437
8285,1520599025323451
8286,1520599025333466
8287,1520599025343481
8288,1520599025353495
8289,1520599025363510
8290,1520599025373525
8291,1520599025383539
8292,1520599025393554
8293,1520599025403570
8294,1520599025413584
8295,1520599025423599
8296,1520599025433614
8297,1520599025443629
8298,1520599025453643
8299,1520599025463658
8300,1520599025473673
8301,1520599025483687
8302,1520599025493702
8303,1520599025503717
8304,1520599025513731
8305,1520599025523746
8306,1520599025533761
8307,1520599025543775
8308,1520599025553790
8309,1520599025563804
8310,1520599025573819
8311,1520599025583834
8312,1520599025593848
8313,1520599025603863
8314,1520599025613878
8315,1520599025623893
8316,1520599025633908
8317,1520599025643923
8318,1520599025653938
8319,1520599025663967
8320,1520599025673967
8321,1520599025683982
8322,1520599025693996
8323,1520599025704011
8324,1520599025714026
8325,1520599025724040
8326,1520599025734055
8327,1520599025744070
8328,1520599025754085
8329,1520599025764099
8330,1520599025774114
8331,1520599025784129
8332,1520599025794143
8333,1520599025804158
8334,1520599025814172
8335,1520599025824187
8336,1520599025834201
8337,1520599025844216
8338,1520599025854231
8339,1520599025864245
8340,1520599025874260
8341,1520599025884275
8342,1520599025894290
8343,1520599025904304
8344,1520599025914319
8345,1520599025924334
8346,1520599025934348
8347,1520599025944363
8348,1520599025954377
8349,1520599025964392
8350,1520599025974407
8351,1520599025984421
8352,1520599025994436
8353,1520599026004450
8354,1520599026014465
8355,1520599026024480
8356,1520599026034494
8357,1520599026044509
8358,1520599026054524
8359,1520599026064538
8360,1520599026074553
8361,1520599026084568
8362,1520599026094583
8363,1520599026104597
8364,1520599026114611
8365,1520599026124626
8366,1520599026134640
8367,1520599026144655
8368,1520599026154669
8369,1520599026164684
8370,1520599026174699
8371,1520599026184713
8372,1520599026194728
8373,1520599026204743
8374,1520599026214757
8375,1520599026224772
8376,1520599026234786
8377,1520599026244801
8378,1520599026254816
8379,1520599026264830
8380,1520599026274845
8381,1520599026284860
8382,1520599026294874
8383,1520599026304889
8384,1520599026314904
8385,1520599026324918
8386,1520599026334933
8387,1520599026344948
8388,1520599026354962
8389,1520599026364977
8390,1520599026374991
8391,1520599026385006
8392,1520599026395021
8393,1520599026405035
8394,1520599026415050
8395,1520599026425065
8396,1520599026435080
8397,1520599026445094
8398,1520599026455111
8399,1520599026465124
8400,1520599026475138
8401,1520599026485160
8402,1520599026495175
8403,1520599026505190
8404,1520599026515204
8405,1520599026525218
8406,1520599026535233
8407,1520599026545247
8408,1520599026555262
8409,1520599026565277
8410,1520599026575291
8411,1520599026585306
8412,1520599026595321
8413,1520599026605335
8414,1520599026615350
8415,1520599026625366
8416,1520599026635380
8417,1520599026645394
8418,1520599026655409
8419,1520599026665423
8420,1520599026675438
8421,1520599026685454
8422,1520599026695468
8423,1520599026705483
8424,1520599026715497
8425,1520599026725512
8426,1520599026735526
8427,1520599026745542
8428,1520599026755556
8429,1520599026765570
8430,1520599026775585
8431,1520599026785600
8432,1520599026795614
8433,1520599026805629
8434,1520599026815644
8435,1520599026825659
8436,1520599026835674
8437,1520599026845688
8438,1520599026855703
8439,1520599026865718
8440,1520599026875732
8441,1520599026885747
8442,1520599026895761
8443,1520599026905776
8444,1520599026915791
8445,1520599026925805
8446,1520599026935820
8447,1520599026945847
8448,1520599026955850
8449,1520599026965864
8450,1520599026975879
8451,1520599026985894
8452,1520599026995908
8453,1520599027005922
8454,1520599027015937
8455,1520599027025952
8456,1520599027035966
8457,1520599027045981
8458,1520599027055995
8459,1520599027066010
8460,1520599027076025
8461,1520599027086039
8462,1520599027096054
8463,1520599027106068
8464,1520599027116083
8465,1520599027126098
8466,1520599027136112
8467,1520599027146127
8468,1520599027156142
8469,1520599027166156
8470,1520599027176171
8471,1520599027186185
8472,1520599027196200
8473,1520599027206215
8474,1520599027216229
8475,1520599027226244
8476,1520599027236259
8477,1520599027246273
8478,1520599027256288
8479,1520599027266303
8480,1520599027276318
8481,1520599027286332
8482,1520599027296347
8483,1520599027306362
8484,1520599027316376
8485,1520599027326391
8486,1520599027336406
8487,1520599027346420
8488,1520599027356435
8489,1520599027366449
8490,1520599027376464
8491,1520599027386479
8492,1520599027396494
8493,1520599027406508
8494,1520599027416524
8495,1520599027426538
8496,1520599027436553
8497,1520599027446567
8498,1520599027456582
8499,1520599027466597
8500,1520599027476612
8501,1520599027486626
8502,1520599027496641
8503,1520599027506655
8504,1520599027516670
8505,1520599027526685
8506,1520599027536699
8507,1520599027546714
8508,1520599027556729
8509,1520599027566743
8510,1520599027576758
8511,1520599027586772
8512,1520599027596787
8513,1520599027606802
8514,1520599027616817
8515,1520599027626831
8516,1520599027636846
8517,1520599027646860
8518,1520599027656875
8519,1520599027666889
8520,1520599027676904
8521,1520599027686919
8522,1520599027696933
8523,1520599027706948
8524,1520599027716962
8525,1520599027726977
8526,1520599027736991
8527,1520599027747006
8528,1520599027757021
8529,1520599027767035
8530,1520599027777050
8531,1520599027787065
8532,1520599027797079
8533,1520599027807094
8534,1520599027817109
8535,1520599027827123
8536,1520599027837144
8537,1520599027847152
8538,1520599027857167
8539,1520599027867181
8540,1520599027877195
8541,1520599027887210
8542,1520599027897225
8543,1520599027907239
8544,1520599027917253
8545,1520599027927269
8546,1520599027937283
8547,1520599027947297
8548,1520599027957312
8549,1520599027967326
8550,1520599027977341
8551,1520599027987356
8552,1520599027997371
8553,1520599028007385
8554,1520599028017399
8555,1520599028027414
8556,1520599028037429
8557,1520599028047444
8558,1520599028057458
8559,1520599028067473
8560,1520599028077488
8561,1520599028087503
8562,1520599028097517
8563,1520599028107532
8564,1520599028117546
8565,1520599028127561
8566,1520599028137575
8567,1520599028147590
8568,1520599028157604
8569,1520599028167619
8570,1520599028177633
8571,1520599028187648
8572,1520599028197663
8573,1520599028207678
8574,1520599028217692
8575,1520599028227719
8576,1520599028237722
8577,1520599028247736
8578,1520599028257751
8579,1520599028267765
8580,1520599028277780
8581,1520599028287795
8582,1520599028297810
8583,1520599028307824
8584,1520599028317839
8585,1520599028327854
8586,1520599028337868
8587,1520599028347883
8588,1520599028357898
8589,1520599028367912
8590,1520599028377927
8591,1520599028387941
8592,1520599028397956
8593,1520599028407973
8594,1520599028417987
8595,1520599028428002
8596,1520599028438016
8597,1520599028448031
8598,1520599028458045
8599,1520599028468059
8600,1520599028478074
8601,1520599028488088
8602,1520599028498103
8603,1520599028508118
8604,1520599028518132
8605,1520599028528146
8606,1520599028538161
8607,1520599028548176
8608,1520599028558190
8609,1520599028568205
8610,1520599028578219
8611,1520599028588234
8612,1520599028598249
8613,1520599028608263
8614,1520599028618279
8615,1520599028628294
8616,1520599028638309
8617,1520599028648323
8618,1520599028658338
8619,1520599028668353
8620,1520599028678367
8621,1520599028688382
8622,1520599028698397
8623,1520599028708411
8624,1520599028718426
8625,1520599028728440
8626,1520599028738455
8627,1520599028748470
8628,1520599028758484
8629,1520599028768499
8630,1520599028778514
8631,1520599028788529
8632,1520599028798544
8633,1520599028808558
8634,1520599028818573
8635,1520599028828587
8636,1520599028838602
8637,1520599028848617
8638,1520599028858632
8639,1520599028868647
8640,1520599028878661
8641,1520599028888676
8642,1520599028898691
8643,1520599028908706
8644,1520599028918720
8645,1520599028928736
8646,1520599028938750
8647,1520599028948765
8648,1520599028958780
8649,1520599028968795
8650,1520599028978809
8651,1520599028988824
8652,1520599028998839
8653,1520599029008854
8654,1520599029018869
8655,1520599029028884
8656,1520599029038898
8657,1520599029048913
8658,1520599029058928
8659,1520599029068943
8660,1520599029078957
8661,1520599029088972
8662,1520599029098987
8663,1520599029109002
8664,1520599029119017
8665,1520599029129032
8666,1520599029139046
8667,1520599029149061
8668,1520599029159076
8669,1520599029169091
8670,1520599029179106
8671,1520599029189121
8672,1520599029199135
8673,1520599029209157
8674,1520599029219165
8675,1520599029229180
8676,1520599029239195
8677,1520599029249209
8678,1520599029259224
8679,1520599029269239
8680,1520599029279254
8681,1520599029289268
8682,1520599029299283
8683,1520599029309298
8684,1520599029319313
8685,1520599029329327
8686,1520599029339342
8687,1520599029349357
8688,1520599029359372
8689,1520599029369387
8690,1520599029379402
8691,1520599029389417
8692,1520599029399431
8693,1520599029409446
8694,1520599029419461
8695,1520599029429477
8696,1520599029439491
8697,1520599029449506
8698,1520599029459521
8699,1520599029469536
8700,1520599029479551
8701,1520599029489566
8702,1520599029499580
8703,1520599029509608
8704,1520599029519610
8705,1520599029529625
8706,1520599029539640
8707,1520599029549655
8708,1520599029559670
8709,1520599029569685
8710,1520599029579699
8711,1520599029589714
8712,1520599029599729
8713,1520599029609743
8714,1520599029619759
8715,1520599029629774
8716,1520599029639789
8717,1520599029649804
8718,1520599029659818
8719,1520599029669833
8720,1520599029679848
8721,1520599029689862
8722,1520599029699878
8723,1520599029709892
8724,1520599029719907
8725,1520599029729922
8726,1520599029739937
8727,1520599029749952
8728,1520599029759966
8729,1520599029769981
8730,1520599029779996
8731,1520599029790010
8732,1520599029800025
8733,1520599029810040
8734,1520599029820055
8735,1520599029830070
8736,1520599029840085
8737,1520599029850099
8738,1520599029860114
8739,1520599029870129
8740,1520599029880143
8741,1520599029890158
8742,1520599029900172
8743,1520599029910187
8744,1520599029920202
8745,1520599029930216
8746,1520599029940231
8747,1520599029950245
8748,1520599029960260
8749,1520599029970275
8750,1520599029980289
8751,1520599029990304
8752,1520599030000319
8753,1520599030010334
8754,1520599030020348
8755,1520599030030363
8756,1520599030040378
8757,1520599030050392
8758,1520599030060407
8759,1520599030070422
8760,1520599030080437
8761,1520599030090451
8762,1520599030100466
8763,1520599030110481
8764,1520599030120496
8765,1520599030130510
8766,1520599030140525
8767,1520599030150540
8768,1520599030160554
8769,1520599030170569
8770,1520599030180584
8771,1520599030190598
8772,1520599030200613
8773,1520599030210627
8774,1520599030220642
8775,1520599030230657
8776,1520599030240672
8777,1520599030250687
8778,1520599030260701
8779,1520599030270716
8780,1520599030280731
8781,1520599030290746
8782,1520599030300761
8783,1520599030310775
8784,1520599030320790
8785,1520599030330805
8786,1520599030340820
8787,1520599030350835
8788,1520599030360849
8789,1520599030370864
8790,1520599030380879
8791,1520599030390894
8792,1520599030400909
8793,1520599030410923
8794,1520599030420938
8795,1520599030430953
8796,1520599030440968
8797,1520599030450983
8798,1520599030460999
8799,1520599030471013
8800,1520599030481028
8801,1520599030491043
8802,1520599030501058
8803,1520599030511073
8804,1520599030521088
8805,1520599030531102
8806,1520599030541117
8807,1520599030551131
8808,1520599030561150
8809,1520599030571160
8810,1520599030581175
8811,1520599030591190
8812,1520599030601205
8813,1520599030611220
8814,1520599030621236
8815,1520599030631250
8816,1520599030641265
8817,1520599030651280
8818,1520599030661294
8819,1520599030671309
8820,1520599030681324
8821,1520599030691339
8822,1520599030701353
8823,1520599030711368
8824,1520599030721383
8825,1520599030731398
8826,1520599030741413
8827,1520599030751428
8828,1520599030761443
8829,1520599030771457
8830,1520599030781472
8831,1520599030791500
8832,1520599030801502
8833,1520599030811517
8834,1520599030821532
8835,1520599030831546
8836,1520599030841561
8837,1520599030851576
8838,1520599030861591
8839,1520599030871606
8840,1520599030881620
8841,1520599030891635
8842,1520599030901650
8843,1520599030911665
8844,1520599030921679
8845,1520599030931694
8846,1520599030941709
8847,1520599030951723
8848,1520599030961738
8849,1520599030971753
8850,1520599030981767
8851,1520599030991782
8852,1520599031001797
8853,1520599031011812
8854,1520599031021826
8855,1520599031031841
8856,1520599031041855
8857,1520599031051870
8858,1520599031061885
8859,1520599031071900
8860,1520599031081914
8861,1520599031091929
8862,1520599031101944
8863,1520599031111958
8864,1520599031121973
8865,1520599031131988
8866,1520599031142003
8867,1520599031152018
8868,1520599031162032
8869,1520599031172047
8870,1520599031182062
8871,1520599031192076
8872,1520599031202090
8873,1520599031212106
8874,1520599031222121
8875,1520599031232135
8876,1520599031242150
8877,1520599031252165
8878,1520599031262180
8879,1520599031272194
8880,1520599031282209
8881,1520599031292225
8882,1520599031302240
8883,1520599031312254
8884,1520599031322269
8885,1520599031332283
8886,1520599031342298
8887,1520599031352312
8888,1520599031362328
8889,1520599031372342
8890,1520599031382357
8891,1520599031392371
8892,1520599031402387
8893,1520599031412401
8894,1520599031422417
8895,1520599031432431
8896,1520599031442446
8897,1520599031452461
8898,1520599031462475
8899,1520599031472489
8900,1520599031482504
8901,1520599031492519
8902,1520599031502534
8903,1520599031512548
8904,1520599031522562
8905,1520599031532577
8906,1520599031542592
8907,1520599031552606
8908,1520599031562621
8909,1520599031572636
8910,1520599031582650
8911,1520599031592665
8912,1520599031602680
8913,1520599031612694
8914,1520599031622709
8915,1520599031632724
8916,1520599031642739
8917,1520599031652753
8918,1520599031662768
8919,1520599031672783
8920,1520599031682797
8921,1520599031692812
8922,1520599031702827
8923,1520599031712842
8924,1520599031722856
8925,1520599031732871
8926,1520599031742886
8927,1520599031752901
8928,1520599031762915
8929,1520599031772930
8930,1520599031782945
8931,1520599031792959
8932,1520599031802974
8933,1520599031812989
8934,1520599031823003
8935,1520599031833018
8936,1520599031843033
8937,1520599031853047
8938,1520599031863062
8939,1520599031873077
8940,1520599031883091
8941,1520599031893106
8942,1520599031903120
8943,1520599031913143
8944,1520599031923150
8945,1520599031933166
8946,1520599031943181
8947,1520599031953196
8948,1520599031963211
8949,1520599031973226
8950,1520599031983240
8951,1520599031993255
8952,1520599032003270
8953,1520599032013284
8954,1520599032023299
8955,1520599032033314
8956,1520599032043328
8957,1520599032053343
8958,1520599032063358
8959,1520599032073385
8960,1520599032083388
8961,1520599032093403
8962,1520599032103417
8963,1520599032113431
8964,1520599032123447
8965,1520599032133461
8966,1520599032143476
8967,1520599032153490
8968,1520599032163505
8969,1520599032173519
8970,1520599032183535
8971,1520599032193549
8972,1520599032203564
8973,1520599032213578
8974,1520599032223593
8975,1520599032233608
8976,1520599032243622
8977,1520599032253637
8978,1520599032263651
8979,1520599032273666
8980,1520599032283681
8981,1520599032293696
8982,1520599032303710
8983,1520599032313725
8984,1520599032323739
8985,1520599032333754
8986,1520599032343769
8987,1520599032353783
8988,1520599032363797
8989,1520599032373812
8990,1520599032383826
8991,1520599032393841
8992,1520599032403856
8993,1520599032413873
8994,1520599032423886
8995,1520599032433900
8996,1520599032443915
8997,1520599032453929
8998,1520599032463944
8999,1520599032473959
9000,1520599032483973
9001,1520599032493988
9002,1520599032504003
9003,1520599032514016
9004,1520599032524031
9005,1520599032534046
9006,1520599032544060
9007,1520599032554075
9008,1520599032564090
9009,1520599032574105
9010,1520599032584119
9011,1520599032594134
9012,1520599032604148
9013,1520599032614163
9014,1520599032624179
9015,1520599032634193
9016,1520599032644208
9017,1520599032654223
9018,1520599032664237
9019,1520599032674251
9020,1520599032684266
9021,1520599032694281
9022,1520599032704296
9023,1520599032714311
9024,1520599032724325
9025,1520599032734340
9026,1520599032744355
9027,1520599032754370
9028,1520599032764384
9029,1520599032774399
9030,1520599032784414
9031,1520599032794429
9032,1520599032804443
9033,1520599032814458
9034,1520599032824473
9035,1520599032834487
9036,1520599032844502
9037,1520599032854517
9038,1520599032864531
9039,1520599032874546
9040,1520599032884560
9041,1520599032894575
9042,1520599032904590
9043,1520599032914605
9044,1520599032924619
9045,1520599032934634
9046,1520599032944649
9047,1520599032954663
9048,1520599032964678
9049,1520599032974693
9050,1520599032984707
9051,1520599032994722
9052,1520599033004737
9053,1520599033014751
9054,1520599033024767
9055,1520599033034781
9056,1520599033044795
9057,1520599033054810
9058,1520599033064824
9059,1520599033074839
9060,1520599033084854
9061,1520599033094869
9062,1520599033104883
9063,1520599033114897
9064,1520599033124912
9065,1520599033134927
9066,1520599033144942
9067,1520599033154956
9068,1520599033164971
9069,1520599033174985
9070,1520599033185000
9071,1520599033195015
9072,1520599033205030
9073,1520599033215044
9074,1520599033225059
9075,1520599033235073
9076,1520599033245088
9077,1520599033255102
9078,1520599033265117
9079,1520599033275132
9080,1520599033285149
9081,1520599033295161
9082,1520599033305176
9083,1520599033315191
9084,1520599033325205
9085,1520599033335220
9086,1520599033345234
9087,1520599033355262
9088,1520599033365265
9089,1520599033375279
9090,1520599033385294
9091,1520599033395308
9092,1520599033405323
9093,1520599033415338
9094,1520599033425353
9095,1520599033435368
9096,1520599033445382
9097,1520599033455397
9098,1520599033465412
9099,1520599033475427
9100,1520599033485442
9101,1520599033495456
9102,1520599033505471
9103,1520599033515485
9104,1520599033525501
9105,1520599033535515
9106,1520599033545530
9107,1520599033555545
9108,1520599033565559
9109,1520599033575574
9110,1520599033585588
9111,1520599033595604
9112,1520599033605618
9113,1520599033615633
9114,1520599033625648
9115,1520599033635664
9116,1520599033645679
9117,1520599033655693
9118,1520599033665708
9119,1520599033675722
9120,1520599033685737
9121,1520599033695752
9122,1520599033705766
9123,1520599033715781
9124,1520599033725796
9125,1520599033735810
9126,1520599033745825
9127,1520599033755840
9128,1520599033765854
9129,1520599033775869
9130,1520599033785884
9131,1520599033795898
9132,1520599033805913
9133,1520599033815928
9134,1520599033825943
9135,1520599033835957
9136,1520599033845972
9137,1520599033855987
9138,1520599033866001
9139,1520599033876016
9140,1520599033886031
9141,1520599033896045
9142,1520599033906060
9143,1520599033916075
9144,1520599033926090
9145,1520599033936105
9146,1520599033946119
9147,1520599033956134
9148,1520599033966148
9149,1520599033976163
9150,1520599033986178
9151,1520599033996193
9152,1520599034006207
9153,1520599034016222
9154,1520599034026237
9155,1520599034036251
9156,1520599034046266
9157,1520599034056281
9158,1520599034066296
9159,1520599034076310
9160,1520599034086325
9161,1520599034096340
9162,1520599034106355
9163,1520599034116369
9164,1520599034126384
9165,1520599034136399
9166,1520599034146413
9167,1520599034156428
9168,1520599034166443
9169,1520599034176458
9170,1520599034186472
9171,1520599034196487
9172,1520599034206502
9173,1520599034216517
9174,1520599034226531
9175,1520599034236546
9176,1520599034246561
9177,1520599034256576
9178,1520599034266590
9179,1520599034276605
9180,1520599034286620
9181,1520599034296635
9182,1520599034306649
9183,1520599034316664
9184,1520599034326679
9185,1520599034336695
9186,1520599034346709
9187,1520599034356724
9188,1520599034366739
9189,1520599034376754
9190,1520599034386769
9191,1520599034396783
9192,1520599034406798
9193,1520599034416813
9194,1520599034426829
9195,1520599034436843
9196,1520599034446858
9197,1520599034456872
9198,1520599034466887
9199,1520599034476902
9200,1520599034486916
9201,1520599034496931
9202,1520599034506946
9203,1520599034516960
9204,1520599034526975
9205,1520599034536990
9206,1520599034547003
9207,1520599034557019
9208,1520599034567034
9209,1520599034577048
9210,1520599034587063
9211,1520599034597077
9212,1520599034607092
9213,1520599034617107
9214,1520599034627122
9215,1520599034637157
9216,1520599034647152
9217,1520599034657167
9218,1520599034667181
9219,1520599034677196
9220,1520599034687211
9221,1520599034697225
9222,1520599034707240
9223,1520599034717254
9224,1520599034727269
9225,1520599034737283
9226,1520599034747298
9227,1520599034757313
9228,1520599034767327
9229,1520599034777342
9230,1520599034787357
9231,1520599034797371
9232,1520599034807386
9233,1520599034817401
9234,1520599034827415
9235,1520599034837430
9236,1520599034847445
9237,1520599034857460
9238,1520599034867474
9239,1520599034877489
9240,1520599034887504
9241,1520599034897518
9242,1520599034907533
9243,1520599034917548
9244,1520599034927562
9245,1520599034937577
9246,1520599034947592
9247,1520599034957607
9248,1520599034967621
9249,1520599034977636
9250,1520599034987650
9251,1520599034997665
9252,1520599035007679
9253,1520599035017694
9254,1520599035027708
9255,1520599035037723
9256,1520599035047738
9257,1520599035057753
9258,1520599035067767
9259,1520599035077782
9260,1520599035087797
9261,1520599035097811
9262,1520599035107826
9263,1520599035117841
9264,1520599035127856
9265,1520599035137871
9266,1520599035147886
9267,1520599035157900
9268,1520599035167915
9269,1520599035177930
9270,1520599035187944
9271,1520599035197960
9272,1520599035207974
9273,1520599035217989
9274,1520599035228004
9275,1520599035238019
9276,1520599035248034
9277,1520599035258049
9278,1520599035268063
9279,1520599035278078
9280,1520599035288093
9281,1520599035298108
9282,1520599035308123
9283,1520599035318138
9284,1520599035328152
9285,1520599035338167
9286,1520599035348182
9287,1520599035358197
9288,1520599035368211
9289,1520599035378226
9290,1520599035388241
9291,1520599035398255
9292,1520599035408270
9293,1520599035418285
9294,1520599035428299
9295,1520599035438314
9296,1520599035448330
9297,1520599035458344
9298,1520599035468359
9299,1520599035478373
9300,1520599035488388
9301,1520599035498403
9302,1520599035508418
9303,1520599035518433
9304,1520599035528447
9305,1520599035538461
9306,1520599035548476
9307,1520599035558491
9308,1520599035568506
9309,1520599035578521
9310,1520599035588535
9311,1520599035598550
9312,1520599035608565
9313,1520599035618580
9314,1520599035628595
9315,1520599035638610
9316,1520599035648625
9317,1520599035658639
9318,1520599035668655
9319,1520599035678669
9320,1520599035688684
9321,1520599035698698
9322,1520599035708713
9323,1520599035718728
9324,1520599035728742
9325,1520599035738756
9326,1520599035748772
9327,1520599035758786
9328,1520599035768801
9329,1520599035778815
9330,1520599035788830
9331,1520599035798845
9332,1520599035808860
9333,1520599035818875
9334,1520599035828889
9335,1520599035838904
9336,1520599035848918
9337,1520599035858933
9338,1520599035868948
9339,1520599035878963
9340,1520599035888977
9341,1520599035898992
9342,1520599035909006
9343,1520599035919033
9344,1520599035929036
9345,1520599035939051
9346,1520599035949065
9347,1520599035959080
9348,1520599035969095
9349,1520599035979109
9350,1520599035989124
9351,1520599035999138
9352,1520599036009160
9353,1520599036019175
9354,1520599036029189
9355,1520599036039204
9356,1520599036049219
9357,1520599036059234
9358,1520599036069248
9359,1520599036079264
9360,1520599036089278
9361,1520599036099293
9362,1520599036109307
9363,1520599036119322
9364,1520599036129337
9365,1520599036139352
9366,1520599036149366
9367,1520599036159380
9368,1520599036169396
9369,1520599036179410
9370,1520599036189425
9371,1520599036199440
9372,1520599036209454
9373,1520599036219469
9374,1520599036229484
9375,1520599036239499
9376,1520599036249514
9377,1520599036259529
9378,1520599036269543
9379,1520599036279558
9380,1520599036289573
9381,1520599036299588
9382,1520599036309603
9383,1520599036319618
9384,1520599036329632
9385,1520599036339647
9386,1520599036349662
9387,1520599036359677
9388,1520599036369691
9389,1520599036379706
9390,1520599036389721
9391,1520599036399736
9392,1520599036409752
9393,1520599036419766
9394,1520599036429781
9395,1520599036439797
9396,1520599036449811
9397,1520599036459826
9398,1520599036469841
9399,1520599036479855
9400,1520599036489870
9401,1520599036499884
9402,1520599036509899
9403,1520599036519914
9404,1520599036529929
9405,1520599036539944
9406,1520599036549959
9407,1520599036559973
9408,1520599036569988
9409,1520599036580003
9410,1520599036590018
9411,1520599036600033
9412,1520599036610048
9413,1520599036620062
9414,1520599036630078
9415,1520599036640093
9416,1520599036650107
9417,1520599036660121
9418,1520599036670136
9419,1520599036680151
9420,1520599036690166
9421,1520599036700181
9422,1520599036710195
9423,1520599036720210
9424,1520599036730225
9425,1520599036740240
9426,1520599036750254
9427,1520599036760270
9428,1520599036770284
9429,1520599036780299
9430,1520599036790313
9431,1520599036800328
9432,1520599036810342
9433,1520599036820356
9434,1520599036830372
9435,1520599036840386
9436,1520599036850401
9437,1520599036860416
9438,1520599036870430
9439,1520599036880444
9440,1520599036890459
9441,1520599036900474
9442,1520599036910488
9443,1520599036920503
9444,1520599036930517
9445,1520599036940533
9446,1520599036950547
9447,1520599036960561
9448,1520599036970576
9449,1520599036980591
9450,1520599036990605
9451,1520599037000620
9452,1520599037010635
9453,1520599037020649
9454,1520599037030664
9455,1520599037040678
9456,1520599037050693
9457,1520599037060707
9458,1520599037070722
9459,1520599037080737
9460,1520599037090751
9461,1520599037100766
9462,1520599037110781
9463,1520599037120795
9464,1520599037130810
9465,1520599037140825
9466,1520599037150840
9467,1520599037160854
9468,1520599037170869
9469,1520599037180883
9470,1520599037190898
9471,1520599037200925
9472,1520599037210928
9473,1520599037220943
9474,1520599037230957
9475,1520599037240972
9476,1520599037250987
9477,1520599037261001
9478,1520599037271016
9479,1520599037281031
9480,1520599037291046
9481,1520599037301061
9482,1520599037311075
9483,1520599037321090
9484,1520599037331105
9485,1520599037341120
9486,1520599037351135
9487,1520599037361157
9488,1520599037371164
9489,1520599037381179
9490,1520599037391194
9491,1520599037401209
9492,1520599037411223
9493,1520599037421238
9494,1520599037431255
9495,1520599037441269
9496,1520599037451283
9497,1520599037461298
9498,1520599037471313
9499,1520599037481327
9500,1520599037491342
9501,1520599037501356
9502,1520599037511372
9503,1520599037521386
9504,1520599037531401
9505,1520599037541416
9506,1520599037551431
9507,1520599037561445
9508,1520599037571460
9509,1520599037581475
9510,1520599037591490
9511,1520599037601504
9512,1520599037611519
9513,1520599037621534
9514,1520599037631549
9515,1520599037641564
9516,1520599037651578
9517,1520599037661593
9518,1520599037671608
9519,1520599037681623
9520,1520599037691637
9521,1520599037701653
9522,1520599037711667
9523,1520599037721682
9524,1520599037731696
9525,1520599037741712
9526,1520599037751726
9527,1520599037761741
9528,1520599037771756
9529,1520599037781770
9530,1520599037791785
9531,1520599037801799
9532,1520599037811814
9533,1520599037821829
9534,1520599037831844
9535,1520599037841858
9536,1520599037851873
9537,1520599037861888
9538,1520599037871902
9539,1520599037881917
9540,1520599037891931
9541,1520599037901945
9542,1520599037911960
9543,1520599037921975
9544,1520599037931989
9545,1520599037942004
9546,1520599037952019
9547,1520599037962033
9548,1520599037972048
9549,1520599037982062
9550,1520599037992077
9551,1520599038002092
9552,1520599038012107
9553,1520599038022121
9554,1520599038032136
9555,1520599038042151
9556,1520599038052165
9557,1520599038062180
9558,1520599038072195
9559,1520599038082209
9560,1520599038092224
9561,1520599038102239
9562,1520599038112253
9563,1520599038122268
9564,1520599038132282
9565,1520599038142298
9566,1520599038152312
9567,1520599038162326
9568,1520599038172341
9569,1520599038182356
9570,1520599038192371
9571,1520599038202386
9572,1520599038212400
9573,1520599038222414
9574,1520599038232429
9575,1520599038242444
9576,1520599038252458
9577,1520599038262473
9578,1520599038272487
9579,1520599038282502
9580,1520599038292517
9581,1520599038302531
9582,1520599038312546
9583,1520599038322560
9584,1520599038332575
9585,1520599038342590
9586,1520599038352605
9587,1520599038362619
9588,1520599038372633
9589,1520599038382648
9590,1520599038392663
9591,1520599038402677
9592,1520599038412692
9593,1520599038422708
9594,1520599038432723
9595,1520599038442737
9596,1520599038452752
9597,1520599038462767
9598,1520599038472781
9599,1520599038482809
9600,1520599038492812
9601,1520599038502826
9602,1520599038512841
9603,1520599038522856
9604,1520599038532870
9605,1520599038542885
9606,1520599038552900
9607,1520599038562915
9608,1520599038572929
9609,1520599038582943
9610,1520599038592958
9611,1520599038602972
9612,1520599038612988
9613,1520599038623003
9614,1520599038633018
9615,1520599038643033
9616,1520599038653048
9617,1520599038663062
9618,1520599038673076
9619,1520599038683092
9620,1520599038693107
9621,1520599038703121
9622,1520599038713143
9623,1520599038723151
9624,1520599038733167
9625,1520599038743183
9626,1520599038753196
9627,1520599038763212
9628,1520599038773226
9629,1520599038783242
9630,1520599038793256
9631,1520599038803271
9632,1520599038813286
9633,1520599038823300
9634,1520599038833315
9635,1520599038843330
9636,1520599038853345
9637,1520599038863359
9638,1520599038873374
9639,1520599038883389
9640,1520599038893403
9641,1520599038903418
9642,1520599038913433
9643,1520599038923448
9644,1520599038933462
9645,1520599038943477
9646,1520599038953492
9647,1520599038963507
9648,1520599038973521
9649,1520599038983535
9650,1520599038993550
9651,1520599039003565
9652,1520599039013580
9653,1520599039023595
9654,1520599039033609
9655,1520599039043624
9656,1520599039053639
9657,1520599039063653
9658,1520599039073668
9659,1520599039083683
9660,1520599039093697
9661,1520599039103712
9662,1520599039113727
9663,1520599039123742
9664,1520599039133756
9665,1520599039143771
9666,1520599039153785
9667,1520599039163800
9668,1520599039173814
9669,1520599039183829
9670,1520599039193844
9671,1520599039203859
9672,1520599039213873
9673,1520599039223888
9674,1520599039233902
9675,1520599039243918
9676,1520599039253932
9677,1520599039263947
9678,1520599039273962
9679,1520599039283977
9680,1520599039293991
9681,1520599039304006
9682,1520599039314021
9683,1520599039324036
9684,1520599039334050
9685,1520599039344065
9686,1520599039354080
9687,1520599039364095
9688,1520599039374109
9689,1520599039384124
9690,1520599039394139
9691,1520599039404153
9692,1520599039414168
9693,1520599039424183
9694,1520599039434197
9695,1520599039444212
9696,1520599039454227
9697,1520599039464241
9698,1520599039474256
9699,1520599039484270
9700,1520599039494285
9701,1520599039504300
9702,1520599039514314
9703,1520599039524328
9704,1520599039534343
9705,1520599039544358
9706,1520599039554372
9707,1520599039564387
9708,1520599039574402
9709,1520599039584417
9710,1520599039594431
9711,1520599039604446
9712,1520599039614461
9713,1520599039624475
9714,1520599039634491
9715,1520599039644505
9716,1520599039654520
9717,1520599039664534
9718,1520599039674549
9719,1520599039684564
9720,1520599039694579
9721,1520599039704593
9722,1520599039714607
9723,1520599039724622
9724,1520599039734637
9725,1520599039744652
9726,1520599039754666
9727,1520599039764694
9728,1520599039774696
9729,1520599039784710
9730,1520599039794725
9731,1520599039804740
9732,1520599039814755
9733,1520599039824770
9734,1520599039834784
9735,1520599039844799
9736,1520599039854814
9737,1520599039864828
9738,1520599039874842
9739,1520599039884857
9740,1520599039894871
9741,1520599039904886
9742,1520599039914901
9743,1520599039924916
9744,1520599039934930
9745,1520599039944945
9746,1520599039954959
9747,1520599039964974
9748,1520599039974989
9749,1520599039985004
9750,1520599039995018
9751,1520599040005033
9752,1520599040015048
9753,1520599040025062
9754,1520599040035077
9755,1520599040045091
9756,1520599040055106
9757,1520599040065122
9758,1520599040075136
9759,1520599040085158
9760,1520599040095165
9761,1520599040105180
9762,1520599040115195
9763,1520599040125209
9764,1520599040135224
9765,1520599040145239
9766,1520599040155253
9767,1520599040165268
9768,1520599040175282
9769,1520599040185297
9770,1520599040195311
9771,1520599040205326
9772,1520599040215341
9773,1520599040225355
9774,1520599040235370
9775,1520599040245384
9776,1520599040255399
9777,1520599040265414
9778,1520599040275429
9779,1520599040285443
9780,1520599040295458
9781,1520599040305473
9782,1520599040315487
9783,1520599040325502
9784,1520599040335517
9785,1520599040345531
9786,1520599040355546
9787,1520599040365561
9788,1520599040375575
9789,1520599040385590
9790,1520599040395604
9791,1520599040405621
9792,1520599040415635
9793,1520599040425649
9794,1520599040435664
9795,1520599040445678
9796,1520599040455693
9797,1520599040465708
9798,1520599040475722
9799,1520599040485737
9800,1520599040495752
9801,1520599040505766
9802,1520599040515781
9803,1520599040525796
9804,1520599040535810
9805,1520599040545825
9806,1520599040555839
9807,1520599040565854
9808,1520599040575869
9809,1520599040585883
9810,1520599040595898
9811,1520599040605912
9812,1520599040615927
9813,1520599040625942
9814,1520599040635957
9815,1520599040645972
9816,1520599040655987
9817,1520599040666002
9818,1520599040676017
9819,1520599040686031
9820,1520599040696046
9821,1520599040706060
9822,1520599040716076
9823,1520599040726090
9824,1520599040736105
9825,1520599040746120
9826,1520599040756134
9827,1520599040766149
9828,1520599040776164
9829,1520599040786179
9830,1520599040796193
9831,1520599040806208
9832,1520599040816223
9833,1520599040826237
9834,1520599040836253
9835,1520599040846267
9836,1520599040856282
9837,1520599040866296
9838,1520599040876311
9839,1520599040886326
9840,1520599040896341
9841,1520599040906356
9842,1520599040916371
9843,1520599040926386
9844,1520599040936400
9845,1520599040946415
9846,1520599040956430
9847,1520599040966444
9848,1520599040976459
9849,1520599040986474
9850,1520599040996488
9851,1520599041006503
9852,1520599041016518
9853,1520599041026532
9854,1520599041036547
9855,1520599041046576
9856,1520599041056576
9857,1520599041066591
9858,1520599041076606
9859,1520599041086621
9860,1520599041096636
9861,1520599041106650
9862,1520599041116665
9863,1520599041126679
9864,1520599041136695
9865,1520599041146709
9866,1520599041156724
9867,1520599041166739
9868,1520599041176754
9869,1520599041186769
9870,1520599041196784
9871,1520599041206799
9872,1520599041216813
9873,1520599041226828
9874,1520599041236843
9875,1520599041246857
9876,1520599041256872
9877,1520599041266887
9878,1520599041276901
9879,1520599041286916
9880,1520599041296931
9881,1520599041306946
9882,1520599041316960
9883,1520599041326975
9884,1520599041336990
9885,1520599041347005
9886,1520599041357019
9887,1520599041367034
9888,1520599041377048
9889,1520599041387063
9890,1520599041397078
9891,1520599041407093
9892,1520599041417108
9893,1520599041427123
9894,1520599041437146
9895,1520599041447153
9896,1520599041457167
9897,1520599041467182
9898,1520599041477197
9899,1520599041487211
9900,1520599041497226
9901,1520599041507241
9902,1520599041517255
9903,1520599041527270
9904,1520599041537285
9905,1520599041547300
9906,1520599041557315
9907,1520599041567330
9908,1520599041577344
9909,1520599041587359
9910,1520599041597374
9911,1520599041607388
9912,1520599041617404
9913,1520599041627419
9914,1520599041637433
9915,1520599041647449
9916,1520599041657463
9917,1520599041667478
9918,1520599041677493
9919,1520599041687508
9920,1520599041697522
9921,1520599041707537
9922,1520599041717552
9923,1520599041727567
9924,1520599041737582
9925,1520599041747596
9926,1520599041757611
9927,1520599041767626
9928,1520599041777640
9929,1520599041787655
9930,1520599041797670
9931,1520599041807684
9932,1520599041817699
9933,1520599041827714
9934,1520599041837728
9935,1520599041847743
9936,1520599041857758
9937,1520599041867773
9938,1520599041877787
9939,1520599041887803
9940,1520599041897817
9941,1520599041907832
9942,1520599041917847
9943,1520599041927861
9944,1520599041937876
9945,1520599041947891
9946,1520599041957906
9947,1520599041967921
9948,1520599041977935
9949,1520599041987950
9950,1520599041997965
9951,1520599042007980
9952,1520599042017994
9953,1520599042028009
9954,1520599042038024
9955,1520599042048038
9956,1520599042058053
9957,1520599042068067
9958,1520599042078082
9959,1520599042088097
9960,1520599042098111
9961,1520599042108126
9962,1520599042118141
9963,1520599042128156
9964,1520599042138170
9965,1520599042148185
9966,1520599042158200
9967,1520599042168215
9968,1520599042178229
9969,1520599042188244
9970,1520599042198258
9971,1520599042208273
9972,1520599042218288
9973,1520599042228302
9974,1520599042238317
9975,1520599042248331
9976,1520599042258346
9977,1520599042268361
9978,1520599042278375
9979,1520599042288390
9980,1520599042298405
9981,1520599042308419
9982,1520599042318434
9983,1520599042328461
9984,1520599042338464
9985,1520599042348478
9986,1520599042358493
9987,1520599042368508
9988,1520599042378523
9989,1520599042388537
9990,1520599042398553
9991,1520599042408566
9992,1520599042418581
9993,1520599042428596
9994,1520599042438610
9995,1520599042448625
9996,1520599042458641
9997,1520599042468655
9998,1520599042478669
9999,1520599042488684
