i,time,sleep,duration,overruns
0,1520598942351478,0,0,0
1,1520598942361513,9941,58,0
2,1520598942371528,9959,40,0
3,1520598942381543,9961,38,0
4,1520598942391558,9962,37,0
5,1520598942401573,9956,43,0
6,1520598942411588,9962,37,0
7,1520598942421604,9963,36,0
8,1520598942431619,9962,37,0
9,1520598942441635,9944,55,0
10,1520598942451650,9961,38,0
11,1520598942461665,9962,37,0
12,1520598942471680,9961,38,0
13,1520598942481695,9962,37,0
14,1520598942491709,9962,37,0
15,1520598942501724,9962,37,0
16,1520598942511739,9962,37,0
17,1520598942521754,9960,39,0
18,1520598942531769,9962,37,0
19,1520598942541784,9962,37,0
20,1520598942551799,9962,37,0
21,1520598942561813,9962,37,0
22,1520598942571828,9962,37,0
23,1520598942581843,9963,36,0
24,1520598942591857,9962,37,0
25,1520598942601872,9962,37,0
26,1520598942611887,9963,36,0
27,1520598942621903,9962,37,0
28,1520598942631918,9962,37,0
29,1520598942641933,9962,37,0
30,1520598942651948,9962,37,0
31,1520598942661963,9963,36,0
32,1520598942671978,9963,36,0
33,1520598942681992,9960,39,0
34,1520598942692007,9962,37,0
35,1520598942702022,9962,37,0
36,1520598942712037,9963,36,0
37,1520598942722052,9962,37,0
38,1520598942732067,9962,37,0
39,1520598942742081,9963,37,0
40,1520598942752096,9963,36,0
41,1520598942762110,9962,37,0
42,1520598942772125,9963,36,0
43,1520598942782140,9962,37,0
44,1520598942792154,9963,36,0
45,1520598942802169,9962,37,0
46,1520598942812184,9962,37,0
47,1520598942822199,9963,36,0
48,1520598942832214,9963,37,0
49,1520598942842228,9962,37,0
50,1520598942852243,9962,37,0
51,1520598942862258,9962,37,0
52,1520598942872273,9962,37,0
53,1520598942882287,9962,37,0
54,1520598942892302,9963,36,0
55,1520598942902317,9962,37,0
56,1520598942912332,9963,36,0
57,1520598942922347,9962,37,0
58,1520598942932361,9962,37,0
59,1520598942942376,9962,37,0
60,1520598942952391,9962,37,0
61,1520598942962406,9962,37,0
62,1520598942972421,9962,37,0
63,1520598942982436,9962,37,0
64,1520598942992451,9962,37,0
65,1520598943002465,9960,39,0
66,1520598943012480,9963,36,0
67,1520598943022495,9963,36,0
68,1520598943032510,9962,37,0
69,1520598943042524,9963,36,0
70,1520598943052539,9963,36,0
71,1520598943062554,9963,36,0
72,1520598943072569,9963,36,0
73,1520598943082583,9962,37,0
74,1520598943092598,9963,36,0
75,1520598943102613,9962,37,0
76,1520598943112628,9963,36,0
77,1520598943122642,9963,36,0
78,1520598943132657,9963,36,0
79,1520598943142672,9963,36,0
80,1520598943152686,9962,37,0
81,1520598943162701,9963,36,0
82,1520598943172716,9963,36,0
83,1520598943182731,9962,37,0
84,1520598943192746,9963,36,0
85,1520598943202760,9962,37,0
86,1520598943212775,9963,36,0
87,1520598943222790,9962,37,0
88,1520598943232805,9963,36,0
89,1520598943242819,9962,37,0
90,1520598943252834,9963,37,0
91,1520598943262849,9962,37,0
92,1520598943272864,9963,36,0
93,1520598943282878,9962,37,0
94,1520598943292893,9963,36,0
95,1520598943302908,9962,37,0
96,1520598943312923,9962,37,0
97,1520598943322937,9962,37,0
98,1520598943332952,9962,37,0
99,1520598943342967,9962,37,0
100,1520598943352982,9963,36,0
101,1520598943362997,9962,37,0
102,1520598943373012,9962,37,0
103,1520598943383026,9962,37,0
104,1520598943393041,9962,37,0
105,1520598943403056,9962,37,0
106,1520598943413071,9962,37,0
107,1520598943423086,9962,37,0
108,1520598943433101,9962,38,0
109,1520598943443115,9952,47,0
110,1520598943453130,9962,37,0
111,1520598943463145,9954,45,0
112,1520598943473160,9962,37,0
113,1520598943483175,9962,37,0
114,1520598943493189,9962,37,0
115,1520598943503204,9963,36,0
116,1520598943513219,9962,37,0
117,1520598943523234,9963,36,0
118,1520598943533249,9962,37,0
119,1520598943543264,9962,37,0
120,1520598943553279,9962,37,0
121,1520598943563294,9962,37,0
122,1520598943573309,9962,37,0
123,1520598943583324,9962,37,0
124,1520598943593339,9963,36,0
125,1520598943603353,9963,36,0
126,1520598943613368,9962,37,0
127,1520598943623383,9963,36,0
128,1520598943633398,9962,37,0
129,1520598943643414,9916,83,0
130,1520598943653428,9961,38,0
131,1520598943663443,9962,37,0
132,1520598943673458,9962,37,0
133,1520598943683473,9962,37,0
134,1520598943693487,9962,37,0
135,1520598943703502,9962,37,0
136,1520598943713517,9962,37,0
137,1520598943723531,9962,37,0
138,1520598943733546,9962,37,0
139,1520598943743560,9962,37,0
140,1520598943753575,9962,37,0
141,1520598943763589,9962,37,0
142,1520598943773604,9962,37,0
143,1520598943783618,9962,37,0
144,1520598943793633,9962,37,0
145,1520598943803648,9962,37,0
146,1520598943813663,9962,37,0
147,1520598943823677,9962,37,0
148,1520598943833692,9962,37,0
149,1520598943843707,9962,37,0
150,1520598943853721,9962,37,0
151,1520598943863736,9962,37,0
152,1520598943873751,9962,37,0
153,1520598943883765,9962,37,0
154,1520598943893780,9963,36,0
155,1520598943903795,9962,37,0
156,1520598943913810,9962,37,0
157,1520598943923824,9962,37,0
158,1520598943933839,9962,37,0
159,1520598943943854,9963,36,0
160,1520598943953869,9962,37,0
161,1520598943963884,9962,37,0
162,1520598943973898,9962,37,0
163,1520598943983913,9962,37,0
164,1520598943993928,9963,37,0
165,1520598944003943,9962,37,0
166,1520598944013958,9962,37,0
167,1520598944023972,9962,37,0
168,1520598944033987,9962,37,0
169,1520598944044002,9962,37,0
170,1520598944054016,9962,37,0
171,1520598944064031,9963,36,0
172,1520598944074046,9962,37,0
173,1520598944084061,9962,37,0
174,1520598944094075,9962,37,0
175,1520598944104090,9962,37,0
176,1520598944114105,9962,37,0
177,1520598944124119,9962,37,0
178,1520598944134134,9962,37,0
179,1520598944144149,9962,37,0
180,1520598944154164,9962,37,0
181,1520598944164179,9962,37,0
182,1520598944174193,9963,36,0
183,1520598944184208,9962,37,0
184,1520598944194223,9962,37,0
185,1520598944204238,9963,36,0
186,1520598944214252,9962,37,0
187,1520598944224267,9962,37,0
188,1520598944234282,9963,36,0
189,1520598944244296,9962,37,0
190,1520598944254311,9962,37,0
191,1520598944264326,9962,37,0
192,1520598944274341,9962,37,0
193,1520598944284356,9963,36,0
194,1520598944294370,9962,37,0
195,1520598944304385,9962,37,0
196,1520598944314400,9963,36,0
197,1520598944324414,9962,37,0
198,1520598944334429,9962,37,0
199,1520598944344444,9963,36,0
200,1520598944354459,9963,36,0
201,1520598944364473,9963,36,0
202,1520598944374488,9962,37,0
203,1520598944384503,9962,37,0
204,1520598944394517,9962,37,0
205,1520598944404532,9962,37,0
206,1520598944414547,9963,36,0
207,1520598944424561,9962,37,0
208,1520598944434576,9962,37,0
209,1520598944444591,9963,36,0
210,1520598944454606,9960,39,0
211,1520598944464620,9963,36,0
212,1520598944474635,9962,37,0
213,1520598944484650,9962,37,0
214,1520598944494664,9962,37,0
215,1520598944504679,9962,37,0
216,1520598944514693,9962,37,0
217,1520598944524708,9963,37,0
218,1520598944534723,9962,37,0
219,1520598944544737,9962,37,0
220,1520598944554752,9962,37,0
221,1520598944564767,9963,36,0
222,1520598944574781,9963,36,0
223,1520598944584796,9962,37,0
224,1520598944594810,9962,37,0
225,1520598944604825,9963,36,0
226,1520598944614840,9963,36,0
227,1520598944624855,9963,36,0
228,1520598944634870,9963,36,0
229,1520598944644884,9962,37,0
230,1520598944654899,9962,37,0
231,1520598944664914,9962,37,0
232,1520598944674928,9963,36,0
233,1520598944684943,9962,37,0
234,1520598944694958,9963,37,0
235,1520598944704972,9963,36,0
236,1520598944714987,9962,37,0
237,1520598944725002,9962,37,0
238,1520598944735016,9962,37,0
239,1520598944745031,9963,37,0
240,1520598944755046,9962,37,0
241,1520598944765061,9963,36,0
242,1520598944775076,9962,37,0
243,1520598944785090,9962,37,0
244,1520598944795105,9962,37,0
245,1520598944805120,9963,36,0
246,1520598944815135,9953,46,0
247,1520598944825150,9962,37,0
248,1520598944835165,9962,37,0
249,1520598944845179,9963,36,0
250,1520598944855194,9962,37,0
251,1520598944865209,9962,37,0
252,1520598944875223,9963,36,0
253,1520598944885238,9962,37,0
254,1520598944895253,9962,37,0
255,1520598944905267,9963,36,0
256,1520598944915282,9963,36,0
257,1520598944925297,9946,53,0
258,1520598944935312,9962,37,0
259,1520598944945327,9963,36,0
260,1520598944955342,9963,36,0
261,1520598944965356,9962,37,0
262,1520598944975371,9963,36,0
263,1520598944985386,9962,37,0
264,1520598944995401,9963,36,0
265,1520598945005415,9962,37,0
266,1520598945015430,9962,37,0
267,1520598945025445,9963,36,0
268,1520598945035460,9962,37,0
269,1520598945045474,9963,36,0
270,1520598945055489,9962,37,0
271,1520598945065504,9950,49,0
272,1520598945075519,9962,37,0
273,1520598945085534,9963,36,0
274,1520598945095548,9963,36,0
275,1520598945105563,9963,36,0
276,1520598945115578,9963,36,0
277,1520598945125593,9963,36,0
278,1520598945135607,9963,36,0
279,1520598945145622,9962,37,0
280,1520598945155637,9963,36,0
281,1520598945165651,9962,37,0
282,1520598945175666,9963,36,0
283,1520598945185681,9962,37,0
284,1520598945195696,9962,37,0
285,1520598945205710,9962,37,0
286,1520598945215725,9962,37,0
287,1520598945225740,9963,36,0
288,1520598945235754,9963,36,0
289,1520598945245769,9963,36,0
290,1520598945255784,9962,37,0
291,1520598945265799,9963,36,0
292,1520598945275814,9962,37,0
293,1520598945285828,9962,37,0
294,1520598945295843,9963,36,0
295,1520598945305858,9963,36,0
296,1520598945315873,9963,37,0
297,1520598945325888,9962,37,0
298,1520598945335902,9963,36,0
299,1520598945345917,9963,36,0
300,1520598945355932,9963,36,0
301,1520598945365947,9963,36,0
302,1520598945375962,9962,37,0
303,1520598945385976,9963,36,0
304,1520598945395991,9963,36,0
305,1520598945406006,9963,36,0
306,1520598945416020,9961,38,0
307,1520598945426035,9962,37,0
308,1520598945436051,9963,36,0
309,1520598945446066,9961,38,0
310,1520598945456080,9962,37,0
311,1520598945466095,9962,37,0
312,1520598945476110,9962,37,0
313,1520598945486124,9962,37,0
314,1520598945496139,9963,36,0
315,1520598945506154,9962,37,0
316,1520598945516169,9962,37,0
317,1520598945526184,9962,37,0
318,1520598945536198,9963,36,0
319,1520598945546213,9962,37,0
320,1520598945556228,9962,37,0
321,1520598945566243,9962,37,0
322,1520598945576258,9962,37,0
323,1520598945586272,9962,37,0
324,1520598945596287,9962,37,0
325,1520598945606302,9963,36,0
326,1520598945616317,9962,37,0
327,1520598945626332,9962,37,0
328,1520598945636346,9962,37,0
329,1520598945646361,9962,37,0
330,1520598945656376,9963,36,0
331,1520598945666391,9962,37,0
332,1520598945676405,9962,37,0
333,1520598945686420,9962,37,0
334,1520598945696435,9962,37,0
335,1520598945706450,9961,38,0
336,1520598945716465,9962,37,0
337,1520598945726480,9962,37,0
338,1520598945736494,9962,37,0
339,1520598945746509,9962,37,0
340,1520598945756524,9962,37,0
341,1520598945766539,9962,37,0
342,1520598945776554,9962,37,0
343,1520598945786568,9962,37,0
344,1520598945796583,9962,37,0
345,1520598945806598,9963,36,0
346,1520598945816613,9963,36,0
347,1520598945826627,9962,37,0
348,1520598945836642,9963,36,0
349,1520598945846657,9962,37,0
350,1520598945856672,9962,37,0
351,1520598945866686,9963,36,0
352,1520598945876701,9963,36,0
353,1520598945886716,9962,37,0
354,1520598945896731,9962,37,0
355,1520598945906745,9962,37,0
356,1520598945916761,9963,37,0
357,1520598945926775,9963,36,0
358,1520598945936790,9963,36,0
359,1520598945946805,9962,37,0
360,1520598945956820,9963,36,0
361,1520598945966835,9963,36,0
362,1520598945976849,9963,36,0
363,1520598945986864,9962,37,0
364,1520598945996878,9962,37,0
365,1520598946006893,9962,37,0
366,1520598946016908,9963,36,0
367,1520598946026922,9963,36,0
368,1520598946036937,9962,37,0
369,1520598946046952,9963,36,0
370,1520598946056967,9962,37,0
371,1520598946066981,9963,36,0
372,1520598946076996,9962,37,0
373,1520598946087011,9962,37,0
374,1520598946097026,9962,37,0
375,1520598946107041,9962,37,0
376,1520598946117055,9962,37,0
377,1520598946127070,9962,37,0
378,1520598946137085,9962,37,0
379,1520598946147100,9962,37,0
380,1520598946157114,9963,36,0
381,1520598946167129,9952,47,0
382,1520598946177147,9962,37,0
383,1520598946187161,9962,37,0
384,1520598946197176,9963,36,0
385,1520598946207191,9963,36,0
386,1520598946217205,9963,36,0
387,1520598946227220,9962,37,0
388,1520598946237235,9962,37,0
389,1520598946247249,9962,37,0
390,1520598946257264,9962,37,0
391,1520598946267279,9962,37,0
392,1520598946277293,9962,37,0
393,1520598946287308,9963,36,0
394,1520598946297323,9962,37,0
395,1520598946307337,9962,37,0
396,1520598946317352,9963,36,0
397,1520598946327366,9962,37,0
398,1520598946337381,9963,36,0
399,1520598946347396,9962,37,0
400,1520598946357411,9962,37,0
401,1520598946367425,9962,37,0
402,1520598946377440,9962,37,0
403,1520598946387455,9962,37,0
404,1520598946397469,9962,37,0
405,1520598946407484,9963,36,0
406,1520598946417498,9962,37,0
407,1520598946427513,9962,37,0
408,1520598946437528,9962,37,0
409,1520598946447542,9963,36,0
410,1520598946457557,9963,36,0
411,1520598946467572,9962,37,0
412,1520598946477587,9963,36,0
413,1520598946487601,9963,36,0
414,1520598946497616,9962,37,0
415,1520598946507630,9963,37,0
416,1520598946517645,9962,37,0
417,1520598946527660,9963,36,0
418,1520598946537674,9962,37,0
419,1520598946547689,9962,37,0
420,1520598946557704,9963,36,0
421,1520598946567719,9962,37,0
422,1520598946577734,9963,36,0
423,1520598946587748,9963,36,0
424,1520598946597763,9962,37,0
425,1520598946607778,9962,37,0
426,1520598946617794,9963,36,0
427,1520598946627809,9963,36,0
428,1520598946637823,9963,36,0
429,1520598946647838,9962,37,0
430,1520598946657853,9962,37,0
431,1520598946667868,9962,37,0
432,1520598946677882,9963,36,0
433,1520598946687897,9962,37,0
434,1520598946697912,9963,36,0
435,1520598946707926,9962,37,0
436,1520598946717941,9962,37,0
437,1520598946727956,9963,36,0
438,1520598946737971,9962,37,0
439,1520598946747986,9962,37,0
440,1520598946758000,9963,36,0
441,1520598946768015,9963,36,0
442,1520598946778030,9962,37,0
443,1520598946788045,9963,36,0
444,1520598946798059,9962,37,0
445,1520598946808074,9963,36,0
446,1520598946818089,9962,37,0
447,1520598946828104,9963,36,0
448,1520598946838118,9962,37,0
449,1520598946848133,9963,36,0
450,1520598946858148,9963,36,0
451,1520598946868162,9962,37,0
452,1520598946878177,9962,37,0
453,1520598946888192,9963,36,0
454,1520598946898206,9962,37,0
455,1520598946908221,9962,37,0
456,1520598946918236,9962,37,0
457,1520598946928250,9963,36,0
458,1520598946938265,9962,37,0
459,1520598946948279,9963,36,0
460,1520598946958294,9962,37,0
461,1520598946968309,9962,37,0
462,1520598946978324,9963,36,0
463,1520598946988338,9963,36,0
464,1520598946998353,9962,37,0
465,1520598947008368,9963,36,0
466,1520598947018382,9962,37,0
467,1520598947028397,9962,37,0
468,1520598947038412,9962,37,0
469,1520598947048426,9962,37,0
470,1520598947058441,9962,37,0
471,1520598947068456,9963,36,0
472,1520598947078471,9962,37,0
473,1520598947088485,9963,36,0
474,1520598947098500,9963,37,0
475,1520598947108515,9963,36,0
476,1520598947118530,9963,36,0
477,1520598947128544,9963,36,0
478,1520598947138559,9962,37,0
479,1520598947148574,9962,37,0
480,1520598947158589,9962,37,0
481,1520598947168603,9962,37,0
482,1520598947178618,9962,37,0
483,1520598947188633,9963,36,0
484,1520598947198648,9962,37,0
485,1520598947208663,9963,36,0
486,1520598947218677,9963,36,0
487,1520598947228692,9962,37,0
488,1520598947238706,9962,37,0
489,1520598947248721,9963,36,0
490,1520598947258736,9963,36,0
491,1520598947268751,9962,37,0
492,1520598947278766,9963,36,0
493,1520598947288780,9962,37,0
494,1520598947298795,9963,36,0
495,1520598947308810,9962,37,0
496,1520598947318825,9962,37,0
497,1520598947328839,9962,37,0
498,1520598947338854,9962,37,0
499,1520598947348869,9963,37,0
500,1520598947358884,9962,37,0
501,1520598947368899,9962,37,0
502,1520598947378913,9962,37,0
503,1520598947388928,9962,37,0
504,1520598947398943,9962,37,0
505,1520598947408958,9963,36,0
506,1520598947418973,9963,36,0
507,1520598947428987,9962,37,0
508,1520598947439002,9963,36,0
509,1520598947449016,9962,37,0
510,1520598947459031,9962,37,0
511,1520598947469046,9962,37,0
512,1520598947479060,9963,36,0
513,1520598947489076,9933,66,0
514,1520598947499090,9962,37,0
515,1520598947509105,9962,37,0
516,1520598947519120,9955,44,0
517,1520598947529142,9962,37,0
518,1520598947539157,9962,37,0
519,1520598947549172,9963,36,0
520,1520598947559186,9963,36,0
521,1520598947569201,9963,36,0
522,1520598947579216,9963,36,0
523,1520598947589231,9962,37,0
524,1520598947599245,9963,36,0
525,1520598947609260,9962,37,0
526,1520598947619276,9963,36,0
527,1520598947629291,9950,49,0
528,1520598947639305,9962,37,0
529,1520598947649320,9962,37,0
530,1520598947659334,9962,37,0
531,1520598947669350,9963,36,0
532,1520598947679364,9963,36,0
533,1520598947689379,9962,37,0
534,1520598947699394,9963,36,0
535,1520598947709409,9962,37,0
536,1520598947719423,9963,36,0
537,1520598947729438,9962,37,0
538,1520598947739453,9962,37,0
539,1520598947749468,9962,37,0
540,1520598947759482,9963,36,0
541,1520598947769497,9963,36,0
542,1520598947779512,9962,37,0
543,1520598947789527,9963,36,0
544,1520598947799541,9963,36,0
545,1520598947809556,9963,36,0
546,1520598947819571,9963,36,0
547,1520598947829586,9962,37,0
548,1520598947839600,9962,37,0
549,1520598947849615,9963,36,0
550,1520598947859630,9963,37,0
551,1520598947869644,9963,36,0
552,1520598947879659,9962,37,0
553,1520598947889674,9963,36,0
554,1520598947899689,9963,36,0
555,1520598947909703,9963,36,0
556,1520598947919718,9963,36,0
557,1520598947929733,9962,37,0
558,1520598947939748,9962,37,0
559,1520598947949762,9962,37,0
560,1520598947959777,9962,37,0
561,1520598947969792,9962,37,0
562,1520598947979806,9962,37,0
563,1520598947989821,9963,36,0
564,1520598947999836,9962,37,0
565,1520598948009851,9962,37,0
566,1520598948019865,9962,37,0
567,1520598948029880,9962,37,0
568,1520598948039895,9962,37,0
569,1520598948049910,9962,37,0
570,1520598948059924,9963,36,0
571,1520598948069939,9963,36,0
572,1520598948079954,9963,36,0
573,1520598948089969,9962,37,0
574,1520598948099983,9962,37,0
575,1520598948109998,9962,37,0
576,1520598948120012,9962,37,0
577,1520598948130027,9963,36,0
578,1520598948140042,9963,36,0
579,1520598948150057,9962,37,0
580,1520598948160071,9962,37,0
581,1520598948170086,9962,37,0
582,1520598948180101,9963,36,0
583,1520598948190115,9963,36,0
584,1520598948200130,9963,36,0
585,1520598948210144,9963,37,0
586,1520598948220159,9963,36,0
587,1520598948230174,9963,37,0
588,1520598948240188,9962,37,0
589,1520598948250203,9963,36,0
590,1520598948260218,9962,37,0
591,1520598948270233,9963,36,0
592,1520598948280247,9962,37,0
593,1520598948290261,9963,36,0
594,1520598948300276,9963,36,0
595,1520598948310291,9963,36,0
596,1520598948320305,9962,37,0
597,1520598948330320,9963,36,0
598,1520598948340334,9962,37,0
599,1520598948350349,9963,36,0
600,1520598948360364,9962,37,0
601,1520598948370378,9963,36,0
602,1520598948380393,9962,37,0
603,1520598948390408,9962,37,0
604,1520598948400422,9962,37,0
605,1520598948410437,9962,37,0
606,1520598948420452,9963,36,0
607,1520598948430467,9962,37,0
608,1520598948440482,9962,37,0
609,1520598948450496,9961,38,0
610,1520598948460511,9962,37,0
611,1520598948470526,9963,36,0
612,1520598948480541,9962,37,0
613,1520598948490555,9962,37,0
614,1520598948500570,9962,37,0
615,1520598948510584,9962,37,0
616,1520598948520599,9963,36,0
617,1520598948530613,9962,37,0
618,1520598948540628,9962,37,0
619,1520598948550643,9963,36,0
620,1520598948560657,9962,37,0
621,1520598948570672,9962,37,0
622,1520598948580687,9962,37,0
623,1520598948590701,9962,37,0
624,1520598948600716,9962,37,0
625,1520598948610731,9963,36,0
626,1520598948620746,9963,37,0
627,1520598948630761,9962,37,0
628,1520598948640776,9962,37,0
629,1520598948650791,9962,37,0
630,1520598948660805,9962,37,0
631,1520598948670820,9962,37,0
632,1520598948680835,9963,36,0
633,1520598948690849,9962,37,0
634,1520598948700864,9963,36,0
635,1520598948710879,9962,37,0
636,1520598948720893,9962,37,0
637,1520598948730908,9962,37,0
638,1520598948740923,9963,36,0
639,1520598948750937,9962,37,0
640,1520598948760952,9963,37,0
641,1520598948770967,9962,37,0
642,1520598948780982,9963,36,0
643,1520598948790996,9962,37,0
644,1520598948801011,9962,37,0
645,1520598948811026,9962,37,0
646,1520598948821041,9962,37,0
647,1520598948831055,9962,37,0
648,1520598948841070,9963,36,0
649,1520598948851085,9963,36,0
650,1520598948861100,9963,36,0
651,1520598948871114,9952,47,0
652,1520598948881129,9962,37,0
653,1520598948891143,9954,46,0
654,1520598948901158,9963,37,0
655,1520598948911173,9949,50,0
656,1520598948921188,9962,37,0
657,1520598948931203,9963,36,0
658,1520598948941217,9962,37,0
659,1520598948951232,9963,36,0
660,1520598948961246,9963,36,0
661,1520598948971261,9962,37,0
662,1520598948981276,9962,37,0
663,1520598948991291,9963,36,0
664,1520598949001305,9963,36,0
665,1520598949011320,9962,37,0
666,1520598949021334,9963,36,0
667,1520598949031349,9962,37,0
668,1520598949041364,9962,37,0
669,1520598949051378,9962,37,0
670,1520598949061393,9962,37,0
671,1520598949071408,9962,37,0
672,1520598949081422,9963,36,0
673,1520598949091437,9963,36,0
674,1520598949101452,9962,37,0
675,1520598949111466,9963,36,0
676,1520598949121481,9962,37,0
677,1520598949131496,9963,36,0
678,1520598949141511,9962,37,0
679,1520598949151526,9963,36,0
680,1520598949161541,9962,37,0
681,1520598949171555,9962,37,0
682,1520598949181570,9963,36,0
683,1520598949191584,9962,37,0
684,1520598949201599,9962,37,0
685,1520598949211614,9963,36,0
686,1520598949221628,9963,36,0
687,1520598949231643,9962,37,0
688,1520598949241657,9963,36,0
689,1520598949251672,9962,37,0
690,1520598949261687,9963,36,0
691,1520598949271701,9963,36,0
692,1520598949281716,9962,37,0
693,1520598949291731,9962,37,0
694,1520598949301745,9962,37,0
695,1520598949311760,9962,37,0
696,1520598949321774,9962,37,0
697,1520598949331789,9962,37,0
698,1520598949341804,9962,37,0
699,1520598949351818,9962,37,0
700,1520598949361833,9963,37,0
701,1520598949371848,9963,36,0
702,1520598949381862,9962,37,0
703,1520598949391877,9962,37,0
704,1520598949401891,9963,36,0
705,1520598949411906,9961,38,0
706,1520598949421921,9963,36,0
707,1520598949431937,9963,36,0
708,1520598949441952,9962,37,0
709,1520598949451967,9962,37,0
710,1520598949461981,9962,37,0
711,1520598949471996,9962,37,0
712,1520598949482010,9963,36,0
713,1520598949492025,9962,37,0
714,1520598949502040,9962,37,0
715,1520598949512055,9963,36,0
716,1520598949522069,9962,37,0
717,1520598949532084,9963,36,0
718,1520598949542099,9962,37,0
719,1520598949552113,9962,37,0
720,1520598949562128,9962,37,0
721,1520598949572143,9962,37,0
722,1520598949582157,9962,37,0
723,1520598949592172,9962,37,0
724,1520598949602187,9962,37,0
725,1520598949612202,9963,36,0
726,1520598949622217,9962,37,0
727,1520598949632232,9963,36,0
728,1520598949642247,9962,37,0
729,1520598949652261,9963,36,0
730,1520598949662276,9962,37,0
731,1520598949672291,9962,37,0
732,1520598949682306,9962,37,0
733,1520598949692320,9962,37,0
734,1520598949702335,9962,37,0
735,1520598949712350,9962,37,0
736,1520598949722364,9962,37,0
737,1520598949732379,9962,37,0
738,1520598949742394,9962,37,0
739,1520598949752409,9963,36,0
740,1520598949762423,9962,37,0
741,1520598949772438,9962,37,0
742,1520598949782453,9962,37,0
743,1520598949792467,9962,37,0
744,1520598949802482,9962,37,0
745,1520598949812497,9962,37,0
746,1520598949822512,9963,36,0
747,1520598949832526,9962,37,0
748,1520598949842541,9962,37,0
749,1520598949852556,9963,36,0
750,1520598949862571,9962,37,0
751,1520598949872585,9962,37,0
752,1520598949882600,9962,37,0
753,1520598949892615,9963,36,0
754,1520598949902629,9963,36,0
755,1520598949912644,9962,37,0
756,1520598949922659,9963,36,0
757,1520598949932674,9962,37,0
758,1520598949942689,9962,37,0
759,1520598949952703,9963,36,0
760,1520598949962718,9962,37,0
761,1520598949972733,9963,36,0
762,1520598949982747,9963,36,0
763,1520598949992762,9963,36,0
764,1520598950002777,9962,37,0
765,1520598950012792,9962,37,0
766,1520598950022806,9963,36,0
767,1520598950032821,9962,37,0
768,1520598950042836,9962,37,0
769,1520598950052851,9963,36,0
770,1520598950062865,9962,37,0
771,1520598950072880,9963,36,0
772,1520598950082895,9962,37,0
773,1520598950092909,9963,36,0
774,1520598950102924,9963,36,0
775,1520598950112939,9962,37,0
776,1520598950122953,9963,36,0
777,1520598950132967,9963,36,0
778,1520598950142982,9962,37,0
779,1520598950152997,9963,36,0
780,1520598950163012,9963,36,0
781,1520598950173026,9963,36,0
782,1520598950183041,9963,36,0
783,1520598950193056,9949,50,0
784,1520598950203071,9962,37,0
785,1520598950213086,9963,36,0
786,1520598950223100,9962,37,0
787,1520598950233115,9962,37,0
788,1520598950243130,9954,45,0
789,1520598950253147,9962,37,0
790,1520598950263162,9963,36,0
791,1520598950273177,9962,37,0
792,1520598950283191,9963,36,0
793,1520598950293206,9963,36,0
794,1520598950303221,9962,37,0
795,1520598950313235,9962,37,0
796,1520598950323250,9962,37,0
797,1520598950333265,9962,37,0
798,1520598950343280,9962,37,0
799,1520598950353295,9962,37,0
800,1520598950363309,9963,36,0
801,1520598950373324,9963,36,0
802,1520598950383339,9962,37,0
803,1520598950393354,9963,36,0
804,1520598950403368,9963,36,0
805,1520598950413383,9963,36,0
806,1520598950423399,9963,36,0
807,1520598950433414,9962,37,0
808,1520598950443428,9962,37,0
809,1520598950453443,9963,36,0
810,1520598950463458,9962,37,0
811,1520598950473473,9963,36,0
812,1520598950483487,9962,37,0
813,1520598950493502,9962,37,0
814,1520598950503517,9962,37,0
815,1520598950513532,9963,36,0
816,1520598950523546,9962,37,0
817,1520598950533561,9962,37,0
818,1520598950543576,9963,36,0
819,1520598950553591,9962,37,0
820,1520598950563605,9962,37,0
821,1520598950573620,9963,36,0
822,1520598950583634,9962,37,0
823,1520598950593649,9963,36,0
824,1520598950603664,9962,37,0
825,1520598950613678,9963,36,0
826,1520598950623694,9962,37,0
827,1520598950633708,9962,37,0
828,1520598950643723,9962,37,0
829,1520598950653738,9962,37,0
830,1520598950663752,9963,36,0
831,1520598950673767,9962,37,0
832,1520598950683782,9963,36,0
833,1520598950693796,9963,36,0
834,1520598950703811,9963,37,0
835,1520598950713826,9963,36,0
836,1520598950723841,9962,37,0
837,1520598950733855,9962,37,0
838,1520598950743870,9963,36,0
839,1520598950753885,9963,36,0
840,1520598950763899,9963,36,0
841,1520598950773914,9963,36,0
842,1520598950783929,9963,36,0
843,1520598950793943,9963,36,0
844,1520598950803958,9963,36,0
845,1520598950813973,9962,37,0
846,1520598950823987,9963,36,0
847,1520598950834002,9962,37,0
848,1520598950844017,9962,37,0
849,1520598950854031,9963,36,0
850,1520598950864046,9962,37,0
851,1520598950874061,9962,37,0
852,1520598950884076,9962,37,0
853,1520598950894090,9962,37,0
854,1520598950904105,9962,37,0
855,1520598950914120,9963,36,0
856,1520598950924134,9962,37,0
857,1520598950934149,9962,37,0
858,1520598950944163,9963,36,0
859,1520598950954178,9962,37,0
860,1520598950964193,9962,37,0
861,1520598950974207,9963,36,0
862,1520598950984222,9962,37,0
863,1520598950994236,9962,37,0
864,1520598951004251,9963,36,0
865,1520598951014266,9962,37,0
866,1520598951024280,9962,37,0
867,1520598951034295,9963,36,0
868,1520598951044310,9963,36,0
869,1520598951054324,9963,36,0
870,1520598951064339,9962,37,0
871,1520598951074354,9962,37,0
872,1520598951084369,9963,36,0
873,1520598951094383,9962,37,0
874,1520598951104398,9962,37,0
875,1520598951114413,9962,37,0
876,1520598951124427,9962,37,0
877,1520598951134442,9963,36,0
878,1520598951144457,9963,36,0
879,1520598951154471,9962,37,0
880,1520598951164486,9962,37,0
881,1520598951174501,9963,36,0
882,1520598951184515,9962,37,0
883,1520598951194530,9962,37,0
884,1520598951204545,9962,37,0
885,1520598951214560,9962,37,0
886,1520598951224574,9962,37,0
887,1520598951234589,9962,37,0
888,1520598951244604,9963,36,0
889,1520598951254619,9962,37,0
890,1520598951264634,9963,36,0
891,1520598951274648,9963,36,0
892,1520598951284663,9962,37,0
893,1520598951294678,9963,36,0
894,1520598951304692,9963,36,0
895,1520598951314707,9962,37,0
896,1520598951324722,9963,36,0
897,1520598951334737,9963,36,0
898,1520598951344751,9962,37,0
899,1520598951354766,9962,37,0
900,1520598951364781,9963,36,0
901,1520598951374796,9963,36,0
902,1520598951384810,9962,37,0
903,1520598951394825,9962,37,0
904,1520598951404839,9962,37,0
905,1520598951414855,9962,37,0
906,1520598951424870,9962,37,0
907,1520598951434884,9963,36,0
908,1520598951444899,9963,36,0
909,1520598951454914,9962,37,0
910,1520598951464929,9963,37,0
911,1520598951474943,9962,37,0
912,1520598951484958,9963,36,0
913,1520598951494973,9963,36,0
914,1520598951504987,9963,36,0
915,1520598951515002,9963,36,0
916,1520598951525017,9963,36,0
917,1520598951535031,9963,36,0
918,1520598951545045,9963,36,0
919,1520598951555060,9962,37,0
920,1520598951565075,9963,36,0
921,1520598951575090,9962,37,0
922,1520598951585104,9963,36,0
923,1520598951595119,9954,45,0
924,1520598951605141,9963,36,0
925,1520598951615156,9962,37,0
926,1520598951625172,9963,36,0
927,1520598951635186,9962,37,0
928,1520598951645201,9963,36,0
929,1520598951655215,9962,37,0
930,1520598951665230,9963,36,0
931,1520598951675245,9963,36,0
932,1520598951685260,9963,36,0
933,1520598951695275,9963,36,0
934,1520598951705289,9962,37,0
935,1520598951715304,9963,36,0
936,1520598951725319,9962,37,0
937,1520598951735334,9962,37,0
938,1520598951745348,9962,37,0
939,1520598951755363,9962,37,0
940,1520598951765378,9962,37,0
941,1520598951775392,9963,36,0
942,1520598951785407,9962,37,0
943,1520598951795422,9962,37,0
944,1520598951805437,9963,36,0
945,1520598951815451,9963,36,0
946,1520598951825466,9962,37,0
947,1520598951835481,9962,37,0
948,1520598951845495,9963,36,0
949,1520598951855510,9963,36,0
950,1520598951865525,9962,37,0
951,1520598951875540,9962,37,0
952,1520598951885554,9962,37,0
953,1520598951895569,9962,37,0
954,1520598951905584,9962,37,0
955,1520598951915598,9962,37,0
956,1520598951925613,9963,36,0
957,1520598951935628,9963,36,0
958,1520598951945643,9962,37,0
959,1520598951955657,9962,37,0
960,1520598951965672,9963,36,0
961,1520598951975687,9963,36,0
962,1520598951985701,9962,37,0
963,1520598951995716,9962,37,0
964,1520598952005731,9962,37,0
965,1520598952015746,9963,36,0
966,1520598952025760,9962,37,0
967,1520598952035775,9962,37,0
968,1520598952045790,9963,36,0
969,1520598952055805,9962,37,0
970,1520598952065819,9962,37,0
971,1520598952075834,9962,37,0
972,1520598952085849,9962,37,0
973,1520598952095864,9962,37,0
974,1520598952105879,9962,37,0
975,1520598952115893,9963,36,0
976,1520598952125908,9962,37,0
977,1520598952135923,9963,36,0
978,1520598952145938,9963,36,0
979,1520598952155952,9962,37,0
980,1520598952165967,9963,36,0
981,1520598952175982,9962,37,0
982,1520598952185997,9962,37,0
983,1520598952196011,9963,36,0
984,1520598952206026,9962,37,0
985,1520598952216041,9963,36,0
986,1520598952226055,9962,37,0
987,1520598952236070,9963,36,0
988,1520598952246085,9963,36,0
989,1520598952256100,9962,37,0
990,1520598952266115,9962,37,0
991,1520598952276129,9962,37,0
992,1520598952286144,9962,37,0
993,1520598952296159,9962,37,0
994,1520598952306173,9962,38,0
995,1520598952316188,9962,37,0
996,1520598952326203,9962,37,0
997,1520598952336217,9962,37,0
998,1520598952346232,9962,37,0
999,1520598952356247,9962,37,0
1000,1520598952366261,9963,36,0
1001,1520598952376276,9962,37,0
1002,1520598952386290,9962,37,0
1003,1520598952396305,9963,36,0
1004,1520598952406320,9962,37,0
1005,1520598952416335,9962,37,0
1006,1520598952426350,9963,36,0
1007,1520598952436364,9962,37,0
1008,1520598952446379,9963,36,0
1009,1520598952456394,9962,37,0
1010,1520598952466409,9963,36,0
1011,1520598952476423,9962,37,0
1012,1520598952486438,9962,37,0
1013,1520598952496453,9962,37,0
1014,1520598952506467,9962,37,0
1015,1520598952516482,9962,37,0
1016,1520598952526497,9963,36,0
1017,1520598952536512,9963,36,0
1018,1520598952546527,9962,37,0
1019,1520598952556541,9962,37,0
1020,1520598952566556,9963,36,0
1021,1520598952576570,9963,36,0
1022,1520598952586585,9963,36,0
1023,1520598952596599,9963,36,0
1024,1520598952606614,9962,37,0
1025,1520598952616630,9934,65,0
1026,1520598952626646,9962,37,0
1027,1520598952636661,9962,37,0
1028,1520598952646675,9962,37,0
1029,1520598952656690,9962,37,0
1030,1520598952666705,9962,37,0
1031,1520598952676720,9962,37,0
1032,1520598952686735,9962,37,0
1033,1520598952696750,9962,37,0
1034,1520598952706764,9962,37,0
1035,1520598952716779,9963,37,0
1036,1520598952726794,9962,37,0
1037,1520598952736809,9963,37,0
1038,1520598952746823,9962,37,0
1039,1520598952756838,9950,49,0
1040,1520598952766853,9962,37,0
1041,1520598952776868,9962,37,0
1042,1520598952786883,9963,36,0
1043,1520598952796897,9963,36,0
1044,1520598952806912,9963,36,0
1045,1520598952816927,9962,37,0
1046,1520598952826941,9963,36,0
1047,1520598952836956,9963,36,0
1048,1520598952846971,9962,37,0
1049,1520598952856985,9963,37,0
1050,1520598952867000,9962,37,0
1051,1520598952877015,9963,36,0
1052,1520598952887030,9963,36,0
1053,1520598952897045,9963,37,0
1054,1520598952907059,9962,37,0
1055,1520598952917074,9962,37,0
1056,1520598952927088,9963,36,0
1057,1520598952937103,9962,37,0
1058,1520598952947118,9953,46,0
1059,1520598952957132,9962,37,0
1060,1520598952967147,9954,45,0
1061,1520598952977162,9962,37,0
1062,1520598952987177,9962,37,0
1063,1520598952997191,9963,36,0
1064,1520598953007206,9962,37,0
1065,1520598953017220,9963,36,0
1066,1520598953027235,9962,37,0
1067,1520598953037250,9962,37,0
1068,1520598953047264,9962,37,0
1069,1520598953057279,9962,37,0
1070,1520598953067294,9963,36,0
1071,1520598953077308,9963,36,0
1072,1520598953087323,9962,37,0
1073,1520598953097338,9963,36,0
1074,1520598953107353,9962,37,0
1075,1520598953117367,9962,37,0
1076,1520598953127382,9962,37,0
1077,1520598953137397,9963,36,0
1078,1520598953147411,9962,37,0
1079,1520598953157426,9962,37,0
1080,1520598953167441,9963,36,0
1081,1520598953177455,9962,37,0
1082,1520598953187470,9963,36,0
1083,1520598953197485,9963,36,0
1084,1520598953207500,9962,37,0
1085,1520598953217514,9963,36,0
1086,1520598953227529,9962,37,0
1087,1520598953237544,9963,36,0
1088,1520598953247558,9963,36,0
1089,1520598953257573,9963,36,0
1090,1520598953267588,9963,36,0
1091,1520598953277602,9963,36,0
1092,1520598953287617,9963,36,0
1093,1520598953297632,9962,37,0
1094,1520598953307647,9963,36,0
1095,1520598953317662,9962,37,0
1096,1520598953327677,9962,37,0
1097,1520598953337691,9963,37,0
1098,1520598953347706,9963,36,0
1099,1520598953357721,9962,37,0
1100,1520598953367735,9963,36,0
1101,1520598953377750,9962,37,0
1102,1520598953387765,9962,37,0
1103,1520598953397780,9963,36,0
1104,1520598953407794,9963,36,0
1105,1520598953417809,9962,37,0
1106,1520598953427824,9963,36,0
1107,1520598953437839,9962,37,0
1108,1520598953447853,9961,38,0
1109,1520598953457868,9962,37,0
1110,1520598953467883,9962,37,0
1111,1520598953477898,9962,37,0
1112,1520598953487912,9963,36,0
1113,1520598953497927,9962,37,0
1114,1520598953507941,9962,37,0
1115,1520598953517956,9962,37,0
1116,1520598953527971,9963,36,0
1117,1520598953537985,9962,37,0
1118,1520598953548000,9962,37,0
1119,1520598953558015,9962,37,0
1120,1520598953568029,9962,37,0
1121,1520598953578044,9962,37,0
1122,1520598953588058,9962,37,0
1123,1520598953598073,9962,37,0
1124,1520598953608088,9962,37,0
1125,1520598953618103,9962,37,0
1126,1520598953628118,9962,37,0
1127,1520598953638133,9962,37,0
1128,1520598953648148,9962,37,0
1129,1520598953658162,9962,37,0
1130,1520598953668177,9963,37,0
1131,1520598953678192,9962,37,0
1132,1520598953688206,9963,36,0
1133,1520598953698221,9962,37,0
1134,1520598953708236,9963,36,0
1135,1520598953718251,9962,37,0
1136,1520598953728265,9962,37,0
1137,1520598953738280,9962,37,0
1138,1520598953748295,9962,37,0
1139,1520598953758310,9963,36,0
1140,1520598953768324,9963,36,0
1141,1520598953778339,9962,37,0
1142,1520598953788354,9962,37,0
1143,1520598953798368,9962,37,0
1144,1520598953808383,9962,37,0
1145,1520598953818398,9962,37,0
1146,1520598953828412,9962,37,0
1147,1520598953838427,9963,36,0
1148,1520598953848442,9962,37,0
1149,1520598953858456,9962,37,0
1150,1520598953868471,9962,37,0
1151,1520598953878486,9962,37,0
1152,1520598953888501,9963,36,0
1153,1520598953898516,9962,37,0
1154,1520598953908530,9962,37,0
1155,1520598953918545,9963,36,0
1156,1520598953928560,9962,37,0
1157,1520598953938575,9963,37,0
1158,1520598953948589,9963,36,0
1159,1520598953958604,9962,37,0
1160,1520598953968619,9962,37,0
1161,1520598953978634,9962,37,0
1162,1520598953988649,9962,37,0
1163,1520598953998663,9962,37,0
1164,1520598954008678,9963,36,0
1165,1520598954018693,9951,48,0
1166,1520598954028708,9962,37,0
1167,1520598954038722,9950,49,0
1168,1520598954048737,9963,36,0
1169,1520598954058752,9963,36,0
1170,1520598954068767,9962,37,0
1171,1520598954078782,9963,36,0
1172,1520598954088796,9963,36,0
1173,1520598954098811,9963,36,0
1174,1520598954108826,9963,36,0
1175,1520598954118841,9963,36,0
1176,1520598954128856,9963,36,0
1177,1520598954138870,9963,36,0
1178,1520598954148885,9962,37,0
1179,1520598954158900,9963,36,0
1180,1520598954168915,9963,36,0
1181,1520598954178930,9962,37,0
1182,1520598954188945,9963,36,0
1183,1520598954198959,9962,37,0
1184,1520598954208974,9962,37,0
1185,1520598954218989,9963,36,0
1186,1520598954229004,9962,37,0
1187,1520598954239018,9962,37,0
1188,1520598954249033,9963,36,0
1189,1520598954259048,9963,36,0
1190,1520598954269063,9963,36,0
1191,1520598954279077,9963,36,0
1192,1520598954289092,9962,37,0
1193,1520598954299107,9962,37,0
1194,1520598954309122,9962,37,0
1195,1520598954319137,9955,44,0
1196,1520598954329151,9962,37,0
1197,1520598954339166,9962,37,0
1198,1520598954349181,9962,37,0
1199,1520598954359195,9962,37,0
1200,1520598954369210,9962,37,0
1201,1520598954379225,9963,36,0
1202,1520598954389240,9962,37,0
1203,1520598954399254,9960,39,0
1204,1520598954409269,9962,37,0
1205,1520598954419284,9963,36,0
1206,1520598954429299,9962,37,0
1207,1520598954439314,9962,37,0
1208,1520598954449329,9963,37,0
1209,1520598954459343,9962,37,0
1210,1520598954469358,9962,37,0
1211,1520598954479373,9962,37,0
1212,1520598954489387,9963,36,0
1213,1520598954499402,9962,37,0
1214,1520598954509417,9963,36,0
1215,1520598954519431,9962,37,0
1216,1520598954529446,9962,37,0
1217,1520598954539461,9962,37,0
1218,1520598954549475,9962,37,0
1219,1520598954559490,9963,36,0
1220,1520598954569504,9962,37,0
1221,1520598954579519,9962,37,0
1222,1520598954589534,9963,36,0
1223,1520598954599549,9963,36,0
1224,1520598954609564,9962,37,0
1225,1520598954619578,9962,37,0
1226,1520598954629593,9962,37,0
1227,1520598954639608,9962,37,0
1228,1520598954649623,9963,36,0
1229,1520598954659638,9962,37,0
1230,1520598954669653,9962,37,0
1231,1520598954679667,9962,37,0
1232,1520598954689682,9963,36,0
1233,1520598954699697,9962,37,0
1234,1520598954709711,9963,36,0
1235,1520598954719726,9962,37,0
1236,1520598954729741,9962,37,0
1237,1520598954739755,9962,37,0
1238,1520598954749770,9963,36,0
1239,1520598954759785,9963,37,0
1240,1520598954769799,9962,37,0
1241,1520598954779814,9963,36,0
1242,1520598954789829,9962,37,0
1243,1520598954799843,9962,37,0
1244,1520598954809858,9962,37,0
1245,1520598954819873,9962,37,0
1246,1520598954829888,9962,37,0
1247,1520598954839902,9962,37,0
1248,1520598954849917,9963,36,0
1249,1520598954859932,9962,37,0
1250,1520598954869947,9962,37,0
1251,1520598954879961,9962,37,0
1252,1520598954889976,9962,37,0
1253,1520598954899991,9962,37,0
1254,1520598954910006,9963,36,0
1255,1520598954920020,9962,37,0
1256,1520598954930035,9962,37,0
1257,1520598954940049,9962,37,0
1258,1520598954950064,9962,37,0
1259,1520598954960079,9963,36,0
1260,1520598954970094,9963,36,0
1261,1520598954980108,9963,36,0
1262,1520598954990123,9962,37,0
1263,1520598955000138,9962,37,0
1264,1520598955010153,9963,36,0
1265,1520598955020167,9962,37,0
1266,1520598955030182,9963,36,0
1267,1520598955040197,9962,37,0
1268,1520598955050212,9963,36,0
1269,1520598955060226,9963,37,0
1270,1520598955070241,9963,36,0
1271,1520598955080255,9963,36,0
1272,1520598955090270,9963,36,0
1273,1520598955100285,9963,36,0
1274,1520598955110300,9963,36,0
1275,1520598955120314,9963,36,0
1276,1520598955130329,9962,37,0
1277,1520598955140344,9962,37,0
1278,1520598955150359,9963,36,0
1279,1520598955160374,9963,36,0
1280,1520598955170388,9962,37,0
1281,1520598955180403,9962,37,0
1282,1520598955190418,9962,37,0
1283,1520598955200432,9963,37,0
1284,1520598955210447,9963,36,0
1285,1520598955220462,9962,37,0
1286,1520598955230477,9962,37,0
1287,1520598955240492,9962,37,0
1288,1520598955250507,9962,37,0
1289,1520598955260521,9962,37,0
1290,1520598955270536,9963,36,0
1291,1520598955280551,9962,37,0
1292,1520598955290566,9963,36,0
1293,1520598955300580,9962,37,0
1294,1520598955310595,9962,37,0
1295,1520598955320610,9950,49,0
1296,1520598955330625,9962,37,0
1297,1520598955340640,9963,36,0
1298,1520598955350654,9962,37,0
1299,1520598955360669,9962,37,0
1300,1520598955370683,9963,36,0
1301,1520598955380698,9963,36,0
1302,1520598955390713,9962,37,0
1303,1520598955400727,9962,37,0
1304,1520598955410742,9962,37,0
1305,1520598955420757,9962,37,0
1306,1520598955430772,9960,39,0
1307,1520598955440787,9962,37,0
1308,1520598955450801,9962,37,0
1309,1520598955460816,9962,37,0
1310,1520598955470831,9963,36,0
1311,1520598955480846,9962,37,0
1312,1520598955490860,9963,36,0
1313,1520598955500875,9962,37,0
1314,1520598955510890,9963,36,0
1315,1520598955520905,9962,37,0
1316,1520598955530919,9962,37,0
1317,1520598955540934,9962,37,0
1318,1520598955550949,9962,37,0
1319,1520598955560963,9963,36,0
1320,1520598955570978,9963,36,0
1321,1520598955580993,9962,37,0
1322,1520598955591008,9962,37,0
1323,1520598955601022,9962,37,0
1324,1520598955611037,9962,37,0
1325,1520598955621052,9962,37,0
1326,1520598955631067,9962,37,0
1327,1520598955641081,9962,37,0
1328,1520598955651096,9963,36,0
1329,1520598955661110,9962,37,0
1330,1520598955671125,9953,46,0
1331,1520598955681143,9962,37,0
1332,1520598955691158,9962,37,0
1333,1520598955701172,9962,37,0
1334,1520598955711187,9962,37,0
1335,1520598955721202,9962,37,0
1336,1520598955731216,9963,36,0
1337,1520598955741231,9962,37,0
1338,1520598955751246,9962,37,0
1339,1520598955761261,9963,36,0
1340,1520598955771275,9962,37,0
1341,1520598955781290,9963,36,0
1342,1520598955791304,9962,37,0
1343,1520598955801319,9962,37,0
1344,1520598955811334,9963,36,0
1345,1520598955821349,9963,36,0
1346,1520598955831363,9962,37,0
1347,1520598955841378,9962,37,0
1348,1520598955851393,9962,37,0
1349,1520598955861408,9962,37,0
1350,1520598955871422,9963,36,0
1351,1520598955881437,9962,37,0
1352,1520598955891451,9963,36,0
1353,1520598955901466,9963,36,0
1354,1520598955911480,9963,36,0
1355,1520598955921495,9962,37,0
1356,1520598955931510,9963,36,0
1357,1520598955941525,9962,37,0
1358,1520598955951540,9962,37,0
1359,1520598955961554,9963,37,0
1360,1520598955971569,9962,37,0
1361,1520598955981584,9962,37,0
1362,1520598955991598,9962,37,0
1363,1520598956001613,9963,36,0
1364,1520598956011628,9963,36,0
1365,1520598956021642,9963,36,0
1366,1520598956031657,9963,36,0
1367,1520598956041671,9962,37,0
1368,1520598956051686,9963,37,0
1369,1520598956061701,9963,36,0
1370,1520598956071716,9962,37,0
1371,1520598956081730,9962,37,0
1372,1520598956091745,9963,36,0
1373,1520598956101760,9963,36,0
1374,1520598956111775,9963,36,0
1375,1520598956121789,9962,37,0
1376,1520598956131804,9963,36,0
1377,1520598956141818,9962,37,0
1378,1520598956151833,9963,36,0
1379,1520598956161848,9962,37,0
1380,1520598956171862,9963,36,0
1381,1520598956181877,9962,37,0
1382,1520598956191892,9963,36,0
1383,1520598956201906,9962,37,0
1384,1520598956211921,9962,37,0
1385,1520598956221936,9962,37,0
1386,1520598956231950,9963,36,0
1387,1520598956241965,9962,37,0
1388,1520598956251979,9962,37,0
1389,1520598956261994,9962,37,0
1390,1520598956272009,9962,37,0
1391,1520598956282023,9963,36,0
1392,1520598956292038,9962,37,0
1393,1520598956302052,9962,37,0
1394,1520598956312067,9962,37,0
1395,1520598956322082,9962,37,0
1396,1520598956332097,9962,37,0
1397,1520598956342112,9962,37,0
1398,1520598956352126,9963,37,0
1399,1520598956362141,9962,37,0
1400,1520598956372156,9962,37,0
1401,1520598956382170,9962,37,0
1402,1520598956392185,9962,37,0
1403,1520598956402199,9962,37,0
1404,1520598956412214,9963,36,0
1405,1520598956422229,9962,37,0
1406,1520598956432244,9962,37,0
1407,1520598956442259,9963,36,0
1408,1520598956452273,9962,37,0
1409,1520598956462288,9962,37,0
1410,1520598956472303,9962,37,0
1411,1520598956482318,9962,37,0
1412,1520598956492332,9963,36,0
1413,1520598956502347,9962,37,0
1414,1520598956512361,9963,36,0
1415,1520598956522376,9962,37,0
1416,1520598956532391,9962,37,0
1417,1520598956542405,9962,37,0
1418,1520598956552420,9962,37,0
1419,1520598956562435,9962,37,0
1420,1520598956572450,9962,37,0
1421,1520598956582464,9963,36,0
1422,1520598956592479,9963,36,0
1423,1520598956602494,9949,50,0
1424,1520598956612509,9963,36,0
1425,1520598956622525,9962,37,0
1426,1520598956632539,9962,37,0
1427,1520598956642554,9962,37,0
1428,1520598956652569,9963,36,0
1429,1520598956662584,9963,36,0
1430,1520598956672598,9962,37,0
1431,1520598956682613,9962,37,0
1432,1520598956692628,9963,36,0
1433,1520598956702642,9963,36,0
1434,1520598956712657,9962,37,0
1435,1520598956722672,9963,36,0
1436,1520598956732686,9962,37,0
1437,1520598956742701,9962,37,0
1438,1520598956752716,9963,36,0
1439,1520598956762730,9962,37,0
1440,1520598956772745,9962,37,0
1441,1520598956782760,9963,37,0
1442,1520598956792774,9963,36,0
1443,1520598956802789,9963,36,0
1444,1520598956812803,9962,37,0
1445,1520598956822818,9963,36,0
1446,1520598956832833,9962,37,0
1447,1520598956842847,9963,36,0
1448,1520598956852862,9962,37,0
1449,1520598956862877,9962,37,0
1450,1520598956872891,9962,37,0
1451,1520598956882906,9962,37,0
1452,1520598956892920,9962,37,0
1453,1520598956902935,9963,36,0
1454,1520598956912949,9962,37,0
1455,1520598956922964,9962,37,0
1456,1520598956932979,9962,37,0
1457,1520598956942993,9962,37,0
1458,1520598956953008,9963,36,0
1459,1520598956963023,9963,36,0
1460,1520598956973037,9963,36,0
1461,1520598956983052,9962,37,0
1462,1520598956993067,9962,37,0
1463,1520598957003081,9962,37,0
1464,1520598957013096,9962,37,0
1465,1520598957023111,9954,45,0
1466,1520598957033126,9963,36,0
1467,1520598957043140,9958,41,0
1468,1520598957053155,9962,37,0
1469,1520598957063170,9962,37,0
1470,1520598957073184,9963,36,0
1471,1520598957083199,9962,37,0
1472,1520598957093214,9962,37,0
1473,1520598957103229,9963,36,0
1474,1520598957113243,9963,36,0
1475,1520598957123258,9962,37,0
1476,1520598957133273,9963,36,0
1477,1520598957143287,9962,37,0
1478,1520598957153302,9962,37,0
1479,1520598957163317,9963,36,0
1480,1520598957173331,9962,37,0
1481,1520598957183346,9962,37,0
1482,1520598957193360,9963,36,0
1483,1520598957203375,9963,36,0
1484,1520598957213390,9962,37,0
1485,1520598957223404,9963,36,0
1486,1520598957233419,9962,37,0
1487,1520598957243434,9963,37,0
1488,1520598957253449,9962,37,0
1489,1520598957263464,9963,36,0
1490,1520598957273478,9963,36,0
1491,1520598957283493,9962,37,0
1492,1520598957293507,9962,37,0
1493,1520598957303522,9963,36,0
1494,1520598957313537,9963,36,0
1495,1520598957323551,9963,36,0
1496,1520598957333566,9962,37,0
1497,1520598957343580,9962,37,0
1498,1520598957353595,9962,37,0
1499,1520598957363610,9962,37,0
1500,1520598957373624,9962,37,0
1501,1520598957383639,9963,36,0
1502,1520598957393654,9963,36,0
1503,1520598957403669,9962,37,0
1504,1520598957413684,9962,37,0
1505,1520598957423699,9963,36,0
1506,1520598957433714,9962,37,0
1507,1520598957443728,9962,37,0
1508,1520598957453743,9962,37,0
1509,1520598957463758,9962,37,0
1510,1520598957473773,9963,36,0
1511,1520598957483788,9962,37,0
1512,1520598957493802,9962,37,0
1513,1520598957503817,9962,37,0
1514,1520598957513832,9962,37,0
1515,1520598957523847,9962,37,0
1516,1520598957533861,9962,37,0
1517,1520598957543876,9962,37,0
1518,1520598957553891,9963,36,0
1519,1520598957563905,9963,36,0
1520,1520598957573920,9962,37,0
1521,1520598957583935,9963,36,0
1522,1520598957593949,9962,37,0
1523,1520598957603964,9963,36,0
1524,1520598957613979,9962,37,0
1525,1520598957623994,9962,37,0
1526,1520598957634009,9962,37,0
1527,1520598957644024,9963,36,0
1528,1520598957654038,9963,36,0
1529,1520598957664053,9962,37,0
1530,1520598957674068,9963,36,0
1531,1520598957684083,9962,37,0
1532,1520598957694097,9962,37,0
1533,1520598957704112,9963,36,0
1534,1520598957714127,9962,37,0
1535,1520598957724141,9962,37,0
1536,1520598957734156,9962,37,0
1537,1520598957744171,9962,37,0
1538,1520598957754185,9962,37,0
1539,1520598957764200,9962,37,0
1540,1520598957774215,9963,36,0
1541,1520598957784229,9963,36,0
1542,1520598957794244,9962,37,0
1543,1520598957804259,9962,37,0
1544,1520598957814274,9963,36,0
1545,1520598957824288,9962,37,0
1546,1520598957834303,9962,37,0
1547,1520598957844318,9962,37,0
1548,1520598957854333,9962,37,0
1549,1520598957864347,9962,37,0
1550,1520598957874362,9963,36,0
1551,1520598957884377,9950,49,0
1552,1520598957894392,9962,37,0
1553,1520598957904407,9963,36,0
1554,1520598957914421,9962,37,0
1555,1520598957924436,9963,36,0
1556,1520598957934451,9962,37,0
1557,1520598957944465,9962,37,0
1558,1520598957954480,9962,37,0
1559,1520598957964495,9963,36,0
1560,1520598957974510,9962,37,0
1561,1520598957984524,9962,37,0
1562,1520598957994539,9962,37,0
1563,1520598958004554,9962,37,0
1564,1520598958014569,9962,37,0
1565,1520598958024583,9962,37,0
1566,1520598958034598,9962,37,0
1567,1520598958044613,9963,36,0
1568,1520598958054628,9962,37,0
1569,1520598958064642,9963,36,0
1570,1520598958074657,9962,37,0
1571,1520598958084672,9962,37,0
1572,1520598958094687,9963,36,0
1573,1520598958104701,9962,37,0
1574,1520598958114716,9963,37,0
1575,1520598958124730,9962,37,0
1576,1520598958134745,9963,36,0
1577,1520598958144760,9962,37,0
1578,1520598958154775,9962,37,0
1579,1520598958164789,9963,36,0
1580,1520598958174804,9963,36,0
1581,1520598958184819,9963,36,0
1582,1520598958194834,9962,37,0
1583,1520598958204848,9963,36,0
1584,1520598958214863,9962,37,0
1585,1520598958224878,9963,36,0
1586,1520598958234893,9963,36,0
1587,1520598958244908,9963,36,0
1588,1520598958254922,9962,37,0
1589,1520598958264937,9963,36,0
1590,1520598958274951,9962,37,0
1591,1520598958284966,9962,37,0
1592,1520598958294981,9962,37,0
1593,1520598958304995,9962,37,0
1594,1520598958315010,9963,36,0
1595,1520598958325025,9962,37,0
1596,1520598958335040,9962,37,0
1597,1520598958345054,9962,37,0
1598,1520598958355069,9962,37,0
1599,1520598958365084,9962,37,0
1600,1520598958375099,9962,37,0
1601,1520598958385114,9963,37,0
1602,1520598958395128,9954,45,0
1603,1520598958405146,9962,37,0
1604,1520598958415160,9962,37,0
1605,1520598958425176,9962,37,0
1606,1520598958435191,9962,37,0
1607,1520598958445205,9962,37,0
1608,1520598958455220,9962,37,0
1609,1520598958465235,9962,37,0
1610,1520598958475249,9963,36,0
1611,1520598958485264,9962,37,0
1612,1520598958495279,9963,36,0
1613,1520598958505294,9963,36,0
1614,1520598958515308,9963,37,0
1615,1520598958525323,9962,37,0
1616,1520598958535338,9963,36,0
1617,1520598958545352,9962,37,0
1618,1520598958555367,9963,36,0
1619,1520598958565382,9963,36,0
1620,1520598958575396,9962,37,0
1621,1520598958585411,9962,37,0
1622,1520598958595426,9963,36,0
1623,1520598958605440,9962,37,0
1624,1520598958615455,9962,37,0
1625,1520598958625471,9962,37,0
1626,1520598958635486,9962,37,0
1627,1520598958645501,9962,37,0
1628,1520598958655515,9962,37,0
1629,1520598958665530,9962,37,0
1630,1520598958675545,9962,37,0
1631,1520598958685560,9962,37,0
1632,1520598958695574,9962,37,0
1633,1520598958705589,9963,36,0
1634,1520598958715604,9963,36,0
1635,1520598958725619,9962,37,0
1636,1520598958735634,9962,37,0
1637,1520598958745649,9962,37,0
1638,1520598958755663,9963,36,0
1639,1520598958765678,9962,37,0
1640,1520598958775693,9963,36,0
1641,1520598958785708,9962,37,0
1642,1520598958795722,9963,36,0
1643,1520598958805737,9962,37,0
1644,1520598958815752,9963,36,0
1645,1520598958825767,9962,37,0
1646,1520598958835782,9962,37,0
1647,1520598958845796,9962,37,0
1648,1520598958855811,9962,37,0
1649,1520598958865826,9963,36,0
1650,1520598958875840,9962,37,0
1651,1520598958885855,9962,37,0
1652,1520598958895870,9962,37,0
1653,1520598958905885,9962,37,0
1654,1520598958915899,9962,37,0
1655,1520598958925914,9963,36,0
1656,1520598958935929,9963,36,0
1657,1520598958945944,9962,37,0
1658,1520598958955959,9962,37,0
1659,1520598958965973,9962,37,0
1660,1520598958975988,9962,37,0
1661,1520598958986003,9962,37,0
1662,1520598958996018,9963,36,0
1663,1520598959006032,9962,37,0
1664,1520598959016047,9962,37,0
1665,1520598959026062,9963,36,0
1666,1520598959036077,9962,37,0
1667,1520598959046092,9962,37,0
1668,1520598959056106,9962,37,0
1669,1520598959066121,9962,37,0
1670,1520598959076136,9962,37,0
1671,1520598959086151,9962,37,0
1672,1520598959096165,9962,37,0
1673,1520598959106180,9962,37,0
1674,1520598959116195,9963,36,0
1675,1520598959126210,9963,36,0
1676,1520598959136224,9963,36,0
1677,1520598959146239,9963,36,0
1678,1520598959156254,9962,37,0
1679,1520598959166269,9934,65,0
1680,1520598959176284,9962,37,0
1681,1520598959186299,9963,36,0
1682,1520598959196313,9963,36,0
1683,1520598959206328,9963,36,0
1684,1520598959216342,9963,36,0
1685,1520598959226357,9962,37,0
1686,1520598959236372,9962,37,0
1687,1520598959246387,9963,36,0
1688,1520598959256402,9963,36,0
1689,1520598959266416,9963,36,0
1690,1520598959276431,9962,37,0
1691,1520598959286446,9963,36,0
1692,1520598959296461,9963,36,0
1693,1520598959306475,9962,37,0
1694,1520598959316490,9963,36,0
1695,1520598959326505,9963,37,0
1696,1520598959336519,9962,37,0
1697,1520598959346534,9963,36,0
1698,1520598959356549,9962,37,0
1699,1520598959366564,9963,36,0
1700,1520598959376578,9962,37,0
1701,1520598959386593,9962,37,0
1702,1520598959396608,9963,36,0
1703,1520598959406623,9963,36,0
1704,1520598959416639,9962,37,0
1705,1520598959426654,9961,38,0
1706,1520598959436668,9962,37,0
1707,1520598959446683,9962,37,0
1708,1520598959456697,9962,37,0
1709,1520598959466712,9962,37,0
1710,1520598959476727,9962,37,0
1711,1520598959486741,9962,37,0
1712,1520598959496756,9962,37,0
1713,1520598959506771,9962,37,0
1714,1520598959516786,9962,37,0
1715,1520598959526800,9962,37,0
1716,1520598959536815,9963,36,0
1717,1520598959546830,9962,37,0
1718,1520598959556844,9962,37,0
1719,1520598959566859,9962,37,0
1720,1520598959576874,9963,36,0
1721,1520598959586888,9963,36,0
1722,1520598959596903,9963,36,0
1723,1520598959606918,9963,36,0
1724,1520598959616933,9963,36,0
1725,1520598959626948,9962,37,0
1726,1520598959636963,9963,36,0
1727,1520598959646978,9962,37,0
1728,1520598959656993,9963,36,0
1729,1520598959667008,9962,37,0
1730,1520598959677022,9962,37,0
1731,1520598959687037,9962,37,0
1732,1520598959697052,9962,37,0
1733,1520598959707067,9962,37,0
1734,1520598959717081,9963,36,0
1735,1520598959727096,9963,36,0
1736,1520598959737111,9962,37,0
1737,1520598959747125,9954,45,0
1738,1520598959757143,9963,36,0
1739,1520598959767158,9963,36,0
1740,1520598959777173,9962,37,0
1741,1520598959787187,9963,36,0
1742,1520598959797202,9962,37,0
1743,1520598959807217,9962,37,0
1744,1520598959817232,9962,37,0
1745,1520598959827246,9963,36,0
1746,1520598959837261,9963,36,0
1747,1520598959847276,9963,36,0
1748,1520598959857291,9962,37,0
1749,1520598959867305,9963,36,0
1750,1520598959877320,9962,37,0
1751,1520598959887335,9962,37,0
1752,1520598959897350,9962,37,0
1753,1520598959907364,9962,37,0
1754,1520598959917379,9962,37,0
1755,1520598959927394,9962,37,0
1756,1520598959937408,9962,37,0
1757,1520598959947423,9963,36,0
1758,1520598959957438,9963,36,0
1759,1520598959967453,9962,37,0
1760,1520598959977467,9962,37,0
1761,1520598959987482,9962,37,0
1762,1520598959997497,9963,36,0
1763,1520598960007512,9963,36,0
1764,1520598960017526,9962,37,0
1765,1520598960027541,9962,37,0
1766,1520598960037556,9962,37,0
1767,1520598960047571,9962,37,0
1768,1520598960057585,9962,37,0
1769,1520598960067600,9962,37,0
1770,1520598960077615,9962,37,0
1771,1520598960087629,9962,37,0
1772,1520598960097644,9962,37,0
1773,1520598960107659,9963,36,0
1774,1520598960117674,9962,37,0
1775,1520598960127688,9963,36,0
1776,1520598960137703,9962,37,0
1777,1520598960147718,9962,37,0
1778,1520598960157733,9962,37,0
1779,1520598960167747,9962,37,0
1780,1520598960177762,9963,37,0
1781,1520598960187777,9963,37,0
1782,1520598960197792,9962,37,0
1783,1520598960207806,9962,37,0
1784,1520598960217821,9963,36,0
1785,1520598960227835,9963,36,0
1786,1520598960237850,9962,37,0
1787,1520598960247865,9963,36,0
1788,1520598960257880,9962,37,0
1789,1520598960267895,9963,36,0
1790,1520598960277910,9962,37,0
1791,1520598960287924,9963,36,0
1792,1520598960297939,9962,37,0
1793,1520598960307954,9963,36,0
1794,1520598960317968,9963,36,0
1795,1520598960327983,9963,36,0
1796,1520598960337997,9962,37,0
1797,1520598960348012,9963,36,0
1798,1520598960358026,9963,36,0
1799,1520598960368041,9962,37,0
1800,1520598960378056,9962,37,0
1801,1520598960388070,9963,36,0
1802,1520598960398085,9962,37,0
1803,1520598960408101,9963,36,0
1804,1520598960418116,9962,37,0
1805,1520598960428131,9962,37,0
1806,1520598960438145,9963,36,0
1807,1520598960448160,9950,49,0
1808,1520598960458175,9962,37,0
1809,1520598960468189,9962,37,0
1810,1520598960478204,9962,37,0
1811,1520598960488219,9962,37,0
1812,1520598960498234,9962,37,0
1813,1520598960508249,9962,37,0
1814,1520598960518263,9962,37,0
1815,1520598960528278,9962,37,0
1816,1520598960538293,9962,37,0
1817,1520598960548307,9962,37,0
1818,1520598960558322,9963,36,0
1819,1520598960568337,9963,36,0
1820,1520598960578351,9963,37,0
1821,1520598960588366,9963,37,0
1822,1520598960598381,9962,37,0
1823,1520598960608395,9962,37,0
1824,1520598960618411,9962,37,0
1825,1520598960628426,9962,37,0
1826,1520598960638440,9963,36,0
1827,1520598960648455,9963,36,0
1828,1520598960658470,9962,37,0
1829,1520598960668485,9962,37,0
1830,1520598960678499,9962,37,0
1831,1520598960688514,9963,36,0
1832,1520598960698529,9962,37,0
1833,1520598960708544,9963,36,0
1834,1520598960718558,9962,37,0
1835,1520598960728573,9962,37,0
1836,1520598960738588,9963,36,0
1837,1520598960748602,9963,36,0
1838,1520598960758617,9962,37,0
1839,1520598960768632,9962,37,0
1840,1520598960778647,9962,37,0
1841,1520598960788661,9962,37,0
1842,1520598960798676,9963,37,0
1843,1520598960808690,9962,37,0
1844,1520598960818705,9962,37,0
1845,1520598960828720,9963,36,0
1846,1520598960838735,9963,36,0
1847,1520598960848749,9963,36,0
1848,1520598960858764,9963,36,0
1849,1520598960868779,9963,36,0
1850,1520598960878793,9962,37,0
1851,1520598960888808,9963,36,0
1852,1520598960898823,9962,37,0
1853,1520598960908837,9963,36,0
1854,1520598960918852,9963,36,0
1855,1520598960928867,9962,37,0
1856,1520598960938882,9963,36,0
1857,1520598960948897,9963,36,0
1858,1520598960958911,9962,37,0
1859,1520598960968926,9962,37,0
1860,1520598960978941,9962,37,0
1861,1520598960988956,9962,37,0
1862,1520598960998970,9963,36,0
1863,1520598961008985,9962,37,0
1864,1520598961019000,9962,37,0
1865,1520598961029014,9962,37,0
1866,1520598961039029,9963,36,0
1867,1520598961049044,9962,37,0
1868,1520598961059058,9962,37,0
1869,1520598961069073,9962,37,0
1870,1520598961079088,9962,37,0
1871,1520598961089102,9962,37,0
1872,1520598961099117,9953,46,0
1873,1520598961109132,9962,37,0
1874,1520598961119147,9954,45,0
1875,1520598961129161,9962,37,0
1876,1520598961139176,9962,37,0
1877,1520598961149191,9963,36,0
1878,1520598961159205,9963,36,0
1879,1520598961169220,9962,37,0
1880,1520598961179235,9963,36,0
1881,1520598961189250,9962,37,0
1882,1520598961199264,9963,37,0
1883,1520598961209279,9962,37,0
1884,1520598961219294,9963,36,0
1885,1520598961229308,9962,37,0
1886,1520598961239323,9962,37,0
1887,1520598961249337,9962,37,0
1888,1520598961259352,9962,37,0
1889,1520598961269367,9962,37,0
1890,1520598961279381,9963,36,0
1891,1520598961289396,9962,37,0
1892,1520598961299411,9962,37,0
1893,1520598961309425,9962,37,0
1894,1520598961319440,9963,36,0
1895,1520598961329455,9962,37,0
1896,1520598961339470,9962,37,0
1897,1520598961349484,9962,37,0
1898,1520598961359499,9962,37,0
1899,1520598961369514,9962,37,0
1900,1520598961379528,9963,36,0
1901,1520598961389543,9962,37,0
1902,1520598961399558,9962,37,0
1903,1520598961409572,9962,37,0
1904,1520598961419587,9963,36,0
1905,1520598961429602,9962,37,0
1906,1520598961439617,9962,37,0
1907,1520598961449631,9962,37,0
1908,1520598961459646,9963,36,0
1909,1520598961469661,9962,37,0
1910,1520598961479675,9963,36,0
1911,1520598961489690,9962,37,0
1912,1520598961499705,9962,37,0
1913,1520598961509720,9962,37,0
1914,1520598961519734,9962,37,0
1915,1520598961529749,9962,37,0
1916,1520598961539763,9962,37,0
1917,1520598961549778,9963,36,0
1918,1520598961559793,9963,36,0
1919,1520598961569807,9962,37,0
1920,1520598961579822,9962,37,0
1921,1520598961589837,9962,37,0
1922,1520598961599851,9962,37,0
1923,1520598961609866,9962,37,0
1924,1520598961619881,9962,37,0
1925,1520598961629896,9962,37,0
1926,1520598961639911,9962,37,0
1927,1520598961649925,9962,37,0
1928,1520598961659940,9962,37,0
1929,1520598961669954,9963,36,0
1930,1520598961679969,9963,36,0
1931,1520598961689984,9963,36,0
1932,1520598961699998,9963,36,0
1933,1520598961710013,9963,36,0
1934,1520598961720027,9963,36,0
1935,1520598961730042,9962,37,0
1936,1520598961740056,9962,37,0
1937,1520598961750071,9963,36,0
1938,1520598961760085,9962,37,0
1939,1520598961770100,9963,36,0
1940,1520598961780115,9962,37,0
1941,1520598961790129,9962,37,0
1942,1520598961800144,9962,37,0
1943,1520598961810159,9962,37,0
1944,1520598961820174,9962,37,0
1945,1520598961830188,9963,36,0
1946,1520598961840203,9963,36,0
1947,1520598961850218,9963,36,0
1948,1520598961860232,9962,37,0
1949,1520598961870247,9962,37,0
1950,1520598961880262,9962,37,0
1951,1520598961890276,9962,37,0
1952,1520598961900291,9963,36,0
1953,1520598961910305,9963,36,0
1954,1520598961920320,9963,36,0
1955,1520598961930335,9963,36,0
1956,1520598961940350,9962,37,0
1957,1520598961950364,9963,36,0
1958,1520598961960379,9962,37,0
1959,1520598961970394,9962,37,0
1960,1520598961980409,9962,37,0
1961,1520598961990423,9963,36,0
1962,1520598962000438,9962,37,0
1963,1520598962010453,9962,37,0
1964,1520598962020467,9962,37,0
1965,1520598962030482,9962,37,0
1966,1520598962040496,9962,37,0
1967,1520598962050511,9962,37,0
1968,1520598962060526,9962,37,0
1969,1520598962070540,9963,36,0
1970,1520598962080555,9963,36,0
1971,1520598962090570,9963,36,0
1972,1520598962100585,9963,36,0
1973,1520598962110599,9962,37,0
1974,1520598962120614,9963,36,0
1975,1520598962130629,9962,37,0
1976,1520598962140644,9962,37,0
1977,1520598962150658,9962,37,0
1978,1520598962160673,9962,37,0
1979,1520598962170687,9963,37,0
1980,1520598962180702,9962,37,0
1981,1520598962190717,9963,36,0
1982,1520598962200732,9962,37,0
1983,1520598962210746,9963,36,0
1984,1520598962220761,9963,36,0
1985,1520598962230776,9962,37,0
1986,1520598962240790,9963,36,0
1987,1520598962250805,9963,37,0
1988,1520598962260820,9963,36,0
1989,1520598962270834,9963,36,0
1990,1520598962280849,9962,37,0
1991,1520598962290864,9962,37,0
1992,1520598962300879,9963,36,0
1993,1520598962310894,9962,37,0
1994,1520598962320908,9962,37,0
1995,1520598962330923,9962,37,0
1996,1520598962340938,9962,37,0
1997,1520598962350952,9962,37,0
1998,1520598962360967,9963,36,0
1999,1520598962370982,9962,37,0
2000,1520598962380996,9962,37,0
2001,1520598962391011,9962,37,0
2002,1520598962401026,9963,36,0
2003,1520598962411040,9963,36,0
2004,1520598962421055,9962,37,0
2005,1520598962431070,9962,37,0
2006,1520598962441084,9961,38,0
2007,1520598962451099,9963,36,0
2008,1520598962461114,9962,37,0
2009,1520598962471128,9954,45,0
2010,1520598962481146,9962,37,0
2011,1520598962491161,9962,37,0
2012,1520598962501175,9962,37,0
2013,1520598962511190,9963,36,0
2014,1520598962521204,9962,37,0
2015,1520598962531219,9963,36,0
2016,1520598962541234,9962,37,0
2017,1520598962551248,9962,37,0
2018,1520598962561263,9962,37,0
2019,1520598962571278,9962,37,0
2020,1520598962581293,9962,37,0
2021,1520598962591308,9962,37,0
2022,1520598962601323,9962,37,0
2023,1520598962611337,9962,37,0
2024,1520598962621353,9962,37,0
2025,1520598962631367,9962,37,0
2026,1520598962641382,9962,37,0
2027,1520598962651397,9962,37,0
2028,1520598962661412,9962,37,0
2029,1520598962671427,9963,36,0
2030,1520598962681441,9963,36,0
2031,1520598962691456,9962,37,0
2032,1520598962701471,9963,36,0
2033,1520598962711486,9963,36,0
2034,1520598962721500,9963,36,0
2035,1520598962731515,9963,36,0
2036,1520598962741530,9962,37,0
2037,1520598962751544,9963,36,0
2038,1520598962761559,9963,36,0
2039,1520598962771574,9963,36,0
2040,1520598962781588,9963,36,0
2041,1520598962791603,9962,37,0
2042,1520598962801618,9962,37,0
2043,1520598962811633,9963,36,0
2044,1520598962821648,9962,37,0
2045,1520598962831663,9963,36,0
2046,1520598962841677,9961,38,0
2047,1520598962851692,9962,37,0
2048,1520598962861707,9962,37,0
2049,1520598962871722,9934,65,0
2050,1520598962881737,9962,37,0
2051,1520598962891752,9962,37,0
2052,1520598962901766,9962,37,0
2053,1520598962911781,9962,37,0
2054,1520598962921796,9963,36,0
2055,1520598962931810,9963,36,0
2056,1520598962941825,9962,37,0
2057,1520598962951840,9962,37,0
2058,1520598962961854,9962,37,0
2059,1520598962971869,9962,37,0
2060,1520598962981884,9963,36,0
2061,1520598962991898,9962,37,0
2062,1520598963001913,9963,36,0
2063,1520598963011928,9951,48,0
2064,1520598963021943,9963,37,0
2065,1520598963031958,9962,37,0
2066,1520598963041972,9962,37,0
2067,1520598963051987,9963,36,0
2068,1520598963062001,9962,37,0
2069,1520598963072016,9962,37,0
2070,1520598963082031,9963,36,0
2071,1520598963092046,9963,36,0
2072,1520598963102060,9963,36,0
2073,1520598963112075,9962,37,0
2074,1520598963122090,9962,37,0
2075,1520598963132104,9963,36,0
2076,1520598963142119,9962,37,0
2077,1520598963152134,9962,37,0
2078,1520598963162148,9962,37,0
2079,1520598963172163,9963,36,0
2080,1520598963182178,9962,37,0
2081,1520598963192192,9963,36,0
2082,1520598963202207,9962,37,0
2083,1520598963212222,9963,36,0
2084,1520598963222237,9963,36,0
2085,1520598963232251,9962,37,0
2086,1520598963242266,9962,37,0
2087,1520598963252281,9962,37,0
2088,1520598963262296,9962,37,0
2089,1520598963272310,9962,37,0
2090,1520598963282325,9963,36,0
2091,1520598963292340,9962,37,0
2092,1520598963302354,9963,36,0
2093,1520598963312369,9962,37,0
2094,1520598963322384,9962,37,0
2095,1520598963332398,9963,36,0
2096,1520598963342413,9963,36,0
2097,1520598963352427,9963,36,0
2098,1520598963362442,9963,36,0
2099,1520598963372456,9963,36,0
2100,1520598963382471,9963,36,0
2101,1520598963392486,9963,36,0
2102,1520598963402500,9963,36,0
2103,1520598963412515,9962,37,0
2104,1520598963422530,9962,37,0
2105,1520598963432544,9963,36,0
2106,1520598963442559,9962,37,0
2107,1520598963452574,9963,36,0
2108,1520598963462589,9961,38,0
2109,1520598963472603,9962,37,0
2110,1520598963482618,9963,36,0
2111,1520598963492633,9962,37,0
2112,1520598963502647,9962,37,0
2113,1520598963512661,9962,37,0
2114,1520598963522676,9962,37,0
2115,1520598963532691,9962,37,0
2116,1520598963542705,9962,37,0
2117,1520598963552720,9962,37,0
2118,1520598963562734,9962,37,0
2119,1520598963572749,9962,37,0
2120,1520598963582763,9962,37,0
2121,1520598963592778,9963,36,0
2122,1520598963602793,9962,37,0
2123,1520598963612808,9962,37,0
2124,1520598963622823,9962,37,0
2125,1520598963632838,9963,36,0
2126,1520598963642853,9963,36,0
2127,1520598963652867,9962,37,0
2128,1520598963662882,9962,37,0
2129,1520598963672896,9962,37,0
2130,1520598963682911,9962,37,0
2131,1520598963692926,9962,37,0
2132,1520598963702940,9962,37,0
2133,1520598963712955,9962,37,0
2134,1520598963722970,9962,37,0
2135,1520598963732985,9962,37,0
2136,1520598963743000,9962,37,0
2137,1520598963753014,9963,36,0
2138,1520598963763029,9962,37,0
2139,1520598963773044,9962,37,0
2140,1520598963783058,9962,37,0
2141,1520598963793073,9962,37,0
2142,1520598963803088,9963,36,0
2143,1520598963813102,9962,37,0
2144,1520598963823117,9953,46,0
2145,1520598963833131,9962,37,0
2146,1520598963843146,9954,45,0
2147,1520598963853161,9963,36,0
2148,1520598963863175,9962,37,0
2149,1520598963873190,9962,37,0
2150,1520598963883205,9963,36,0
2151,1520598963893219,9962,37,0
2152,1520598963903234,9962,37,0
2153,1520598963913249,9962,37,0
2154,1520598963923263,9963,36,0
2155,1520598963933278,9963,36,0
2156,1520598963943293,9962,37,0
2157,1520598963953307,9962,37,0
2158,1520598963963322,9963,36,0
2159,1520598963973337,9963,36,0
2160,1520598963983351,9962,37,0
2161,1520598963993366,9963,36,0
2162,1520598964003381,9963,36,0
2163,1520598964013396,9962,37,0
2164,1520598964023410,9962,37,0
2165,1520598964033425,9963,36,0
2166,1520598964043440,9963,36,0
2167,1520598964053455,9962,37,0
2168,1520598964063470,9962,37,0
2169,1520598964073485,9962,37,0
2170,1520598964083499,9962,37,0
2171,1520598964093514,9962,37,0
2172,1520598964103529,9962,37,0
2173,1520598964113544,9963,36,0
2174,1520598964123558,9962,37,0
2175,1520598964133573,9962,37,0
2176,1520598964143588,9963,36,0
2177,1520598964153603,9963,36,0
2178,1520598964163617,9962,37,0
2179,1520598964173632,9962,37,0
2180,1520598964183647,9962,37,0
2181,1520598964193661,9962,37,0
2182,1520598964203676,9962,37,0
2183,1520598964213690,9963,36,0
2184,1520598964223705,9962,37,0
2185,1520598964233720,9962,37,0
2186,1520598964243735,9963,36,0
2187,1520598964253749,9962,37,0
2188,1520598964263764,9963,36,0
2189,1520598964273779,9951,48,0
2190,1520598964283793,9962,37,0
2191,1520598964293809,9950,49,0
2192,1520598964303823,9962,37,0
2193,1520598964313838,9963,36,0
2194,1520598964323853,9962,37,0
2195,1520598964333868,9963,36,0
2196,1520598964343882,9962,37,0
2197,1520598964353897,9962,37,0
2198,1520598964363912,9962,37,0
2199,1520598964373926,9962,37,0
2200,1520598964383941,9963,36,0
2201,1520598964393956,9962,37,0
2202,1520598964403971,9963,36,0
2203,1520598964413986,9962,37,0
2204,1520598964424001,9960,39,0
2205,1520598964434015,9962,37,0
2206,1520598964444030,9962,37,0
2207,1520598964454045,9963,36,0
2208,1520598964464060,9963,36,0
2209,1520598964474074,9962,37,0
2210,1520598964484089,9962,37,0
2211,1520598964494104,9963,37,0
2212,1520598964504118,9962,37,0
2213,1520598964514133,9962,37,0
2214,1520598964524147,9962,37,0
2215,1520598964534162,9962,37,0
2216,1520598964544177,9962,37,0
2217,1520598964554192,9962,37,0
2218,1520598964564207,9962,37,0
2219,1520598964574221,9962,37,0
2220,1520598964584236,9962,37,0
2221,1520598964594251,9962,37,0
2222,1520598964604266,9962,37,0
2223,1520598964614280,9963,36,0
2224,1520598964624296,9962,37,0
2225,1520598964634310,9962,37,0
2226,1520598964644325,9962,37,0
2227,1520598964654340,9962,37,0
2228,1520598964664354,9962,37,0
2229,1520598964674369,9962,37,0
2230,1520598964684383,9962,37,0
2231,1520598964694398,9962,37,0
2232,1520598964704413,9962,37,0
2233,1520598964714428,9963,36,0
2234,1520598964724442,9962,37,0
2235,1520598964734457,9962,37,0
2236,1520598964744472,9962,37,0
2237,1520598964754486,9962,37,0
2238,1520598964764501,9962,37,0
2239,1520598964774515,9962,37,0
2240,1520598964784530,9962,37,0
2241,1520598964794545,9963,36,0
2242,1520598964804559,9962,37,0
2243,1520598964814574,9963,36,0
2244,1520598964824589,9963,36,0
2245,1520598964834603,9963,36,0
2246,1520598964844618,9962,37,0
2247,1520598964854633,9962,37,0
2248,1520598964864647,9962,37,0
2249,1520598964874662,9962,37,0
2250,1520598964884677,9962,37,0
2251,1520598964894691,9962,37,0
2252,1520598964904706,9962,37,0
2253,1520598964914720,9962,37,0
2254,1520598964924735,9962,37,0
2255,1520598964934750,9962,37,0
2256,1520598964944765,9962,37,0
2257,1520598964954779,9963,37,0
2258,1520598964964794,9962,37,0
2259,1520598964974808,9963,36,0
2260,1520598964984823,9962,37,0
2261,1520598964994838,9962,37,0
2262,1520598965004853,9962,37,0
2263,1520598965014867,9962,37,0
2264,1520598965024882,9962,37,0
2265,1520598965034897,9962,37,0
2266,1520598965044912,9962,37,0
2267,1520598965054926,9962,37,0
2268,1520598965064941,9962,37,0
2269,1520598965074956,9962,37,0
2270,1520598965084970,9962,37,0
2271,1520598965094985,9962,37,0
2272,1520598965105000,9962,37,0
2273,1520598965115014,9963,36,0
2274,1520598965125029,9962,37,0
2275,1520598965135044,9962,37,0
2276,1520598965145058,9962,37,0
2277,1520598965155073,9962,37,0
2278,1520598965165087,9963,36,0
2279,1520598965175102,9962,37,0
2280,1520598965185116,9962,37,0
2281,1520598965195131,9954,45,0
2282,1520598965205147,9962,37,0
2283,1520598965215162,9962,37,0
2284,1520598965225176,9962,37,0
2285,1520598965235191,9962,37,0
2286,1520598965245206,9962,37,0
2287,1520598965255220,9963,36,0
2288,1520598965265235,9962,37,0
2289,1520598965275250,9962,37,0
2290,1520598965285264,9963,36,0
2291,1520598965295279,9962,37,0
2292,1520598965305294,9962,37,0
2293,1520598965315308,9963,37,0
2294,1520598965325323,9962,37,0
2295,1520598965335337,9963,36,0
2296,1520598965345352,9963,36,0
2297,1520598965355367,9963,36,0
2298,1520598965365381,9963,36,0
2299,1520598965375396,9962,37,0
2300,1520598965385410,9962,37,0
2301,1520598965395425,9962,37,0
2302,1520598965405439,9962,37,0
2303,1520598965415454,9961,38,0
2304,1520598965425469,9963,36,0
2305,1520598965435483,9962,37,0
2306,1520598965445498,9961,38,0
2307,1520598965455513,9963,36,0
2308,1520598965465527,9962,37,0
2309,1520598965475542,9962,37,0
2310,1520598965485557,9962,37,0
2311,1520598965495571,9962,37,0
2312,1520598965505586,9962,37,0
2313,1520598965515600,9963,36,0
2314,1520598965525615,9963,36,0
2315,1520598965535630,9962,37,0
2316,1520598965545644,9962,37,0
2317,1520598965555659,9963,36,0
2318,1520598965565673,9962,37,0
2319,1520598965575688,9950,49,0
2320,1520598965585703,9962,37,0
2321,1520598965595718,9962,37,0
2322,1520598965605732,9962,37,0
2323,1520598965615747,9962,37,0
2324,1520598965625762,9962,37,0
2325,1520598965635777,9962,37,0
2326,1520598965645791,9962,37,0
2327,1520598965655806,9962,37,0
2328,1520598965665820,9962,37,0
2329,1520598965675835,9962,37,0
2330,1520598965685849,9962,37,0
2331,1520598965695864,9963,36,0
2332,1520598965705879,9962,37,0
2333,1520598965715894,9962,37,0
2334,1520598965725908,9962,38,0
2335,1520598965735923,9962,37,0
2336,1520598965745938,9962,37,0
2337,1520598965755953,9963,36,0
2338,1520598965765967,9962,37,0
2339,1520598965775982,9962,37,0
2340,1520598965785997,9963,36,0
2341,1520598965796011,9962,37,0
2342,1520598965806026,9963,36,0
2343,1520598965816041,9963,36,0
2344,1520598965826055,9962,37,0
2345,1520598965836070,9962,37,0
2346,1520598965846085,9962,37,0
2347,1520598965856100,9963,36,0
2348,1520598965866114,9963,36,0
2349,1520598965876129,9962,37,0
2350,1520598965886143,9963,36,0
2351,1520598965896158,9962,37,0
2352,1520598965906173,9963,36,0
2353,1520598965916188,9963,36,0
2354,1520598965926202,9962,37,0
2355,1520598965936217,9962,37,0
2356,1520598965946232,9962,37,0
2357,1520598965956247,9963,36,0
2358,1520598965966262,9962,37,0
2359,1520598965976276,9962,37,0
2360,1520598965986291,9962,37,0
2361,1520598965996305,9963,36,0
2362,1520598966006320,9963,36,0
2363,1520598966016335,9963,36,0
2364,1520598966026349,9963,36,0
2365,1520598966036364,9962,37,0
2366,1520598966046378,9962,37,0
2367,1520598966056393,9962,37,0
2368,1520598966066408,9962,37,0
2369,1520598966076422,9963,36,0
2370,1520598966086437,9962,37,0
2371,1520598966096452,9962,37,0
2372,1520598966106467,9962,37,0
2373,1520598966116481,9962,37,0
2374,1520598966126496,9962,37,0
2375,1520598966136511,9963,36,0
2376,1520598966146525,9962,37,0
2377,1520598966156540,9962,37,0
2378,1520598966166554,9963,36,0
2379,1520598966176569,9962,37,0
2380,1520598966186583,9962,37,0
2381,1520598966196598,9962,37,0
2382,1520598966206612,9963,36,0
2383,1520598966216627,9962,37,0
2384,1520598966226642,9962,37,0
2385,1520598966236656,9962,37,0
2386,1520598966246671,9963,37,0
2387,1520598966256686,9962,37,0
2388,1520598966266700,9962,37,0
2389,1520598966276715,9962,37,0
2390,1520598966286729,9962,37,0
2391,1520598966296744,9963,36,0
2392,1520598966306759,9962,37,0
2393,1520598966316773,9963,37,0
2394,1520598966326788,9963,36,0
2395,1520598966336802,9962,37,0
2396,1520598966346817,9963,36,0
2397,1520598966356832,9962,37,0
2398,1520598966366846,9963,36,0
2399,1520598966376861,9962,37,0
2400,1520598966386876,9962,37,0
2401,1520598966396890,9962,37,0
2402,1520598966406905,9962,37,0
2403,1520598966416920,9962,37,0
2404,1520598966426934,9962,37,0
2405,1520598966436949,9963,36,0
2406,1520598966446964,9963,36,0
2407,1520598966456979,9962,37,0
2408,1520598966466993,9962,37,0
2409,1520598966477008,9962,37,0
2410,1520598966487023,9963,37,0
2411,1520598966497038,9963,36,0
2412,1520598966507052,9962,37,0
2413,1520598966517066,9962,37,0
2414,1520598966527081,9962,37,0
2415,1520598966537096,9962,37,0
2416,1520598966547119,9963,36,0
2417,1520598966557141,9963,36,0
2418,1520598966567156,9962,37,0
2419,1520598966577171,9962,37,0
2420,1520598966587185,9963,37,0
2421,1520598966597200,9963,36,0
2422,1520598966607215,9963,36,0
2423,1520598966617231,9963,36,0
2424,1520598966627245,9963,36,0
2425,1520598966637260,9962,37,0
2426,1520598966647275,9963,36,0
2427,1520598966657289,9962,37,0
2428,1520598966667304,9963,36,0
2429,1520598966677319,9962,37,0
2430,1520598966687333,9963,36,0
2431,1520598966697348,9963,36,0
2432,1520598966707363,9962,37,0
2433,1520598966717377,9963,36,0
2434,1520598966727392,9963,36,0
2435,1520598966737407,9962,37,0
2436,1520598966747421,9963,36,0
2437,1520598966757436,9963,36,0
2438,1520598966767451,9962,37,0
2439,1520598966777466,9963,36,0
2440,1520598966787480,9962,37,0
2441,1520598966797495,9963,36,0
2442,1520598966807510,9962,37,0
2443,1520598966817524,9963,36,0
2444,1520598966827539,9962,37,0
2445,1520598966837554,9963,36,0
2446,1520598966847568,9962,37,0
2447,1520598966857583,9949,50,0
2448,1520598966867598,9963,36,0
2449,1520598966877613,9963,36,0
2450,1520598966887627,9962,37,0
2451,1520598966897642,9963,36,0
2452,1520598966907657,9962,37,0
2453,1520598966917672,9962,37,0
2454,1520598966927687,9962,37,0
2455,1520598966937701,9963,36,0
2456,1520598966947716,9963,36,0
2457,1520598966957731,9963,36,0
2458,1520598966967746,9962,37,0
2459,1520598966977761,9963,36,0
2460,1520598966987775,9962,37,0
2461,1520598966997790,9962,37,0
2462,1520598967007805,9962,37,0
2463,1520598967017820,9962,37,0
2464,1520598967027834,9962,37,0
2465,1520598967037849,9962,37,0
2466,1520598967047864,9962,37,0
2467,1520598967057879,9962,37,0
2468,1520598967067894,9962,37,0
2469,1520598967077909,9962,37,0
2470,1520598967087923,9962,37,0
2471,1520598967097938,9962,37,0
2472,1520598967107953,9963,36,0
2473,1520598967117967,9962,37,0
2474,1520598967127982,9963,36,0
2475,1520598967137997,9962,37,0
2476,1520598967148011,9963,36,0
2477,1520598967158026,9962,37,0
2478,1520598967168040,9962,37,0
2479,1520598967178055,9963,36,0
2480,1520598967188069,9962,37,0
2481,1520598967198084,9962,37,0
2482,1520598967208099,9962,37,0
2483,1520598967218113,9963,36,0
2484,1520598967228128,9962,37,0
2485,1520598967238143,9962,37,0
2486,1520598967248158,9963,36,0
2487,1520598967258173,9962,37,0
2488,1520598967268187,9963,36,0
2489,1520598967278202,9963,36,0
2490,1520598967288216,9962,37,0
2491,1520598967298231,9962,37,0
2492,1520598967308246,9962,37,0
2493,1520598967318261,9962,37,0
2494,1520598967328276,9963,36,0
2495,1520598967338290,9963,36,0
2496,1520598967348305,9962,37,0
2497,1520598967358320,9963,36,0
2498,1520598967368334,9963,36,0
2499,1520598967378349,9963,36,0
2500,1520598967388364,9963,37,0
2501,1520598967398379,9962,37,0
2502,1520598967408393,9963,36,0
2503,1520598967418408,9962,37,0
2504,1520598967428423,9962,37,0
2505,1520598967438438,9962,37,0
2506,1520598967448453,9963,36,0
2507,1520598967458467,9963,36,0
2508,1520598967468482,9962,37,0
2509,1520598967478497,9963,36,0
2510,1520598967488511,9963,37,0
2511,1520598967498526,9962,37,0
2512,1520598967508541,9963,36,0
2513,1520598967518556,9963,36,0
2514,1520598967528571,9962,37,0
2515,1520598967538585,9962,37,0
2516,1520598967548600,9962,37,0
2517,1520598967558615,9963,36,0
2518,1520598967568629,9962,38,0
2519,1520598967578644,9962,37,0
2520,1520598967588658,9962,37,0
2521,1520598967598673,9962,37,0
2522,1520598967608688,9963,36,0
2523,1520598967618703,9962,37,0
2524,1520598967628718,9962,37,0
2525,1520598967638733,9963,36,0
2526,1520598967648747,9962,37,0
2527,1520598967658762,9963,36,0
2528,1520598967668777,9962,37,0
2529,1520598967678791,9962,37,0
2530,1520598967688806,9962,37,0
2531,1520598967698821,9962,37,0
2532,1520598967708835,9962,37,0
2533,1520598967718850,9963,37,0
2534,1520598967728865,9963,37,0
2535,1520598967738879,9962,37,0
2536,1520598967748894,9963,36,0
2537,1520598967758908,9962,37,0
2538,1520598967768923,9962,37,0
2539,1520598967778938,9962,37,0
2540,1520598967788953,9962,37,0
2541,1520598967798967,9962,37,0
2542,1520598967808982,9962,37,0
2543,1520598967818997,9963,36,0
2544,1520598967829011,9963,36,0
2545,1520598967839026,9962,37,0
2546,1520598967849041,9963,36,0
2547,1520598967859055,9963,36,0
2548,1520598967869070,9962,37,0
2549,1520598967879084,9962,37,0
2550,1520598967889099,9963,36,0
2551,1520598967899113,9953,46,0
2552,1520598967909128,9962,37,0
2553,1520598967919143,9958,41,0
2554,1520598967929158,9962,37,0
2555,1520598967939172,9962,37,0
2556,1520598967949187,9962,37,0
2557,1520598967959202,9963,36,0
2558,1520598967969216,9962,37,0
2559,1520598967979231,9962,37,0
2560,1520598967989246,9962,37,0
2561,1520598967999260,9962,37,0
2562,1520598968009275,9962,37,0
2563,1520598968019289,9962,37,0
2564,1520598968029304,9962,37,0
2565,1520598968039319,9963,36,0
2566,1520598968049333,9963,36,0
2567,1520598968059348,9963,36,0
2568,1520598968069363,9962,37,0
2569,1520598968079377,9963,36,0
2570,1520598968089392,9962,37,0
2571,1520598968099407,9963,36,0
2572,1520598968109421,9963,36,0
2573,1520598968119436,9963,36,0
2574,1520598968129451,9963,36,0
2575,1520598968139466,9950,49,0
2576,1520598968149480,9962,37,0
2577,1520598968159495,9963,36,0
2578,1520598968169510,9962,37,0
2579,1520598968179525,9963,36,0
2580,1520598968189539,9962,37,0
2581,1520598968199554,9963,36,0
2582,1520598968209568,9962,37,0
2583,1520598968219583,9962,37,0
2584,1520598968229598,9962,37,0
2585,1520598968239613,9962,37,0
2586,1520598968249627,9962,37,0
2587,1520598968259642,9963,36,0
2588,1520598968269657,9962,37,0
2589,1520598968279671,9963,36,0
2590,1520598968289686,9962,37,0
2591,1520598968299700,9962,37,0
2592,1520598968309715,9962,37,0
2593,1520598968319730,9962,37,0
2594,1520598968329744,9963,36,0
2595,1520598968339759,9963,36,0
2596,1520598968349774,9962,37,0
2597,1520598968359788,9962,37,0
2598,1520598968369803,9962,37,0
2599,1520598968379818,9962,37,0
2600,1520598968389833,9963,36,0
2601,1520598968399848,9961,38,0
2602,1520598968409863,9963,36,0
2603,1520598968419878,9961,38,0
2604,1520598968429892,9963,36,0
2605,1520598968439907,9963,36,0
2606,1520598968449921,9962,37,0
2607,1520598968459936,9963,36,0
2608,1520598968469951,9962,37,0
2609,1520598968479965,9963,36,0
2610,1520598968489980,9962,37,0
2611,1520598968499994,9963,36,0
2612,1520598968510009,9963,36,0
2613,1520598968520024,9962,37,0
2614,1520598968530038,9962,37,0
2615,1520598968540053,9962,37,0
2616,1520598968550068,9963,36,0
2617,1520598968560082,9962,37,0
2618,1520598968570097,9962,37,0
2619,1520598968580111,9963,36,0
2620,1520598968590126,9962,37,0
2621,1520598968600140,9962,37,0
2622,1520598968610155,9962,37,0
2623,1520598968620171,9962,37,0
2624,1520598968630185,9962,37,0
2625,1520598968640200,9962,37,0
2626,1520598968650215,9962,37,0
2627,1520598968660229,9962,37,0
2628,1520598968670244,9962,37,0
2629,1520598968680259,9962,37,0
2630,1520598968690273,9963,36,0
2631,1520598968700288,9962,37,0
2632,1520598968710303,9962,37,0
2633,1520598968720317,9963,36,0
2634,1520598968730332,9962,37,0
2635,1520598968740347,9963,36,0
2636,1520598968750361,9962,37,0
2637,1520598968760376,9963,36,0
2638,1520598968770390,9963,36,0
2639,1520598968780405,9962,37,0
2640,1520598968790420,9962,37,0
2641,1520598968800434,9962,37,0
2642,1520598968810449,9962,37,0
2643,1520598968820463,9963,36,0
2644,1520598968830478,9962,37,0
2645,1520598968840493,9963,36,0
2646,1520598968850507,9963,36,0
2647,1520598968860522,9962,37,0
2648,1520598968870537,9962,37,0
2649,1520598968880551,9962,37,0
2650,1520598968890566,9962,37,0
2651,1520598968900581,9962,37,0
2652,1520598968910595,9962,37,0
2653,1520598968920610,9962,37,0
2654,1520598968930625,9962,37,0
2655,1520598968940640,9963,36,0
2656,1520598968950654,9962,37,0
2657,1520598968960669,9962,37,0
2658,1520598968970684,9963,36,0
2659,1520598968980699,9962,37,0
2660,1520598968990713,9962,37,0
2661,1520598969000728,9962,37,0
2662,1520598969010743,9962,37,0
2663,1520598969020758,9962,37,0
2664,1520598969030772,9962,37,0
2665,1520598969040787,9962,37,0
2666,1520598969050802,9962,37,0
2667,1520598969060816,9962,37,0
2668,1520598969070831,9962,37,0
2669,1520598969080846,9963,36,0
2670,1520598969090861,9962,37,0
2671,1520598969100876,9962,37,0
2672,1520598969110890,9962,37,0
2673,1520598969120905,9962,37,0
2674,1520598969130920,9962,37,0
2675,1520598969140934,9962,37,0
2676,1520598969150949,9962,37,0
2677,1520598969160964,9963,36,0
2678,1520598969170978,9963,36,0
2679,1520598969180993,9962,37,0
2680,1520598969191007,9963,36,0
2681,1520598969201022,9962,37,0
2682,1520598969211037,9962,37,0
2683,1520598969221051,9963,36,0
2684,1520598969231066,9962,37,0
2685,1520598969241081,9963,36,0
2686,1520598969251095,9963,36,0
2687,1520598969261110,9963,36,0
2688,1520598969271125,9954,45,0
2689,1520598969281143,9962,37,0
2690,1520598969291158,9962,37,0
2691,1520598969301172,9962,37,0
2692,1520598969311187,9962,37,0
2693,1520598969321202,9963,36,0
2694,1520598969331216,9962,37,0
2695,1520598969341231,9963,36,0
2696,1520598969351246,9962,37,0
2697,1520598969361260,9963,36,0
2698,1520598969371275,9962,37,0
2699,1520598969381290,9963,36,0
2700,1520598969391305,9962,37,0
2701,1520598969401319,9949,50,0
2702,1520598969411334,9962,37,0
2703,1520598969421349,9949,50,0
2704,1520598969431365,9962,37,0
2705,1520598969441379,9961,38,0
2706,1520598969451394,9962,37,0
2707,1520598969461409,9962,37,0
2708,1520598969471424,9962,37,0
2709,1520598969481438,9962,37,0
2710,1520598969491453,9962,37,0
2711,1520598969501468,9962,37,0
2712,1520598969511482,9963,36,0
2713,1520598969521497,9963,36,0
2714,1520598969531512,9963,36,0
2715,1520598969541526,9962,37,0
2716,1520598969551541,9963,36,0
2717,1520598969561556,9962,37,0
2718,1520598969571570,9963,36,0
2719,1520598969581585,9963,36,0
2720,1520598969591600,9962,37,0
2721,1520598969601614,9963,36,0
2722,1520598969611629,9962,37,0
2723,1520598969621645,9962,37,0
2724,1520598969631659,9962,37,0
2725,1520598969641674,9962,37,0
2726,1520598969651689,9962,37,0
2727,1520598969661703,9962,37,0
2728,1520598969671718,9962,37,0
2729,1520598969681732,9962,37,0
2730,1520598969691747,9962,37,0
2731,1520598969701762,9962,37,0
2732,1520598969711776,9963,36,0
2733,1520598969721791,9962,37,0
2734,1520598969731806,9962,37,0
2735,1520598969741821,9962,37,0
2736,1520598969751835,9963,36,0
2737,1520598969761850,9963,36,0
2738,1520598969771865,9962,37,0
2739,1520598969781879,9962,37,0
2740,1520598969791894,9963,36,0
2741,1520598969801909,9962,37,0
2742,1520598969811924,9962,37,0
2743,1520598969821938,9962,37,0
2744,1520598969831953,9962,37,0
2745,1520598969841968,9962,37,0
2746,1520598969851982,9962,37,0
2747,1520598969861997,9962,37,0
2748,1520598969872011,9962,37,0
2749,1520598969882026,9962,37,0
2750,1520598969892040,9962,37,0
2751,1520598969902055,9963,36,0
2752,1520598969912070,9962,37,0
2753,1520598969922084,9962,37,0
2754,1520598969932099,9962,37,0
2755,1520598969942113,9963,36,0
2756,1520598969952128,9962,37,0
2757,1520598969962143,9962,37,0
2758,1520598969972157,9962,37,0
2759,1520598969982172,9962,37,0
2760,1520598969992186,9962,37,0
2761,1520598970002201,9963,36,0
2762,1520598970012216,9963,36,0
2763,1520598970022230,9962,37,0
2764,1520598970032245,9963,36,0
2765,1520598970042260,9963,36,0
2766,1520598970052275,9962,37,0
2767,1520598970062289,9962,37,0
2768,1520598970072304,9962,37,0
2769,1520598970082318,9962,37,0
2770,1520598970092333,9962,37,0
2771,1520598970102348,9962,37,0
2772,1520598970112363,9963,36,0
2773,1520598970122377,9962,37,0
2774,1520598970132392,9962,37,0
2775,1520598970142407,9962,37,0
2776,1520598970152422,9962,37,0
2777,1520598970162436,9962,37,0
2778,1520598970172451,9963,36,0
2779,1520598970182466,9962,37,0
2780,1520598970192480,9963,36,0
2781,1520598970202495,9962,37,0
2782,1520598970212509,9962,37,0
2783,1520598970222524,9962,37,0
2784,1520598970232539,9962,37,0
2785,1520598970242554,9962,37,0
2786,1520598970252568,9962,37,0
2787,1520598970262582,9962,37,0
2788,1520598970272597,9962,37,0
2789,1520598970282612,9963,37,0
2790,1520598970292627,9962,37,0
2791,1520598970302641,9962,37,0
2792,1520598970312656,9962,37,0
2793,1520598970322671,9962,37,0
2794,1520598970332686,9962,37,0
2795,1520598970342700,9962,37,0
2796,1520598970352715,9962,37,0
2797,1520598970362730,9962,37,0
2798,1520598970372745,9962,37,0
2799,1520598970382759,9962,37,0
2800,1520598970392774,9962,37,0
2801,1520598970402789,9960,39,0
2802,1520598970412804,9963,37,0
2803,1520598970422819,9963,36,0
2804,1520598970432834,9962,37,0
2805,1520598970442849,9962,37,0
2806,1520598970452864,9963,36,0
2807,1520598970462878,9962,37,0
2808,1520598970472893,9962,37,0
2809,1520598970482908,9963,36,0
2810,1520598970492922,9963,36,0
2811,1520598970502937,9962,37,0
2812,1520598970512952,9963,36,0
2813,1520598970522967,9962,37,0
2814,1520598970532981,9962,37,0
2815,1520598970542996,9962,37,0
2816,1520598970553011,9963,36,0
2817,1520598970563025,9963,36,0
2818,1520598970573040,9962,37,0
2819,1520598970583055,9962,37,0
2820,1520598970593070,9962,37,0
2821,1520598970603085,9962,37,0
2822,1520598970613100,9962,37,0
2823,1520598970623115,9952,47,0
2824,1520598970633129,9962,37,0
2825,1520598970643144,9954,45,0
2826,1520598970653159,9962,37,0
2827,1520598970663174,9963,36,0
2828,1520598970673188,9962,37,0
2829,1520598970683203,9962,37,0
2830,1520598970693218,9962,37,0
2831,1520598970703233,9950,49,0
2832,1520598970713248,9962,37,0
2833,1520598970723263,9963,36,0
2834,1520598970733277,9962,37,0
2835,1520598970743292,9962,37,0
2836,1520598970753306,9962,37,0
2837,1520598970763321,9963,36,0
2838,1520598970773336,9962,37,0
2839,1520598970783350,9962,37,0
2840,1520598970793365,9963,36,0
2841,1520598970803380,9963,36,0
2842,1520598970813394,9962,37,0
2843,1520598970823409,9962,37,0
2844,1520598970833424,9962,37,0
2845,1520598970843439,9962,37,0
2846,1520598970853453,9962,37,0
2847,1520598970863468,9962,37,0
2848,1520598970873483,9962,37,0
2849,1520598970883497,9963,37,0
2850,1520598970893512,9962,37,0
2851,1520598970903527,9963,36,0
2852,1520598970913542,9963,36,0
2853,1520598970923556,9962,37,0
2854,1520598970933571,9962,37,0
2855,1520598970943585,9962,37,0
2856,1520598970953600,9962,37,0
2857,1520598970963615,9962,37,0
2858,1520598970973629,9962,37,0
2859,1520598970983644,9963,36,0
2860,1520598970993658,9962,37,0
2861,1520598971003673,9963,36,0
2862,1520598971013687,9962,37,0
2863,1520598971023702,9962,37,0
2864,1520598971033716,9963,36,0
2865,1520598971043731,9963,36,0
2866,1520598971053746,9963,36,0
2867,1520598971063760,9963,36,0
2868,1520598971073775,9962,37,0
2869,1520598971083790,9962,37,0
2870,1520598971093804,9962,37,0
2871,1520598971103819,9962,37,0
2872,1520598971113833,9962,37,0
2873,1520598971123848,9963,36,0
2874,1520598971133863,9963,36,0
2875,1520598971143877,9963,36,0
2876,1520598971153892,9962,37,0
2877,1520598971163907,9963,36,0
2878,1520598971173921,9962,37,0
2879,1520598971183936,9962,37,0
2880,1520598971193950,9962,37,0
2881,1520598971203965,9963,36,0
2882,1520598971213979,9962,37,0
2883,1520598971223994,9962,37,0
2884,1520598971234008,9962,37,0
2885,1520598971244023,9962,37,0
2886,1520598971254037,9962,37,0
2887,1520598971264052,9962,37,0
2888,1520598971274066,9962,37,0
2889,1520598971284081,9963,36,0
2890,1520598971294096,9962,37,0
2891,1520598971304110,9963,36,0
2892,1520598971314125,9963,36,0
2893,1520598971324140,9962,37,0
2894,1520598971334154,9962,37,0
2895,1520598971344169,9962,37,0
2896,1520598971354184,9962,37,0
2897,1520598971364198,9963,36,0
2898,1520598971374213,9962,37,0
2899,1520598971384228,9962,37,0
2900,1520598971394242,9963,36,0
2901,1520598971404257,9962,37,0
2902,1520598971414271,9963,37,0
2903,1520598971424286,9962,37,0
2904,1520598971434300,9962,37,0
2905,1520598971444315,9962,37,0
2906,1520598971454330,9962,37,0
2907,1520598971464344,9962,37,0
2908,1520598971474359,9962,37,0
2909,1520598971484374,9962,37,0
2910,1520598971494388,9962,37,0
2911,1520598971504403,9962,37,0
2912,1520598971514418,9963,36,0
2913,1520598971524432,9962,37,0
2914,1520598971534447,9962,37,0
2915,1520598971544461,9962,37,0
2916,1520598971554476,9963,36,0
2917,1520598971564491,9962,37,0
2918,1520598971574505,9962,37,0
2919,1520598971584519,9962,37,0
2920,1520598971594534,9963,36,0
2921,1520598971604549,9962,37,0
2922,1520598971614563,9962,37,0
2923,1520598971624579,9962,37,0
2924,1520598971634594,9963,36,0
2925,1520598971644609,9962,37,0
2926,1520598971654623,9962,37,0
2927,1520598971664638,9963,36,0
2928,1520598971674653,9962,37,0
2929,1520598971684667,9963,36,0
2930,1520598971694682,9962,37,0
2931,1520598971704697,9962,37,0
2932,1520598971714711,9962,37,0
2933,1520598971724726,9963,36,0
2934,1520598971734741,9962,37,0
2935,1520598971744755,9962,37,0
2936,1520598971754770,9962,37,0
2937,1520598971764785,9962,37,0
2938,1520598971774800,9962,37,0
2939,1520598971784814,9962,37,0
2940,1520598971794829,9962,37,0
2941,1520598971804843,9962,37,0
2942,1520598971814858,9963,36,0
2943,1520598971824872,9963,36,0
2944,1520598971834887,9962,37,0
2945,1520598971844902,9963,36,0
2946,1520598971854917,9962,37,0
2947,1520598971864932,9962,37,0
2948,1520598971874947,9962,37,0
2949,1520598971884961,9962,37,0
2950,1520598971894976,9963,37,0
2951,1520598971904991,9962,37,0
2952,1520598971915005,9962,37,0
2953,1520598971925020,9962,37,0
2954,1520598971935034,9962,37,0
2955,1520598971945049,9962,37,0
2956,1520598971955064,9963,36,0
2957,1520598971965079,9962,37,0
2958,1520598971975093,9962,37,0
2959,1520598971985108,9950,49,0
2960,1520598971995123,9956,43,0
2961,1520598972005144,9962,37,0
2962,1520598972015158,9962,37,0
2963,1520598972025173,9962,37,0
2964,1520598972035188,9962,37,0
2965,1520598972045203,9962,37,0
2966,1520598972055218,9963,36,0
2967,1520598972065232,9963,36,0
2968,1520598972075247,9962,37,0
2969,1520598972085261,9963,36,0
2970,1520598972095276,9963,36,0
2971,1520598972105291,9963,36,0
2972,1520598972115305,9963,36,0
2973,1520598972125320,9962,37,0
2974,1520598972135335,9962,37,0
2975,1520598972145349,9962,37,0
2976,1520598972155364,9963,37,0
2977,1520598972165379,9962,37,0
2978,1520598972175393,9962,37,0
2979,1520598972185408,9962,37,0
2980,1520598972195423,9962,37,0
2981,1520598972205437,9962,37,0
2982,1520598972215452,9962,37,0
2983,1520598972225467,9963,36,0
2984,1520598972235482,9962,37,0
2985,1520598972245496,9962,37,0
2986,1520598972255511,9963,36,0
2987,1520598972265526,9963,36,0
2988,1520598972275540,9962,37,0
2989,1520598972285555,9963,36,0
2990,1520598972295570,9963,36,0
2991,1520598972305584,9962,37,0
2992,1520598972315599,9963,36,0
2993,1520598972325614,9963,36,0
2994,1520598972335629,9962,37,0
2995,1520598972345643,9963,36,0
2996,1520598972355658,9963,36,0
2997,1520598972365673,9963,36,0
2998,1520598972375687,9962,37,0
2999,1520598972385702,9963,36,0
3000,1520598972395716,9963,36,0
3001,1520598972405732,9962,37,0
3002,1520598972415747,9962,37,0
3003,1520598972425762,9962,37,0
3004,1520598972435776,9962,37,0
3005,1520598972445791,9963,36,0
3006,1520598972455806,9963,37,0
3007,1520598972465820,9963,36,0
3008,1520598972475835,9962,37,0
3009,1520598972485849,9962,37,0
3010,1520598972495864,9962,37,0
3011,1520598972505878,9962,37,0
3012,1520598972515893,9962,37,0
3013,1520598972525907,9963,37,0
3014,1520598972535922,9963,36,0
3015,1520598972545936,9962,37,0
3016,1520598972555951,9962,37,0
3017,1520598972565965,9962,37,0
3018,1520598972575980,9962,37,0
3019,1520598972585995,9963,36,0
3020,1520598972596009,9962,37,0
3021,1520598972606024,9963,36,0
3022,1520598972616038,9962,37,0
3023,1520598972626054,9963,36,0
3024,1520598972636068,9962,37,0
3025,1520598972646083,9962,37,0
3026,1520598972656098,9962,37,0
3027,1520598972666112,9962,37,0
3028,1520598972676127,9962,37,0
3029,1520598972686142,9963,37,0
3030,1520598972696156,9962,37,0
3031,1520598972706171,9962,37,0
3032,1520598972716185,9962,37,0
3033,1520598972726200,9963,36,0
3034,1520598972736215,9962,37,0
3035,1520598972746229,9962,37,0
3036,1520598972756244,9963,36,0
3037,1520598972766258,9962,37,0
3038,1520598972776273,9963,36,0
3039,1520598972786287,9962,37,0
3040,1520598972796302,9963,37,0
3041,1520598972806317,9962,37,0
3042,1520598972816331,9963,36,0
3043,1520598972826346,9962,37,0
3044,1520598972836360,9963,36,0
3045,1520598972846375,9962,37,0
3046,1520598972856389,9962,37,0
3047,1520598972866404,9962,37,0
3048,1520598972876418,9963,37,0
3049,1520598972886433,9962,37,0
3050,1520598972896448,9962,37,0
3051,1520598972906462,9962,37,0
3052,1520598972916477,9962,37,0
3053,1520598972926492,9962,37,0
3054,1520598972936506,9962,37,0
3055,1520598972946521,9962,37,0
3056,1520598972956536,9963,36,0
3057,1520598972966550,9962,37,0
3058,1520598972976565,9962,37,0
3059,1520598972986579,9962,37,0
3060,1520598972996594,9962,37,0
3061,1520598973006608,9962,37,0
3062,1520598973016623,9962,37,0
3063,1520598973026637,9963,36,0
3064,1520598973036652,9962,37,0
3065,1520598973046666,9962,37,0
3066,1520598973056681,9962,37,0
3067,1520598973066695,9962,37,0
3068,1520598973076710,9963,36,0
3069,1520598973086725,9962,37,0
3070,1520598973096739,9962,37,0
3071,1520598973106754,9963,36,0
3072,1520598973116768,9962,37,0
3073,1520598973126783,9962,37,0
3074,1520598973136798,9962,37,0
3075,1520598973146812,9963,36,0
3076,1520598973156827,9962,37,0
3077,1520598973166841,9962,37,0
3078,1520598973176856,9962,37,0
3079,1520598973186871,9962,37,0
3080,1520598973196885,9963,36,0
3081,1520598973206900,9962,37,0
3082,1520598973216914,9963,37,0
3083,1520598973226929,9962,37,0
3084,1520598973236943,9963,36,0
3085,1520598973246958,9962,37,0
3086,1520598973256973,9962,37,0
3087,1520598973266988,9950,49,0
3088,1520598973277003,9962,37,0
3089,1520598973287017,9962,37,0
3090,1520598973297032,9963,36,0
3091,1520598973307046,9963,36,0
3092,1520598973317061,9963,36,0
3093,1520598973327075,9963,36,0
3094,1520598973337090,9962,37,0
3095,1520598973347104,9962,37,0
3096,1520598973357119,9963,36,0
3097,1520598973367134,9955,44,0
3098,1520598973377148,9962,37,0
3099,1520598973387163,9963,36,0
3100,1520598973397177,9962,37,0
3101,1520598973407192,9963,36,0
3102,1520598973417207,9962,37,0
3103,1520598973427221,9963,37,0
3104,1520598973437237,9962,37,0
3105,1520598973447251,9962,38,0
3106,1520598973457266,9962,37,0
3107,1520598973467281,9962,37,0
3108,1520598973477296,9963,36,0
3109,1520598973487310,9963,37,0
3110,1520598973497325,9962,37,0
3111,1520598973507339,9963,36,0
3112,1520598973517354,9962,37,0
3113,1520598973527369,9963,36,0
3114,1520598973537383,9962,37,0
3115,1520598973547398,9962,37,0
3116,1520598973557413,9962,37,0
3117,1520598973567427,9963,37,0
3118,1520598973577442,9962,37,0
3119,1520598973587457,9962,37,0
3120,1520598973597471,9962,37,0
3121,1520598973607486,9962,37,0
3122,1520598973617501,9962,37,0
3123,1520598973627516,9962,37,0
3124,1520598973637531,9962,37,0
3125,1520598973647546,9962,37,0
3126,1520598973657560,9963,36,0
3127,1520598973667575,9962,37,0
3128,1520598973677589,9963,36,0
3129,1520598973687604,9963,36,0
3130,1520598973697619,9962,37,0
3131,1520598973707633,9963,36,0
3132,1520598973717648,9962,37,0
3133,1520598973727663,9962,37,0
3134,1520598973737677,9962,37,0
3135,1520598973747692,9962,37,0
3136,1520598973757707,9963,36,0
3137,1520598973767721,9962,37,0
3138,1520598973777736,9962,37,0
3139,1520598973787751,9962,37,0
3140,1520598973797766,9962,37,0
3141,1520598973807780,9962,37,0
3142,1520598973817795,9963,36,0
3143,1520598973827810,9962,37,0
3144,1520598973837824,9963,36,0
3145,1520598973847839,9963,36,0
3146,1520598973857854,9962,37,0
3147,1520598973867869,9962,37,0
3148,1520598973877883,9963,36,0
3149,1520598973887898,9962,37,0
3150,1520598973897913,9962,37,0
3151,1520598973907927,9962,37,0
3152,1520598973917942,9963,36,0
3153,1520598973927957,9963,36,0
3154,1520598973937972,9962,37,0
3155,1520598973947986,9962,37,0
3156,1520598973958001,9962,37,0
3157,1520598973968015,9962,37,0
3158,1520598973978030,9963,37,0
3159,1520598973988045,9962,37,0
3160,1520598973998059,9962,37,0
3161,1520598974008074,9963,36,0
3162,1520598974018089,9962,37,0
3163,1520598974028103,9963,36,0
3164,1520598974038118,9963,36,0
3165,1520598974048133,9963,36,0
3166,1520598974058147,9962,37,0
3167,1520598974068162,9963,36,0
3168,1520598974078177,9962,37,0
3169,1520598974088191,9962,37,0
3170,1520598974098206,9963,36,0
3171,1520598974108220,9962,37,0
3172,1520598974118235,9962,37,0
3173,1520598974128250,9962,37,0
3174,1520598974138264,9962,37,0
3175,1520598974148279,9963,36,0
3176,1520598974158294,9962,37,0
3177,1520598974168308,9962,37,0
3178,1520598974178323,9962,37,0
3179,1520598974188338,9962,37,0
3180,1520598974198352,9963,36,0
3181,1520598974208367,9962,37,0
3182,1520598974218382,9962,37,0
3183,1520598974228397,9962,37,0
3184,1520598974238412,9962,37,0
3185,1520598974248426,9962,37,0
3186,1520598974258441,9962,37,0
3187,1520598974268456,9962,37,0
3188,1520598974278470,9963,36,0
3189,1520598974288485,9963,36,0
3190,1520598974298500,9962,37,0
3191,1520598974308514,9962,37,0
3192,1520598974318529,9962,37,0
3193,1520598974328543,9963,36,0
3194,1520598974338558,9962,37,0
3195,1520598974348572,9963,36,0
3196,1520598974358587,9963,36,0
3197,1520598974368602,9962,37,0
3198,1520598974378616,9962,37,0
3199,1520598974388631,9962,37,0
3200,1520598974398646,9962,37,0
3201,1520598974408661,9962,37,0
3202,1520598974418675,9963,37,0
3203,1520598974428690,9963,36,0
3204,1520598974438706,9962,37,0
3205,1520598974448720,9963,36,0
3206,1520598974458735,9962,37,0
3207,1520598974468749,9963,36,0
3208,1520598974478764,9962,37,0
3209,1520598974488779,9962,37,0
3210,1520598974498793,9962,37,0
3211,1520598974508808,9962,37,0
3212,1520598974518823,9962,37,0
3213,1520598974528837,9951,48,0
3214,1520598974538852,9962,37,0
3215,1520598974548867,9949,50,0
3216,1520598974558882,9962,37,0
3217,1520598974568897,9962,37,0
3218,1520598974578912,9962,37,0
3219,1520598974588926,9962,37,0
3220,1520598974598941,9962,37,0
3221,1520598974608955,9962,37,0
3222,1520598974618970,9963,36,0
3223,1520598974628985,9963,36,0
3224,1520598974639000,9962,37,0
3225,1520598974649015,9962,37,0
3226,1520598974659029,9962,37,0
3227,1520598974669044,9963,37,0
3228,1520598974679059,9962,37,0
3229,1520598974689073,9962,37,0
3230,1520598974699088,9963,37,0
3231,1520598974709102,9962,37,0
3232,1520598974719117,9953,46,0
3233,1520598974729131,9962,37,0
3234,1520598974739146,9954,45,0
3235,1520598974749161,9963,36,0
3236,1520598974759176,9963,36,0
3237,1520598974769190,9963,36,0
3238,1520598974779205,9963,36,0
3239,1520598974789219,9963,36,0
3240,1520598974799234,9962,37,0
3241,1520598974809249,9962,37,0
3242,1520598974819263,9963,36,0
3243,1520598974829278,9962,37,0
3244,1520598974839292,9962,37,0
3245,1520598974849307,9962,37,0
3246,1520598974859322,9962,37,0
3247,1520598974869337,9963,36,0
3248,1520598974879351,9963,36,0
3249,1520598974889366,9962,37,0
3250,1520598974899381,9963,36,0
3251,1520598974909395,9962,37,0
3252,1520598974919410,9963,36,0
3253,1520598974929425,9962,37,0
3254,1520598974939439,9962,37,0
3255,1520598974949454,9963,36,0
3256,1520598974959469,9962,37,0
3257,1520598974969483,9963,36,0
3258,1520598974979498,9962,37,0
3259,1520598974989513,9963,36,0
3260,1520598974999527,9962,37,0
3261,1520598975009542,9962,37,0
3262,1520598975019557,9962,37,0
3263,1520598975029572,9962,37,0
3264,1520598975039586,9962,37,0
3265,1520598975049601,9962,37,0
3266,1520598975059616,9962,37,0
3267,1520598975069631,9962,37,0
3268,1520598975079645,9962,37,0
3269,1520598975089660,9962,37,0
3270,1520598975099675,9962,37,0
3271,1520598975109690,9962,37,0
3272,1520598975119704,9962,37,0
3273,1520598975129719,9962,37,0
3274,1520598975139734,9963,36,0
3275,1520598975149748,9963,36,0
3276,1520598975159763,9963,36,0
3277,1520598975169778,9962,37,0
3278,1520598975179792,9963,36,0
3279,1520598975189807,9963,36,0
3280,1520598975199821,9963,36,0
3281,1520598975209836,9962,37,0
3282,1520598975219851,9963,36,0
3283,1520598975229865,9963,36,0
3284,1520598975239880,9962,37,0
3285,1520598975249895,9962,37,0
3286,1520598975259909,9962,37,0
3287,1520598975269924,9963,37,0
3288,1520598975279939,9963,36,0
3289,1520598975289954,9963,36,0
3290,1520598975299968,9963,36,0
3291,1520598975309983,9963,36,0
3292,1520598975319998,9962,37,0
3293,1520598975330012,9963,36,0
3294,1520598975340027,9962,37,0
3295,1520598975350042,9962,37,0
3296,1520598975360056,9962,37,0
3297,1520598975370071,9962,37,0
3298,1520598975380086,9962,37,0
3299,1520598975390100,9963,37,0
3300,1520598975400115,9962,37,0
3301,1520598975410130,9962,37,0
3302,1520598975420144,9963,36,0
3303,1520598975430159,9962,37,0
3304,1520598975440174,9962,37,0
3305,1520598975450189,9962,37,0
3306,1520598975460204,9961,38,0
3307,1520598975470218,9962,37,0
3308,1520598975480233,9962,37,0
3309,1520598975490247,9962,37,0
3310,1520598975500262,9963,36,0
3311,1520598975510277,9962,37,0
3312,1520598975520292,9962,37,0
3313,1520598975530306,9962,37,0
3314,1520598975540321,9962,37,0
3315,1520598975550335,9962,37,0
3316,1520598975560350,9962,37,0
3317,1520598975570365,9962,37,0
3318,1520598975580379,9962,37,0
3319,1520598975590394,9962,37,0
3320,1520598975600409,9963,36,0
3321,1520598975610423,9962,37,0
3322,1520598975620439,9962,37,0
3323,1520598975630454,9962,37,0
3324,1520598975640469,9962,37,0
3325,1520598975650483,9963,36,0
3326,1520598975660498,9963,36,0
3327,1520598975670513,9962,37,0
3328,1520598975680527,9963,36,0
3329,1520598975690542,9962,37,0
3330,1520598975700557,9962,37,0
3331,1520598975710572,9963,37,0
3332,1520598975720586,9962,37,0
3333,1520598975730601,9962,37,0
3334,1520598975740616,9963,36,0
3335,1520598975750631,9962,37,0
3336,1520598975760645,9963,36,0
3337,1520598975770660,9962,37,0
3338,1520598975780675,9962,37,0
3339,1520598975790690,9962,37,0
3340,1520598975800704,9962,37,0
3341,1520598975810719,9962,37,0
3342,1520598975820734,9963,36,0
3343,1520598975830749,9950,49,0
3344,1520598975840764,9962,37,0
3345,1520598975850778,9962,37,0
3346,1520598975860793,9963,36,0
3347,1520598975870808,9962,37,0
3348,1520598975880822,9963,36,0
3349,1520598975890837,9962,37,0
3350,1520598975900851,9962,37,0
3351,1520598975910866,9963,36,0
3352,1520598975920881,9962,37,0
3353,1520598975930895,9962,37,0
3354,1520598975940910,9962,37,0
3355,1520598975950925,9962,37,0
3356,1520598975960939,9962,37,0
3357,1520598975970954,9962,37,0
3358,1520598975980969,9963,36,0
3359,1520598975990984,9962,37,0
3360,1520598976000998,9962,37,0
3361,1520598976011013,9962,37,0
3362,1520598976021028,9962,37,0
3363,1520598976031043,9962,37,0
3364,1520598976041057,9962,37,0
3365,1520598976051072,9962,37,0
3366,1520598976061087,9963,36,0
3367,1520598976071101,9962,37,0
3368,1520598976081116,9962,37,0
3369,1520598976091131,9954,45,0
3370,1520598976101147,9962,37,0
3371,1520598976111162,9962,37,0
3372,1520598976121177,9962,37,0
3373,1520598976131192,9962,37,0
3374,1520598976141206,9962,37,0
3375,1520598976151221,9962,37,0
3376,1520598976161236,9962,37,0
3377,1520598976171251,9963,36,0
3378,1520598976181266,9962,37,0
3379,1520598976191280,9962,37,0
3380,1520598976201295,9962,37,0
3381,1520598976211310,9963,36,0
3382,1520598976221325,9962,37,0
3383,1520598976231339,9962,37,0
3384,1520598976241354,9962,37,0
3385,1520598976251369,9962,37,0
3386,1520598976261384,9963,36,0
3387,1520598976271399,9962,37,0
3388,1520598976281413,9962,37,0
3389,1520598976291428,9962,37,0
3390,1520598976301443,9963,36,0
3391,1520598976311457,9963,36,0
3392,1520598976321472,9962,37,0
3393,1520598976331487,9962,37,0
3394,1520598976341501,9962,37,0
3395,1520598976351516,9963,36,0
3396,1520598976361531,9962,37,0
3397,1520598976371545,9962,37,0
3398,1520598976381560,9962,37,0
3399,1520598976391574,9962,37,0
3400,1520598976401589,9963,37,0
3401,1520598976411604,9962,37,0
3402,1520598976421619,9960,39,0
3403,1520598976431634,9962,37,0
3404,1520598976441649,9963,36,0
3405,1520598976451664,9962,37,0
3406,1520598976461678,9962,37,0
3407,1520598976471693,9962,37,0
3408,1520598976481708,9963,36,0
3409,1520598976491723,9962,37,0
3410,1520598976501737,9962,37,0
3411,1520598976511752,9962,37,0
3412,1520598976521767,9962,37,0
3413,1520598976531781,9962,37,0
3414,1520598976541796,9962,37,0
3415,1520598976551811,9962,37,0
3416,1520598976561826,9962,37,0
3417,1520598976571840,9963,36,0
3418,1520598976581855,9962,37,0
3419,1520598976591869,9962,37,0
3420,1520598976601884,9962,37,0
3421,1520598976611899,9962,37,0
3422,1520598976621914,9963,36,0
3423,1520598976631929,9962,37,0
3424,1520598976641944,9962,37,0
3425,1520598976651958,9962,37,0
3426,1520598976661973,9962,37,0
3427,1520598976671988,9962,37,0
3428,1520598976682002,9963,36,0
3429,1520598976692017,9963,36,0
3430,1520598976702032,9962,37,0
3431,1520598976712046,9962,37,0
3432,1520598976722061,9962,37,0
3433,1520598976732076,9963,36,0
3434,1520598976742090,9962,37,0
3435,1520598976752105,9963,36,0
3436,1520598976762119,9962,37,0
3437,1520598976772134,9962,37,0
3438,1520598976782149,9962,37,0
3439,1520598976792163,9962,37,0
3440,1520598976802178,9962,37,0
3441,1520598976812193,9962,37,0
3442,1520598976822208,9962,37,0
3443,1520598976832222,9962,37,0
3444,1520598976842237,9962,37,0
3445,1520598976852251,9962,37,0
3446,1520598976862266,9962,37,0
3447,1520598976872281,9962,37,0
3448,1520598976882295,9963,36,0
3449,1520598976892310,9963,36,0
3450,1520598976902325,9962,37,0
3451,1520598976912340,9963,36,0
3452,1520598976922354,9962,37,0
3453,1520598976932369,9963,36,0
3454,1520598976942384,9962,37,0
3455,1520598976952398,9962,37,0
3456,1520598976962413,9962,37,0
3457,1520598976972428,9962,37,0
3458,1520598976982442,9963,36,0
3459,1520598976992457,9962,37,0
3460,1520598977002471,9962,37,0
3461,1520598977012486,9962,37,0
3462,1520598977022501,9963,36,0
3463,1520598977032515,9963,37,0
3464,1520598977042530,9962,37,0
3465,1520598977052544,9962,37,0
3466,1520598977062559,9962,37,0
3467,1520598977072573,9963,36,0
3468,1520598977082588,9962,37,0
3469,1520598977092603,9962,37,0
3470,1520598977102617,9962,37,0
3471,1520598977112633,9949,50,0
3472,1520598977122647,9962,37,0
3473,1520598977132662,9962,37,0
3474,1520598977142677,9962,37,0
3475,1520598977152691,9962,37,0
3476,1520598977162706,9962,37,0
3477,1520598977172720,9963,36,0
3478,1520598977182735,9962,37,0
3479,1520598977192750,9962,37,0
3480,1520598977202764,9962,37,0
3481,1520598977212779,9962,37,0
3482,1520598977222794,9962,37,0
3483,1520598977232808,9962,37,0
3484,1520598977242823,9962,37,0
3485,1520598977252838,9962,37,0
3486,1520598977262852,9962,37,0
3487,1520598977272867,9962,37,0
3488,1520598977282882,9962,37,0
3489,1520598977292896,9962,37,0
3490,1520598977302911,9963,36,0
3491,1520598977312926,9962,37,0
3492,1520598977322941,9963,36,0
3493,1520598977332955,9962,37,0
3494,1520598977342970,9962,37,0
3495,1520598977352985,9963,36,0
3496,1520598977362999,9963,36,0
3497,1520598977373014,9962,37,0
3498,1520598977383028,9963,36,0
3499,1520598977393043,9962,37,0
3500,1520598977403058,9963,36,0
3501,1520598977413073,9962,37,0
3502,1520598977423087,9962,37,0
3503,1520598977433103,9963,36,0
3504,1520598977443118,9952,47,0
3505,1520598977453132,9962,37,0
3506,1520598977463147,9954,45,0
3507,1520598977473161,9962,37,0
3508,1520598977483176,9962,37,0
3509,1520598977493191,9962,37,0
3510,1520598977503205,9963,36,0
3511,1520598977513220,9962,37,0
3512,1520598977523235,9963,36,0
3513,1520598977533249,9962,37,0
3514,1520598977543264,9962,37,0
3515,1520598977553279,9962,37,0
3516,1520598977563293,9962,37,0
3517,1520598977573308,9962,37,0
3518,1520598977583323,9963,36,0
3519,1520598977593337,9962,37,0
3520,1520598977603352,9962,37,0
3521,1520598977613367,9963,36,0
3522,1520598977623382,9963,36,0
3523,1520598977633397,9962,37,0
3524,1520598977643411,9962,37,0
3525,1520598977653426,9963,36,0
3526,1520598977663440,9962,37,0
3527,1520598977673455,9962,37,0
3528,1520598977683470,9962,37,0
3529,1520598977693485,9962,37,0
3530,1520598977703499,9962,37,0
3531,1520598977713514,9963,36,0
3532,1520598977723529,9962,37,0
3533,1520598977733543,9962,37,0
3534,1520598977743558,9962,37,0
3535,1520598977753573,9963,36,0
3536,1520598977763587,9963,36,0
3537,1520598977773602,9963,36,0
3538,1520598977783617,9963,36,0
3539,1520598977793632,9963,36,0
3540,1520598977803646,9963,36,0
3541,1520598977813661,9962,37,0
3542,1520598977823675,9963,36,0
3543,1520598977833690,9962,37,0
3544,1520598977843705,9962,37,0
3545,1520598977853720,9962,37,0
3546,1520598977863734,9963,36,0
3547,1520598977873749,9962,37,0
3548,1520598977883764,9962,37,0
3549,1520598977893778,9962,37,0
3550,1520598977903793,9962,37,0
3551,1520598977913808,9963,36,0
3552,1520598977923823,9962,37,0
3553,1520598977933837,9962,37,0
3554,1520598977943852,9962,37,0
3555,1520598977953867,9962,37,0
3556,1520598977963882,9962,37,0
3557,1520598977973896,9962,37,0
3558,1520598977983911,9962,37,0
3559,1520598977993926,9962,37,0
3560,1520598978003941,9962,37,0
3561,1520598978013956,9962,37,0
3562,1520598978023970,9962,37,0
3563,1520598978033985,9963,36,0
3564,1520598978044000,9962,37,0
3565,1520598978054015,9962,37,0
3566,1520598978064029,9962,37,0
3567,1520598978074044,9962,37,0
3568,1520598978084059,9962,37,0
3569,1520598978094074,9962,37,0
3570,1520598978104088,9962,37,0
3571,1520598978114103,9962,37,0
3572,1520598978124117,9962,37,0
3573,1520598978134132,9963,36,0
3574,1520598978144147,9963,36,0
3575,1520598978154162,9962,37,0
3576,1520598978164177,9962,37,0
3577,1520598978174191,9962,37,0
3578,1520598978184206,9962,37,0
3579,1520598978194221,9962,37,0
3580,1520598978204235,9962,37,0
3581,1520598978214250,9962,37,0
3582,1520598978224265,9962,37,0
3583,1520598978234279,9962,37,0
3584,1520598978244294,9963,36,0
3585,1520598978254309,9963,36,0
3586,1520598978264324,9963,36,0
3587,1520598978274338,9962,37,0
3588,1520598978284353,9962,37,0
3589,1520598978294368,9962,37,0
3590,1520598978304383,9962,37,0
3591,1520598978314397,9962,37,0
3592,1520598978324412,9962,37,0
3593,1520598978334427,9963,36,0
3594,1520598978344441,9962,37,0
3595,1520598978354456,9962,37,0
3596,1520598978364471,9962,37,0
3597,1520598978374486,9962,37,0
3598,1520598978384500,9962,37,0
3599,1520598978394516,9920,80,0
3600,1520598978404531,9962,37,0
3601,1520598978414545,9962,37,0
3602,1520598978424561,9962,37,0
3603,1520598978434576,9961,38,0
3604,1520598978444590,9962,37,0
3605,1520598978454605,9962,37,0
3606,1520598978464619,9962,37,0
3607,1520598978474634,9962,37,0
3608,1520598978484649,9963,36,0
3609,1520598978494663,9962,37,0
3610,1520598978504678,9962,37,0
3611,1520598978514692,9962,37,0
3612,1520598978524707,9962,37,0
3613,1520598978534722,9963,36,0
3614,1520598978544736,9963,36,0
3615,1520598978554751,9962,37,0
3616,1520598978564766,9962,37,0
3617,1520598978574780,9962,37,0
3618,1520598978584795,9963,36,0
3619,1520598978594810,9962,37,0
3620,1520598978604824,9963,36,0
3621,1520598978614839,9962,37,0
3622,1520598978624854,9962,37,0
3623,1520598978634869,9962,37,0
3624,1520598978644884,9962,37,0
3625,1520598978654898,9962,37,0
3626,1520598978664913,9962,37,0
3627,1520598978674928,9962,37,0
3628,1520598978684943,9962,37,0
3629,1520598978694957,9962,37,0
3630,1520598978704972,9962,37,0
3631,1520598978714987,9962,37,0
3632,1520598978725001,9962,37,0
3633,1520598978735016,9962,37,0
3634,1520598978745031,9963,36,0
3635,1520598978755046,9962,37,0
3636,1520598978765061,9962,37,0
3637,1520598978775075,9962,37,0
3638,1520598978785090,9962,37,0
3639,1520598978795105,9962,37,0
3640,1520598978805119,9963,36,0
3641,1520598978815134,9956,43,0
3642,1520598978825148,9962,37,0
3643,1520598978835162,9962,37,0
3644,1520598978845177,9962,37,0
3645,1520598978855192,9962,37,0
3646,1520598978865207,9962,37,0
3647,1520598978875221,9962,37,0
3648,1520598978885236,9962,37,0
3649,1520598978895251,9962,37,0
3650,1520598978905265,9963,36,0
3651,1520598978915280,9962,37,0
3652,1520598978925295,9962,37,0
3653,1520598978935309,9962,37,0
3654,1520598978945324,9962,37,0
3655,1520598978955339,9962,37,0
3656,1520598978965354,9962,37,0
3657,1520598978975369,9963,36,0
3658,1520598978985383,9962,37,0
3659,1520598978995398,9962,37,0
3660,1520598979005413,9963,36,0
3661,1520598979015428,9962,37,0
3662,1520598979025442,9962,37,0
3663,1520598979035457,9962,37,0
3664,1520598979045472,9962,37,0
3665,1520598979055486,9962,37,0
3666,1520598979065501,9962,37,0
3667,1520598979075516,9962,37,0
3668,1520598979085530,9962,37,0
3669,1520598979095545,9963,36,0
3670,1520598979105560,9962,37,0
3671,1520598979115575,9962,37,0
3672,1520598979125589,9963,36,0
3673,1520598979135604,9963,36,0
3674,1520598979145619,9962,37,0
3675,1520598979155633,9962,37,0
3676,1520598979165648,9963,37,0
3677,1520598979175663,9962,37,0
3678,1520598979185677,9962,37,0
3679,1520598979195692,9963,36,0
3680,1520598979205707,9962,37,0
3681,1520598979215722,9962,37,0
3682,1520598979225736,9962,37,0
3683,1520598979235751,9962,37,0
3684,1520598979245766,9963,36,0
3685,1520598979255780,9962,37,0
3686,1520598979265795,9962,37,0
3687,1520598979275810,9962,37,0
3688,1520598979285824,9962,37,0
3689,1520598979295839,9962,37,0
3690,1520598979305854,9962,37,0
3691,1520598979315868,9963,36,0
3692,1520598979325883,9962,37,0
3693,1520598979335898,9962,37,0
3694,1520598979345912,9962,37,0
3695,1520598979355927,9963,36,0
3696,1520598979365942,9963,36,0
3697,1520598979375956,9962,37,0
3698,1520598979385971,9962,37,0
3699,1520598979395986,9963,36,0
3700,1520598979406000,9962,37,0
3701,1520598979416016,9963,36,0
3702,1520598979426031,9961,38,0
3703,1520598979436046,9963,36,0
3704,1520598979446060,9962,37,0
3705,1520598979456075,9962,37,0
3706,1520598979466090,9963,36,0
3707,1520598979476104,9962,37,0
3708,1520598979486119,9962,37,0
3709,1520598979496134,9962,37,0
3710,1520598979506149,9962,37,0
3711,1520598979516163,9963,36,0
3712,1520598979526178,9963,36,0
3713,1520598979536193,9962,37,0
3714,1520598979546207,9962,37,0
3715,1520598979556222,9962,37,0
3716,1520598979566236,9962,37,0
3717,1520598979576251,9962,37,0
3718,1520598979586266,9962,37,0
3719,1520598979596280,9963,36,0
3720,1520598979606295,9962,37,0
3721,1520598979616310,9962,37,0
3722,1520598979626325,9963,36,0
3723,1520598979636340,9963,36,0
3724,1520598979646355,9962,37,0
3725,1520598979656369,9963,36,0
3726,1520598979666384,9962,37,0
3727,1520598979676399,9949,50,0
3728,1520598979686414,9962,37,0
3729,1520598979696428,9962,37,0
3730,1520598979706443,9963,37,0
3731,1520598979716458,9962,37,0
3732,1520598979726472,9962,37,0
3733,1520598979736487,9962,37,0
3734,1520598979746502,9962,37,0
3735,1520598979756517,9963,36,0
3736,1520598979766531,9962,37,0
3737,1520598979776546,9962,37,0
3738,1520598979786561,9962,37,0
3739,1520598979796575,9962,37,0
3740,1520598979806590,9962,37,0
3741,1520598979816605,9963,36,0
3742,1520598979826620,9962,37,0
3743,1520598979836635,9963,36,0
3744,1520598979846649,9963,36,0
3745,1520598979856664,9962,37,0
3746,1520598979866679,9962,37,0
3747,1520598979876694,9962,37,0
3748,1520598979886709,9963,36,0
3749,1520598979896723,9962,37,0
3750,1520598979906738,9963,36,0
3751,1520598979916753,9963,36,0
3752,1520598979926767,9962,37,0
3753,1520598979936782,9963,36,0
3754,1520598979946797,9962,37,0
3755,1520598979956811,9962,37,0
3756,1520598979966826,9962,37,0
3757,1520598979976841,9962,37,0
3758,1520598979986855,9962,37,0
3759,1520598979996870,9962,37,0
3760,1520598980006885,9962,37,0
3761,1520598980016900,9963,37,0
3762,1520598980026914,9963,37,0
3763,1520598980036928,9962,37,0
3764,1520598980046943,9963,36,0
3765,1520598980056957,9962,37,0
3766,1520598980066972,9962,37,0
3767,1520598980076987,9963,36,0
3768,1520598980087001,9962,37,0
3769,1520598980097016,9962,37,0
3770,1520598980107031,9962,37,0
3771,1520598980117045,9963,36,0
3772,1520598980127060,9963,36,0
3773,1520598980137074,9962,37,0
3774,1520598980147089,9962,37,0
3775,1520598980157103,9963,36,0
3776,1520598980167118,9953,46,0
3777,1520598980177140,9962,37,0
3778,1520598980187147,9955,44,0
3779,1520598980197162,9963,36,0
3780,1520598980207177,9962,37,0
3781,1520598980217191,9962,37,0
3782,1520598980227206,9962,37,0
3783,1520598980237221,9962,37,0
3784,1520598980247235,9962,37,0
3785,1520598980257250,9962,37,0
3786,1520598980267265,9963,37,0
3787,1520598980277279,9962,37,0
3788,1520598980287294,9963,36,0
3789,1520598980297309,9962,37,0
3790,1520598980307323,9962,37,0
3791,1520598980317338,9962,37,0
3792,1520598980327353,9962,37,0
3793,1520598980337367,9963,36,0
3794,1520598980347382,9962,37,0
3795,1520598980357396,9963,36,0
3796,1520598980367411,9962,37,0
3797,1520598980377425,9963,36,0
3798,1520598980387440,9962,37,0
3799,1520598980397455,9962,37,0
3800,1520598980407469,9962,37,0
3801,1520598980417484,9963,36,0
3802,1520598980427499,9962,37,0
3803,1520598980437514,9962,37,0
3804,1520598980447528,9962,37,0
3805,1520598980457543,9962,37,0
3806,1520598980467557,9962,37,0
3807,1520598980477572,9963,36,0
3808,1520598980487586,9962,37,0
3809,1520598980497601,9963,36,0
3810,1520598980507616,9962,37,0
3811,1520598980517630,9962,37,0
3812,1520598980527645,9962,37,0
3813,1520598980537659,9962,37,0
3814,1520598980547674,9962,37,0
3815,1520598980557689,9962,37,0
3816,1520598980567703,9962,37,0
3817,1520598980577718,9963,36,0
3818,1520598980587733,9962,37,0
3819,1520598980597747,9962,37,0
3820,1520598980607762,9962,37,0
3821,1520598980617777,9962,37,0
3822,1520598980627792,9962,37,0
3823,1520598980637807,9962,37,0
3824,1520598980647822,9962,37,0
3825,1520598980657836,9962,37,0
3826,1520598980667851,9962,37,0
3827,1520598980677865,9962,37,0
3828,1520598980687880,9963,36,0
3829,1520598980697895,9962,37,0
3830,1520598980707909,9963,36,0
3831,1520598980717924,9962,37,0
3832,1520598980727938,9963,36,0
3833,1520598980737953,9962,37,0
3834,1520598980747968,9962,37,0
3835,1520598980757983,9962,37,0
3836,1520598980767998,9962,37,0
3837,1520598980778012,9962,37,0
3838,1520598980788027,9963,36,0
3839,1520598980798042,9962,37,0
3840,1520598980808057,9963,36,0
3841,1520598980818072,9962,37,0
3842,1520598980828086,9962,37,0
3843,1520598980838101,9962,37,0
3844,1520598980848115,9963,36,0
3845,1520598980858130,9963,36,0
3846,1520598980868144,9963,36,0
3847,1520598980878159,9963,36,0
3848,1520598980888174,9962,37,0
3849,1520598980898189,9963,37,0
3850,1520598980908203,9963,36,0
3851,1520598980918218,9962,37,0
3852,1520598980928233,9962,37,0
3853,1520598980938247,9962,37,0
3854,1520598980948262,9962,37,0
3855,1520598980958277,9950,50,0
3856,1520598980968292,9962,37,0
3857,1520598980978307,9962,37,0
3858,1520598980988321,9963,36,0
3859,1520598980998336,9962,37,0
3860,1520598981008351,9963,36,0
3861,1520598981018365,9962,37,0
3862,1520598981028380,9963,36,0
3863,1520598981038395,9962,37,0
3864,1520598981048409,9962,37,0
3865,1520598981058424,9962,37,0
3866,1520598981068438,9963,36,0
3867,1520598981078453,9962,37,0
3868,1520598981088468,9962,37,0
3869,1520598981098482,9962,37,0
3870,1520598981108497,9963,36,0
3871,1520598981118511,9963,36,0
3872,1520598981128526,9962,37,0
3873,1520598981138541,9963,36,0
3874,1520598981148555,9962,37,0
3875,1520598981158570,9963,36,0
3876,1520598981168585,9962,37,0
3877,1520598981178599,9963,36,0
3878,1520598981188614,9962,37,0
3879,1520598981198629,9963,36,0
3880,1520598981208643,9962,37,0
3881,1520598981218658,9962,37,0
3882,1520598981228673,9962,37,0
3883,1520598981238688,9963,36,0
3884,1520598981248702,9963,36,0
3885,1520598981258717,9963,36,0
3886,1520598981268732,9962,37,0
3887,1520598981278746,9962,37,0
3888,1520598981288761,9962,37,0
3889,1520598981298775,9962,37,0
3890,1520598981308790,9962,37,0
3891,1520598981318805,9962,37,0
3892,1520598981328819,9962,37,0
3893,1520598981338834,9962,37,0
3894,1520598981348849,9963,37,0
3895,1520598981358863,9962,37,0
3896,1520598981368878,9963,36,0
3897,1520598981378892,9962,37,0
3898,1520598981388907,9963,36,0
3899,1520598981398921,9963,36,0
3900,1520598981408936,9962,37,0
3901,1520598981418951,9962,37,0
3902,1520598981428965,9963,37,0
3903,1520598981438981,9962,37,0
3904,1520598981448996,9961,38,0
3905,1520598981459010,9962,37,0
3906,1520598981469025,9962,37,0
3907,1520598981479040,9963,36,0
3908,1520598981489054,9963,36,0
3909,1520598981499069,9963,36,0
3910,1520598981509084,9962,37,0
3911,1520598981519098,9963,36,0
3912,1520598981529113,9963,36,0
3913,1520598981539128,9954,45,0
3914,1520598981549146,9962,37,0
3915,1520598981559161,9962,37,0
3916,1520598981569175,9962,37,0
3917,1520598981579190,9962,37,0
3918,1520598981589204,9962,37,0
3919,1520598981599219,9962,37,0
3920,1520598981609234,9962,37,0
3921,1520598981619250,9963,36,0
3922,1520598981629264,9962,37,0
3923,1520598981639279,9963,36,0
3924,1520598981649294,9963,36,0
3925,1520598981659309,9962,37,0
3926,1520598981669324,9963,37,0
3927,1520598981679338,9963,36,0
3928,1520598981689353,9962,37,0
3929,1520598981699368,9962,37,0
3930,1520598981709383,9962,37,0
3931,1520598981719397,9962,37,0
3932,1520598981729412,9962,37,0
3933,1520598981739427,9963,36,0
3934,1520598981749442,9962,37,0
3935,1520598981759456,9962,37,0
3936,1520598981769471,9962,37,0
3937,1520598981779486,9962,37,0
3938,1520598981789500,9962,37,0
3939,1520598981799515,9962,37,0
3940,1520598981809530,9963,36,0
3941,1520598981819545,9962,37,0
3942,1520598981829560,9962,37,0
3943,1520598981839574,9962,37,0
3944,1520598981849589,9963,36,0
3945,1520598981859604,9962,37,0
3946,1520598981869619,9962,37,0
3947,1520598981879633,9962,37,0
3948,1520598981889648,9962,37,0
3949,1520598981899663,9962,37,0
3950,1520598981909678,9962,37,0
3951,1520598981919692,9962,37,0
3952,1520598981929707,9962,37,0
3953,1520598981939722,9962,37,0
3954,1520598981949737,9962,37,0
3955,1520598981959751,9963,36,0
3956,1520598981969767,9963,36,0
3957,1520598981979781,9962,37,0
3958,1520598981989796,9962,37,0
3959,1520598981999810,9963,36,0
3960,1520598982009825,9962,37,0
3961,1520598982019840,9963,36,0
3962,1520598982029855,9962,37,0
3963,1520598982039870,9962,37,0
3964,1520598982049884,9962,37,0
3965,1520598982059899,9962,37,0
3966,1520598982069914,9962,37,0
3967,1520598982079929,9962,37,0
3968,1520598982089943,9962,37,0
3969,1520598982099958,9963,36,0
3970,1520598982109973,9962,37,0
3971,1520598982119988,9962,37,0
3972,1520598982130002,9962,37,0
3973,1520598982140017,9963,37,0
3974,1520598982150032,9962,37,0
3975,1520598982160047,9962,37,0
3976,1520598982170061,9962,37,0
3977,1520598982180076,9963,36,0
3978,1520598982190091,9962,37,0
3979,1520598982200105,9962,37,0
3980,1520598982210120,9963,36,0
3981,1520598982220135,9962,37,0
3982,1520598982230150,9962,37,0
3983,1520598982240164,9963,36,0
3984,1520598982250179,9962,37,0
3985,1520598982260194,9963,37,0
3986,1520598982270208,9963,36,0
3987,1520598982280223,9962,37,0
3988,1520598982290238,9962,37,0
3989,1520598982300252,9962,37,0
3990,1520598982310268,9962,37,0
3991,1520598982320282,9963,36,0
3992,1520598982330297,9962,37,0
3993,1520598982340312,9962,37,0
3994,1520598982350326,9962,37,0
3995,1520598982360341,9963,37,0
3996,1520598982370356,9963,36,0
3997,1520598982380371,9962,37,0
3998,1520598982390385,9962,37,0
3999,1520598982400400,9962,37,0
4000,1520598982410415,9962,37,0
4001,1520598982420430,9962,37,0
4002,1520598982430445,9963,36,0
4003,1520598982440460,9962,38,0
4004,1520598982450475,9962,37,0
4005,1520598982460489,9962,37,0
4006,1520598982470504,9962,37,0
4007,1520598982480518,9962,37,0
4008,1520598982490533,9962,37,0
4009,1520598982500548,9962,37,0
4010,1520598982510562,9962,37,0
4011,1520598982520577,9962,37,0
4012,1520598982530592,9963,37,0
4013,1520598982540606,9962,37,0
4014,1520598982550621,9962,37,0
4015,1520598982560635,9963,37,0
4016,1520598982570650,9962,37,0
4017,1520598982580665,9962,37,0
4018,1520598982590679,9962,37,0
4019,1520598982600694,9962,37,0
4020,1520598982610709,9962,37,0
4021,1520598982620724,9962,37,0
4022,1520598982630739,9962,37,0
4023,1520598982640754,9962,37,0
4024,1520598982650769,9962,37,0
4025,1520598982660783,9962,37,0
4026,1520598982670798,9962,37,0
4027,1520598982680813,9962,37,0
4028,1520598982690827,9963,36,0
4029,1520598982700842,9962,37,0
4030,1520598982710857,9962,37,0
4031,1520598982720871,9963,37,0
4032,1520598982730886,9962,37,0
4033,1520598982740901,9963,36,0
4034,1520598982750915,9962,37,0
4035,1520598982760930,9962,37,0
4036,1520598982770945,9963,36,0
4037,1520598982780959,9962,37,0
4038,1520598982790974,9962,37,0
4039,1520598982800988,9962,37,0
4040,1520598982811003,9963,36,0
4041,1520598982821018,9963,36,0
4042,1520598982831033,9962,37,0
4043,1520598982841048,9962,37,0
4044,1520598982851062,9962,37,0
4045,1520598982861077,9962,37,0
4046,1520598982871092,9962,37,0
4047,1520598982881107,9962,37,0
4048,1520598982891121,9955,44,0
4049,1520598982901143,9963,36,0
4050,1520598982911158,9962,37,0
4051,1520598982921172,9963,36,0
4052,1520598982931187,9962,37,0
4053,1520598982941202,9962,37,0
4054,1520598982951217,9963,36,0
4055,1520598982961231,9963,36,0
4056,1520598982971246,9962,37,0
4057,1520598982981261,9962,37,0
4058,1520598982991276,9962,37,0
4059,1520598983001290,9963,36,0
4060,1520598983011305,9962,37,0
4061,1520598983021319,9962,37,0
4062,1520598983031334,9962,37,0
4063,1520598983041349,9962,37,0
4064,1520598983051364,9962,37,0
4065,1520598983061378,9963,36,0
4066,1520598983071393,9962,37,0
4067,1520598983081408,9962,37,0
4068,1520598983091422,9962,37,0
4069,1520598983101437,9962,37,0
4070,1520598983111452,9963,36,0
4071,1520598983121466,9962,37,0
4072,1520598983131481,9963,36,0
4073,1520598983141496,9962,37,0
4074,1520598983151511,9962,37,0
4075,1520598983161526,9963,36,0
4076,1520598983171540,9963,36,0
4077,1520598983181555,9963,36,0
4078,1520598983191569,9962,37,0
4079,1520598983201584,9962,37,0
4080,1520598983211599,9962,37,0
4081,1520598983221614,9962,37,0
4082,1520598983231629,9962,37,0
4083,1520598983241643,9962,37,0
4084,1520598983251658,9963,36,0
4085,1520598983261673,9963,36,0
4086,1520598983271688,9962,37,0
4087,1520598983281703,9962,37,0
4088,1520598983291717,9963,36,0
4089,1520598983301732,9962,37,0
4090,1520598983311747,9962,37,0
4091,1520598983321762,9962,37,0
4092,1520598983331777,9962,37,0
4093,1520598983341791,9962,37,0
4094,1520598983351806,9963,36,0
4095,1520598983361821,9963,36,0
4096,1520598983371835,9962,37,0
4097,1520598983381853,9506,493,0
4098,1520598983391869,9959,40,0
4099,1520598983401884,9961,38,0
4100,1520598983411899,9962,37,0
4101,1520598983421914,9962,37,0
4102,1520598983431928,9963,36,0
4103,1520598983441943,9962,37,0
4104,1520598983451958,9962,37,0
4105,1520598983461973,9961,38,0
4106,1520598983471987,9962,37,0
4107,1520598983482002,9962,37,0
4108,1520598983492017,9963,36,0
4109,1520598983502031,9962,37,0
4110,1520598983512046,9962,37,0
4111,1520598983522061,9962,37,0
4112,1520598983532075,9962,37,0
4113,1520598983542090,9962,37,0
4114,1520598983552104,9962,37,0
4115,1520598983562119,9962,37,0
4116,1520598983572133,9962,37,0
4117,1520598983582148,9963,36,0
4118,1520598983592163,9962,37,0
4119,1520598983602177,9962,37,0
4120,1520598983612192,9962,37,0
4121,1520598983622207,9962,37,0
4122,1520598983632222,9963,36,0
4123,1520598983642237,9963,36,0
4124,1520598983652251,9963,36,0
4125,1520598983662266,9962,37,0
4126,1520598983672281,9962,37,0
4127,1520598983682295,9962,37,0
4128,1520598983692310,9963,36,0
4129,1520598983702325,9963,37,0
4130,1520598983712339,9963,37,0
4131,1520598983722354,9962,37,0
4132,1520598983732369,9963,36,0
4133,1520598983742384,9962,37,0
4134,1520598983752398,9962,37,0
4135,1520598983762413,9962,37,0
4136,1520598983772428,9962,37,0
4137,1520598983782442,9962,37,0
4138,1520598983792457,9962,37,0
4139,1520598983802472,9962,37,0
4140,1520598983812487,9962,37,0
4141,1520598983822502,9962,37,0
4142,1520598983832516,9963,36,0
4143,1520598983842531,9962,37,0
4144,1520598983852546,9962,37,0
4145,1520598983862560,9963,36,0
4146,1520598983872575,9962,37,0
4147,1520598983882590,9962,37,0
4148,1520598983892604,9962,37,0
4149,1520598983902619,9962,37,0
4150,1520598983912633,9963,36,0
4151,1520598983922648,9962,37,0
4152,1520598983932663,9962,37,0
4153,1520598983942678,9963,36,0
4154,1520598983952692,9963,36,0
4155,1520598983962707,9963,36,0
4156,1520598983972721,9962,37,0
4157,1520598983982736,9962,37,0
4158,1520598983992751,9962,37,0
4159,1520598984002765,9962,37,0
4160,1520598984012780,9962,37,0
4161,1520598984022795,9962,37,0
4162,1520598984032809,9962,37,0
4163,1520598984042824,9962,37,0
4164,1520598984052839,9962,37,0
4165,1520598984062853,9962,37,0
4166,1520598984072868,9962,37,0
4167,1520598984082883,9963,37,0
4168,1520598984092897,9962,37,0
4169,1520598984102912,9962,37,0
4170,1520598984112927,9961,38,0
4171,1520598984122941,9962,37,0
4172,1520598984132956,9962,37,0
4173,1520598984142971,9962,37,0
4174,1520598984152985,9962,37,0
4175,1520598984163000,9962,37,0
4176,1520598984173014,9963,36,0
4177,1520598984183029,9963,36,0
4178,1520598984193044,9962,37,0
4179,1520598984203058,9962,37,0
4180,1520598984213073,9962,37,0
4181,1520598984223087,9962,37,0
4182,1520598984233102,9962,37,0
4183,1520598984243116,9953,46,0
4184,1520598984253131,9962,37,0
4185,1520598984263145,9954,45,0
4186,1520598984273160,9962,37,0
4187,1520598984283174,9962,37,0
4188,1520598984293189,9963,37,0
4189,1520598984303204,9962,37,0
4190,1520598984313219,9962,37,0
4191,1520598984323233,9963,36,0
4192,1520598984333248,9962,37,0
4193,1520598984343263,9962,37,0
4194,1520598984353277,9962,37,0
4195,1520598984363292,9963,36,0
4196,1520598984373306,9963,36,0
4197,1520598984383321,9963,36,0
4198,1520598984393336,9962,37,0
4199,1520598984403350,9963,36,0
4200,1520598984413365,9962,37,0
4201,1520598984423380,9960,39,0
4202,1520598984433395,9962,37,0
4203,1520598984443410,9963,36,0
4204,1520598984453424,9962,37,0
4205,1520598984463439,9962,37,0
4206,1520598984473454,9962,37,0
4207,1520598984483469,9962,37,0
4208,1520598984493483,9962,37,0
4209,1520598984503498,9962,37,0
4210,1520598984513512,9962,37,0
4211,1520598984523527,9962,37,0
4212,1520598984533542,9962,37,0
4213,1520598984543556,9962,37,0
4214,1520598984553571,9962,37,0
4215,1520598984563586,9962,37,0
4216,1520598984573600,9962,37,0
4217,1520598984583615,9962,37,0
4218,1520598984593629,9962,37,0
4219,1520598984603644,9963,36,0
4220,1520598984613659,9962,37,0
4221,1520598984623675,9963,37,0
4222,1520598984633690,9962,37,0
4223,1520598984643705,9962,37,0
4224,1520598984653720,9948,51,0
4225,1520598984663735,9962,37,0
4226,1520598984673749,9963,36,0
4227,1520598984683764,9962,37,0
4228,1520598984693779,9962,37,0
4229,1520598984703793,9962,37,0
4230,1520598984713808,9963,36,0
4231,1520598984723822,9962,37,0
4232,1520598984733837,9963,36,0
4233,1520598984743851,9962,37,0
4234,1520598984753866,9962,37,0
4235,1520598984763881,9962,37,0
4236,1520598984773895,9962,37,0
4237,1520598984783910,9951,48,0
4238,1520598984793925,9962,37,0
4239,1520598984803939,9962,37,0
4240,1520598984813954,9963,36,0
4241,1520598984823968,9962,37,0
4242,1520598984833983,9962,37,0
4243,1520598984843997,9963,36,0
4244,1520598984854012,9962,37,0
4245,1520598984864027,9963,37,0
4246,1520598984874041,9962,37,0
4247,1520598984884056,9962,37,0
4248,1520598984894071,9962,37,0
4249,1520598984904085,9962,37,0
4250,1520598984914100,9963,36,0
4251,1520598984924115,9962,37,0
4252,1520598984934129,9962,37,0
4253,1520598984944144,9963,36,0
4254,1520598984954159,9962,37,0
4255,1520598984964173,9963,36,0
4256,1520598984974188,9962,37,0
4257,1520598984984202,9962,37,0
4258,1520598984994217,9962,37,0
4259,1520598985004232,9963,36,0
4260,1520598985014247,9962,37,0
4261,1520598985024261,9962,37,0
4262,1520598985034276,9962,37,0
4263,1520598985044291,9962,37,0
4264,1520598985054306,9962,37,0
4265,1520598985064320,9962,37,0
4266,1520598985074335,9962,37,0
4267,1520598985084350,9962,37,0
4268,1520598985094364,9962,37,0
4269,1520598985104379,9962,37,0
4270,1520598985114394,9962,37,0
4271,1520598985124408,9963,36,0
4272,1520598985134423,9962,37,0
4273,1520598985144438,9962,37,0
4274,1520598985154452,9962,37,0
4275,1520598985164467,9962,37,0
4276,1520598985174482,9962,37,0
4277,1520598985184496,9962,37,0
4278,1520598985194511,9962,37,0
4279,1520598985204526,9962,37,0
4280,1520598985214540,9963,36,0
4281,1520598985224555,9962,37,0
4282,1520598985234569,9963,36,0
4283,1520598985244584,9963,36,0
4284,1520598985254599,9963,36,0
4285,1520598985264614,9963,36,0
4286,1520598985274628,9963,36,0
4287,1520598985284643,9963,36,0
4288,1520598985294658,9962,37,0
4289,1520598985304672,9962,37,0
4290,1520598985314687,9962,37,0
4291,1520598985324702,9963,36,0
4292,1520598985334716,9963,36,0
4293,1520598985344731,9962,37,0
4294,1520598985354746,9963,36,0
4295,1520598985364760,9962,37,0
4296,1520598985374775,9962,37,0
4297,1520598985384790,9963,36,0
4298,1520598985394804,9962,37,0
4299,1520598985404819,9962,37,0
4300,1520598985414834,9963,36,0
4301,1520598985424848,9963,36,0
4302,1520598985434864,9963,36,0
4303,1520598985444879,9961,38,0
4304,1520598985454893,9962,37,0
4305,1520598985464908,9962,37,0
4306,1520598985474923,9962,37,0
4307,1520598985484937,9962,37,0
4308,1520598985494952,9962,37,0
4309,1520598985504967,9962,37,0
4310,1520598985514981,9962,37,0
4311,1520598985524996,9962,37,0
4312,1520598985535011,9962,37,0
4313,1520598985545025,9962,37,0
4314,1520598985555040,9962,37,0
4315,1520598985565055,9963,36,0
4316,1520598985575070,9963,37,0
4317,1520598985585084,9962,37,0
4318,1520598985595099,9962,37,0
4319,1520598985605113,9962,37,0
4320,1520598985615128,9954,45,0
4321,1520598985625147,9962,37,0
4322,1520598985635162,9963,37,0
4323,1520598985645176,9962,37,0
4324,1520598985655191,9963,36,0
4325,1520598985665206,9962,37,0
4326,1520598985675220,9962,37,0
4327,1520598985685235,9962,37,0
4328,1520598985695249,9963,36,0
4329,1520598985705264,9962,37,0
4330,1520598985715278,9962,37,0
4331,1520598985725293,9962,37,0
4332,1520598985735308,9962,37,0
4333,1520598985745322,9963,36,0
4334,1520598985755337,9962,37,0
4335,1520598985765351,9962,37,0
4336,1520598985775366,9962,37,0
4337,1520598985785380,9962,37,0
4338,1520598985795395,9963,36,0
4339,1520598985805409,9962,37,0
4340,1520598985815424,9963,36,0
4341,1520598985825439,9962,37,0
4342,1520598985835453,9963,36,0
4343,1520598985845468,9963,36,0
4344,1520598985855483,9962,37,0
4345,1520598985865497,9962,37,0
4346,1520598985875512,9962,37,0
4347,1520598985885527,9962,37,0
4348,1520598985895541,9963,36,0
4349,1520598985905556,9963,36,0
4350,1520598985915571,9962,37,0
4351,1520598985925585,9962,37,0
4352,1520598985935600,9950,49,0
4353,1520598985945615,9962,37,0
4354,1520598985955630,9963,36,0
4355,1520598985965644,9962,37,0
4356,1520598985975659,9963,36,0
4357,1520598985985674,9962,37,0
4358,1520598985995689,9963,36,0
4359,1520598986005703,9962,37,0
4360,1520598986015718,9963,36,0
4361,1520598986025733,9962,37,0
4362,1520598986035747,9962,37,0
4363,1520598986045762,9962,37,0
4364,1520598986055777,9962,37,0
4365,1520598986065791,9962,37,0
4366,1520598986075806,9962,37,0
4367,1520598986085821,9963,36,0
4368,1520598986095836,9962,37,0
4369,1520598986105850,9962,37,0
4370,1520598986115865,9962,37,0
4371,1520598986125880,9962,37,0
4372,1520598986135894,9962,37,0
4373,1520598986145909,9962,37,0
4374,1520598986155924,9962,37,0
4375,1520598986165939,9963,36,0
4376,1520598986175954,9962,37,0
4377,1520598986185968,9962,37,0
4378,1520598986195983,9963,36,0
4379,1520598986205998,9962,37,0
4380,1520598986216012,9962,37,0
4381,1520598986226027,9962,37,0
4382,1520598986236042,9962,37,0
4383,1520598986246057,9962,37,0
4384,1520598986256071,9963,36,0
4385,1520598986266086,9962,37,0
4386,1520598986276101,9962,37,0
4387,1520598986286116,9962,37,0
4388,1520598986296130,9962,37,0
4389,1520598986306145,9962,37,0
4390,1520598986316160,9962,37,0
4391,1520598986326174,9962,37,0
4392,1520598986336189,9962,37,0
4393,1520598986346204,9962,37,0
4394,1520598986356219,9963,36,0
4395,1520598986366233,9962,37,0
4396,1520598986376248,9962,37,0
4397,1520598986386263,9963,36,0
4398,1520598986396278,9962,37,0
4399,1520598986406292,9961,38,0
4400,1520598986416307,9963,36,0
4401,1520598986426323,9962,37,0
4402,1520598986436338,9961,38,0
4403,1520598986446352,9962,37,0
4404,1520598986456367,9962,37,0
4405,1520598986466381,9962,37,0
4406,1520598986476396,9962,37,0
4407,1520598986486411,9962,37,0
4408,1520598986496426,9962,37,0
4409,1520598986506440,9962,37,0
4410,1520598986516455,9962,37,0
4411,1520598986526470,9962,37,0
4412,1520598986536485,9962,37,0
4413,1520598986546499,9962,37,0
4414,1520598986556514,9962,37,0
4415,1520598986566528,9963,36,0
4416,1520598986576543,9963,36,0
4417,1520598986586558,9962,37,0
4418,1520598986596572,9963,36,0
4419,1520598986606587,9962,37,0
4420,1520598986616601,9963,37,0
4421,1520598986626616,9962,37,0
4422,1520598986636631,9962,37,0
4423,1520598986646645,9962,37,0
4424,1520598986656660,9962,37,0
4425,1520598986666675,9963,36,0
4426,1520598986676690,9963,36,0
4427,1520598986686704,9962,37,0
4428,1520598986696719,9962,37,0
4429,1520598986706733,9963,36,0
4430,1520598986716748,9962,37,0
4431,1520598986726763,9962,37,0
4432,1520598986736778,9962,37,0
4433,1520598986746792,9962,37,0
4434,1520598986756807,9962,37,0
4435,1520598986766822,9962,37,0
4436,1520598986776837,9963,36,0
4437,1520598986786851,9962,37,0
4438,1520598986796866,9962,37,0
4439,1520598986806880,9962,37,0
4440,1520598986816895,9962,37,0
4441,1520598986826910,9962,37,0
4442,1520598986836924,9962,37,0
4443,1520598986846939,9962,37,0
4444,1520598986856953,9963,36,0
4445,1520598986866968,9962,37,0
4446,1520598986876983,9962,37,0
4447,1520598986886997,9963,36,0
4448,1520598986897012,9962,37,0
4449,1520598986907027,9963,36,0
4450,1520598986917041,9963,36,0
4451,1520598986927056,9962,37,0
4452,1520598986937071,9962,37,0
4453,1520598986947085,9962,37,0
4454,1520598986957100,9962,37,0
4455,1520598986967115,9953,46,0
4456,1520598986977129,9962,37,0
4457,1520598986987144,9954,45,0
4458,1520598986997159,9962,37,0
4459,1520598987007174,9963,36,0
4460,1520598987017188,9963,36,0
4461,1520598987027203,9962,37,0
4462,1520598987037217,9962,37,0
4463,1520598987047232,9962,37,0
4464,1520598987057247,9963,36,0
4465,1520598987067262,9963,36,0
4466,1520598987077276,9962,37,0
4467,1520598987087291,9962,37,0
4468,1520598987097305,9962,37,0
4469,1520598987107320,9962,37,0
4470,1520598987117335,9963,36,0
4471,1520598987127349,9963,36,0
4472,1520598987137364,9962,37,0
4473,1520598987147379,9962,37,0
4474,1520598987157394,9962,37,0
4475,1520598987167408,9963,36,0
4476,1520598987177423,9962,37,0
4477,1520598987187437,9962,37,0
4478,1520598987197452,9962,37,0
4479,1520598987207466,9962,37,0
4480,1520598987217482,9949,50,0
4481,1520598987227496,9962,37,0
4482,1520598987237511,9962,37,0
4483,1520598987247526,9962,37,0
4484,1520598987257540,9963,36,0
4485,1520598987267555,9963,36,0
4486,1520598987277570,9963,36,0
4487,1520598987287584,9962,37,0
4488,1520598987297599,9962,37,0
4489,1520598987307613,9962,37,0
4490,1520598987317628,9963,36,0
4491,1520598987327642,9962,37,0
4492,1520598987337657,9962,37,0
4493,1520598987347672,9963,36,0
4494,1520598987357686,9962,37,0
4495,1520598987367701,9962,37,0
4496,1520598987377716,9962,37,0
4497,1520598987387730,9962,37,0
4498,1520598987397745,9963,36,0
4499,1520598987407760,9963,36,0
4500,1520598987417775,9962,37,0
4501,1520598987427789,9961,38,0
4502,1520598987437804,9962,37,0
4503,1520598987447819,9962,37,0
4504,1520598987457834,9962,37,0
4505,1520598987467848,9962,37,0
4506,1520598987477863,9962,37,0
4507,1520598987487878,9962,37,0
4508,1520598987497892,9963,36,0
4509,1520598987507907,9963,36,0
4510,1520598987517921,9962,37,0
4511,1520598987527936,9962,37,0
4512,1520598987537950,9963,36,0
4513,1520598987547965,9963,36,0
4514,1520598987557980,9962,37,0
4515,1520598987567995,9963,37,0
4516,1520598987578009,9962,37,0
4517,1520598987588024,9962,37,0
4518,1520598987598038,9963,36,0
4519,1520598987608053,9962,37,0
4520,1520598987618069,9962,37,0
4521,1520598987628084,9963,36,0
4522,1520598987638098,9962,37,0
4523,1520598987648113,9962,37,0
4524,1520598987658128,9962,37,0
4525,1520598987668142,9962,37,0
4526,1520598987678157,9962,37,0
4527,1520598987688172,9962,37,0
4528,1520598987698186,9962,37,0
4529,1520598987708201,9962,37,0
4530,1520598987718216,9962,37,0
4531,1520598987728230,9963,36,0
4532,1520598987738245,9962,37,0
4533,1520598987748259,9963,36,0
4534,1520598987758274,9962,37,0
4535,1520598987768289,9962,37,0
4536,1520598987778303,9962,37,0
4537,1520598987788318,9962,37,0
4538,1520598987798333,9962,37,0
4539,1520598987808347,9962,37,0
4540,1520598987818362,9963,37,0
4541,1520598987828377,9963,36,0
4542,1520598987838392,9963,36,0
4543,1520598987848406,9963,36,0
4544,1520598987858421,9962,37,0
4545,1520598987868435,9963,36,0
4546,1520598987878450,9962,37,0
4547,1520598987888465,9962,37,0
4548,1520598987898479,9962,37,0
4549,1520598987908494,9962,37,0
4550,1520598987918509,9962,37,0
4551,1520598987928524,9963,36,0
4552,1520598987938538,9963,36,0
4553,1520598987948553,9962,37,0
4554,1520598987958568,9962,37,0
4555,1520598987968582,9963,36,0
4556,1520598987978597,9962,37,0
4557,1520598987988611,9962,37,0
4558,1520598987998626,9962,37,0
4559,1520598988008641,9963,36,0
4560,1520598988018655,9962,37,0
4561,1520598988028670,9962,37,0
4562,1520598988038685,9963,37,0
4563,1520598988048699,9963,37,0
4564,1520598988058714,9963,37,0
4565,1520598988068729,9962,37,0
4566,1520598988078743,9962,37,0
4567,1520598988088758,9963,36,0
4568,1520598988098773,9962,37,0
4569,1520598988108787,9962,37,0
4570,1520598988118802,9963,36,0
4571,1520598988128817,9963,36,0
4572,1520598988138831,9962,37,0
4573,1520598988148846,9963,36,0
4574,1520598988158861,9962,37,0
4575,1520598988168875,9963,36,0
4576,1520598988178890,9962,37,0
4577,1520598988188904,9963,36,0
4578,1520598988198919,9962,37,0
4579,1520598988208934,9963,36,0
4580,1520598988218948,9962,37,0
4581,1520598988228963,9963,36,0
4582,1520598988238977,9963,36,0
4583,1520598988248992,9963,36,0
4584,1520598988259007,9962,37,0
4585,1520598988269022,9962,37,0
4586,1520598988279036,9962,37,0
4587,1520598988289051,9963,36,0
4588,1520598988299065,9962,37,0
4589,1520598988309080,9962,37,0
4590,1520598988319095,9962,37,0
4591,1520598988329110,9962,37,0
4592,1520598988339124,9957,42,0
4593,1520598988349145,9963,36,0
4594,1520598988359159,9962,37,0
4595,1520598988369174,9962,37,0
4596,1520598988379189,9962,37,0
4597,1520598988389203,9962,37,0
4598,1520598988399218,9962,37,0
4599,1520598988409233,9963,36,0
4600,1520598988419247,9962,37,0
4601,1520598988429262,9962,37,0
4602,1520598988439277,9963,36,0
4603,1520598988449291,9962,37,0
4604,1520598988459306,9963,36,0
4605,1520598988469321,9962,37,0
4606,1520598988479335,9962,37,0
4607,1520598988489350,9962,37,0
4608,1520598988499365,9949,50,0
4609,1520598988509380,9962,37,0
4610,1520598988519395,9962,37,0
4611,1520598988529409,9962,37,0
4612,1520598988539424,9963,36,0
4613,1520598988549439,9962,37,0
4614,1520598988559453,9962,37,0
4615,1520598988569468,9962,37,0
4616,1520598988579482,9963,36,0
4617,1520598988589497,9962,37,0
4618,1520598988599511,9962,37,0
4619,1520598988609526,9962,37,0
4620,1520598988619542,9962,37,0
4621,1520598988629556,9962,37,0
4622,1520598988639571,9962,37,0
4623,1520598988649586,9962,37,0
4624,1520598988659600,9962,37,0
4625,1520598988669615,9962,37,0
4626,1520598988679630,9962,37,0
4627,1520598988689645,9962,37,0
4628,1520598988699659,9963,36,0
4629,1520598988709674,9962,37,0
4630,1520598988719689,9963,36,0
4631,1520598988729704,9962,37,0
4632,1520598988739719,9962,37,0
4633,1520598988749733,9962,37,0
4634,1520598988759748,9962,37,0
4635,1520598988769763,9962,37,0
4636,1520598988779778,9963,36,0
4637,1520598988789792,9963,37,0
4638,1520598988799807,9962,37,0
4639,1520598988809822,9962,37,0
4640,1520598988819837,9962,37,0
4641,1520598988829852,9963,36,0
4642,1520598988839867,9963,36,0
4643,1520598988849881,9962,37,0
4644,1520598988859896,9962,37,0
4645,1520598988869910,9963,36,0
4646,1520598988879925,9963,36,0
4647,1520598988889940,9962,37,0
4648,1520598988899954,9962,37,0
4649,1520598988909969,9962,37,0
4650,1520598988919984,9962,37,0
4651,1520598988929999,9962,37,0
4652,1520598988940014,9962,37,0
4653,1520598988950028,9963,36,0
4654,1520598988960043,9963,36,0
4655,1520598988970057,9963,36,0
4656,1520598988980072,9962,37,0
4657,1520598988990087,9962,37,0
4658,1520598989000102,9962,37,0
4659,1520598989010116,9962,37,0
4660,1520598989020131,9962,37,0
4661,1520598989030146,9962,37,0
4662,1520598989040160,9962,37,0
4663,1520598989050175,9962,37,0
4664,1520598989060189,9962,37,0
4665,1520598989070204,9963,36,0
4666,1520598989080219,9963,36,0
4667,1520598989090233,9962,37,0
4668,1520598989100248,9962,37,0
4669,1520598989110263,9962,37,0
4670,1520598989120278,9962,37,0
4671,1520598989130292,9962,37,0
4672,1520598989140307,9962,37,0
4673,1520598989150322,9963,36,0
4674,1520598989160336,9962,37,0
4675,1520598989170351,9963,36,0
4676,1520598989180366,9962,37,0
4677,1520598989190381,9962,37,0
4678,1520598989200396,9963,36,0
4679,1520598989210410,9962,37,0
4680,1520598989220425,9962,37,0
4681,1520598989230440,9962,37,0
4682,1520598989240455,9963,36,0
4683,1520598989250470,9962,37,0
4684,1520598989260485,9962,37,0
4685,1520598989270499,9962,37,0
4686,1520598989280514,9963,36,0
4687,1520598989290529,9962,37,0
4688,1520598989300543,9962,37,0
4689,1520598989310558,9962,37,0
4690,1520598989320573,9963,37,0
4691,1520598989330587,9962,37,0
4692,1520598989340602,9963,36,0
4693,1520598989350617,9962,37,0
4694,1520598989360631,9963,36,0
4695,1520598989370646,9963,36,0
4696,1520598989380660,9962,37,0
4697,1520598989390675,9962,37,0
4698,1520598989400690,9962,37,0
4699,1520598989410705,9962,37,0
4700,1520598989420720,9962,37,0
4701,1520598989430735,9963,36,0
4702,1520598989440749,9963,36,0
4703,1520598989450764,9962,37,0
4704,1520598989460778,9963,36,0
4705,1520598989470793,9962,37,0
4706,1520598989480808,9962,37,0
4707,1520598989490823,9963,36,0
4708,1520598989500837,9963,36,0
4709,1520598989510852,9962,37,0
4710,1520598989520867,9962,37,0
4711,1520598989530881,9963,36,0
4712,1520598989540896,9963,36,0
4713,1520598989550911,9963,36,0
4714,1520598989560926,9963,36,0
4715,1520598989570940,9963,36,0
4716,1520598989580955,9962,37,0
4717,1520598989590970,9962,37,0
4718,1520598989600984,9962,37,0
4719,1520598989610999,9963,36,0
4720,1520598989621014,9963,36,0
4721,1520598989631029,9963,36,0
4722,1520598989641044,9963,36,0
4723,1520598989651058,9962,37,0
4724,1520598989661073,9963,36,0
4725,1520598989671088,9962,37,0
4726,1520598989681102,9962,37,0
4727,1520598989691117,9953,46,0
4728,1520598989701132,9963,37,0
4729,1520598989711147,9954,45,0
4730,1520598989721161,9962,37,0
4731,1520598989731176,9962,37,0
4732,1520598989741191,9962,37,0
4733,1520598989751205,9962,37,0
4734,1520598989761220,9961,38,0
4735,1520598989771235,9962,37,0
4736,1520598989781250,9949,50,0
4737,1520598989791265,9962,37,0
4738,1520598989801280,9962,37,0
4739,1520598989811295,9963,36,0
4740,1520598989821310,9962,37,0
4741,1520598989831324,9962,37,0
4742,1520598989841339,9962,37,0
4743,1520598989851353,9962,37,0
4744,1520598989861368,9963,36,0
4745,1520598989871383,9962,37,0
4746,1520598989881398,9963,36,0
4747,1520598989891412,9962,37,0
4748,1520598989901427,9963,36,0
4749,1520598989911442,9950,49,0
4750,1520598989921456,9962,37,0
4751,1520598989931471,9962,37,0
4752,1520598989941486,9963,36,0
4753,1520598989951500,9962,37,0
4754,1520598989961515,9962,37,0
4755,1520598989971529,9962,37,0
4756,1520598989981544,9962,37,0
4757,1520598989991559,9962,37,0
4758,1520598990001573,9962,37,0
4759,1520598990011588,9963,36,0
4760,1520598990021602,9962,37,0
4761,1520598990031617,9962,37,0
4762,1520598990041631,9963,36,0
4763,1520598990051646,9962,37,0
4764,1520598990061661,9963,36,0
4765,1520598990071675,9962,37,0
4766,1520598990081690,9963,36,0
4767,1520598990091704,9963,36,0
4768,1520598990101719,9962,37,0
4769,1520598990111733,9963,36,0
4770,1520598990121748,9963,36,0
4771,1520598990131763,9963,36,0
4772,1520598990141777,9963,36,0
4773,1520598990151792,9963,36,0
4774,1520598990161807,9963,36,0
4775,1520598990171822,9963,36,0
4776,1520598990181836,9963,36,0
4777,1520598990191851,9963,36,0
4778,1520598990201866,9962,37,0
4779,1520598990211881,9963,36,0
4780,1520598990221895,9962,37,0
4781,1520598990231910,9963,36,0
4782,1520598990241924,9962,37,0
4783,1520598990251939,9962,37,0
4784,1520598990261953,9962,37,0
4785,1520598990271968,9963,36,0
4786,1520598990281983,9963,36,0
4787,1520598990291998,9963,36,0
4788,1520598990302012,9962,37,0
4789,1520598990312027,9963,36,0
4790,1520598990322042,9962,37,0
4791,1520598990332056,9962,37,0
4792,1520598990342071,9963,36,0
4793,1520598990352085,9963,36,0
4794,1520598990362100,9963,36,0
4795,1520598990372115,9963,36,0
4796,1520598990382130,9963,36,0
4797,1520598990392144,9962,37,0
4798,1520598990402159,9962,37,0
4799,1520598990412174,9962,37,0
4800,1520598990422190,9962,37,0
4801,1520598990432204,9962,37,0
4802,1520598990442219,9963,36,0
4803,1520598990452233,9962,37,0
4804,1520598990462248,9962,37,0
4805,1520598990472263,9962,37,0
4806,1520598990482278,9962,37,0
4807,1520598990492292,9962,37,0
4808,1520598990502307,9963,36,0
4809,1520598990512321,9962,37,0
4810,1520598990522336,9962,37,0
4811,1520598990532351,9963,36,0
4812,1520598990542365,9962,37,0
4813,1520598990552380,9962,37,0
4814,1520598990562394,9962,37,0
4815,1520598990572409,9962,37,0
4816,1520598990582423,9963,36,0
4817,1520598990592438,9962,37,0
4818,1520598990602453,9962,37,0
4819,1520598990612467,9962,37,0
4820,1520598990622483,9963,36,0
4821,1520598990632497,9962,37,0
4822,1520598990642512,9962,37,0
4823,1520598990652527,9962,37,0
4824,1520598990662542,9962,37,0
4825,1520598990672556,9962,37,0
4826,1520598990682571,9962,37,0
4827,1520598990692586,9962,37,0
4828,1520598990702601,9963,37,0
4829,1520598990712615,9963,36,0
4830,1520598990722630,9962,37,0
4831,1520598990732644,9962,37,0
4832,1520598990742659,9962,37,0
4833,1520598990752674,9962,37,0
4834,1520598990762688,9962,37,0
4835,1520598990772703,9963,36,0
4836,1520598990782717,9962,37,0
4837,1520598990792732,9962,37,0
4838,1520598990802747,9963,36,0
4839,1520598990812762,9963,36,0
4840,1520598990822776,9962,37,0
4841,1520598990832791,9962,37,0
4842,1520598990842806,9962,37,0
4843,1520598990852821,9963,36,0
4844,1520598990862835,9962,37,0
4845,1520598990872850,9962,37,0
4846,1520598990882865,9963,37,0
4847,1520598990892879,9963,36,0
4848,1520598990902894,9962,37,0
4849,1520598990912909,9963,37,0
4850,1520598990922924,9962,37,0
4851,1520598990932939,9962,37,0
4852,1520598990942953,9962,37,0
4853,1520598990952968,9963,37,0
4854,1520598990962983,9963,36,0
4855,1520598990972998,9963,36,0
4856,1520598990983013,9962,37,0
4857,1520598990993027,9963,36,0
4858,1520598991003042,9962,37,0
4859,1520598991013057,9962,37,0
4860,1520598991023071,9962,37,0
4861,1520598991033086,9962,37,0
4862,1520598991043101,9962,37,0
4863,1520598991053116,9962,37,0
4864,1520598991063131,9940,59,0
4865,1520598991073147,9963,36,0
4866,1520598991083161,9962,37,0
4867,1520598991093176,9963,36,0
4868,1520598991103191,9962,37,0
4869,1520598991113205,9962,37,0
4870,1520598991123220,9962,37,0
4871,1520598991133235,9962,37,0
4872,1520598991143250,9962,37,0
4873,1520598991153264,9962,37,0
4874,1520598991163279,9963,37,0
4875,1520598991173294,9962,37,0
4876,1520598991183308,9962,37,0
4877,1520598991193323,9962,37,0
4878,1520598991203338,9962,37,0
4879,1520598991213352,9962,37,0
4880,1520598991223367,9963,36,0
4881,1520598991233382,9962,37,0
4882,1520598991243396,9963,36,0
4883,1520598991253411,9962,37,0
4884,1520598991263425,9962,37,0
4885,1520598991273440,9962,37,0
4886,1520598991283455,9962,37,0
4887,1520598991293469,9963,36,0
4888,1520598991303484,9963,37,0
4889,1520598991313498,9963,36,0
4890,1520598991323513,9962,37,0
4891,1520598991333527,9962,37,0
4892,1520598991343542,9962,37,0
4893,1520598991353556,9962,37,0
4894,1520598991363571,9962,37,0
4895,1520598991373585,9963,36,0
4896,1520598991383600,9962,37,0
4897,1520598991393615,9963,36,0
4898,1520598991403629,9962,37,0
4899,1520598991413645,9962,37,0
4900,1520598991423660,9960,39,0
4901,1520598991433674,9962,37,0
4902,1520598991443689,9962,37,0
4903,1520598991453703,9962,37,0
4904,1520598991463718,9963,36,0
4905,1520598991473733,9962,37,0
4906,1520598991483747,9962,37,0
4907,1520598991493761,9962,37,0
4908,1520598991503776,9962,37,0
4909,1520598991513791,9962,37,0
4910,1520598991523806,9962,37,0
4911,1520598991533820,9962,37,0
4912,1520598991543835,9962,37,0
4913,1520598991553849,9962,37,0
4914,1520598991563864,9963,36,0
4915,1520598991573879,9962,37,0
4916,1520598991583893,9963,36,0
4917,1520598991593908,9962,37,0
4918,1520598991603922,9962,37,0
4919,1520598991613937,9962,37,0
4920,1520598991623952,9963,36,0
4921,1520598991633967,9962,37,0
4922,1520598991643982,9962,37,0
4923,1520598991653997,9962,38,0
4924,1520598991664011,9962,37,0
4925,1520598991674026,9963,36,0
4926,1520598991684041,9962,37,0
4927,1520598991694055,9962,37,0
4928,1520598991704070,9962,37,0
4929,1520598991714085,9962,37,0
4930,1520598991724099,9963,36,0
4931,1520598991734114,9962,37,0
4932,1520598991744128,9962,37,0
4933,1520598991754143,9963,36,0
4934,1520598991764158,9962,37,0
4935,1520598991774172,9963,36,0
4936,1520598991784187,9962,37,0
4937,1520598991794202,9962,37,0
4938,1520598991804216,9962,37,0
4939,1520598991814231,9962,37,0
4940,1520598991824245,9963,36,0
4941,1520598991834260,9962,37,0
4942,1520598991844275,9963,36,0
4943,1520598991854289,9962,37,0
4944,1520598991864304,9962,37,0
4945,1520598991874318,9962,37,0
4946,1520598991884333,9962,37,0
4947,1520598991894348,9962,37,0
4948,1520598991904363,9963,36,0
4949,1520598991914377,9962,37,0
4950,1520598991924392,9962,37,0
4951,1520598991934407,9963,36,0
4952,1520598991944422,9962,37,0
4953,1520598991954436,9962,37,0
4954,1520598991964451,9962,37,0
4955,1520598991974466,9962,37,0
4956,1520598991984480,9962,37,0
4957,1520598991994495,9963,36,0
4958,1520598992004510,9962,37,0
4959,1520598992014525,9962,37,0
4960,1520598992024539,9963,36,0
4961,1520598992034554,9963,36,0
4962,1520598992044569,9963,36,0
4963,1520598992054583,9962,37,0
4964,1520598992064598,9962,37,0
4965,1520598992074613,9963,36,0
4966,1520598992084628,9962,37,0
4967,1520598992094642,9962,37,0
4968,1520598992104657,9962,37,0
4969,1520598992114671,9962,37,0
4970,1520598992124686,9962,37,0
4971,1520598992134701,9962,37,0
4972,1520598992144716,9963,36,0
4973,1520598992154730,9962,37,0
4974,1520598992164745,9962,37,0
4975,1520598992174760,9962,37,0
4976,1520598992184774,9962,37,0
4977,1520598992194789,9962,37,0
4978,1520598992204804,9963,36,0
4979,1520598992214819,9962,37,0
4980,1520598992224834,9962,37,0
4981,1520598992234848,9962,37,0
4982,1520598992244863,9963,36,0
4983,1520598992254878,9962,37,0
4984,1520598992264893,9962,37,0
4985,1520598992274908,9962,37,0
4986,1520598992284922,9963,36,0
4987,1520598992294937,9962,37,0
4988,1520598992304952,9962,37,0
4989,1520598992314967,9962,37,0
4990,1520598992324981,9962,37,0
4991,1520598992334996,9962,37,0
4992,1520598992345011,9949,50,0
4993,1520598992355026,9962,37,0
4994,1520598992365040,9962,37,0
4995,1520598992375055,9962,37,0
4996,1520598992385070,9963,36,0
4997,1520598992395084,9962,37,0
4998,1520598992405099,9962,37,0
4999,1520598992415114,9950,49,0
5000,1520598992425129,9961,38,0
5001,1520598992435144,9954,45,0
5002,1520598992445159,9962,37,0
5003,1520598992455173,9962,37,0
5004,1520598992465188,9962,37,0
5005,1520598992475203,9963,36,0
5006,1520598992485217,9962,37,0
5007,1520598992495232,9962,37,0
5008,1520598992505247,9963,36,0
5009,1520598992515261,9963,36,0
5010,1520598992525276,9963,36,0
5011,1520598992535291,9963,36,0
5012,1520598992545305,9963,36,0
5013,1520598992555320,9962,37,0
5014,1520598992565335,9962,37,0
5015,1520598992575349,9963,36,0
5016,1520598992585364,9963,36,0
5017,1520598992595379,9963,36,0
5018,1520598992605393,9962,37,0
5019,1520598992615408,9963,36,0
5020,1520598992625423,9962,37,0
5021,1520598992635438,9962,37,0
5022,1520598992645452,9963,36,0
5023,1520598992655467,9962,37,0
5024,1520598992665482,9962,37,0
5025,1520598992675496,9962,37,0
5026,1520598992685511,9963,36,0
5027,1520598992695525,9962,37,0
5028,1520598992705540,9963,36,0
5029,1520598992715554,9963,36,0
5030,1520598992725569,9962,37,0
5031,1520598992735584,9962,37,0
5032,1520598992745598,9962,37,0
5033,1520598992755613,9963,36,0
5034,1520598992765628,9963,36,0
5035,1520598992775643,9963,36,0
5036,1520598992785657,9962,37,0
5037,1520598992795672,9963,36,0
5038,1520598992805687,9962,37,0
5039,1520598992815701,9962,37,0
5040,1520598992825716,9962,37,0
5041,1520598992835731,9962,37,0
5042,1520598992845745,9962,37,0
5043,1520598992855760,9963,36,0
5044,1520598992865775,9962,37,0
5045,1520598992875790,9962,37,0
5046,1520598992885804,9962,37,0
5047,1520598992895819,9962,37,0
5048,1520598992905834,9963,36,0
5049,1520598992915848,9963,36,0
5050,1520598992925863,9963,36,0
5051,1520598992935878,9962,37,0
5052,1520598992945892,9963,36,0
5053,1520598992955907,9963,37,0
5054,1520598992965922,9963,36,0
5055,1520598992975936,9963,36,0
5056,1520598992985951,9962,37,0
5057,1520598992995966,9963,36,0
5058,1520598993005980,9962,37,0
5059,1520598993015995,9963,36,0
5060,1520598993026010,9962,37,0
5061,1520598993036024,9962,37,0
5062,1520598993046039,9962,37,0
5063,1520598993056054,9962,37,0
5064,1520598993066068,9962,37,0
5065,1520598993076083,9962,37,0
5066,1520598993086098,9962,37,0
5067,1520598993096113,9963,36,0
5068,1520598993106127,9962,37,0
5069,1520598993116142,9962,37,0
5070,1520598993126156,9963,36,0
5071,1520598993136171,9962,37,0
5072,1520598993146186,9963,37,0
5073,1520598993156200,9963,37,0
5074,1520598993166215,9962,37,0
5075,1520598993176230,9962,37,0
5076,1520598993186244,9962,37,0
5077,1520598993196259,9962,37,0
5078,1520598993206273,9963,36,0
5079,1520598993216288,9962,37,0
5080,1520598993226303,9962,37,0
5081,1520598993236318,9962,37,0
5082,1520598993246332,9962,37,0
5083,1520598993256347,9963,36,0
5084,1520598993266361,9962,37,0
5085,1520598993276375,9962,37,0
5086,1520598993286390,9962,37,0
5087,1520598993296405,9962,37,0
5088,1520598993306419,9963,36,0
5089,1520598993316434,9962,37,0
5090,1520598993326448,9962,37,0
5091,1520598993336463,9963,36,0
5092,1520598993346478,9962,37,0
5093,1520598993356492,9962,37,0
5094,1520598993366507,9963,36,0
5095,1520598993376521,9962,37,0
5096,1520598993386536,9962,37,0
5097,1520598993396550,9963,36,0
5098,1520598993406565,9962,37,0
5099,1520598993416580,9963,36,0
5100,1520598993426594,9962,37,0
5101,1520598993436609,9962,37,0
5102,1520598993446624,9962,37,0
5103,1520598993456638,9963,36,0
5104,1520598993466653,9962,37,0
5105,1520598993476668,9963,36,0
5106,1520598993486682,9962,37,0
5107,1520598993496697,9963,36,0
5108,1520598993506711,9963,36,0
5109,1520598993516726,9962,37,0
5110,1520598993526740,9962,37,0
5111,1520598993536755,9962,37,0
5112,1520598993546769,9963,37,0
5113,1520598993556784,9963,36,0
5114,1520598993566799,9962,37,0
5115,1520598993576813,9962,37,0
5116,1520598993586828,9962,37,0
5117,1520598993596843,9962,37,0
5118,1520598993606857,9963,36,0
5119,1520598993616872,9962,37,0
5120,1520598993626888,9949,50,0
5121,1520598993636903,9962,37,0
5122,1520598993646917,9962,37,0
5123,1520598993656932,9963,36,0
5124,1520598993666947,9963,37,0
5125,1520598993676961,9963,36,0
5126,1520598993686976,9963,36,0
5127,1520598993696990,9963,36,0
5128,1520598993707005,9962,37,0
5129,1520598993717019,9963,36,0
5130,1520598993727034,9963,36,0
5131,1520598993737048,9963,36,0
5132,1520598993747063,9962,37,0
5133,1520598993757078,9962,37,0
5134,1520598993767093,9962,37,0
5135,1520598993777107,9963,36,0
5136,1520598993787121,9955,44,0
5137,1520598993797142,9962,37,0
5138,1520598993807157,9962,37,0
5139,1520598993817171,9963,36,0
5140,1520598993827186,9963,36,0
5141,1520598993837201,9963,36,0
5142,1520598993847215,9962,37,0
5143,1520598993857230,9963,36,0
5144,1520598993867244,9963,36,0
5145,1520598993877259,9962,37,0
5146,1520598993887274,9962,37,0
5147,1520598993897288,9962,37,0
5148,1520598993907303,9963,36,0
5149,1520598993917317,9963,36,0
5150,1520598993927332,9963,36,0
5151,1520598993937346,9962,37,0
5152,1520598993947361,9962,37,0
5153,1520598993957376,9962,37,0
5154,1520598993967390,9962,37,0
5155,1520598993977405,9963,36,0
5156,1520598993987419,9963,36,0
5157,1520598993997434,9962,37,0
5158,1520598994007449,9963,36,0
5159,1520598994017463,9962,37,0
5160,1520598994027478,9962,37,0
5161,1520598994037492,9962,37,0
5162,1520598994047507,9962,37,0
5163,1520598994057522,9962,37,0
5164,1520598994067536,9963,36,0
5165,1520598994077551,9962,37,0
5166,1520598994087565,9962,37,0
5167,1520598994097580,9963,36,0
5168,1520598994107595,9963,36,0
5169,1520598994117609,9962,37,0
5170,1520598994127624,9962,37,0
5171,1520598994137639,9963,36,0
5172,1520598994147653,9963,36,0
5173,1520598994157668,9963,36,0
5174,1520598994167682,9962,37,0
5175,1520598994177697,9963,36,0
5176,1520598994187712,9962,37,0
5177,1520598994197726,9963,36,0
5178,1520598994207741,9962,37,0
5179,1520598994217755,9963,37,0
5180,1520598994227770,9962,37,0
5181,1520598994237785,9962,37,0
5182,1520598994247799,9962,37,0
5183,1520598994257814,9963,36,0
5184,1520598994267829,9962,37,0
5185,1520598994277843,9962,37,0
5186,1520598994287858,9962,37,0
5187,1520598994297872,9962,37,0
5188,1520598994307887,9963,36,0
5189,1520598994317901,9963,36,0
5190,1520598994327916,9962,37,0
5191,1520598994337931,9962,37,0
5192,1520598994347946,9963,36,0
5193,1520598994357960,9962,37,0
5194,1520598994367975,9962,37,0
5195,1520598994377990,9962,37,0
5196,1520598994388005,9963,37,0
5197,1520598994398019,9962,37,0
5198,1520598994408034,9963,36,0
5199,1520598994418048,9962,37,0
5200,1520598994428063,9962,37,0
5201,1520598994438077,9962,37,0
5202,1520598994448092,9962,37,0
5203,1520598994458107,9963,36,0
5204,1520598994468121,9962,37,0
5205,1520598994478136,9962,37,0
5206,1520598994488150,9963,36,0
5207,1520598994498165,9962,37,0
5208,1520598994508180,9962,37,0
5209,1520598994518194,9963,36,0
5210,1520598994528209,9962,37,0
5211,1520598994538224,9962,37,0
5212,1520598994548239,9962,37,0
5213,1520598994558254,9962,37,0
5214,1520598994568268,9963,36,0
5215,1520598994578283,9962,37,0
5216,1520598994588298,9963,36,0
5217,1520598994598312,9962,37,0
5218,1520598994608327,9962,37,0
5219,1520598994618342,9963,36,0
5220,1520598994628357,9962,37,0
5221,1520598994638372,9963,36,0
5222,1520598994648386,9962,37,0
5223,1520598994658401,9963,36,0
5224,1520598994668415,9963,36,0
5225,1520598994678430,9962,37,0
5226,1520598994688444,9962,37,0
5227,1520598994698459,9962,37,0
5228,1520598994708473,9963,36,0
5229,1520598994718488,9963,36,0
5230,1520598994728502,9962,37,0
5231,1520598994738517,9962,37,0
5232,1520598994748532,9962,37,0
5233,1520598994758546,9962,37,0
5234,1520598994768561,9963,36,0
5235,1520598994778576,9962,37,0
5236,1520598994788590,9963,36,0
5237,1520598994798605,9962,37,0
5238,1520598994808620,9962,37,0
5239,1520598994818634,9962,37,0
5240,1520598994828649,9962,37,0
5241,1520598994838663,9962,37,0
5242,1520598994848678,9963,36,0
5243,1520598994858693,9962,37,0
5244,1520598994868707,9962,37,0
5245,1520598994878722,9962,37,0
5246,1520598994888737,9963,36,0
5247,1520598994898751,9962,37,0
5248,1520598994908766,9950,49,0
5249,1520598994918781,9962,37,0
5250,1520598994928796,9962,37,0
5251,1520598994938811,9963,36,0
5252,1520598994948825,9962,37,0
5253,1520598994958840,9963,36,0
5254,1520598994968855,9963,37,0
5255,1520598994978870,9963,36,0
5256,1520598994988884,9962,37,0
5257,1520598994998898,9963,36,0
5258,1520598995008913,9962,37,0
5259,1520598995018928,9962,37,0
5260,1520598995028942,9962,37,0
5261,1520598995038957,9951,48,0
5262,1520598995048972,9962,37,0
5263,1520598995058987,9962,37,0
5264,1520598995069001,9963,36,0
5265,1520598995079016,9963,36,0
5266,1520598995089031,9962,37,0
5267,1520598995099045,9962,37,0
5268,1520598995109060,9963,36,0
5269,1520598995119074,9962,37,0
5270,1520598995129089,9962,37,0
5271,1520598995139103,9962,37,0
5272,1520598995149118,9963,37,0
5273,1520598995159132,9955,44,0
5274,1520598995169148,9963,36,0
5275,1520598995179163,9963,36,0
5276,1520598995189177,9962,37,0
5277,1520598995199192,9962,37,0
5278,1520598995209206,9962,37,0
5279,1520598995219221,9962,37,0
5280,1520598995229236,9963,36,0
5281,1520598995239250,9962,37,0
5282,1520598995249265,9962,37,0
5283,1520598995259279,9962,37,0
5284,1520598995269294,9963,36,0
5285,1520598995279309,9962,37,0
5286,1520598995289323,9963,37,0
5287,1520598995299338,9963,36,0
5288,1520598995309352,9962,37,0
5289,1520598995319367,9962,37,0
5290,1520598995329381,9962,37,0
5291,1520598995339396,9963,37,0
5292,1520598995349411,9962,37,0
5293,1520598995359425,9963,36,0
5294,1520598995369440,9962,37,0
5295,1520598995379454,9962,37,0
5296,1520598995389469,9962,37,0
5297,1520598995399483,9963,36,0
5298,1520598995409498,9963,36,0
5299,1520598995419513,9963,36,0
5300,1520598995429528,9961,38,0
5301,1520598995439542,9963,36,0
5302,1520598995449557,9963,36,0
5303,1520598995459571,9962,37,0
5304,1520598995469586,9962,37,0
5305,1520598995479601,9962,37,0
5306,1520598995489615,9962,37,0
5307,1520598995499630,9962,37,0
5308,1520598995509645,9962,37,0
5309,1520598995519659,9962,37,0
5310,1520598995529674,9962,37,0
5311,1520598995539689,9962,37,0
5312,1520598995549703,9963,36,0
5313,1520598995559718,9962,37,0
5314,1520598995569732,9962,37,0
5315,1520598995579747,9962,37,0
5316,1520598995589762,9963,36,0
5317,1520598995599776,9962,37,0
5318,1520598995609791,9962,37,0
5319,1520598995619806,9962,37,0
5320,1520598995629821,9962,37,0
5321,1520598995639836,9963,36,0
5322,1520598995649850,9963,36,0
5323,1520598995659865,9962,37,0
5324,1520598995669880,9962,37,0
5325,1520598995679894,9962,37,0
5326,1520598995689909,9962,37,0
5327,1520598995699923,9962,37,0
5328,1520598995709938,9962,37,0
5329,1520598995719952,9963,36,0
5330,1520598995729967,9962,37,0
5331,1520598995739982,9962,37,0
5332,1520598995749996,9962,37,0
5333,1520598995760011,9962,37,0
5334,1520598995770026,9963,37,0
5335,1520598995780041,9963,36,0
5336,1520598995790055,9962,37,0
5337,1520598995800070,9962,37,0
5338,1520598995810084,9963,36,0
5339,1520598995820099,9962,37,0
5340,1520598995830113,9962,37,0
5341,1520598995840128,9963,36,0
5342,1520598995850143,9962,37,0
5343,1520598995860157,9962,37,0
5344,1520598995870172,9962,37,0
5345,1520598995880186,9963,36,0
5346,1520598995890201,9962,37,0
5347,1520598995900216,9962,37,0
5348,1520598995910230,9962,37,0
5349,1520598995920245,9963,36,0
5350,1520598995930260,9963,36,0
5351,1520598995940275,9963,36,0
5352,1520598995950289,9962,37,0
5353,1520598995960304,9962,37,0
5354,1520598995970318,9962,37,0
5355,1520598995980333,9962,37,0
5356,1520598995990348,9963,36,0
5357,1520598996000363,9963,36,0
5358,1520598996010377,9963,36,0
5359,1520598996020392,9963,36,0
5360,1520598996030406,9962,37,0
5361,1520598996040421,9963,36,0
5362,1520598996050435,9962,37,0
5363,1520598996060450,9963,36,0
5364,1520598996070465,9962,37,0
5365,1520598996080479,9963,36,0
5366,1520598996090494,9962,37,0
5367,1520598996100508,9963,37,0
5368,1520598996110523,9962,37,0
5369,1520598996120537,9962,37,0
5370,1520598996130552,9962,37,0
5371,1520598996140567,9962,37,0
5372,1520598996150582,9963,36,0
5373,1520598996160596,9963,36,0
5374,1520598996170611,9962,37,0
5375,1520598996180626,9962,37,0
5376,1520598996190641,9935,64,0
5377,1520598996200656,9962,37,0
5378,1520598996210670,9962,37,0
5379,1520598996220685,9962,37,0
5380,1520598996230700,9962,37,0
5381,1520598996240714,9962,37,0
5382,1520598996250729,9963,36,0
5383,1520598996260744,9962,37,0
5384,1520598996270758,9962,37,0
5385,1520598996280773,9963,36,0
5386,1520598996290788,9962,37,0
5387,1520598996300803,9962,37,0
5388,1520598996310817,9962,37,0
5389,1520598996320832,9962,37,0
5390,1520598996330846,9962,37,0
5391,1520598996340861,9963,37,0
5392,1520598996350876,9962,37,0
5393,1520598996360890,9962,37,0
5394,1520598996370905,9963,36,0
5395,1520598996380919,9963,36,0
5396,1520598996390934,9962,37,0
5397,1520598996400949,9962,37,0
5398,1520598996410964,9962,37,0
5399,1520598996420979,9960,39,0
5400,1520598996430993,9962,37,0
5401,1520598996441008,9962,37,0
5402,1520598996451022,9962,37,0
5403,1520598996461037,9963,36,0
5404,1520598996471051,9962,37,0
5405,1520598996481066,9963,37,0
5406,1520598996491081,9962,37,0
5407,1520598996501095,9962,37,0
5408,1520598996511118,9962,37,0
5409,1520598996521140,9962,37,0
5410,1520598996531148,9955,44,0
5411,1520598996541162,9962,37,0
5412,1520598996551177,9962,37,0
5413,1520598996561191,9963,36,0
5414,1520598996571206,9963,36,0
5415,1520598996581220,9962,37,0
5416,1520598996591235,9963,36,0
5417,1520598996601250,9962,37,0
5418,1520598996611264,9962,37,0
5419,1520598996621279,9963,36,0
5420,1520598996631293,9963,36,0
5421,1520598996641308,9963,36,0
5422,1520598996651323,9962,37,0
5423,1520598996661337,9962,37,0
5424,1520598996671352,9963,36,0
5425,1520598996681367,9962,37,0
5426,1520598996691381,9962,37,0
5427,1520598996701396,9962,37,0
5428,1520598996711410,9962,37,0
5429,1520598996721425,9962,37,0
5430,1520598996731440,9963,36,0
5431,1520598996741454,9963,37,0
5432,1520598996751469,9962,37,0
5433,1520598996761483,9962,37,0
5434,1520598996771498,9962,37,0
5435,1520598996781512,9962,37,0
5436,1520598996791527,9962,37,0
5437,1520598996801542,9962,37,0
5438,1520598996811556,9962,37,0
5439,1520598996821571,9963,37,0
5440,1520598996831585,9962,37,0
5441,1520598996841600,9963,36,0
5442,1520598996851614,9962,37,0
5443,1520598996861629,9962,37,0
5444,1520598996871643,9962,37,0
5445,1520598996881658,9963,36,0
5446,1520598996891672,9963,36,0
5447,1520598996901687,9963,36,0
5448,1520598996911702,9962,37,0
5449,1520598996921716,9962,37,0
5450,1520598996931731,9962,37,0
5451,1520598996941746,9962,37,0
5452,1520598996951760,9963,36,0
5453,1520598996961775,9962,37,0
5454,1520598996971789,9963,36,0
5455,1520598996981804,9962,37,0
5456,1520598996991818,9962,37,0
5457,1520598997001833,9963,36,0
5458,1520598997011848,9963,36,0
5459,1520598997021862,9962,37,0
5460,1520598997031877,9963,36,0
5461,1520598997041891,9962,37,0
5462,1520598997051906,9963,37,0
5463,1520598997061921,9962,37,0
5464,1520598997071936,9963,36,0
5465,1520598997081950,9962,37,0
5466,1520598997091965,9962,37,0
5467,1520598997101980,9963,36,0
5468,1520598997111994,9962,37,0
5469,1520598997122008,9963,36,0
5470,1520598997132023,9962,37,0
5471,1520598997142038,9962,37,0
5472,1520598997152052,9962,37,0
5473,1520598997162067,9962,37,0
5474,1520598997172081,9962,37,0
5475,1520598997182096,9962,37,0
5476,1520598997192110,9962,37,0
5477,1520598997202125,9962,37,0
5478,1520598997212140,9962,37,0
5479,1520598997222154,9962,37,0
5480,1520598997232169,9962,37,0
5481,1520598997242184,9963,36,0
5482,1520598997252198,9962,37,0
5483,1520598997262213,9963,36,0
5484,1520598997272228,9962,37,0
5485,1520598997282243,9962,37,0
5486,1520598997292258,9962,37,0
5487,1520598997302272,9963,36,0
5488,1520598997312287,9962,37,0
5489,1520598997322301,9962,37,0
5490,1520598997332316,9962,37,0
5491,1520598997342331,9963,36,0
5492,1520598997352345,9963,36,0
5493,1520598997362360,9963,36,0
5494,1520598997372374,9963,36,0
5495,1520598997382389,9962,37,0
5496,1520598997392403,9962,37,0
5497,1520598997402418,9963,37,0
5498,1520598997412433,9962,37,0
5499,1520598997422448,9962,37,0
5500,1520598997432463,9962,37,0
5501,1520598997442478,9962,37,0
5502,1520598997452493,9962,37,0
5503,1520598997462508,9962,37,0
5504,1520598997472523,9949,50,0
5505,1520598997482537,9962,37,0
5506,1520598997492552,9962,37,0
5507,1520598997502566,9963,36,0
5508,1520598997512581,9963,36,0
5509,1520598997522596,9963,37,0
5510,1520598997532610,9962,37,0
5511,1520598997542625,9963,36,0
5512,1520598997552639,9962,37,0
5513,1520598997562654,9963,36,0
5514,1520598997572669,9963,36,0
5515,1520598997582683,9963,36,0
5516,1520598997592698,9962,37,0
5517,1520598997602712,9962,37,0
5518,1520598997612727,9963,36,0
5519,1520598997622742,9962,37,0
5520,1520598997632756,9962,37,0
5521,1520598997642771,9962,37,0
5522,1520598997652785,9962,37,0
5523,1520598997662800,9963,36,0
5524,1520598997672815,9962,37,0
5525,1520598997682829,9962,37,0
5526,1520598997692844,9963,36,0
5527,1520598997702859,9962,37,0
5528,1520598997712873,9962,37,0
5529,1520598997722888,9963,36,0
5530,1520598997732902,9962,37,0
5531,1520598997742917,9962,37,0
5532,1520598997752931,9962,37,0
5533,1520598997762946,9962,37,0
5534,1520598997772960,9963,36,0
5535,1520598997782975,9962,37,0
5536,1520598997792990,9963,36,0
5537,1520598997803004,9962,37,0
5538,1520598997813019,9963,36,0
5539,1520598997823033,9962,37,0
5540,1520598997833048,9962,37,0
5541,1520598997843062,9962,37,0
5542,1520598997853077,9963,36,0
5543,1520598997863092,9963,36,0
5544,1520598997873106,9963,36,0
5545,1520598997883120,9956,43,0
5546,1520598997893142,9962,37,0
5547,1520598997903157,9963,36,0
5548,1520598997913171,9962,37,0
5549,1520598997923186,9963,36,0
5550,1520598997933200,9963,36,0
5551,1520598997943215,9963,36,0
5552,1520598997953230,9963,36,0
5553,1520598997963244,9962,37,0
5554,1520598997973259,9962,37,0
5555,1520598997983273,9962,37,0
5556,1520598997993288,9962,37,0
5557,1520598998003303,9962,37,0
5558,1520598998013317,9962,37,0
5559,1520598998023332,9963,36,0
5560,1520598998033346,9962,37,0
5561,1520598998043361,9962,37,0
5562,1520598998053375,9963,36,0
5563,1520598998063390,9963,37,0
5564,1520598998073405,9963,36,0
5565,1520598998083419,9963,36,0
5566,1520598998093434,9962,37,0
5567,1520598998103448,9962,37,0
5568,1520598998113463,9962,37,0
5569,1520598998123478,9963,36,0
5570,1520598998133492,9962,37,0
5571,1520598998143507,9962,37,0
5572,1520598998153521,9962,37,0
5573,1520598998163536,9962,37,0
5574,1520598998173551,9962,37,0
5575,1520598998183565,9962,37,0
5576,1520598998193580,9963,36,0
5577,1520598998203595,9963,36,0
5578,1520598998213609,9963,36,0
5579,1520598998223624,9962,37,0
5580,1520598998233639,9962,37,0
5581,1520598998243653,9963,36,0
5582,1520598998253668,9962,37,0
5583,1520598998263682,9962,37,0
5584,1520598998273697,9963,36,0
5585,1520598998283711,9963,36,0
5586,1520598998293726,9962,37,0
5587,1520598998303740,9963,36,0
5588,1520598998313755,9963,36,0
5589,1520598998323770,9962,37,0
5590,1520598998333784,9963,36,0
5591,1520598998343799,9963,36,0
5592,1520598998353813,9963,36,0
5593,1520598998363828,9962,37,0
5594,1520598998373843,9962,37,0
5595,1520598998383857,9962,37,0
5596,1520598998393872,9962,37,0
5597,1520598998403886,9963,36,0
5598,1520598998413901,9962,37,0
5599,1520598998423915,9962,37,0
5600,1520598998433930,9962,37,0
5601,1520598998443945,9963,36,0
5602,1520598998453960,9962,37,0
5603,1520598998463974,9962,37,0
5604,1520598998473988,9963,36,0
5605,1520598998484003,9963,36,0
5606,1520598998494018,9963,36,0
5607,1520598998504032,9963,37,0
5608,1520598998514047,9962,37,0
5609,1520598998524062,9962,37,0
5610,1520598998534076,9962,37,0
5611,1520598998544091,9963,36,0
5612,1520598998554106,9962,37,0
5613,1520598998564120,9962,37,0
5614,1520598998574134,9962,37,0
5615,1520598998584149,9962,37,0
5616,1520598998594164,9962,37,0
5617,1520598998604178,9962,37,0
5618,1520598998614193,9962,37,0
5619,1520598998624209,9962,37,0
5620,1520598998634223,9962,37,0
5621,1520598998644238,9963,36,0
5622,1520598998654253,9963,36,0
5623,1520598998664267,9962,37,0
5624,1520598998674282,9962,37,0
5625,1520598998684296,9962,37,0
5626,1520598998694311,9962,37,0
5627,1520598998704326,9962,37,0
5628,1520598998714340,9962,37,0
5629,1520598998724355,9962,37,0
5630,1520598998734369,9962,37,0
5631,1520598998744384,9962,37,0
5632,1520598998754399,9950,49,0
5633,1520598998764413,9962,37,0
5634,1520598998774428,9963,36,0
5635,1520598998784443,9963,36,0
5636,1520598998794457,9963,36,0
5637,1520598998804472,9962,37,0
5638,1520598998814486,9962,37,0
5639,1520598998824501,9962,37,0
5640,1520598998834515,9962,37,0
5641,1520598998844530,9963,36,0
5642,1520598998854545,9962,37,0
5643,1520598998864559,9962,37,0
5644,1520598998874574,9962,37,0
5645,1520598998884589,9962,37,0
5646,1520598998894603,9963,36,0
5647,1520598998904617,9963,36,0
5648,1520598998914632,9962,37,0
5649,1520598998924647,9963,36,0
5650,1520598998934661,9962,37,0
5651,1520598998944676,9962,37,0
5652,1520598998954691,9962,37,0
5653,1520598998964705,9963,36,0
5654,1520598998974720,9962,37,0
5655,1520598998984735,9962,37,0
5656,1520598998994749,9963,36,0
5657,1520598999004764,9963,36,0
5658,1520598999014779,9962,37,0
5659,1520598999024793,9963,36,0
5660,1520598999034808,9962,37,0
5661,1520598999044823,9963,36,0
5662,1520598999054837,9962,37,0
5663,1520598999064852,9963,36,0
5664,1520598999074866,9962,37,0
5665,1520598999084881,9963,36,0
5666,1520598999094896,9962,37,0
5667,1520598999104910,9962,37,0
5668,1520598999114925,9962,37,0
5669,1520598999124940,9962,37,0
5670,1520598999134954,9962,37,0
5671,1520598999144969,9963,36,0
5672,1520598999154983,9962,37,0
5673,1520598999164998,9962,37,0
5674,1520598999175013,9962,37,0
5675,1520598999185027,9963,36,0
5676,1520598999195042,9962,37,0
5677,1520598999205056,9962,37,0
5678,1520598999215071,9963,36,0
5679,1520598999225085,9962,37,0
5680,1520598999235100,9962,37,0
5681,1520598999245115,9962,37,0
5682,1520598999255129,9953,46,0
5683,1520598999265146,9962,37,0
5684,1520598999275161,9962,37,0
5685,1520598999285176,9962,37,0
5686,1520598999295190,9962,37,0
5687,1520598999305205,9962,37,0
5688,1520598999315219,9963,36,0
5689,1520598999325234,9962,37,0
5690,1520598999335248,9962,37,0
5691,1520598999345263,9962,37,0
5692,1520598999355278,9962,37,0
5693,1520598999365293,9962,37,0
5694,1520598999375307,9962,37,0
5695,1520598999385322,9962,37,0
5696,1520598999395337,9963,36,0
5697,1520598999405351,9962,37,0
5698,1520598999415367,9962,37,0
5699,1520598999425382,9962,37,0
5700,1520598999435396,9963,36,0
5701,1520598999445410,9963,36,0
5702,1520598999455425,9962,37,0
5703,1520598999465440,9962,37,0
5704,1520598999475454,9962,37,0
5705,1520598999485469,9962,37,0
5706,1520598999495483,9962,37,0
5707,1520598999505498,9962,37,0
5708,1520598999515512,9962,37,0
5709,1520598999525527,9962,37,0
5710,1520598999535542,9962,37,0
5711,1520598999545556,9962,37,0
5712,1520598999555571,9963,36,0
5713,1520598999565585,9962,37,0
5714,1520598999575600,9962,37,0
5715,1520598999585615,9962,37,0
5716,1520598999595629,9963,36,0
5717,1520598999605644,9963,36,0
5718,1520598999615658,9963,36,0
5719,1520598999625674,9963,36,0
5720,1520598999635688,9962,37,0
5721,1520598999645703,9962,37,0
5722,1520598999655718,9963,36,0
5723,1520598999665732,9962,37,0
5724,1520598999675747,9962,37,0
5725,1520598999685761,9962,37,0
5726,1520598999695776,9963,37,0
5727,1520598999705790,9963,36,0
5728,1520598999715805,9962,37,0
5729,1520598999725819,9962,37,0
5730,1520598999735834,9962,37,0
5731,1520598999745849,9962,37,0
5732,1520598999755863,9963,36,0
5733,1520598999765878,9962,37,0
5734,1520598999775893,9962,37,0
5735,1520598999785907,9962,37,0
5736,1520598999795922,9963,36,0
5737,1520598999805936,9962,37,0
5738,1520598999815951,9962,37,0
5739,1520598999825966,9962,37,0
5740,1520598999835980,9962,37,0
5741,1520598999845994,9963,36,0
5742,1520598999856009,9963,36,0
5743,1520598999866024,9963,37,0
5744,1520598999876038,9963,36,0
5745,1520598999886053,9962,37,0
5746,1520598999896067,9962,37,0
5747,1520598999906082,9963,36,0
5748,1520598999916097,9962,37,0
5749,1520598999926111,9962,37,0
5750,1520598999936126,9962,37,0
5751,1520598999946140,9962,37,0
5752,1520598999956155,9962,37,0
5753,1520598999966169,9962,37,0
5754,1520598999976184,9962,37,0
5755,1520598999986198,9963,36,0
5756,1520598999996213,9963,36,0
5757,1520599000006227,9962,37,0
5758,1520599000016242,9962,37,0
5759,1520599000026257,9962,37,0
5760,1520599000036271,9950,49,0
5761,1520599000046286,9962,37,0
5762,1520599000056301,9962,37,0
5763,1520599000066315,9962,37,0
5764,1520599000076330,9962,37,0
5765,1520599000086345,9963,36,0
5766,1520599000096359,9962,37,0
5767,1520599000106374,9963,36,0
5768,1520599000116389,9962,37,0
5769,1520599000126404,9963,36,0
5770,1520599000136418,9962,37,0
5771,1520599000146433,9963,36,0
5772,1520599000156447,9963,36,0
5773,1520599000166462,9950,49,0
5774,1520599000176477,9963,37,0
5775,1520599000186492,9963,36,0
5776,1520599000196506,9962,37,0
5777,1520599000206521,9962,37,0
5778,1520599000216535,9963,36,0
5779,1520599000226550,9962,37,0
5780,1520599000236564,9963,37,0
5781,1520599000246579,9962,37,0
5782,1520599000256593,9962,37,0
5783,1520599000266608,9963,36,0
5784,1520599000276623,9962,37,0
5785,1520599000286638,9962,37,0
5786,1520599000296652,9962,37,0
5787,1520599000306667,9962,37,0
5788,1520599000316682,9962,37,0
5789,1520599000326696,9962,37,0
5790,1520599000336711,9962,37,0
5791,1520599000346725,9963,36,0
5792,1520599000356740,9962,37,0
5793,1520599000366755,9963,36,0
5794,1520599000376769,9963,36,0
5795,1520599000386784,9962,37,0
5796,1520599000396798,9962,37,0
5797,1520599000406814,9962,37,0
5798,1520599000416828,9961,38,0
5799,1520599000426843,9963,36,0
5800,1520599000436857,9962,37,0
5801,1520599000446872,9963,36,0
5802,1520599000456887,9961,38,0
5803,1520599000466901,9962,37,0
5804,1520599000476916,9963,37,0
5805,1520599000486930,9962,37,0
5806,1520599000496945,9963,36,0
5807,1520599000506960,9962,37,0
5808,1520599000516974,9962,37,0
5809,1520599000526989,9963,36,0
5810,1520599000537003,9962,37,0
5811,1520599000547018,9962,37,0
5812,1520599000557032,9962,37,0
5813,1520599000567047,9962,37,0
5814,1520599000577061,9963,36,0
5815,1520599000587076,9963,36,0
5816,1520599000597090,9962,37,0
5817,1520599000607105,9962,37,0
5818,1520599000617120,9962,37,0
5819,1520599000627134,9956,44,0
5820,1520599000637148,9962,37,0
5821,1520599000647162,9962,37,0
5822,1520599000657177,9962,37,0
5823,1520599000667191,9962,37,0
5824,1520599000677206,9962,37,0
5825,1520599000687221,9963,36,0
5826,1520599000697235,9963,36,0
5827,1520599000707250,9963,36,0
5828,1520599000717264,9962,37,0
5829,1520599000727279,9962,37,0
5830,1520599000737294,9963,36,0
5831,1520599000747308,9962,37,0
5832,1520599000757323,9962,37,0
5833,1520599000767337,9962,37,0
5834,1520599000777352,9962,37,0
5835,1520599000787367,9962,37,0
5836,1520599000797381,9963,36,0
5837,1520599000807396,9962,37,0
5838,1520599000817410,9962,37,0
5839,1520599000827425,9962,37,0
5840,1520599000837439,9962,37,0
5841,1520599000847454,9963,36,0
5842,1520599000857468,9963,36,0
5843,1520599000867483,9962,37,0
5844,1520599000877498,9963,36,0
5845,1520599000887512,9962,37,0
5846,1520599000897527,9962,37,0
5847,1520599000907542,9962,37,0
5848,1520599000917557,9962,37,0
5849,1520599000927571,9962,37,0
5850,1520599000937586,9962,37,0
5851,1520599000947600,9962,37,0
5852,1520599000957615,9962,37,0
5853,1520599000967630,9962,37,0
5854,1520599000977644,9962,37,0
5855,1520599000987659,9962,37,0
5856,1520599000997673,9963,36,0
5857,1520599001007688,9963,36,0
5858,1520599001017703,9962,37,0
5859,1520599001027717,9962,37,0
5860,1520599001037732,9962,37,0
5861,1520599001047746,9962,37,0
5862,1520599001057761,9962,37,0
5863,1520599001067775,9962,37,0
5864,1520599001077790,9963,36,0
5865,1520599001087805,9962,37,0
5866,1520599001097819,9962,37,0
5867,1520599001107834,9962,37,0
5868,1520599001117848,9962,37,0
5869,1520599001127863,9963,36,0
5870,1520599001137878,9962,37,0
5871,1520599001147892,9962,37,0
5872,1520599001157906,9963,36,0
5873,1520599001167921,9962,37,0
5874,1520599001177936,9962,37,0
5875,1520599001187950,9963,36,0
5876,1520599001197965,9962,37,0
5877,1520599001207979,9962,37,0
5878,1520599001217994,9962,37,0
5879,1520599001228009,9962,37,0
5880,1520599001238023,9962,37,0
5881,1520599001248038,9962,37,0
5882,1520599001258053,9962,37,0
5883,1520599001268067,9962,37,0
5884,1520599001278082,9962,37,0
5885,1520599001288097,9962,37,0
5886,1520599001298111,9963,37,0
5887,1520599001308126,9963,37,0
5888,1520599001318141,9950,49,0
5889,1520599001328155,9963,36,0
5890,1520599001338170,9962,37,0
5891,1520599001348185,9962,37,0
5892,1520599001358199,9962,37,0
5893,1520599001368214,9963,37,0
5894,1520599001378229,9962,37,0
5895,1520599001388243,9963,36,0
5896,1520599001398259,9962,37,0
5897,1520599001408273,9961,38,0
5898,1520599001418288,9962,37,0
5899,1520599001428303,9962,37,0
5900,1520599001438318,9962,37,0
5901,1520599001448332,9962,37,0
5902,1520599001458347,9962,37,0
5903,1520599001468362,9962,37,0
5904,1520599001478376,9962,37,0
5905,1520599001488391,9962,37,0
5906,1520599001498405,9962,37,0
5907,1520599001508420,9962,37,0
5908,1520599001518435,9962,37,0
5909,1520599001528449,9962,37,0
5910,1520599001538464,9962,37,0
5911,1520599001548479,9962,37,0
5912,1520599001558493,9963,36,0
5913,1520599001568508,9962,37,0
5914,1520599001578522,9962,37,0
5915,1520599001588537,9962,37,0
5916,1520599001598552,9962,37,0
5917,1520599001608567,9962,37,0
5918,1520599001618582,9962,37,0
5919,1520599001628597,9962,37,0
5920,1520599001638612,9963,36,0
5921,1520599001648626,9962,37,0
5922,1520599001658641,9963,36,0
5923,1520599001668655,9963,36,0
5924,1520599001678670,9963,36,0
5925,1520599001688685,9962,37,0
5926,1520599001698700,9962,37,0
5927,1520599001708714,9962,37,0
5928,1520599001718729,9962,37,0
5929,1520599001728743,9963,36,0
5930,1520599001738758,9963,36,0
5931,1520599001748772,9962,37,0
5932,1520599001758787,9962,37,0
5933,1520599001768802,9962,37,0
5934,1520599001778817,9962,37,0
5935,1520599001788831,9963,36,0
5936,1520599001798846,9963,36,0
5937,1520599001808860,9962,37,0
5938,1520599001818875,9962,37,0
5939,1520599001828889,9962,37,0
5940,1520599001838904,9962,37,0
5941,1520599001848918,9962,37,0
5942,1520599001858933,9962,37,0
5943,1520599001868948,9963,36,0
5944,1520599001878963,9962,37,0
5945,1520599001888977,9962,37,0
5946,1520599001898992,9962,37,0
5947,1520599001909006,9962,37,0
5948,1520599001919021,9962,37,0
5949,1520599001929036,9962,37,0
5950,1520599001939050,9963,36,0
5951,1520599001949065,9963,36,0
5952,1520599001959080,9962,37,0
5953,1520599001969095,9962,37,0
5954,1520599001979118,9962,37,0
5955,1520599001989133,9962,37,0
5956,1520599001999148,9956,43,0
5957,1520599002009162,9962,37,0
5958,1520599002019177,9963,36,0
5959,1520599002029191,9963,36,0
5960,1520599002039206,9963,36,0
5961,1520599002049221,9962,37,0
5962,1520599002059235,9963,36,0
5963,1520599002069250,9962,37,0
5964,1520599002079265,9963,36,0
5965,1520599002089279,9963,36,0
5966,1520599002099294,9962,37,0
5967,1520599002109308,9963,36,0
5968,1520599002119323,9962,37,0
5969,1520599002129338,9962,37,0
5970,1520599002139352,9962,37,0
5971,1520599002149367,9962,37,0
5972,1520599002159381,9962,37,0
5973,1520599002169396,9963,36,0
5974,1520599002179410,9962,37,0
5975,1520599002189425,9962,37,0
5976,1520599002199440,9963,36,0
5977,1520599002209454,9963,36,0
5978,1520599002219469,9962,37,0
5979,1520599002229484,9962,37,0
5980,1520599002239498,9962,37,0
5981,1520599002249513,9962,37,0
5982,1520599002259528,9962,37,0
5983,1520599002269542,9962,37,0
5984,1520599002279557,9962,37,0
5985,1520599002289572,9962,37,0
5986,1520599002299586,9962,37,0
5987,1520599002309601,9962,37,0
5988,1520599002319615,9963,36,0
5989,1520599002329630,9962,37,0
5990,1520599002339644,9962,37,0
5991,1520599002349659,9962,37,0
5992,1520599002359673,9962,37,0
5993,1520599002369688,9963,36,0
5994,1520599002379703,9963,37,0
5995,1520599002389717,9962,37,0
5996,1520599002399732,9962,37,0
5997,1520599002409746,9962,37,0
5998,1520599002419761,9963,36,0
5999,1520599002429776,9963,36,0
6000,1520599002439791,9962,37,0
6001,1520599002449805,9963,36,0
6002,1520599002459820,9962,37,0
6003,1520599002469835,9963,37,0
6004,1520599002479849,9963,36,0
6005,1520599002489864,9963,36,0
6006,1520599002499878,9962,37,0
6007,1520599002509893,9962,37,0
6008,1520599002519907,9962,37,0
6009,1520599002529922,9963,36,0
6010,1520599002539937,9962,37,0
6011,1520599002549952,9962,37,0
6012,1520599002559966,9962,37,0
6013,1520599002569980,9962,37,0
6014,1520599002579995,9962,37,0
6015,1520599002590010,9963,37,0
6016,1520599002600025,9949,50,0
6017,1520599002610039,9962,37,0
6018,1520599002620055,9962,37,0
6019,1520599002630070,9962,37,0
6020,1520599002640084,9963,36,0
6021,1520599002650099,9963,36,0
6022,1520599002660114,9963,36,0
6023,1520599002670128,9962,37,0
6024,1520599002680143,9962,37,0
6025,1520599002690158,9963,36,0
6026,1520599002700172,9963,36,0
6027,1520599002710187,9962,37,0
6028,1520599002720201,9962,37,0
6029,1520599002730216,9962,37,0
6030,1520599002740231,9963,36,0
6031,1520599002750246,9962,37,0
6032,1520599002760260,9962,37,0
6033,1520599002770275,9963,36,0
6034,1520599002780290,9962,37,0
6035,1520599002790304,9962,37,0
6036,1520599002800319,9963,36,0
6037,1520599002810334,9963,36,0
6038,1520599002820348,9963,36,0
6039,1520599002830363,9963,36,0
6040,1520599002840378,9962,37,0
6041,1520599002850392,9962,37,0
6042,1520599002860407,9962,37,0
6043,1520599002870421,9963,36,0
6044,1520599002880436,9963,37,0
6045,1520599002890450,9962,37,0
6046,1520599002900465,9963,36,0
6047,1520599002910480,9963,36,0
6048,1520599002920495,9962,37,0
6049,1520599002930509,9962,37,0
6050,1520599002940524,9963,36,0
6051,1520599002950539,9963,36,0
6052,1520599002960553,9963,36,0
6053,1520599002970568,9962,37,0
6054,1520599002980583,9962,37,0
6055,1520599002990598,9962,37,0
6056,1520599003000612,9963,36,0
6057,1520599003010627,9962,37,0
6058,1520599003020642,9962,37,0
6059,1520599003030656,9962,37,0
6060,1520599003040671,9963,36,0
6061,1520599003050686,9963,36,0
6062,1520599003060700,9962,37,0
6063,1520599003070715,9963,36,0
6064,1520599003080730,9963,36,0
6065,1520599003090744,9963,37,0
6066,1520599003100759,9963,36,0
6067,1520599003110773,9962,37,0
6068,1520599003120788,9963,36,0
6069,1520599003130803,9962,37,0
6070,1520599003140817,9963,36,0
6071,1520599003150832,9963,36,0
6072,1520599003160847,9963,36,0
6073,1520599003170861,9963,37,0
6074,1520599003180876,9962,37,0
6075,1520599003190890,9963,36,0
6076,1520599003200905,9962,37,0
6077,1520599003210920,9962,37,0
6078,1520599003220934,9962,37,0
6079,1520599003230949,9963,36,0
6080,1520599003240964,9963,36,0
6081,1520599003250978,9963,37,0
6082,1520599003260993,9962,37,0
6083,1520599003271008,9962,37,0
6084,1520599003281022,9962,37,0
6085,1520599003291037,9962,37,0
6086,1520599003301051,9963,36,0
6087,1520599003311066,9963,36,0
6088,1520599003321081,9962,37,0
6089,1520599003331095,9962,37,0
6090,1520599003341110,9962,37,0
6091,1520599003351125,9958,41,0
6092,1520599003361143,9962,37,0
6093,1520599003371158,9963,36,0
6094,1520599003381172,9963,36,0
6095,1520599003391187,9962,37,0
6096,1520599003401202,9962,37,0
6097,1520599003411216,9963,36,0
6098,1520599003421231,9962,37,0
6099,1520599003431246,9963,36,0
6100,1520599003441260,9963,36,0
6101,1520599003451275,9963,36,0
6102,1520599003461290,9962,37,0
6103,1520599003471305,9962,37,0
6104,1520599003481319,9963,36,0
6105,1520599003491334,9963,36,0
6106,1520599003501349,9962,37,0
6107,1520599003511363,9962,37,0
6108,1520599003521378,9962,37,0
6109,1520599003531393,9963,37,0
6110,1520599003541407,9962,37,0
6111,1520599003551422,9962,37,0
6112,1520599003561437,9962,37,0
6113,1520599003571451,9962,37,0
6114,1520599003581466,9962,37,0
6115,1520599003591481,9962,37,0
6116,1520599003601495,9963,36,0
6117,1520599003611510,9962,37,0
6118,1520599003621526,9962,37,0
6119,1520599003631540,9962,37,0
6120,1520599003641555,9962,37,0
6121,1520599003651570,9963,36,0
6122,1520599003661585,9962,37,0
6123,1520599003671599,9962,37,0
6124,1520599003681614,9962,37,0
6125,1520599003691629,9962,37,0
6126,1520599003701643,9962,37,0
6127,1520599003711658,9962,37,0
6128,1520599003721673,9963,37,0
6129,1520599003731688,9962,37,0
6130,1520599003741702,9962,37,0
6131,1520599003751717,9963,36,0
6132,1520599003761732,9962,37,0
6133,1520599003771746,9962,37,0
6134,1520599003781761,9962,37,0
6135,1520599003791775,9963,36,0
6136,1520599003801790,9962,37,0
6137,1520599003811804,9962,37,0
6138,1520599003821819,9963,36,0
6139,1520599003831833,9962,37,0
6140,1520599003841848,9962,37,0
6141,1520599003851862,9962,37,0
6142,1520599003861877,9963,36,0
6143,1520599003871892,9962,37,0
6144,1520599003881907,9950,49,0
6145,1520599003891921,9962,37,0
6146,1520599003901936,9963,36,0
6147,1520599003911951,9963,36,0
6148,1520599003921965,9962,37,0
6149,1520599003931980,9963,36,0
6150,1520599003941995,9962,37,0
6151,1520599003952009,9963,36,0
6152,1520599003962024,9962,37,0
6153,1520599003972038,9962,37,0
6154,1520599003982053,9963,36,0
6155,1520599003992068,9962,37,0
6156,1520599004002082,9962,37,0
6157,1520599004012097,9963,37,0
6158,1520599004022112,9962,37,0
6159,1520599004032126,9962,37,0
6160,1520599004042141,9962,37,0
6161,1520599004052156,9962,37,0
6162,1520599004062170,9962,37,0
6163,1520599004072185,9962,37,0
6164,1520599004082200,9962,37,0
6165,1520599004092215,9962,37,0
6166,1520599004102229,9962,37,0
6167,1520599004112244,9962,37,0
6168,1520599004122259,9962,37,0
6169,1520599004132273,9963,36,0
6170,1520599004142288,9962,37,0
6171,1520599004152302,9963,36,0
6172,1520599004162317,9963,36,0
6173,1520599004172332,9962,37,0
6174,1520599004182346,9962,37,0
6175,1520599004192361,9962,37,0
6176,1520599004202375,9962,37,0
6177,1520599004212390,9962,37,0
6178,1520599004222405,9962,37,0
6179,1520599004232420,9963,36,0
6180,1520599004242434,9962,37,0
6181,1520599004252449,9962,37,0
6182,1520599004262464,9962,37,0
6183,1520599004272479,9962,37,0
6184,1520599004282493,9963,36,0
6185,1520599004292508,9962,37,0
6186,1520599004302523,9962,37,0
6187,1520599004312538,9963,36,0
6188,1520599004322552,9962,37,0
6189,1520599004332567,9962,37,0
6190,1520599004342582,9962,37,0
6191,1520599004352596,9963,36,0
6192,1520599004362611,9962,37,0
6193,1520599004372625,9963,36,0
6194,1520599004382640,9962,37,0
6195,1520599004392654,9963,36,0
6196,1520599004402669,9962,37,0
6197,1520599004412684,9962,37,0
6198,1520599004422699,9962,37,0
6199,1520599004432713,9963,36,0
6200,1520599004442728,9962,37,0
6201,1520599004452743,9962,37,0
6202,1520599004462758,9962,37,0
6203,1520599004472773,9963,36,0
6204,1520599004482787,9962,37,0
6205,1520599004492802,9963,36,0
6206,1520599004502817,9962,37,0
6207,1520599004512831,9962,37,0
6208,1520599004522846,9963,36,0
6209,1520599004532860,9962,37,0
6210,1520599004542875,9963,36,0
6211,1520599004552889,9962,37,0
6212,1520599004562904,9963,36,0
6213,1520599004572919,9963,36,0
6214,1520599004582933,9962,37,0
6215,1520599004592948,9962,37,0
6216,1520599004602962,9962,37,0
6217,1520599004612977,9963,36,0
6218,1520599004622993,9962,37,0
6219,1520599004633007,9962,37,0
6220,1520599004643022,9962,37,0
6221,1520599004653037,9962,37,0
6222,1520599004663051,9962,37,0
6223,1520599004673066,9963,36,0
6224,1520599004683081,9962,37,0
6225,1520599004693096,9963,36,0
6226,1520599004703110,9954,45,0
6227,1520599004713125,9963,36,0
6228,1520599004723140,9958,41,0
6229,1520599004733154,9963,36,0
6230,1520599004743169,9962,37,0
6231,1520599004753184,9962,37,0
6232,1520599004763198,9962,37,0
6233,1520599004773213,9962,37,0
6234,1520599004783228,9962,37,0
6235,1520599004793242,9962,37,0
6236,1520599004803257,9963,36,0
6237,1520599004813271,9962,37,0
6238,1520599004823286,9962,37,0
6239,1520599004833300,9963,36,0
6240,1520599004843315,9963,36,0
6241,1520599004853330,9962,37,0
6242,1520599004863344,9962,37,0
6243,1520599004873359,9962,37,0
6244,1520599004883374,9962,37,0
6245,1520599004893388,9962,37,0
6246,1520599004903403,9962,37,0
6247,1520599004913417,9962,37,0
6248,1520599004923432,9962,37,0
6249,1520599004933446,9962,37,0
6250,1520599004943461,9963,36,0
6251,1520599004953476,9962,37,0
6252,1520599004963490,9962,37,0
6253,1520599004973505,9962,37,0
6254,1520599004983520,9962,37,0
6255,1520599004993534,9963,36,0
6256,1520599005003549,9963,36,0
6257,1520599005013564,9963,36,0
6258,1520599005023578,9962,37,0
6259,1520599005033593,9962,37,0
6260,1520599005043608,9963,36,0
6261,1520599005053623,9962,37,0
6262,1520599005063637,9963,36,0
6263,1520599005073652,9963,36,0
6264,1520599005083667,9962,37,0
6265,1520599005093681,9962,37,0
6266,1520599005103696,9962,37,0
6267,1520599005113711,9962,37,0
6268,1520599005123726,9962,37,0
6269,1520599005133740,9962,37,0
6270,1520599005143755,9963,36,0
6271,1520599005153770,9962,37,0
6272,1520599005163785,9949,50,0
6273,1520599005173799,9963,36,0
6274,1520599005183814,9962,37,0
6275,1520599005193829,9963,36,0
6276,1520599005203844,9963,36,0
6277,1520599005213858,9962,37,0
6278,1520599005223873,9963,36,0
6279,1520599005233888,9963,36,0
6280,1520599005243903,9962,37,0
6281,1520599005253917,9963,36,0
6282,1520599005263932,9963,36,0
6283,1520599005273946,9962,37,0
6284,1520599005283961,9963,36,0
6285,1520599005293976,9950,49,0
6286,1520599005303991,9962,37,0
6287,1520599005314005,9962,37,0
6288,1520599005324020,9963,36,0
6289,1520599005334035,9962,37,0
6290,1520599005344050,9963,36,0
6291,1520599005354064,9963,36,0
6292,1520599005364079,9962,37,0
6293,1520599005374093,9962,37,0
6294,1520599005384108,9963,36,0
6295,1520599005394123,9963,36,0
6296,1520599005404137,9962,37,0
6297,1520599005414152,9962,37,0
6298,1520599005424167,9962,37,0
6299,1520599005434182,9962,37,0
6300,1520599005444197,9960,39,0
6301,1520599005454211,9962,37,0
6302,1520599005464226,9962,37,0
6303,1520599005474240,9962,37,0
6304,1520599005484255,9962,37,0
6305,1520599005494270,9962,37,0
6306,1520599005504284,9962,37,0
6307,1520599005514299,9962,37,0
6308,1520599005524313,9962,37,0
6309,1520599005534328,9962,37,0
6310,1520599005544343,9962,37,0
6311,1520599005554358,9962,37,0
6312,1520599005564373,9963,36,0
6313,1520599005574387,9962,37,0
6314,1520599005584402,9962,37,0
6315,1520599005594416,9962,37,0
6316,1520599005604431,9962,37,0
6317,1520599005614446,9962,37,0
6318,1520599005624461,9962,37,0
6319,1520599005634476,9962,37,0
6320,1520599005644491,9962,37,0
6321,1520599005654506,9963,36,0
6322,1520599005664520,9962,37,0
6323,1520599005674535,9962,37,0
6324,1520599005684550,9962,37,0
6325,1520599005694564,9962,37,0
6326,1520599005704579,9962,37,0
6327,1520599005714594,9962,37,0
6328,1520599005724609,9962,37,0
6329,1520599005734623,9962,37,0
6330,1520599005744638,9962,37,0
6331,1520599005754653,9962,37,0
6332,1520599005764667,9963,36,0
6333,1520599005774682,9963,36,0
6334,1520599005784697,9963,36,0
6335,1520599005794711,9962,37,0
6336,1520599005804726,9963,36,0
6337,1520599005814740,9963,36,0
6338,1520599005824755,9962,37,0
6339,1520599005834770,9963,36,0
6340,1520599005844784,9962,37,0
6341,1520599005854799,9962,37,0
6342,1520599005864813,9962,37,0
6343,1520599005874828,9963,36,0
6344,1520599005884843,9963,36,0
6345,1520599005894858,9963,36,0
6346,1520599005904872,9963,36,0
6347,1520599005914887,9963,36,0
6348,1520599005924902,9962,37,0
6349,1520599005934917,9963,36,0
6350,1520599005944931,9962,37,0
6351,1520599005954946,9963,36,0
6352,1520599005964960,9963,36,0
6353,1520599005974975,9962,37,0
6354,1520599005984990,9962,37,0
6355,1520599005995005,9963,36,0
6356,1520599006005019,9962,37,0
6357,1520599006015035,9962,37,0
6358,1520599006025049,9963,37,0
6359,1520599006035064,9962,37,0
6360,1520599006045079,9963,36,0
6361,1520599006055094,9962,37,0
6362,1520599006065109,9962,37,0
6363,1520599006075123,9956,43,0
6364,1520599006085144,9962,37,0
6365,1520599006095159,9962,37,0
6366,1520599006105174,9963,36,0
6367,1520599006115188,9962,37,0
6368,1520599006125203,9962,37,0
6369,1520599006135218,9962,37,0
6370,1520599006145232,9962,37,0
6371,1520599006155247,9962,37,0
6372,1520599006165261,9962,37,0
6373,1520599006175276,9962,37,0
6374,1520599006185290,9962,37,0
6375,1520599006195305,9962,37,0
6376,1520599006205320,9962,37,0
6377,1520599006215334,9962,37,0
6378,1520599006225349,9962,37,0
6379,1520599006235364,9963,36,0
6380,1520599006245378,9962,37,0
6381,1520599006255393,9963,36,0
6382,1520599006265408,9962,37,0
6383,1520599006275423,9963,36,0
6384,1520599006285437,9962,37,0
6385,1520599006295452,9963,36,0
6386,1520599006305467,9963,36,0
6387,1520599006315481,9963,37,0
6388,1520599006325496,9963,36,0
6389,1520599006335511,9962,37,0
6390,1520599006345525,9963,36,0
6391,1520599006355540,9963,36,0
6392,1520599006365555,9962,37,0
6393,1520599006375570,9962,37,0
6394,1520599006385584,9962,37,0
6395,1520599006395599,9963,36,0
6396,1520599006405614,9961,38,0
6397,1520599006415629,9962,37,0
6398,1520599006425644,9962,37,0
6399,1520599006435659,9961,38,0
6400,1520599006445674,9950,49,0
6401,1520599006455689,9962,37,0
6402,1520599006465704,9962,37,0
6403,1520599006475718,9962,37,0
6404,1520599006485733,9963,36,0
6405,1520599006495748,9963,36,0
6406,1520599006505762,9962,37,0
6407,1520599006515777,9962,37,0
6408,1520599006525792,9962,37,0
6409,1520599006535807,9963,36,0
6410,1520599006545821,9962,37,0
6411,1520599006555836,9962,37,0
6412,1520599006565851,9962,37,0
6413,1520599006575865,9962,37,0
6414,1520599006585880,9963,36,0
6415,1520599006595895,9963,36,0
6416,1520599006605909,9962,37,0
6417,1520599006615924,9963,36,0
6418,1520599006625939,9962,37,0
6419,1520599006635953,9962,37,0
6420,1520599006645968,9963,36,0
6421,1520599006655982,9962,37,0
6422,1520599006665997,9962,37,0
6423,1520599006676012,9962,37,0
6424,1520599006686026,9962,37,0
6425,1520599006696041,9962,37,0
6426,1520599006706056,9963,36,0
6427,1520599006716070,9962,37,0
6428,1520599006726085,9963,36,0
6429,1520599006736099,9963,36,0
6430,1520599006746114,9962,37,0
6431,1520599006756129,9962,37,0
6432,1520599006766144,9963,37,0
6433,1520599006776158,9962,37,0
6434,1520599006786173,9962,37,0
6435,1520599006796187,9962,37,0
6436,1520599006806202,9962,37,0
6437,1520599006816217,9962,37,0
6438,1520599006826231,9962,37,0
6439,1520599006836246,9962,37,0
6440,1520599006846261,9962,37,0
6441,1520599006856276,9963,36,0
6442,1520599006866290,9962,37,0
6443,1520599006876305,9963,36,0
6444,1520599006886320,9963,36,0
6445,1520599006896335,9962,37,0
6446,1520599006906349,9963,36,0
6447,1520599006916364,9962,37,0
6448,1520599006926379,9963,36,0
6449,1520599006936394,9963,36,0
6450,1520599006946409,9963,36,0
6451,1520599006956423,9963,36,0
6452,1520599006966438,9963,36,0
6453,1520599006976452,9963,36,0
6454,1520599006986467,9963,36,0
6455,1520599006996482,9962,37,0
6456,1520599007006496,9962,37,0
6457,1520599007016511,9963,36,0
6458,1520599007026526,9963,36,0
6459,1520599007036540,9963,36,0
6460,1520599007046555,9962,37,0
6461,1520599007056570,9963,36,0
6462,1520599007066584,9962,37,0
6463,1520599007076599,9963,36,0
6464,1520599007086614,9962,37,0
6465,1520599007096628,9962,37,0
6466,1520599007106643,9962,37,0
6467,1520599007116658,9962,37,0
6468,1520599007126672,9963,36,0
6469,1520599007136687,9962,37,0
6470,1520599007146702,9963,36,0
6471,1520599007156717,9962,37,0
6472,1520599007166731,9962,37,0
6473,1520599007176746,9963,36,0
6474,1520599007186760,9962,37,0
6475,1520599007196775,9962,37,0
6476,1520599007206790,9963,36,0
6477,1520599007216804,9963,36,0
6478,1520599007226819,9962,37,0
6479,1520599007236833,9962,37,0
6480,1520599007246848,9962,37,0
6481,1520599007256863,9962,37,0
6482,1520599007266877,9962,37,0
6483,1520599007276892,9963,36,0
6484,1520599007286907,9962,37,0
6485,1520599007296921,9963,36,0
6486,1520599007306936,9962,37,0
6487,1520599007316951,9963,36,0
6488,1520599007326966,9962,37,0
6489,1520599007336980,9962,37,0
6490,1520599007346995,9962,37,0
6491,1520599007357010,9962,37,0
6492,1520599007367024,9963,36,0
6493,1520599007377039,9963,36,0
6494,1520599007387053,9962,37,0
6495,1520599007397068,9963,36,0
6496,1520599007407083,9963,36,0
6497,1520599007417098,9962,37,0
6498,1520599007427113,9952,47,0
6499,1520599007437128,9962,37,0
6500,1520599007447142,9955,44,0
6501,1520599007457157,9962,37,0
6502,1520599007467172,9962,37,0
6503,1520599007477187,9963,36,0
6504,1520599007487201,9963,36,0
6505,1520599007497216,9963,36,0
6506,1520599007507230,9962,37,0
6507,1520599007517245,9962,37,0
6508,1520599007527260,9962,37,0
6509,1520599007537274,9962,37,0
6510,1520599007547289,9962,37,0
6511,1520599007557304,9963,36,0
6512,1520599007567318,9962,37,0
6513,1520599007577333,9962,37,0
6514,1520599007587347,9962,37,0
6515,1520599007597362,9963,36,0
6516,1520599007607377,9963,36,0
6517,1520599007617393,9962,37,0
6518,1520599007627408,9962,37,0
6519,1520599007637422,9962,37,0
6520,1520599007647437,9963,36,0
6521,1520599007657452,9962,37,0
6522,1520599007667466,9962,37,0
6523,1520599007677481,9962,37,0
6524,1520599007687495,9962,37,0
6525,1520599007697510,9962,37,0
6526,1520599007707525,9962,37,0
6527,1520599007717540,9962,37,0
6528,1520599007727555,9949,50,0
6529,1520599007737570,9962,37,0
6530,1520599007747585,9962,37,0
6531,1520599007757599,9962,37,0
6532,1520599007767614,9963,36,0
6533,1520599007777629,9962,37,0
6534,1520599007787644,9962,37,0
6535,1520599007797658,9962,37,0
6536,1520599007807673,9962,37,0
6537,1520599007817688,9963,36,0
6538,1520599007827703,9962,37,0
6539,1520599007837718,9962,37,0
6540,1520599007847732,9962,37,0
6541,1520599007857747,9962,37,0
6542,1520599007867762,9962,37,0
6543,1520599007877777,9962,37,0
6544,1520599007887791,9962,37,0
6545,1520599007897806,9963,36,0
6546,1520599007907821,9962,37,0
6547,1520599007917836,9962,37,0
6548,1520599007927851,9962,37,0
6549,1520599007937866,9962,37,0
6550,1520599007947880,9962,37,0
6551,1520599007957895,9962,37,0
6552,1520599007967910,9962,37,0
6553,1520599007977924,9962,37,0
6554,1520599007987939,9963,36,0
6555,1520599007997954,9963,36,0
6556,1520599008007969,9962,37,0
6557,1520599008017984,9962,37,0
6558,1520599008027998,9963,36,0
6559,1520599008038013,9963,36,0
6560,1520599008048028,9963,36,0
6561,1520599008058043,9962,37,0
6562,1520599008068058,9962,37,0
6563,1520599008078072,9962,37,0
6564,1520599008088087,9962,37,0
6565,1520599008098102,9962,37,0
6566,1520599008108117,9962,37,0
6567,1520599008118131,9962,37,0
6568,1520599008128146,9962,37,0
6569,1520599008138161,9962,37,0
6570,1520599008148175,9963,36,0
6571,1520599008158190,9962,37,0
6572,1520599008168205,9962,37,0
6573,1520599008178220,9963,36,0
6574,1520599008188235,9962,37,0
6575,1520599008198250,9962,37,0
6576,1520599008208264,9962,37,0
6577,1520599008218279,9962,37,0
6578,1520599008228293,9962,37,0
6579,1520599008238308,9962,37,0
6580,1520599008248322,9963,36,0
6581,1520599008258337,9962,37,0
6582,1520599008268352,9962,37,0
6583,1520599008278366,9962,37,0
6584,1520599008288381,9962,37,0
6585,1520599008298395,9962,37,0
6586,1520599008308410,9962,37,0
6587,1520599008318425,9962,37,0
6588,1520599008328439,9962,37,0
6589,1520599008338454,9962,37,0
6590,1520599008348469,9962,37,0
6591,1520599008358483,9963,36,0
6592,1520599008368498,9963,37,0
6593,1520599008378513,9962,37,0
6594,1520599008388528,9963,36,0
6595,1520599008398542,9962,37,0
6596,1520599008408557,9962,37,0
6597,1520599008418572,9962,37,0
6598,1520599008428587,9962,37,0
6599,1520599008438602,9962,37,0
6600,1520599008448616,9962,37,0
6601,1520599008458631,9962,37,0
6602,1520599008468645,9963,36,0
6603,1520599008478660,9962,37,0
6604,1520599008488675,9962,37,0
6605,1520599008498689,9962,37,0
6606,1520599008508704,9962,37,0
6607,1520599008518719,9962,37,0
6608,1520599008528733,9962,37,0
6609,1520599008538748,9962,37,0
6610,1520599008548763,9962,37,0
6611,1520599008558777,9962,37,0
6612,1520599008568792,9963,36,0
6613,1520599008578807,9963,37,0
6614,1520599008588822,9963,36,0
6615,1520599008598836,9962,37,0
6616,1520599008608851,9962,37,0
6617,1520599008618867,9962,37,0
6618,1520599008628881,9962,37,0
6619,1520599008638896,9962,37,0
6620,1520599008648911,9962,37,0
6621,1520599008658925,9962,37,0
6622,1520599008668940,9962,37,0
6623,1520599008678955,9963,36,0
6624,1520599008688970,9962,37,0
6625,1520599008698984,9963,36,0
6626,1520599008708999,9962,37,0
6627,1520599008719014,9963,36,0
6628,1520599008729028,9962,37,0
6629,1520599008739043,9963,36,0
6630,1520599008749058,9963,37,0
6631,1520599008759072,9962,37,0
6632,1520599008769087,9962,37,0
6633,1520599008779101,9962,37,0
6634,1520599008789116,9962,37,0
6635,1520599008799131,9954,45,0
6636,1520599008809147,9962,37,0
6637,1520599008819162,9962,37,0
6638,1520599008829177,9962,37,0
6639,1520599008839191,9963,36,0
6640,1520599008849206,9963,36,0
6641,1520599008859220,9962,37,0
6642,1520599008869235,9962,37,0
6643,1520599008879250,9962,37,0
6644,1520599008889265,9963,36,0
6645,1520599008899279,9962,37,0
6646,1520599008909294,9963,36,0
6647,1520599008919309,9963,36,0
6648,1520599008929323,9963,37,0
6649,1520599008939338,9962,37,0
6650,1520599008949353,9962,37,0
6651,1520599008959367,9963,36,0
6652,1520599008969382,9962,37,0
6653,1520599008979397,9963,36,0
6654,1520599008989411,9962,37,0
6655,1520599008999426,9963,36,0
6656,1520599009009441,9949,50,0
6657,1520599009019456,9962,37,0
6658,1520599009029471,9963,36,0
6659,1520599009039485,9963,36,0
6660,1520599009049500,9962,37,0
6661,1520599009059515,9962,37,0
6662,1520599009069529,9962,37,0
6663,1520599009079544,9963,36,0
6664,1520599009089559,9962,37,0
6665,1520599009099573,9962,37,0
6666,1520599009109588,9963,36,0
6667,1520599009119603,9963,36,0
6668,1520599009129618,9962,37,0
6669,1520599009139632,9963,36,0
6670,1520599009149647,9962,37,0
6671,1520599009159661,9963,36,0
6672,1520599009169676,9963,36,0
6673,1520599009179691,9963,36,0
6674,1520599009189705,9962,37,0
6675,1520599009199720,9962,37,0
6676,1520599009209735,9962,37,0
6677,1520599009219749,9962,37,0
6678,1520599009229764,9962,37,0
6679,1520599009239779,9962,37,0
6680,1520599009249794,9963,36,0
6681,1520599009259808,9962,37,0
6682,1520599009269823,9963,36,0
6683,1520599009279838,9962,37,0
6684,1520599009289853,9963,36,0
6685,1520599009299867,9963,36,0
6686,1520599009309882,9963,36,0
6687,1520599009319896,9963,36,0
6688,1520599009329911,9962,37,0
6689,1520599009339925,9962,37,0
6690,1520599009349940,9962,37,0
6691,1520599009359955,9962,37,0
6692,1520599009369970,9962,37,0
6693,1520599009379984,9963,36,0
6694,1520599009389999,9963,36,0
6695,1520599009400014,9962,37,0
6696,1520599009410029,9962,37,0
6697,1520599009420043,9962,37,0
6698,1520599009430059,9962,37,0
6699,1520599009440074,9962,37,0
6700,1520599009450088,9962,37,0
6701,1520599009460103,9962,37,0
6702,1520599009470118,9963,36,0
6703,1520599009480132,9962,37,0
6704,1520599009490147,9963,36,0
6705,1520599009500161,9963,36,0
6706,1520599009510176,9962,37,0
6707,1520599009520191,9963,36,0
6708,1520599009530205,9962,37,0
6709,1520599009540220,9962,37,0
6710,1520599009550234,9962,37,0
6711,1520599009560249,9962,37,0
6712,1520599009570263,9962,37,0
6713,1520599009580278,9962,37,0
6714,1520599009590292,9962,37,0
6715,1520599009600307,9962,37,0
6716,1520599009610322,9962,37,0
6717,1520599009620337,9963,37,0
6718,1520599009630352,9962,37,0
6719,1520599009640366,9962,37,0
6720,1520599009650381,9962,37,0
6721,1520599009660396,9962,37,0
6722,1520599009670410,9962,37,0
6723,1520599009680425,9962,37,0
6724,1520599009690440,9962,37,0
6725,1520599009700454,9962,37,0
6726,1520599009710469,9962,37,0
6727,1520599009720484,9963,36,0
6728,1520599009730499,9962,37,0
6729,1520599009740513,9963,36,0
6730,1520599009750528,9963,36,0
6731,1520599009760543,9963,36,0
6732,1520599009770557,9962,37,0
6733,1520599009780572,9962,37,0
6734,1520599009790587,9963,36,0
6735,1520599009800602,9962,37,0
6736,1520599009810617,9963,36,0
6737,1520599009820631,9963,36,0
6738,1520599009830646,9962,37,0
6739,1520599009840660,9962,37,0
6740,1520599009850675,9963,36,0
6741,1520599009860690,9963,36,0
6742,1520599009870704,9962,37,0
6743,1520599009880719,9962,37,0
6744,1520599009890733,9963,36,0
6745,1520599009900748,9962,37,0
6746,1520599009910763,9962,37,0
6747,1520599009920777,9962,37,0
6748,1520599009930792,9962,37,0
6749,1520599009940807,9962,37,0
6750,1520599009950821,9963,36,0
6751,1520599009960836,9962,37,0
6752,1520599009970851,9962,37,0
6753,1520599009980865,9963,36,0
6754,1520599009990880,9962,37,0
6755,1520599010000895,9962,37,0
6756,1520599010010909,9962,37,0
6757,1520599010020924,9963,36,0
6758,1520599010030938,9962,37,0
6759,1520599010040953,9962,37,0
6760,1520599010050968,9962,37,0
6761,1520599010060983,9963,37,0
6762,1520599010070997,9962,37,0
6763,1520599010081012,9963,36,0
6764,1520599010091026,9962,37,0
6765,1520599010101041,9962,37,0
6766,1520599010111056,9963,36,0
6767,1520599010121070,9963,36,0
6768,1520599010131085,9962,37,0
6769,1520599010141099,9962,37,0
6770,1520599010151114,9954,45,0
6771,1520599010161128,9962,37,0
6772,1520599010171143,9955,45,0
6773,1520599010181158,9962,37,0
6774,1520599010191172,9963,36,0
6775,1520599010201187,9962,37,0
6776,1520599010211201,9963,36,0
6777,1520599010221216,9962,37,0
6778,1520599010231231,9963,36,0
6779,1520599010241246,9962,37,0
6780,1520599010251260,9962,37,0
6781,1520599010261275,9962,37,0
6782,1520599010271290,9963,36,0
6783,1520599010281304,9962,37,0
6784,1520599010291319,9949,50,0
6785,1520599010301334,9962,37,0
6786,1520599010311349,9963,36,0
6787,1520599010321363,9963,36,0
6788,1520599010331378,9962,37,0
6789,1520599010341393,9962,37,0
6790,1520599010351408,9962,37,0
6791,1520599010361422,9962,37,0
6792,1520599010371437,9963,36,0
6793,1520599010381452,9962,37,0
6794,1520599010391466,9962,37,0
6795,1520599010401481,9963,36,0
6796,1520599010411496,9963,36,0
6797,1520599010421512,9934,65,0
6798,1520599010431526,9961,38,0
6799,1520599010441541,9963,36,0
6800,1520599010451556,9962,37,0
6801,1520599010461571,9962,37,0
6802,1520599010471585,9962,37,0
6803,1520599010481600,9962,37,0
6804,1520599010491615,9963,36,0
6805,1520599010501630,9962,37,0
6806,1520599010511644,9962,37,0
6807,1520599010521659,9962,37,0
6808,1520599010531674,9962,37,0
6809,1520599010541689,9963,36,0
6810,1520599010551703,9962,37,0
6811,1520599010561718,9962,37,0
6812,1520599010571733,9963,36,0
6813,1520599010581748,9962,37,0
6814,1520599010591763,9962,37,0
6815,1520599010601777,9963,36,0
6816,1520599010611792,9962,37,0
6817,1520599010621807,9962,37,0
6818,1520599010631822,9962,37,0
6819,1520599010641837,9962,37,0
6820,1520599010651852,9962,37,0
6821,1520599010661866,9962,37,0
6822,1520599010671881,9962,37,0
6823,1520599010681896,9962,37,0
6824,1520599010691911,9962,37,0
6825,1520599010701926,9962,37,0
6826,1520599010711941,9962,37,0
6827,1520599010721955,9962,37,0
6828,1520599010731970,9962,37,0
6829,1520599010741985,9962,37,0
6830,1520599010752000,9962,37,0
6831,1520599010762015,9963,36,0
6832,1520599010772030,9962,37,0
6833,1520599010782044,9962,37,0
6834,1520599010792059,9962,37,0
6835,1520599010802074,9962,37,0
6836,1520599010812089,9962,37,0
6837,1520599010822103,9963,36,0
6838,1520599010832118,9962,37,0
6839,1520599010842133,9963,36,0
6840,1520599010852148,9963,36,0
6841,1520599010862162,9962,37,0
6842,1520599010872177,9962,37,0
6843,1520599010882192,9962,37,0
6844,1520599010892207,9962,37,0
6845,1520599010902222,9962,37,0
6846,1520599010912237,9962,37,0
6847,1520599010922252,9962,37,0
6848,1520599010932267,9962,37,0
6849,1520599010942282,9962,37,0
6850,1520599010952296,9962,37,0
6851,1520599010962311,9963,36,0
6852,1520599010972326,9962,37,0
6853,1520599010982341,9962,37,0
6854,1520599010992355,9963,36,0
6855,1520599011002370,9962,37,0
6856,1520599011012385,9962,37,0
6857,1520599011022399,9962,37,0
6858,1520599011032414,9962,37,0
6859,1520599011042429,9962,37,0
6860,1520599011052444,9962,37,0
6861,1520599011062458,9962,37,0
6862,1520599011072473,9962,37,0
6863,1520599011082488,9962,37,0
6864,1520599011092503,9963,36,0
6865,1520599011102517,9962,37,0
6866,1520599011112532,9962,37,0
6867,1520599011122547,9962,37,0
6868,1520599011132561,9962,37,0
6869,1520599011142576,9963,36,0
6870,1520599011152591,9962,37,0
6871,1520599011162606,9962,37,0
6872,1520599011172620,9962,37,0
6873,1520599011182635,9962,37,0
6874,1520599011192650,9962,37,0
6875,1520599011202664,9962,37,0
6876,1520599011212679,9962,37,0
6877,1520599011222694,9962,37,0
6878,1520599011232709,9962,37,0
6879,1520599011242724,9962,37,0
6880,1520599011252738,9962,37,0
6881,1520599011262753,9962,37,0
6882,1520599011272768,9963,36,0
6883,1520599011282782,9962,37,0
6884,1520599011292797,9963,36,0
6885,1520599011302811,9962,37,0
6886,1520599011312826,9962,37,0
6887,1520599011322841,9962,37,0
6888,1520599011332856,9963,36,0
6889,1520599011342871,9962,37,0
6890,1520599011352885,9963,36,0
6891,1520599011362900,9962,37,0
6892,1520599011372915,9962,37,0
6893,1520599011382929,9962,37,0
6894,1520599011392944,9962,37,0
6895,1520599011402959,9963,36,0
6896,1520599011412974,9962,37,0
6897,1520599011422989,9962,37,0
6898,1520599011433004,9960,39,0
6899,1520599011443019,9962,37,0
6900,1520599011453033,9963,37,0
6901,1520599011463048,9962,37,0
6902,1520599011473063,9963,36,0
6903,1520599011483078,9962,37,0
6904,1520599011493092,9962,37,0
6905,1520599011503107,9961,38,0
6906,1520599011513122,9962,37,0
6907,1520599011523137,9955,44,0
6908,1520599011533152,9962,37,0
6909,1520599011543166,9962,37,0
6910,1520599011553181,9962,37,0
6911,1520599011563196,9962,37,0
6912,1520599011573211,9949,50,0
6913,1520599011583226,9962,37,0
6914,1520599011593241,9962,37,0
6915,1520599011603256,9962,37,0
6916,1520599011613271,9962,37,0
6917,1520599011623287,9962,37,0
6918,1520599011633302,9962,37,0
6919,1520599011643316,9962,37,0
6920,1520599011653331,9962,37,0
6921,1520599011663346,9962,37,0
6922,1520599011673360,9962,37,0
6923,1520599011683375,9962,37,0
6924,1520599011693390,9962,37,0
6925,1520599011703404,9962,37,0
6926,1520599011713419,9962,37,0
6927,1520599011723434,9962,37,0
6928,1520599011733448,9962,37,0
6929,1520599011743463,9962,37,0
6930,1520599011753478,9963,36,0
6931,1520599011763493,9962,37,0
6932,1520599011773507,9962,37,0
6933,1520599011783522,9963,36,0
6934,1520599011793537,9962,37,0
6935,1520599011803552,9962,37,0
6936,1520599011813567,9962,37,0
6937,1520599011823581,9962,37,0
6938,1520599011833596,9962,37,0
6939,1520599011843611,9962,37,0
6940,1520599011853626,9962,37,0
6941,1520599011863641,9962,37,0
6942,1520599011873655,9962,37,0
6943,1520599011883670,9962,37,0
6944,1520599011893685,9962,37,0
6945,1520599011903699,9963,36,0
6946,1520599011913714,9962,37,0
6947,1520599011923729,9963,36,0
6948,1520599011933743,9962,37,0
6949,1520599011943758,9963,36,0
6950,1520599011953773,9962,37,0
6951,1520599011963787,9963,36,0
6952,1520599011973802,9963,36,0
6953,1520599011983817,9963,36,0
6954,1520599011993832,9963,36,0
6955,1520599012003846,9963,36,0
6956,1520599012013861,9962,37,0
6957,1520599012023876,9963,36,0
6958,1520599012033890,9963,36,0
6959,1520599012043905,9963,36,0
6960,1520599012053920,9961,38,0
6961,1520599012063935,9963,36,0
6962,1520599012073949,9963,36,0
6963,1520599012083964,9963,36,0
6964,1520599012093979,9962,37,0
6965,1520599012103993,9962,37,0
6966,1520599012114008,9963,36,0
6967,1520599012124022,9962,37,0
6968,1520599012134037,9962,37,0
6969,1520599012144052,9963,36,0
6970,1520599012154067,9963,37,0
6971,1520599012164081,9963,36,0
6972,1520599012174096,9962,37,0
6973,1520599012184111,9963,36,0
6974,1520599012194126,9962,37,0
6975,1520599012204140,9962,37,0
6976,1520599012214155,9962,37,0
6977,1520599012224170,9962,37,0
6978,1520599012234184,9962,37,0
6979,1520599012244199,9962,37,0
6980,1520599012254214,9962,37,0
6981,1520599012264229,9962,37,0
6982,1520599012274244,9962,37,0
6983,1520599012284258,9962,37,0
6984,1520599012294273,9962,37,0
6985,1520599012304288,9962,37,0
6986,1520599012314303,9962,37,0
6987,1520599012324318,9963,36,0
6988,1520599012334332,9962,37,0
6989,1520599012344347,9962,37,0
6990,1520599012354362,9963,36,0
6991,1520599012364377,9963,36,0
6992,1520599012374391,9962,37,0
6993,1520599012384406,9962,37,0
6994,1520599012394421,9962,37,0
6995,1520599012404436,9963,36,0
6996,1520599012414450,9962,37,0
6997,1520599012424465,9962,37,0
6998,1520599012434479,9962,37,0
6999,1520599012444495,9962,37,0
7000,1520599012454509,9962,37,0
7001,1520599012464524,9962,37,0
7002,1520599012474539,9962,37,0
7003,1520599012484553,9963,36,0
7004,1520599012494568,9962,37,0
7005,1520599012504583,9962,37,0
7006,1520599012514598,9962,37,0
7007,1520599012524613,9963,36,0
7008,1520599012534628,9963,36,0
7009,1520599012544643,9962,37,0
7010,1520599012554657,9963,36,0
7011,1520599012564672,9963,36,0
7012,1520599012574687,9962,37,0
7013,1520599012584702,9962,37,0
7014,1520599012594717,9962,37,0
7015,1520599012604731,9962,37,0
7016,1520599012614746,9962,37,0
7017,1520599012624762,9963,36,0
7018,1520599012634777,9962,37,0
7019,1520599012644792,9962,37,0
7020,1520599012654807,9962,37,0
7021,1520599012664821,9963,36,0
7022,1520599012674836,9962,37,0
7023,1520599012684851,9963,36,0
7024,1520599012694866,9963,36,0
7025,1520599012704881,9963,36,0
7026,1520599012714895,9962,37,0
7027,1520599012724910,9963,36,0
7028,1520599012734925,9963,36,0
7029,1520599012744940,9962,37,0
7030,1520599012754954,9962,37,0
7031,1520599012764969,9963,36,0
7032,1520599012774984,9963,36,0
7033,1520599012784999,9962,37,0
7034,1520599012795014,9963,36,0
7035,1520599012805028,9963,36,0
7036,1520599012815043,9962,37,0
7037,1520599012825058,9962,37,0
7038,1520599012835073,9962,37,0
7039,1520599012845087,9962,37,0
7040,1520599012855102,9940,59,0
7041,1520599012865117,9962,37,0
7042,1520599012875132,9954,45,0
7043,1520599012885148,9962,37,0
7044,1520599012895163,9962,37,0
7045,1520599012905177,9962,37,0
7046,1520599012915192,9962,37,0
7047,1520599012925207,9962,37,0
7048,1520599012935222,9962,37,0
7049,1520599012945237,9962,37,0
7050,1520599012955251,9962,37,0
7051,1520599012965266,9962,37,0
7052,1520599012975281,9962,37,0
7053,1520599012985296,9962,37,0
7054,1520599012995311,9961,38,0
7055,1520599013005326,9962,37,0
7056,1520599013015341,9962,37,0
7057,1520599013025356,9962,37,0
7058,1520599013035370,9962,37,0
7059,1520599013045385,9962,37,0
7060,1520599013055400,9962,37,0
7061,1520599013065415,9962,37,0
7062,1520599013075430,9963,36,0
7063,1520599013085445,9962,37,0
7064,1520599013095460,9962,37,0
7065,1520599013105474,9962,37,0
7066,1520599013115489,9963,36,0
7067,1520599013125504,9963,36,0
7068,1520599013135519,9962,37,0
7069,1520599013145533,9962,37,0
7070,1520599013155548,9962,37,0
7071,1520599013165563,9962,37,0
7072,1520599013175578,9962,37,0
7073,1520599013185593,9962,37,0
7074,1520599013195607,9963,36,0
7075,1520599013205622,9962,37,0
7076,1520599013215637,9962,37,0
7077,1520599013225652,9963,36,0
7078,1520599013235667,9963,37,0
7079,1520599013245682,9962,37,0
7080,1520599013255696,9963,36,0
7081,1520599013265711,9962,37,0
7082,1520599013275726,9962,37,0
7083,1520599013285741,9962,37,0
7084,1520599013295756,9962,37,0
7085,1520599013305771,9962,37,0
7086,1520599013315786,9962,37,0
7087,1520599013325800,9962,37,0
7088,1520599013335815,9962,37,0
7089,1520599013345830,9962,37,0
7090,1520599013355845,9962,37,0
7091,1520599013365860,9962,37,0
7092,1520599013375875,9963,36,0
7093,1520599013385889,9962,37,0
7094,1520599013395904,9962,37,0
7095,1520599013405919,9962,37,0
7096,1520599013415934,9962,37,0
7097,1520599013425949,9962,37,0
7098,1520599013435963,9963,36,0
7099,1520599013445978,9962,37,0
7100,1520599013455993,9962,37,0
7101,1520599013466008,9962,37,0
7102,1520599013476023,9963,36,0
7103,1520599013486038,9962,37,0
7104,1520599013496052,9962,37,0
7105,1520599013506067,9962,37,0
7106,1520599013516082,9962,37,0
7107,1520599013526097,9962,37,0
7108,1520599013536111,9962,37,0
7109,1520599013546126,9961,38,0
7110,1520599013556141,9962,37,0
7111,1520599013566156,9963,36,0
7112,1520599013576170,9963,36,0
7113,1520599013586185,9962,37,0
7114,1520599013596200,9962,37,0
7115,1520599013606214,9962,37,0
7116,1520599013616229,9962,37,0
7117,1520599013626245,9963,36,0
7118,1520599013636260,9963,36,0
7119,1520599013646275,9962,37,0
7120,1520599013656289,9962,37,0
7121,1520599013666304,9962,37,0
7122,1520599013676319,9962,37,0
7123,1520599013686333,9962,37,0
7124,1520599013696348,9962,37,0
7125,1520599013706363,9963,36,0
7126,1520599013716378,9963,36,0
7127,1520599013726392,9963,36,0
7128,1520599013736407,9962,37,0
7129,1520599013746422,9962,37,0
7130,1520599013756436,9962,37,0
7131,1520599013766451,9962,37,0
7132,1520599013776466,9962,37,0
7133,1520599013786481,9962,37,0
7134,1520599013796496,9963,36,0
7135,1520599013806510,9963,36,0
7136,1520599013816525,9962,37,0
7137,1520599013826540,9962,37,0
7138,1520599013836554,9962,37,0
7139,1520599013846569,9962,37,0
7140,1520599013856583,9962,37,0
7141,1520599013866598,9962,37,0
7142,1520599013876613,9963,37,0
7143,1520599013886628,9962,37,0
7144,1520599013896642,9962,37,0
7145,1520599013906657,9962,37,0
7146,1520599013916672,9963,37,0
7147,1520599013926687,9962,37,0
7148,1520599013936702,9962,37,0
7149,1520599013946717,9962,37,0
7150,1520599013956732,9962,37,0
7151,1520599013966747,9962,37,0
7152,1520599013976762,9962,37,0
7153,1520599013986776,9962,37,0
7154,1520599013996792,9962,37,0
7155,1520599014006806,9962,37,0
7156,1520599014016821,9962,37,0
7157,1520599014026836,9962,37,0
7158,1520599014036851,9963,36,0
7159,1520599014046866,9963,36,0
7160,1520599014056880,9962,37,0
7161,1520599014066895,9962,37,0
7162,1520599014076910,9963,36,0
7163,1520599014086925,9962,37,0
7164,1520599014096940,9962,37,0
7165,1520599014106954,9962,37,0
7166,1520599014116969,9963,36,0
7167,1520599014126984,9962,37,0
7168,1520599014136999,9950,49,0
7169,1520599014147013,9962,37,0
7170,1520599014157028,9962,37,0
7171,1520599014167043,9962,37,0
7172,1520599014177057,9962,37,0
7173,1520599014187072,9962,37,0
7174,1520599014197087,9962,37,0
7175,1520599014207101,9963,36,0
7176,1520599014217116,9963,36,0
7177,1520599014227131,9954,45,0
7178,1520599014237147,9962,37,0
7179,1520599014247161,9962,37,0
7180,1520599014257176,9962,37,0
7181,1520599014267191,9962,37,0
7182,1520599014277205,9962,37,0
7183,1520599014287220,9963,37,0
7184,1520599014297234,9962,37,0
7185,1520599014307249,9963,36,0
7186,1520599014317264,9963,36,0
7187,1520599014327278,9963,36,0
7188,1520599014337293,9963,36,0
7189,1520599014347307,9963,36,0
7190,1520599014357322,9963,36,0
7191,1520599014367337,9963,36,0
7192,1520599014377351,9963,36,0
7193,1520599014387366,9963,36,0
7194,1520599014397380,9962,37,0
7195,1520599014407395,9963,36,0
7196,1520599014417410,9962,37,0
7197,1520599014427424,9962,37,0
7198,1520599014437439,9962,37,0
7199,1520599014447454,9962,37,0
7200,1520599014457469,9962,37,0
7201,1520599014467483,9962,37,0
7202,1520599014477498,9962,37,0
7203,1520599014487512,9963,36,0
7204,1520599014497527,9962,37,0
7205,1520599014507542,9963,36,0
7206,1520599014517556,9962,37,0
7207,1520599014527571,9962,37,0
7208,1520599014537586,9962,37,0
7209,1520599014547600,9963,36,0
7210,1520599014557615,9962,37,0
7211,1520599014567630,9962,37,0
7212,1520599014577645,9962,37,0
7213,1520599014587659,9962,37,0
7214,1520599014597674,9963,36,0
7215,1520599014607688,9963,36,0
7216,1520599014617704,9962,37,0
7217,1520599014627719,9962,37,0
7218,1520599014637733,9963,36,0
7219,1520599014647748,9962,37,0
7220,1520599014657763,9963,36,0
7221,1520599014667777,9963,36,0
7222,1520599014677792,9962,37,0
7223,1520599014687806,9962,37,0
7224,1520599014697821,9962,37,0
7225,1520599014707836,9963,36,0
7226,1520599014717850,9962,37,0
7227,1520599014727865,9963,36,0
7228,1520599014737880,9963,36,0
7229,1520599014747894,9963,36,0
7230,1520599014757909,9962,37,0
7231,1520599014767924,9962,37,0
7232,1520599014777939,9963,36,0
7233,1520599014787954,9962,37,0
7234,1520599014797968,9962,37,0
7235,1520599014807983,9962,37,0
7236,1520599014817997,9963,36,0
7237,1520599014828012,9962,37,0
7238,1520599014838027,9963,36,0
7239,1520599014848041,9962,37,0
7240,1520599014858056,9962,37,0
7241,1520599014868071,9962,37,0
7242,1520599014878085,9962,37,0
7243,1520599014888100,9962,37,0
7244,1520599014898115,9962,37,0
7245,1520599014908129,9963,36,0
7246,1520599014918144,9962,37,0
7247,1520599014928159,9962,37,0
7248,1520599014938174,9962,37,0
7249,1520599014948188,9963,36,0
7250,1520599014958203,9962,37,0
7251,1520599014968218,9962,37,0
7252,1520599014978233,9962,37,0
7253,1520599014988247,9962,37,0
7254,1520599014998262,9962,37,0
7255,1520599015008277,9962,37,0
7256,1520599015018292,9962,37,0
7257,1520599015028306,9962,37,0
7258,1520599015038321,9962,37,0
7259,1520599015048336,9962,37,0
7260,1520599015058351,9962,37,0
7261,1520599015068365,9962,37,0
7262,1520599015078380,9962,37,0
7263,1520599015088395,9963,36,0
7264,1520599015098410,9963,36,0
7265,1520599015108424,9962,37,0
7266,1520599015118439,9962,37,0
7267,1520599015128454,9962,37,0
7268,1520599015138469,9962,37,0
7269,1520599015148483,9962,37,0
7270,1520599015158498,9962,37,0
7271,1520599015168513,9962,37,0
7272,1520599015178528,9962,37,0
7273,1520599015188543,9963,36,0
7274,1520599015198558,9962,37,0
7275,1520599015208572,9963,36,0
7276,1520599015218587,9962,37,0
7277,1520599015228602,9963,36,0
7278,1520599015238617,9963,36,0
7279,1520599015248631,9963,36,0
7280,1520599015258646,9962,37,0
7281,1520599015268661,9962,37,0
7282,1520599015278675,9963,36,0
7283,1520599015288690,9962,37,0
7284,1520599015298705,9962,37,0
7285,1520599015308719,9962,37,0
7286,1520599015318734,9962,37,0
7287,1520599015328749,9963,36,0
7288,1520599015338763,9963,36,0
7289,1520599015348778,9963,36,0
7290,1520599015358793,9962,37,0
7291,1520599015368808,9962,37,0
7292,1520599015378822,9963,36,0
7293,1520599015388837,9963,36,0
7294,1520599015398852,9962,37,0
7295,1520599015408867,9962,37,0
7296,1520599015418882,9935,64,0
7297,1520599015428896,9962,37,0
7298,1520599015438911,9963,36,0
7299,1520599015448926,9962,37,0
7300,1520599015458941,9963,36,0
7301,1520599015468955,9963,36,0
7302,1520599015478970,9963,36,0
7303,1520599015488984,9962,37,0
7304,1520599015498999,9962,37,0
7305,1520599015509014,9963,36,0
7306,1520599015519028,9963,36,0
7307,1520599015529043,9963,37,0
7308,1520599015539058,9963,36,0
7309,1520599015549073,9950,49,0
7310,1520599015559087,9962,37,0
7311,1520599015569102,9963,36,0
7312,1520599015579117,9952,47,0
7313,1520599015589131,9962,37,0
7314,1520599015599146,9954,45,0
7315,1520599015609160,9962,37,0
7316,1520599015619176,9962,37,0
7317,1520599015629191,9962,37,0
7318,1520599015639206,9963,36,0
7319,1520599015649220,9962,37,0
7320,1520599015659235,9963,36,0
7321,1520599015669249,9963,36,0
7322,1520599015679264,9962,37,0
7323,1520599015689279,9962,37,0
7324,1520599015699294,9962,37,0
7325,1520599015709308,9962,37,0
7326,1520599015719323,9963,36,0
7327,1520599015729338,9962,37,0
7328,1520599015739352,9963,36,0
7329,1520599015749367,9962,37,0
7330,1520599015759382,9962,37,0
7331,1520599015769396,9962,37,0
7332,1520599015779411,9963,36,0
7333,1520599015789426,9963,36,0
7334,1520599015799440,9962,37,0
7335,1520599015809455,9963,36,0
7336,1520599015819470,9963,36,0
7337,1520599015829485,9963,36,0
7338,1520599015839499,9962,37,0
7339,1520599015849514,9963,37,0
7340,1520599015859529,9962,37,0
7341,1520599015869543,9962,37,0
7342,1520599015879558,9962,37,0
7343,1520599015889573,9962,37,0
7344,1520599015899587,9962,37,0
7345,1520599015909602,9963,36,0
7346,1520599015919617,9962,37,0
7347,1520599015929632,9962,37,0
7348,1520599015939646,9962,37,0
7349,1520599015949661,9962,37,0
7350,1520599015959675,9962,37,0
7351,1520599015969690,9963,36,0
7352,1520599015979705,9962,37,0
7353,1520599015989719,9962,37,0
7354,1520599015999734,9962,37,0
7355,1520599016009749,9962,37,0
7356,1520599016019763,9963,36,0
7357,1520599016029778,9962,37,0
7358,1520599016039792,9963,36,0
7359,1520599016049807,9962,37,0
7360,1520599016059822,9963,36,0
7361,1520599016069836,9962,37,0
7362,1520599016079851,9963,37,0
7363,1520599016089866,9962,37,0
7364,1520599016099881,9963,36,0
7365,1520599016109895,9963,37,0
7366,1520599016119910,9962,37,0
7367,1520599016129924,9963,36,0
7368,1520599016139939,9962,37,0
7369,1520599016149954,9963,36,0
7370,1520599016159968,9962,37,0
7371,1520599016169983,9963,36,0
7372,1520599016179998,9963,36,0
7373,1520599016190012,9962,37,0
7374,1520599016200027,9963,36,0
7375,1520599016210042,9962,37,0
7376,1520599016220056,9963,36,0
7377,1520599016230071,9963,36,0
7378,1520599016240085,9963,36,0
7379,1520599016250100,9963,36,0
7380,1520599016260115,9962,37,0
7381,1520599016270129,9962,37,0
7382,1520599016280144,9963,37,0
7383,1520599016290159,9962,37,0
7384,1520599016300173,9963,36,0
7385,1520599016310188,9962,37,0
7386,1520599016320203,9962,37,0
7387,1520599016330217,9963,36,0
7388,1520599016340232,9962,37,0
7389,1520599016350247,9962,37,0
7390,1520599016360262,9962,37,0
7391,1520599016370276,9962,37,0
7392,1520599016380291,9962,37,0
7393,1520599016390306,9962,37,0
7394,1520599016400320,9962,37,0
7395,1520599016410335,9962,37,0
7396,1520599016420350,9962,37,0
7397,1520599016430365,9963,36,0
7398,1520599016440379,9962,37,0
7399,1520599016450394,9962,38,0
7400,1520599016460409,9962,37,0
7401,1520599016470424,9963,36,0
7402,1520599016480438,9962,37,0
7403,1520599016490453,9963,36,0
7404,1520599016500468,9963,36,0
7405,1520599016510482,9963,36,0
7406,1520599016520497,9962,37,0
7407,1520599016530512,9962,37,0
7408,1520599016540526,9962,37,0
7409,1520599016550541,9963,36,0
7410,1520599016560556,9961,38,0
7411,1520599016570570,9963,36,0
7412,1520599016580585,9962,37,0
7413,1520599016590600,9962,37,0
7414,1520599016600614,9963,36,0
7415,1520599016610629,9962,37,0
7416,1520599016620644,9962,37,0
7417,1520599016630659,9962,37,0
7418,1520599016640674,9962,37,0
7419,1520599016650689,9963,36,0
7420,1520599016660703,9962,37,0
7421,1520599016670718,9962,37,0
7422,1520599016680733,9962,37,0
7423,1520599016690747,9962,37,0
7424,1520599016700762,9949,50,0
7425,1520599016710777,9962,37,0
7426,1520599016720792,9963,36,0
7427,1520599016730806,9962,37,0
7428,1520599016740821,9962,37,0
7429,1520599016750836,9963,36,0
7430,1520599016760850,9963,36,0
7431,1520599016770865,9962,37,0
7432,1520599016780880,9962,37,0
7433,1520599016790895,9963,36,0
7434,1520599016800909,9962,37,0
7435,1520599016810924,9963,36,0
7436,1520599016820939,9963,36,0
7437,1520599016830954,9962,37,0
7438,1520599016840969,9962,37,0
7439,1520599016850983,9962,37,0
7440,1520599016860998,9963,36,0
7441,1520599016871012,9962,37,0
7442,1520599016881027,9962,37,0
7443,1520599016891042,9962,37,0
7444,1520599016901057,9963,36,0
7445,1520599016911071,9963,36,0
7446,1520599016921086,9962,37,0
7447,1520599016931101,9962,37,0
7448,1520599016941115,9962,37,0
7449,1520599016951130,9954,45,0
7450,1520599016961147,9962,37,0
7451,1520599016971162,9962,37,0
7452,1520599016981176,9963,36,0
7453,1520599016991191,9963,36,0
7454,1520599017001206,9962,37,0
7455,1520599017011220,9962,37,0
7456,1520599017021235,9962,37,0
7457,1520599017031250,9963,36,0
7458,1520599017041264,9962,37,0
7459,1520599017051279,9963,36,0
7460,1520599017061294,9962,37,0
7461,1520599017071308,9963,36,0
7462,1520599017081323,9963,36,0
7463,1520599017091337,9963,36,0
7464,1520599017101352,9963,36,0
7465,1520599017111366,9963,36,0
7466,1520599017121381,9963,36,0
7467,1520599017131395,9962,37,0
7468,1520599017141410,9963,36,0
7469,1520599017151425,9963,36,0
7470,1520599017161440,9962,37,0
7471,1520599017171454,9963,37,0
7472,1520599017181469,9962,37,0
7473,1520599017191484,9962,37,0
7474,1520599017201498,9963,36,0
7475,1520599017211513,9962,37,0
7476,1520599017221528,9962,37,0
7477,1520599017231542,9962,37,0
7478,1520599017241557,9963,36,0
7479,1520599017251572,9963,36,0
7480,1520599017261587,9962,37,0
7481,1520599017271601,9962,37,0
7482,1520599017281616,9963,36,0
7483,1520599017291630,9962,37,0
7484,1520599017301645,9963,36,0
7485,1520599017311660,9962,37,0
7486,1520599017321674,9962,37,0
7487,1520599017331689,9962,37,0
7488,1520599017341704,9962,37,0
7489,1520599017351718,9962,37,0
7490,1520599017361733,9963,36,0
7491,1520599017371748,9962,37,0
7492,1520599017381763,9963,36,0
7493,1520599017391777,9963,36,0
7494,1520599017401792,9962,37,0
7495,1520599017411807,9961,38,0
7496,1520599017421822,9962,37,0
7497,1520599017431837,9962,37,0
7498,1520599017441852,9962,37,0
7499,1520599017451867,9962,37,0
7500,1520599017461881,9962,37,0
7501,1520599017471896,9962,37,0
7502,1520599017481911,9962,37,0
7503,1520599017491926,9962,37,0
7504,1520599017501940,9962,37,0
7505,1520599017511955,9963,36,0
7506,1520599017521970,9962,37,0
7507,1520599017531984,9962,37,0
7508,1520599017541999,9962,37,0
7509,1520599017552014,9963,37,0
7510,1520599017562028,9962,37,0
7511,1520599017572043,9962,37,0
7512,1520599017582058,9962,37,0
7513,1520599017592073,9963,36,0
7514,1520599017602087,9962,37,0
7515,1520599017612102,9962,37,0
7516,1520599017622117,9962,37,0
7517,1520599017632132,9963,37,0
7518,1520599017642147,9962,37,0
7519,1520599017652162,9963,36,0
7520,1520599017662176,9962,37,0
7521,1520599017672191,9962,37,0
7522,1520599017682206,9962,37,0
7523,1520599017692220,9962,37,0
7524,1520599017702235,9963,36,0
7525,1520599017712250,9962,37,0
7526,1520599017722265,9962,37,0
7527,1520599017732279,9962,37,0
7528,1520599017742294,9962,37,0
7529,1520599017752309,9963,36,0
7530,1520599017762323,9962,37,0
7531,1520599017772338,9962,37,0
7532,1520599017782353,9962,37,0
7533,1520599017792367,9962,37,0
7534,1520599017802382,9962,37,0
7535,1520599017812397,9962,37,0
7536,1520599017822411,9962,37,0
7537,1520599017832426,9962,37,0
7538,1520599017842441,9962,37,0
7539,1520599017852456,9962,37,0
7540,1520599017862470,9962,37,0
7541,1520599017872485,9962,37,0
7542,1520599017882500,9961,38,0
7543,1520599017892515,9962,37,0
7544,1520599017902530,9963,36,0
7545,1520599017912544,9963,37,0
7546,1520599017922559,9962,37,0
7547,1520599017932574,9962,37,0
7548,1520599017942589,9962,37,0
7549,1520599017952603,9962,37,0
7550,1520599017962618,9962,37,0
7551,1520599017972633,9962,37,0
7552,1520599017982648,9950,49,0
7553,1520599017992662,9962,37,0
7554,1520599018002677,9962,37,0
7555,1520599018012692,9962,37,0
7556,1520599018022707,9963,36,0
7557,1520599018032722,9962,37,0
7558,1520599018042736,9962,37,0
7559,1520599018052751,9963,36,0
7560,1520599018062766,9963,36,0
7561,1520599018072780,9962,37,0
7562,1520599018082795,9962,37,0
7563,1520599018092810,9963,36,0
7564,1520599018102824,9963,36,0
7565,1520599018112839,9962,37,0
7566,1520599018122853,9963,37,0
7567,1520599018132868,9962,37,0
7568,1520599018142883,9963,36,0
7569,1520599018152898,9962,37,0
7570,1520599018162912,9962,37,0
7571,1520599018172927,9962,37,0
7572,1520599018182941,9962,37,0
7573,1520599018192956,9963,36,0
7574,1520599018202971,9962,37,0
7575,1520599018212986,9962,37,0
7576,1520599018223000,9962,37,0
7577,1520599018233015,9963,36,0
7578,1520599018243030,9963,36,0
7579,1520599018253044,9962,37,0
7580,1520599018263059,9963,36,0
7581,1520599018273073,9963,36,0
7582,1520599018283088,9963,36,0
7583,1520599018293102,9963,36,0
7584,1520599018303117,9953,46,0
7585,1520599018313132,9962,37,0
7586,1520599018323146,9955,44,0
7587,1520599018333161,9963,36,0
7588,1520599018343176,9962,37,0
7589,1520599018353190,9962,37,0
7590,1520599018363205,9962,37,0
7591,1520599018373220,9962,37,0
7592,1520599018383235,9962,37,0
7593,1520599018393249,9962,37,0
7594,1520599018403264,9962,37,0
7595,1520599018413279,9962,37,0
7596,1520599018423295,9963,36,0
7597,1520599018433310,9962,37,0
7598,1520599018443325,9963,36,0
7599,1520599018453339,9962,37,0
7600,1520599018463354,9962,37,0
7601,1520599018473369,9962,37,0
7602,1520599018483384,9962,37,0
7603,1520599018493399,9962,37,0
7604,1520599018503413,9963,36,0
7605,1520599018513428,9963,36,0
7606,1520599018523443,9962,37,0
7607,1520599018533457,9962,37,0
7608,1520599018543472,9962,37,0
7609,1520599018553487,9962,37,0
7610,1520599018563502,9962,37,0
7611,1520599018573516,9962,37,0
7612,1520599018583531,9962,37,0
7613,1520599018593546,9962,37,0
7614,1520599018603561,9962,37,0
7615,1520599018613575,9963,36,0
7616,1520599018623591,9962,37,0
7617,1520599018633606,9962,37,0
7618,1520599018643620,9962,37,0
7619,1520599018653635,9963,36,0
7620,1520599018663650,9963,36,0
7621,1520599018673664,9963,36,0
7622,1520599018683679,9963,37,0
7623,1520599018693694,9962,37,0
7624,1520599018703708,9962,37,0
7625,1520599018713723,9962,37,0
7626,1520599018723738,9963,36,0
7627,1520599018733752,9962,37,0
7628,1520599018743767,9963,36,0
7629,1520599018753782,9962,37,0
7630,1520599018763796,9962,37,0
7631,1520599018773811,9962,37,0
7632,1520599018783826,9962,37,0
7633,1520599018793840,9962,37,0
7634,1520599018803855,9962,37,0
7635,1520599018813870,9962,37,0
7636,1520599018823884,9962,37,0
7637,1520599018833899,9962,37,0
7638,1520599018843914,9963,36,0
7639,1520599018853928,9962,37,0
7640,1520599018863943,9962,37,0
7641,1520599018873958,9963,36,0
7642,1520599018883973,9962,37,0
7643,1520599018893987,9962,37,0
7644,1520599018904002,9963,36,0
7645,1520599018914017,9963,37,0
7646,1520599018924032,9963,36,0
7647,1520599018934046,9963,36,0
7648,1520599018944061,9963,36,0
7649,1520599018954076,9962,37,0
7650,1520599018964091,9963,36,0
7651,1520599018974105,9962,37,0
7652,1520599018984120,9962,37,0
7653,1520599018994135,9963,36,0
7654,1520599019004150,9962,37,0
7655,1520599019014164,9962,37,0
7656,1520599019024179,9963,36,0
7657,1520599019034194,9962,37,0
7658,1520599019044208,9963,36,0
7659,1520599019054223,9963,36,0
7660,1520599019064238,9963,36,0
7661,1520599019074253,9963,36,0
7662,1520599019084267,9962,37,0
7663,1520599019094282,9963,36,0
7664,1520599019104297,9962,37,0
7665,1520599019114311,9962,37,0
7666,1520599019124326,9963,36,0
7667,1520599019134341,9963,36,0
7668,1520599019144355,9963,36,0
7669,1520599019154370,9963,36,0
7670,1520599019164384,9962,37,0
7671,1520599019174399,9962,37,0
7672,1520599019184414,9963,36,0
7673,1520599019194429,9962,37,0
7674,1520599019204444,9963,36,0
7675,1520599019214458,9962,37,0
7676,1520599019224473,9962,37,0
7677,1520599019234488,9963,36,0
7678,1520599019244502,9962,37,0
7679,1520599019254517,9962,37,0
7680,1520599019264532,9934,65,0
7681,1520599019274547,9963,36,0
7682,1520599019284562,9962,37,0
7683,1520599019294577,9962,37,0
7684,1520599019304591,9962,37,0
7685,1520599019314606,9963,36,0
7686,1520599019324621,9963,36,0
7687,1520599019334636,9963,37,0
7688,1520599019344650,9962,37,0
7689,1520599019354665,9963,36,0
7690,1520599019364680,9963,36,0
7691,1520599019374694,9962,37,0
7692,1520599019384709,9963,36,0
7693,1520599019394723,9963,36,0
7694,1520599019404738,9963,36,0
7695,1520599019414754,9963,36,0
7696,1520599019424768,9962,37,0
7697,1520599019434783,9963,36,0
7698,1520599019444797,9963,36,0
7699,1520599019454812,9963,36,0
7700,1520599019464827,9962,37,0
7701,1520599019474841,9963,36,0
7702,1520599019484856,9963,37,0
7703,1520599019494870,9963,36,0
7704,1520599019504885,9963,36,0
7705,1520599019514900,9962,37,0
7706,1520599019524914,9963,36,0
7707,1520599019534929,9963,36,0
7708,1520599019544944,9963,36,0
7709,1520599019554958,9963,36,0
7710,1520599019564973,9962,37,0
7711,1520599019574987,9963,36,0
7712,1520599019585002,9963,36,0
7713,1520599019595016,9962,37,0
7714,1520599019605031,9963,36,0
7715,1520599019615046,9962,37,0
7716,1520599019625061,9962,37,0
7717,1520599019635076,9962,37,0
7718,1520599019645091,9962,37,0
7719,1520599019655106,9962,37,0
7720,1520599019665120,9962,37,0
7721,1520599019675135,9956,43,0
7722,1520599019685148,9962,37,0
7723,1520599019695163,9962,37,0
7724,1520599019705177,9963,36,0
7725,1520599019715192,9962,37,0
7726,1520599019725206,9962,37,0
7727,1520599019735221,9962,37,0
7728,1520599019745236,9962,37,0
7729,1520599019755250,9963,36,0
7730,1520599019765265,9963,36,0
7731,1520599019775279,9962,37,0
7732,1520599019785294,9963,36,0
7733,1520599019795308,9962,37,0
7734,1520599019805323,9962,37,0
7735,1520599019815338,9963,36,0
7736,1520599019825353,9963,36,0
7737,1520599019835367,9963,36,0
7738,1520599019845382,9963,36,0
7739,1520599019855397,9963,36,0
7740,1520599019865411,9962,37,0
7741,1520599019875426,9962,37,0
7742,1520599019885441,9963,36,0
7743,1520599019895456,9963,36,0
7744,1520599019905470,9962,37,0
7745,1520599019915485,9963,36,0
7746,1520599019925500,9962,37,0
7747,1520599019935514,9963,36,0
7748,1520599019945529,9963,36,0
7749,1520599019955544,9962,37,0
7750,1520599019965558,9963,36,0
7751,1520599019975573,9962,37,0
7752,1520599019985588,9963,36,0
7753,1520599019995602,9963,36,0
7754,1520599020005617,9963,36,0
7755,1520599020015632,9962,37,0
7756,1520599020025647,9963,36,0
7757,1520599020035661,9963,36,0
7758,1520599020045676,9962,37,0
7759,1520599020055691,9963,36,0
7760,1520599020065705,9963,36,0
7761,1520599020075720,9962,37,0
7762,1520599020085735,9962,37,0
7763,1520599020095749,9962,37,0
7764,1520599020105764,9962,37,0
7765,1520599020115778,9963,36,0
7766,1520599020125793,9963,36,0
7767,1520599020135808,9962,37,0
7768,1520599020145822,9962,37,0
7769,1520599020155837,9963,36,0
7770,1520599020165852,9962,37,0
7771,1520599020175866,9962,37,0
7772,1520599020185881,9963,36,0
7773,1520599020195895,9963,36,0
7774,1520599020205910,9962,37,0
7775,1520599020215925,9962,37,0
7776,1520599020225939,9963,36,0
7777,1520599020235954,9962,37,0
7778,1520599020245968,9962,37,0
7779,1520599020255983,9962,37,0
7780,1520599020265998,9962,37,0
7781,1520599020276012,9963,36,0
7782,1520599020286027,9962,37,0
7783,1520599020296041,9963,36,0
7784,1520599020306056,9963,36,0
7785,1520599020316070,9963,36,0
7786,1520599020326085,9963,36,0
7787,1520599020336100,9962,37,0
7788,1520599020346114,9963,36,0
7789,1520599020356129,9962,37,0
7790,1520599020366144,9963,36,0
7791,1520599020376158,9963,36,0
7792,1520599020386173,9963,36,0
7793,1520599020396188,9963,36,0
7794,1520599020406203,9963,36,0
7795,1520599020416218,9961,38,0
7796,1520599020426233,9962,37,0
7797,1520599020436248,9963,36,0
7798,1520599020446263,9962,37,0
7799,1520599020456277,9962,37,0
7800,1520599020466292,9962,37,0
7801,1520599020476306,9962,37,0
7802,1520599020486321,9962,37,0
7803,1520599020496335,9962,37,0
7804,1520599020506350,9962,37,0
7805,1520599020516364,9962,37,0
7806,1520599020526379,9962,37,0
7807,1520599020536394,9962,37,0
7808,1520599020546409,9950,49,0
7809,1520599020556424,9962,37,0
7810,1520599020566438,9962,37,0
7811,1520599020576453,9962,37,0
7812,1520599020586468,9963,36,0
7813,1520599020596482,9963,36,0
7814,1520599020606497,9962,37,0
7815,1520599020616511,9963,37,0
7816,1520599020626527,9962,37,0
7817,1520599020636542,9962,37,0
7818,1520599020646556,9962,37,0
7819,1520599020656571,9963,36,0
7820,1520599020666586,9962,37,0
7821,1520599020676601,9963,37,0
7822,1520599020686615,9962,37,0
7823,1520599020696630,9962,37,0
7824,1520599020706644,9962,37,0
7825,1520599020716659,9962,37,0
7826,1520599020726674,9962,37,0
7827,1520599020736689,9963,36,0
7828,1520599020746703,9962,37,0
7829,1520599020756718,9963,36,0
7830,1520599020766733,9963,36,0
7831,1520599020776748,9962,37,0
7832,1520599020786762,9963,36,0
7833,1520599020796777,9963,36,0
7834,1520599020806792,9963,36,0
7835,1520599020816806,9962,37,0
7836,1520599020826821,9963,36,0
7837,1520599020836836,9962,37,0
7838,1520599020846851,9962,37,0
7839,1520599020856865,9963,36,0
7840,1520599020866880,9962,37,0
7841,1520599020876895,9962,37,0
7842,1520599020886910,9962,37,0
7843,1520599020896924,9962,37,0
7844,1520599020906939,9962,37,0
7845,1520599020916954,9963,36,0
7846,1520599020926968,9962,37,0
7847,1520599020936983,9962,37,0
7848,1520599020946998,9962,37,0
7849,1520599020957013,9962,37,0
7850,1520599020967028,9962,37,0
7851,1520599020977042,9963,36,0
7852,1520599020987057,9962,37,0
7853,1520599020997072,9962,37,0
7854,1520599021007086,9962,37,0
7855,1520599021017101,9962,37,0
7856,1520599021027115,9954,45,0
7857,1520599021037130,9962,37,0
7858,1520599021047145,9955,44,0
7859,1520599021057160,9962,37,0
7860,1520599021067175,9963,36,0
7861,1520599021077189,9962,37,0
7862,1520599021087204,9962,37,0
7863,1520599021097219,9962,37,0
7864,1520599021107233,9962,37,0
7865,1520599021117248,9962,37,0
7866,1520599021127263,9962,37,0
7867,1520599021137278,9962,37,0
7868,1520599021147293,9962,37,0
7869,1520599021157307,9963,37,0
7870,1520599021167322,9962,37,0
7871,1520599021177337,9963,37,0
7872,1520599021187351,9962,37,0
7873,1520599021197366,9963,36,0
7874,1520599021207380,9962,37,0
7875,1520599021217395,9963,36,0
7876,1520599021227410,9962,37,0
7877,1520599021237424,9962,37,0
7878,1520599021247439,9962,37,0
7879,1520599021257454,9962,37,0
7880,1520599021267468,9962,37,0
7881,1520599021277483,9962,37,0
7882,1520599021287498,9963,36,0
7883,1520599021297513,9962,37,0
7884,1520599021307528,9962,37,0
7885,1520599021317542,9963,36,0
7886,1520599021327557,9962,37,0
7887,1520599021337572,9962,37,0
7888,1520599021347586,9962,37,0
7889,1520599021357601,9963,36,0
7890,1520599021367616,9962,37,0
7891,1520599021377630,9962,37,0
7892,1520599021387645,9962,37,0
7893,1520599021397660,9962,37,0
7894,1520599021407675,9963,36,0
7895,1520599021417690,9963,36,0
7896,1520599021427705,9963,36,0
7897,1520599021437720,9962,37,0
7898,1520599021447734,9962,37,0
7899,1520599021457749,9963,36,0
7900,1520599021467764,9963,36,0
7901,1520599021477778,9962,37,0
7902,1520599021487793,9962,37,0
7903,1520599021497807,9963,36,0
7904,1520599021507822,9962,37,0
7905,1520599021517837,9962,37,0
7906,1520599021527851,9962,37,0
7907,1520599021537866,9962,37,0
7908,1520599021547880,9963,36,0
7909,1520599021557895,9962,37,0
7910,1520599021567910,9962,37,0
7911,1520599021577924,9963,36,0
7912,1520599021587939,9963,36,0
7913,1520599021597953,9962,37,0
7914,1520599021607968,9963,36,0
7915,1520599021617984,9962,37,0
7916,1520599021627999,9962,37,0
7917,1520599021638013,9962,37,0
7918,1520599021648028,9962,37,0
7919,1520599021658043,9962,37,0
7920,1520599021668058,9963,37,0
7921,1520599021678073,9962,37,0
7922,1520599021688087,9962,37,0
7923,1520599021698102,9963,36,0
7924,1520599021708117,9963,36,0
7925,1520599021718132,9962,37,0
7926,1520599021728146,9962,37,0
7927,1520599021738161,9962,37,0
7928,1520599021748175,9962,37,0
7929,1520599021758190,9962,37,0
7930,1520599021768205,9962,37,0
7931,1520599021778220,9962,37,0
7932,1520599021788234,9962,37,0
7933,1520599021798249,9962,37,0
7934,1520599021808263,9962,37,0
7935,1520599021818278,9963,36,0
7936,1520599021828293,9949,50,0
7937,1520599021838308,9962,37,0
7938,1520599021848322,9962,37,0
7939,1520599021858337,9962,37,0
7940,1520599021868351,9962,37,0
7941,1520599021878366,9962,37,0
7942,1520599021888381,9962,37,0
7943,1520599021898395,9963,36,0
7944,1520599021908410,9962,37,0
7945,1520599021918425,9963,36,0
7946,1520599021928439,9962,37,0
7947,1520599021938454,9963,36,0
7948,1520599021948469,9962,37,0
7949,1520599021958483,9963,36,0
7950,1520599021968498,9962,37,0
7951,1520599021978512,9963,36,0
7952,1520599021988527,9963,36,0
7953,1520599021998542,9962,37,0
7954,1520599022008557,9963,36,0
7955,1520599022018571,9962,37,0
7956,1520599022028586,9963,36,0
7957,1520599022038600,9963,36,0
7958,1520599022048615,9962,37,0
7959,1520599022058630,9963,36,0
7960,1520599022068644,9963,36,0
7961,1520599022078659,9962,37,0
7962,1520599022088674,9963,36,0
7963,1520599022098688,9962,37,0
7964,1520599022108703,9962,37,0
7965,1520599022118718,9963,36,0
7966,1520599022128733,9962,37,0
7967,1520599022138748,9962,37,0
7968,1520599022148763,9962,37,0
7969,1520599022158777,9963,36,0
7970,1520599022168792,9962,37,0
7971,1520599022178807,9963,36,0
7972,1520599022188821,9963,36,0
7973,1520599022198836,9962,37,0
7974,1520599022208850,9962,37,0
7975,1520599022218865,9963,36,0
7976,1520599022228880,9962,37,0
7977,1520599022238894,9963,36,0
7978,1520599022248909,9962,37,0
7979,1520599022258924,9962,37,0
7980,1520599022268938,9963,36,0
7981,1520599022278953,9962,37,0
7982,1520599022288968,9963,36,0
7983,1520599022298982,9962,37,0
7984,1520599022308997,9963,36,0
7985,1520599022319012,9962,37,0
7986,1520599022329026,9962,37,0
7987,1520599022339041,9962,37,0
7988,1520599022349056,9962,37,0
7989,1520599022359071,9962,37,0
7990,1520599022369085,9962,37,0
7991,1520599022379100,9962,37,0
7992,1520599022389114,9963,36,0
7993,1520599022399129,9954,45,0
7994,1520599022409147,9962,37,0
7995,1520599022419161,9963,36,0
7996,1520599022429176,9963,36,0
7997,1520599022439191,9962,37,0
7998,1520599022449206,9962,37,0
7999,1520599022459220,9963,36,0
8000,1520599022469235,9963,36,0
8001,1520599022479250,9963,36,0
8002,1520599022489264,9963,36,0
8003,1520599022499279,9962,37,0
8004,1520599022509294,9962,37,0
8005,1520599022519308,9963,36,0
8006,1520599022529323,9962,37,0
8007,1520599022539338,9962,37,0
8008,1520599022549353,9963,36,0
8009,1520599022559367,9963,37,0
8010,1520599022569382,9962,37,0
8011,1520599022579397,9963,36,0
8012,1520599022589411,9963,36,0
8013,1520599022599426,9962,37,0
8014,1520599022609441,9962,37,0
8015,1520599022619456,9962,37,0
8016,1520599022629471,9962,37,0
8017,1520599022639485,9963,36,0
8018,1520599022649500,9963,36,0
8019,1520599022659515,9962,37,0
8020,1520599022669529,9962,37,0
8021,1520599022679544,9962,37,0
8022,1520599022689558,9962,37,0
8023,1520599022699573,9962,37,0
8024,1520599022709588,9963,37,0
8025,1520599022719602,9963,36,0
8026,1520599022729617,9962,37,0
8027,1520599022739631,9962,37,0
8028,1520599022749646,9962,37,0
8029,1520599022759661,9962,37,0
8030,1520599022769676,9963,36,0
8031,1520599022779690,9963,36,0
8032,1520599022789705,9962,37,0
8033,1520599022799720,9962,37,0
8034,1520599022809734,9962,37,0
8035,1520599022819749,9963,36,0
8036,1520599022829763,9962,37,0
8037,1520599022839778,9962,37,0
8038,1520599022849793,9962,37,0
8039,1520599022859807,9963,36,0
8040,1520599022869822,9962,37,0
8041,1520599022879837,9963,36,0
8042,1520599022889852,9963,36,0
8043,1520599022899866,9963,36,0
8044,1520599022909881,9963,36,0
8045,1520599022919896,9963,36,0
8046,1520599022929911,9962,37,0
8047,1520599022939925,9962,37,0
8048,1520599022949940,9962,37,0
8049,1520599022959955,9963,36,0
8050,1520599022969969,9962,37,0
8051,1520599022979984,9962,37,0
8052,1520599022989999,9962,37,0
8053,1520599023000014,9962,37,0
8054,1520599023010029,9963,36,0
8055,1520599023020043,9962,37,0
8056,1520599023030058,9962,37,0
8057,1520599023040073,9962,37,0
8058,1520599023050087,9962,37,0
8059,1520599023060102,9963,36,0
8060,1520599023070117,9962,37,0
8061,1520599023080132,9962,37,0
8062,1520599023090147,9962,37,0
8063,1520599023100162,9962,37,0
8064,1520599023110177,9949,50,0
8065,1520599023120191,9962,37,0
8066,1520599023130206,9962,37,0
8067,1520599023140220,9962,37,0
8068,1520599023150235,9962,37,0
8069,1520599023160250,9962,37,0
8070,1520599023170265,9962,37,0
8071,1520599023180279,9963,36,0
8072,1520599023190294,9963,36,0
8073,1520599023200308,9962,37,0
8074,1520599023210323,9962,37,0
8075,1520599023220338,9962,37,0
8076,1520599023230353,9963,36,0
8077,1520599023240368,9962,37,0
8078,1520599023250382,9962,37,0
8079,1520599023260397,9963,36,0
8080,1520599023270412,9962,37,0
8081,1520599023280427,9962,37,0
8082,1520599023290442,9963,36,0
8083,1520599023300456,9962,37,0
8084,1520599023310471,9962,37,0
8085,1520599023320486,9962,37,0
8086,1520599023330501,9962,37,0
8087,1520599023340516,9962,37,0
8088,1520599023350531,9963,36,0
8089,1520599023360546,9963,37,0
8090,1520599023370560,9962,37,0
8091,1520599023380575,9962,37,0
8092,1520599023390590,9962,37,0
8093,1520599023400604,9963,36,0
8094,1520599023410619,9962,37,0
8095,1520599023420634,9963,36,0
8096,1520599023430649,9961,38,0
8097,1520599023440664,9962,37,0
8098,1520599023450679,9962,37,0
8099,1520599023460693,9963,36,0
8100,1520599023470708,9962,37,0
8101,1520599023480722,9963,36,0
8102,1520599023490737,9963,36,0
8103,1520599023500752,9962,37,0
8104,1520599023510766,9963,36,0
8105,1520599023520781,9962,37,0
8106,1520599023530796,9962,37,0
8107,1520599023540810,9963,36,0
8108,1520599023550825,9962,37,0
8109,1520599023560840,9962,37,0
8110,1520599023570854,9962,37,0
8111,1520599023580869,9963,37,0
8112,1520599023590884,9963,36,0
8113,1520599023600899,9962,37,0
8114,1520599023610913,9962,37,0
8115,1520599023620929,9962,37,0
8116,1520599023630944,9962,37,0
8117,1520599023640959,9962,37,0
8118,1520599023650973,9963,36,0
8119,1520599023660988,9962,37,0
8120,1520599023671003,9962,37,0
8121,1520599023681017,9963,37,0
8122,1520599023691032,9962,37,0
8123,1520599023701046,9962,37,0
8124,1520599023711061,9963,36,0
8125,1520599023721076,9962,37,0
8126,1520599023731090,9962,37,0
8127,1520599023741105,9963,36,0
8128,1520599023751120,9956,43,0
8129,1520599023761141,9962,37,0
8130,1520599023771156,9962,37,0
8131,1520599023781170,9962,37,0
8132,1520599023791185,9962,37,0
8133,1520599023801199,9963,36,0
8134,1520599023811214,9962,37,0
8135,1520599023821229,9963,36,0
8136,1520599023831244,9962,37,0
8137,1520599023841258,9962,37,0
8138,1520599023851273,9962,37,0
8139,1520599023861287,9962,37,0
8140,1520599023871302,9963,36,0
8141,1520599023881317,9963,36,0
8142,1520599023891332,9963,36,0
8143,1520599023901346,9962,37,0
8144,1520599023911361,9963,36,0
8145,1520599023921375,9963,36,0
8146,1520599023931390,9962,37,0
8147,1520599023941404,9963,36,0
8148,1520599023951419,9963,36,0
8149,1520599023961434,9963,36,0
8150,1520599023971448,9963,36,0
8151,1520599023981463,9962,37,0
8152,1520599023991477,9963,36,0
8153,1520599024001492,9963,36,0
8154,1520599024011507,9962,37,0
8155,1520599024021521,9963,36,0
8156,1520599024031536,9963,36,0
8157,1520599024041551,9963,36,0
8158,1520599024051565,9962,37,0
8159,1520599024061580,9962,37,0
8160,1520599024071595,9962,37,0
8161,1520599024081609,9962,37,0
8162,1520599024091624,9962,37,0
8163,1520599024101639,9962,37,0
8164,1520599024111653,9963,36,0
8165,1520599024121668,9963,36,0
8166,1520599024131682,9963,36,0
8167,1520599024141697,9962,37,0
8168,1520599024151712,9962,37,0
8169,1520599024161726,9963,37,0
8170,1520599024171741,9963,36,0
8171,1520599024181755,9963,36,0
8172,1520599024191770,9962,37,0
8173,1520599024201785,9962,37,0
8174,1520599024211799,9963,37,0
8175,1520599024221814,9962,37,0
8176,1520599024231829,9962,37,0
8177,1520599024241843,9962,37,0
8178,1520599024251858,9962,37,0
8179,1520599024261873,9963,36,0
8180,1520599024271888,9962,37,0
8181,1520599024281902,9962,37,0
8182,1520599024291917,9963,36,0
8183,1520599024301932,9962,37,0
8184,1520599024311947,9962,37,0
8185,1520599024321961,9963,36,0
8186,1520599024331976,9963,36,0
8187,1520599024341990,9962,37,0
8188,1520599024352005,9963,36,0
8189,1520599024362020,9962,37,0
8190,1520599024372034,9962,37,0
8191,1520599024382049,9962,37,0
8192,1520599024392064,9949,50,0
8193,1520599024402081,9833,166,0
8194,1520599024412097,9959,40,0
8195,1520599024422111,9960,39,0
8196,1520599024432126,9962,37,0
8197,1520599024442141,9963,36,0
8198,1520599024452155,9960,39,0
8199,1520599024462170,9962,37,0
8200,1520599024472184,9962,37,0
8201,1520599024482199,9962,37,0
8202,1520599024492214,9962,37,0
8203,1520599024502228,9961,38,0
8204,1520599024512243,9962,37,0
8205,1520599024522258,9962,37,0
8206,1520599024532272,9963,36,0
8207,1520599024542287,9962,37,0
8208,1520599024552302,9962,37,0
8209,1520599024562316,9962,37,0
8210,1520599024572331,9962,37,0
8211,1520599024582345,9962,37,0
8212,1520599024592360,9962,37,0
8213,1520599024602375,9962,37,0
8214,1520599024612389,9962,37,0
8215,1520599024622405,9962,37,0
8216,1520599024632419,9962,37,0
8217,1520599024642434,9962,37,0
8218,1520599024652449,9962,37,0
8219,1520599024662463,9962,37,0
8220,1520599024672478,9962,37,0
8221,1520599024682492,9962,37,0
8222,1520599024692507,9962,37,0
8223,1520599024702522,9962,37,0
8224,1520599024712536,9963,36,0
8225,1520599024722551,9962,37,0
8226,1520599024732566,9962,37,0
8227,1520599024742580,9962,37,0
8228,1520599024752595,9962,37,0
8229,1520599024762610,9962,37,0
8230,1520599024772624,9963,36,0
8231,1520599024782639,9963,36,0
8232,1520599024792654,9962,37,0
8233,1520599024802668,9962,37,0
8234,1520599024812683,9962,37,0
8235,1520599024822698,9962,37,0
8236,1520599024832712,9962,37,0
8237,1520599024842727,9962,37,0
8238,1520599024852742,9962,37,0
8239,1520599024862756,9962,37,0
8240,1520599024872771,9961,38,0
8241,1520599024882786,9962,37,0
8242,1520599024892801,9962,37,0
8243,1520599024902815,9962,37,0
8244,1520599024912830,9962,37,0
8245,1520599024922844,9962,37,0
8246,1520599024932859,9962,37,0
8247,1520599024942874,9962,38,0
8248,1520599024952889,9963,36,0
8249,1520599024962903,9962,37,0
8250,1520599024972918,9962,37,0
8251,1520599024982933,9962,37,0
8252,1520599024992947,9963,36,0
8253,1520599025002962,9962,37,0
8254,1520599025012977,9962,37,0
8255,1520599025022991,9962,37,0
8256,1520599025033006,9962,37,0
8257,1520599025043020,9962,37,0
8258,1520599025053035,9963,36,0
8259,1520599025063050,9962,37,0
8260,1520599025073064,9962,37,0
8261,1520599025083079,9962,37,0
8262,1520599025093094,9963,36,0
8263,1520599025103109,9963,36,0
8264,1520599025113123,9962,37,0
8265,1520599025123138,9956,43,0
8266,1520599025133153,9962,37,0
8267,1520599025143167,9963,36,0
8268,1520599025153182,9962,37,0
8269,1520599025163197,9962,37,0
8270,1520599025173212,9962,37,0
8271,1520599025183227,9963,36,0
8272,1520599025193241,9962,37,0
8273,1520599025203256,9963,36,0
8274,1520599025213271,9962,37,0
8275,1520599025223285,9963,36,0
8276,1520599025233300,9962,37,0
8277,1520599025243315,9962,37,0
8278,1520599025253329,9962,37,0
8279,1520599025263344,9962,37,0
8280,1520599025273359,9962,37,0
8281,1520599025283374,9962,37,0
8282,1520599025293388,9962,37,0
8283,1520599025303403,9962,37,0
8284,1520599025313418,9962,37,0
8285,1520599025323432,9962,37,0
8286,1520599025333447,9962,37,0
8287,1520599025343461,9962,37,0
8288,1520599025353476,9962,37,0
8289,1520599025363491,9962,37,0
8290,1520599025373506,9962,37,0
8291,1520599025383520,9962,37,0
8292,1520599025393535,9962,37,0
8293,1520599025403550,9962,37,0
8294,1520599025413565,9960,39,0
8295,1520599025423580,9962,37,0
8296,1520599025433595,9962,37,0
8297,1520599025443609,9962,37,0
8298,1520599025453624,9962,37,0
8299,1520599025463639,9962,37,0
8300,1520599025473654,9962,37,0
8301,1520599025483668,9962,37,0
8302,1520599025493683,9962,37,0
8303,1520599025503698,9962,37,0
8304,1520599025513712,9962,37,0
8305,1520599025523727,9962,37,0
8306,1520599025533742,9962,37,0
8307,1520599025543756,9962,37,0
8308,1520599025553771,9962,37,0
8309,1520599025563785,9962,37,0
8310,1520599025573800,9962,37,0
8311,1520599025583815,9962,37,0
8312,1520599025593829,9962,37,0
8313,1520599025603844,9962,37,0
8314,1520599025613859,9962,37,0
8315,1520599025623874,9962,37,0
8316,1520599025633889,9962,37,0
8317,1520599025643904,9962,37,0
8318,1520599025653918,9962,37,0
8319,1520599025663933,9962,37,0
8320,1520599025673948,9947,52,0
8321,1520599025683962,9962,37,0
8322,1520599025693977,9962,37,0
8323,1520599025703992,9963,37,0
8324,1520599025714007,9963,36,0
8325,1520599025724021,9962,37,0
8326,1520599025734036,9963,36,0
8327,1520599025744051,9962,37,0
8328,1520599025754065,9962,37,0
8329,1520599025764080,9962,37,0
8330,1520599025774095,9962,37,0
8331,1520599025784109,9962,37,0
8332,1520599025794124,9962,37,0
8333,1520599025804139,9950,49,0
8334,1520599025814153,9962,37,0
8335,1520599025824168,9962,37,0
8336,1520599025834183,9962,37,0
8337,1520599025844197,9962,37,0
8338,1520599025854212,9962,37,0
8339,1520599025864226,9962,37,0
8340,1520599025874241,9963,36,0
8341,1520599025884256,9962,37,0
8342,1520599025894270,9963,36,0
8343,1520599025904285,9962,37,0
8344,1520599025914300,9962,37,0
8345,1520599025924314,9962,37,0
8346,1520599025934329,9962,37,0
8347,1520599025944344,9963,36,0
8348,1520599025954358,9962,37,0
8349,1520599025964373,9963,36,0
8350,1520599025974388,9963,36,0
8351,1520599025984402,9962,37,0
8352,1520599025994417,9963,36,0
8353,1520599026004431,9962,37,0
8354,1520599026014446,9962,37,0
8355,1520599026024461,9963,36,0
8356,1520599026034476,9962,37,0
8357,1520599026044490,9962,37,0
8358,1520599026054505,9962,37,0
8359,1520599026064519,9962,37,0
8360,1520599026074534,9962,37,0
8361,1520599026084548,9962,37,0
8362,1520599026094563,9962,37,0
8363,1520599026104578,9962,38,0
8364,1520599026114592,9962,37,0
8365,1520599026124607,9962,37,0
8366,1520599026134621,9962,37,0
8367,1520599026144636,9962,37,0
8368,1520599026154650,9962,37,0
8369,1520599026164665,9962,37,0
8370,1520599026174680,9962,37,0
8371,1520599026184694,9963,36,0
8372,1520599026194709,9962,37,0
8373,1520599026204724,9963,36,0
8374,1520599026214738,9962,37,0
8375,1520599026224753,9962,37,0
8376,1520599026234767,9962,37,0
8377,1520599026244782,9963,37,0
8378,1520599026254797,9962,37,0
8379,1520599026264811,9963,36,0
8380,1520599026274826,9962,37,0
8381,1520599026284841,9963,36,0
8382,1520599026294855,9963,36,0
8383,1520599026304870,9962,37,0
8384,1520599026314885,9962,37,0
8385,1520599026324899,9962,37,0
8386,1520599026334914,9963,36,0
8387,1520599026344929,9962,37,0
8388,1520599026354943,9962,37,0
8389,1520599026364958,9962,37,0
8390,1520599026374972,9963,37,0
8391,1520599026384987,9963,36,0
8392,1520599026395002,9962,37,0
8393,1520599026405016,9962,37,0
8394,1520599026415031,9962,37,0
8395,1520599026425046,9962,37,0
8396,1520599026435061,9962,37,0
8397,1520599026445075,9962,37,0
8398,1520599026455090,9962,37,0
8399,1520599026465105,9961,38,0
8400,1520599026475119,9955,44,0
8401,1520599026485141,9962,37,0
8402,1520599026495156,9962,37,0
8403,1520599026505170,9963,36,0
8404,1520599026515185,9962,37,0
8405,1520599026525199,9962,37,0
8406,1520599026535214,9963,36,0
8407,1520599026545229,9962,37,0
8408,1520599026555243,9963,36,0
8409,1520599026565258,9962,37,0
8410,1520599026575273,9962,37,0
8411,1520599026585287,9963,36,0
8412,1520599026595302,9963,36,0
8413,1520599026605316,9962,37,0
8414,1520599026615331,9962,37,0
8415,1520599026625346,9962,37,0
8416,1520599026635361,9962,37,0
8417,1520599026645375,9962,37,0
8418,1520599026655390,9962,37,0
8419,1520599026665405,9962,37,0
8420,1520599026675419,9963,37,0
8421,1520599026685434,9963,36,0
8422,1520599026695449,9962,37,0
8423,1520599026705464,9962,37,0
8424,1520599026715478,9962,37,0
8425,1520599026725493,9962,37,0
8426,1520599026735508,9963,36,0
8427,1520599026745522,9963,36,0
8428,1520599026755537,9962,37,0
8429,1520599026765552,9962,37,0
8430,1520599026775566,9962,37,0
8431,1520599026785581,9963,36,0
8432,1520599026795595,9962,37,0
8433,1520599026805610,9963,36,0
8434,1520599026815625,9963,36,0
8435,1520599026825640,9963,36,0
8436,1520599026835655,9962,37,0
8437,1520599026845669,9961,38,0
8438,1520599026855684,9962,37,0
8439,1520599026865699,9962,37,0
8440,1520599026875713,9962,37,0
8441,1520599026885728,9962,37,0
8442,1520599026895742,9961,38,0
8443,1520599026905757,9963,36,0
8444,1520599026915772,9963,36,0
8445,1520599026925786,9962,37,0
8446,1520599026935801,9963,36,0
8447,1520599026945816,9963,36,0
8448,1520599026955831,9950,49,0
8449,1520599026965846,9962,37,0
8450,1520599026975860,9962,37,0
8451,1520599026985875,9963,36,0
8452,1520599026995889,9962,37,0
8453,1520599027005904,9963,36,0
8454,1520599027015918,9963,36,0
8455,1520599027025933,9962,37,0
8456,1520599027035947,9963,36,0
8457,1520599027045962,9963,36,0
8458,1520599027055976,9962,37,0
8459,1520599027065991,9962,37,0
8460,1520599027076006,9963,36,0
8461,1520599027086020,9962,37,0
8462,1520599027096035,9962,37,0
8463,1520599027106049,9963,36,0
8464,1520599027116064,9963,36,0
8465,1520599027126079,9962,37,0
8466,1520599027136094,9962,37,0
8467,1520599027146108,9962,37,0
8468,1520599027156123,9963,36,0
8469,1520599027166137,9962,37,0
8470,1520599027176152,9963,36,0
8471,1520599027186166,9962,37,0
8472,1520599027196181,9963,36,0
8473,1520599027206196,9962,37,0
8474,1520599027216210,9963,36,0
8475,1520599027226225,9962,37,0
8476,1520599027236240,9963,36,0
8477,1520599027246255,9962,37,0
8478,1520599027256269,9962,37,0
8479,1520599027266284,9963,37,0
8480,1520599027276299,9963,36,0
8481,1520599027286313,9962,37,0
8482,1520599027296328,9962,37,0
8483,1520599027306343,9963,36,0
8484,1520599027316358,9962,37,0
8485,1520599027326372,9962,37,0
8486,1520599027336387,9962,37,0
8487,1520599027346402,9963,36,0
8488,1520599027356416,9962,37,0
8489,1520599027366431,9962,37,0
8490,1520599027376445,9963,37,0
8491,1520599027386460,9962,37,0
8492,1520599027396475,9963,36,0
8493,1520599027406489,9962,37,0
8494,1520599027416504,9962,37,0
8495,1520599027426519,9961,38,0
8496,1520599027436534,9962,37,0
8497,1520599027446548,9962,37,0
8498,1520599027456563,9962,37,0
8499,1520599027466578,9962,37,0
8500,1520599027476593,9963,36,0
8501,1520599027486607,9962,37,0
8502,1520599027496622,9963,36,0
8503,1520599027506637,9963,36,0
8504,1520599027516651,9963,36,0
8505,1520599027526666,9962,37,0
8506,1520599027536680,9962,37,0
8507,1520599027546695,9962,37,0
8508,1520599027556710,9962,37,0
8509,1520599027566724,9962,37,0
8510,1520599027576739,9963,36,0
8511,1520599027586753,9962,37,0
8512,1520599027596768,9963,36,0
8513,1520599027606783,9963,36,0
8514,1520599027616797,9963,36,0
8515,1520599027626812,9962,37,0
8516,1520599027636827,9963,37,0
8517,1520599027646841,9963,36,0
8518,1520599027656856,9963,36,0
8519,1520599027666870,9962,37,0
8520,1520599027676885,9962,37,0
8521,1520599027686899,9962,37,0
8522,1520599027696914,9962,37,0
8523,1520599027706929,9962,37,0
8524,1520599027716943,9962,37,0
8525,1520599027726958,9962,37,0
8526,1520599027736973,9962,37,0
8527,1520599027746987,9962,37,0
8528,1520599027757002,9962,37,0
8529,1520599027767016,9962,37,0
8530,1520599027777031,9962,37,0
8531,1520599027787046,9962,37,0
8532,1520599027797060,9962,37,0
8533,1520599027807075,9962,37,0
8534,1520599027817090,9962,37,0
8535,1520599027827104,9962,37,0
8536,1520599027837119,9962,37,0
8537,1520599027847133,9956,43,0
8538,1520599027857148,9962,37,0
8539,1520599027867162,9963,36,0
8540,1520599027877177,9962,37,0
8541,1520599027887191,9963,37,0
8542,1520599027897206,9962,37,0
8543,1520599027907220,9963,36,0
8544,1520599027917235,9962,37,0
8545,1520599027927249,9963,36,0
8546,1520599027937264,9962,37,0
8547,1520599027947278,9962,37,0
8548,1520599027957293,9962,37,0
8549,1520599027967307,9963,36,0
8550,1520599027977322,9963,36,0
8551,1520599027987337,9962,37,0
8552,1520599027997352,9962,37,0
8553,1520599028007366,9962,37,0
8554,1520599028017381,9962,37,0
8555,1520599028027396,9963,36,0
8556,1520599028037410,9962,37,0
8557,1520599028047425,9962,37,0
8558,1520599028057439,9962,37,0
8559,1520599028067454,9962,37,0
8560,1520599028077469,9962,37,0
8561,1520599028087484,9962,37,0
8562,1520599028097498,9962,37,0
8563,1520599028107513,9963,36,0
8564,1520599028117527,9962,37,0
8565,1520599028127542,9963,36,0
8566,1520599028137556,9963,36,0
8567,1520599028147571,9963,36,0
8568,1520599028157586,9962,37,0
8569,1520599028167600,9962,37,0
8570,1520599028177615,9962,37,0
8571,1520599028187629,9962,37,0
8572,1520599028197644,9963,36,0
8573,1520599028207658,9963,36,0
8574,1520599028217673,9962,37,0
8575,1520599028227687,9963,36,0
8576,1520599028237703,9950,49,0
8577,1520599028247717,9962,37,0
8578,1520599028257732,9962,37,0
8579,1520599028267747,9962,37,0
8580,1520599028277761,9962,37,0
8581,1520599028287776,9962,37,0
8582,1520599028297790,9962,37,0
8583,1520599028307805,9962,37,0
8584,1520599028317820,9962,37,0
8585,1520599028327834,9962,37,0
8586,1520599028337849,9962,37,0
8587,1520599028347864,9963,36,0
8588,1520599028357879,9962,37,0
8589,1520599028367893,9962,37,0
8590,1520599028377908,9962,37,0
8591,1520599028387922,9962,37,0
8592,1520599028397937,9963,36,0
8593,1520599028407953,9963,36,0
8594,1520599028417968,9962,37,0
8595,1520599028427982,9963,36,0
8596,1520599028437997,9962,37,0
8597,1520599028448011,9962,37,0
8598,1520599028458026,9962,37,0
8599,1520599028468040,9963,36,0
8600,1520599028478055,9962,37,0
8601,1520599028488069,9962,37,0
8602,1520599028498084,9962,37,0
8603,1520599028508098,9962,37,0
8604,1520599028518113,9962,37,0
8605,1520599028528128,9963,36,0
8606,1520599028538142,9963,36,0
8607,1520599028548157,9962,37,0
8608,1520599028558172,9962,37,0
8609,1520599028568186,9963,36,0
8610,1520599028578201,9962,37,0
8611,1520599028588215,9963,36,0
8612,1520599028598230,9962,37,0
8613,1520599028608244,9963,36,0
8614,1520599028618260,9963,36,0
8615,1520599028628275,9963,37,0
8616,1520599028638290,9962,37,0
8617,1520599028648304,9962,37,0
8618,1520599028658319,9962,37,0
8619,1520599028668334,9962,37,0
8620,1520599028678349,9962,37,0
8621,1520599028688363,9962,37,0
8622,1520599028698378,9962,37,0
8623,1520599028708392,9963,36,0
8624,1520599028718407,9962,37,0
8625,1520599028728421,9963,36,0
8626,1520599028738436,9963,36,0
8627,1520599028748451,9963,36,0
8628,1520599028758465,9962,37,0
8629,1520599028768480,9962,37,0
8630,1520599028778495,9963,36,0
8631,1520599028788510,9962,37,0
8632,1520599028798524,9962,37,0
8633,1520599028808539,9963,36,0
8634,1520599028818554,9962,37,0
8635,1520599028828569,9962,37,0
8636,1520599028838583,9963,36,0
8637,1520599028848598,9963,36,0
8638,1520599028858613,9963,37,0
8639,1520599028868628,9962,37,0
8640,1520599028878642,9962,37,0
8641,1520599028888657,9963,36,0
8642,1520599028898672,9962,37,0
8643,1520599028908687,9962,37,0
8644,1520599028918702,9962,37,0
8645,1520599028928717,9962,37,0
8646,1520599028938731,9962,37,0
8647,1520599028948746,9963,36,0
8648,1520599028958761,9962,37,0
8649,1520599028968776,9963,37,0
8650,1520599028978791,9962,37,0
8651,1520599028988805,9962,37,0
8652,1520599028998820,9962,37,0
8653,1520599029008835,9962,37,0
8654,1520599029018850,9962,37,0
8655,1520599029028865,9962,37,0
8656,1520599029038880,9962,37,0
8657,1520599029048894,9963,36,0
8658,1520599029058909,9963,36,0
8659,1520599029068924,9963,36,0
8660,1520599029078938,9962,37,0
8661,1520599029088953,9962,37,0
8662,1520599029098968,9962,37,0
8663,1520599029108983,9962,37,0
8664,1520599029118998,9962,37,0
8665,1520599029129013,9963,36,0
8666,1520599029139028,9962,37,0
8667,1520599029149042,9962,37,0
8668,1520599029159057,9962,37,0
8669,1520599029169072,9962,37,0
8670,1520599029179087,9962,37,0
8671,1520599029189102,9962,37,0
8672,1520599029199116,9953,46,0
8673,1520599029209131,9963,36,0
8674,1520599029219146,9954,45,0
8675,1520599029229161,9962,37,0
8676,1520599029239175,9962,37,0
8677,1520599029249190,9962,37,0
8678,1520599029259205,9962,37,0
8679,1520599029269220,9962,37,0
8680,1520599029279235,9962,37,0
8681,1520599029289249,9962,37,0
8682,1520599029299264,9962,37,0
8683,1520599029309279,9962,37,0
8684,1520599029319294,9963,36,0
8685,1520599029329308,9962,37,0
8686,1520599029339323,9962,37,0
8687,1520599029349338,9962,37,0
8688,1520599029359353,9962,37,0
8689,1520599029369368,9961,38,0
8690,1520599029379383,9962,37,0
8691,1520599029389397,9962,37,0
8692,1520599029399412,9962,37,0
8693,1520599029409427,9963,36,0
8694,1520599029419442,9962,37,0
8695,1520599029429457,9962,37,0
8696,1520599029439472,9961,38,0
8697,1520599029449487,9962,37,0
8698,1520599029459502,9963,37,0
8699,1520599029469517,9962,37,0
8700,1520599029479532,9963,36,0
8701,1520599029489547,9963,37,0
8702,1520599029499562,9962,37,0
8703,1520599029509576,9962,37,0
8704,1520599029519591,9949,50,0
8705,1520599029529606,9962,37,0
8706,1520599029539621,9962,37,0
8707,1520599029549636,9962,37,0
8708,1520599029559651,9962,37,0
8709,1520599029569665,9963,36,0
8710,1520599029579680,9962,37,0
8711,1520599029589695,9962,37,0
8712,1520599029599710,9962,37,0
8713,1520599029609725,9962,37,0
8714,1520599029619740,9962,37,0
8715,1520599029629755,9962,37,0
8716,1520599029639770,9962,37,0
8717,1520599029649785,9962,37,0
8718,1520599029659799,9962,37,0
8719,1520599029669814,9962,37,0
8720,1520599029679829,9962,37,0
8721,1520599029689844,9963,37,0
8722,1520599029699859,9962,37,0
8723,1520599029709873,9962,37,0
8724,1520599029719888,9962,37,0
8725,1520599029729903,9962,37,0
8726,1520599029739918,9962,37,0
8727,1520599029749933,9962,37,0
8728,1520599029759947,9962,37,0
8729,1520599029769962,9962,37,0
8730,1520599029779977,9962,37,0
8731,1520599029789991,9962,37,0
8732,1520599029800006,9962,37,0
8733,1520599029810021,9962,37,0
8734,1520599029820036,9963,36,0
8735,1520599029830051,9962,37,0
8736,1520599029840065,9962,37,0
8737,1520599029850080,9962,37,0
8738,1520599029860095,9962,37,0
8739,1520599029870109,9962,37,0
8740,1520599029880124,9962,37,0
8741,1520599029890139,9962,37,0
8742,1520599029900153,9962,37,0
8743,1520599029910168,9963,36,0
8744,1520599029920183,9962,37,0
8745,1520599029930197,9962,37,0
8746,1520599029940212,9963,36,0
8747,1520599029950227,9962,37,0
8748,1520599029960241,9963,36,0
8749,1520599029970256,9962,37,0
8750,1520599029980270,9962,37,0
8751,1520599029990285,9962,37,0
8752,1520599030000300,9962,37,0
8753,1520599030010315,9962,37,0
8754,1520599030020329,9962,37,0
8755,1520599030030344,9962,37,0
8756,1520599030040359,9962,37,0
8757,1520599030050374,9963,36,0
8758,1520599030060388,9963,36,0
8759,1520599030070403,9962,37,0
8760,1520599030080418,9963,36,0
8761,1520599030090432,9962,37,0
8762,1520599030100447,9962,37,0
8763,1520599030110462,9962,37,0
8764,1520599030120477,9962,37,0
8765,1520599030130491,9962,37,0
8766,1520599030140506,9962,37,0
8767,1520599030150521,9962,37,0
8768,1520599030160535,9962,37,0
8769,1520599030170550,9962,37,0
8770,1520599030180565,9963,36,0
8771,1520599030190579,9962,37,0
8772,1520599030200594,9963,36,0
8773,1520599030210609,9962,37,0
8774,1520599030220624,9963,36,0
8775,1520599030230639,9962,37,0
8776,1520599030240653,9962,37,0
8777,1520599030250668,9962,37,0
8778,1520599030260682,9962,37,0
8779,1520599030270697,9962,37,0
8780,1520599030280712,9962,37,0
8781,1520599030290727,9962,37,0
8782,1520599030300742,9962,37,0
8783,1520599030310757,9963,36,0
8784,1520599030320771,9963,36,0
8785,1520599030330786,9962,37,0
8786,1520599030340801,9962,37,0
8787,1520599030350816,9963,36,0
8788,1520599030360831,9962,37,0
8789,1520599030370845,9963,36,0
8790,1520599030380860,9963,36,0
8791,1520599030390875,9962,37,0
8792,1520599030400890,9962,37,0
8793,1520599030410905,9962,37,0
8794,1520599030420919,9963,36,0
8795,1520599030430934,9962,37,0
8796,1520599030440949,9963,36,0
8797,1520599030450964,9962,37,0
8798,1520599030460979,9962,37,0
8799,1520599030470994,9962,37,0
8800,1520599030481009,9963,36,0
8801,1520599030491024,9963,37,0
8802,1520599030501039,9962,37,0
8803,1520599030511054,9962,37,0
8804,1520599030521069,9963,36,0
8805,1520599030531083,9962,37,0
8806,1520599030541098,9962,37,0
8807,1520599030551112,9953,46,0
8808,1520599030561127,9962,37,0
8809,1520599030571142,9957,42,0
8810,1520599030581156,9963,36,0
8811,1520599030591171,9963,36,0
8812,1520599030601186,9962,37,0
8813,1520599030611201,9962,37,0
8814,1520599030621216,9962,37,0
8815,1520599030631231,9962,38,0
8816,1520599030641246,9962,37,0
8817,1520599030651261,9963,36,0
8818,1520599030661276,9962,37,0
8819,1520599030671290,9963,36,0
8820,1520599030681305,9963,36,0
8821,1520599030691320,9962,37,0
8822,1520599030701335,9963,36,0
8823,1520599030711349,9962,37,0
8824,1520599030721364,9962,37,0
8825,1520599030731379,9962,37,0
8826,1520599030741394,9962,37,0
8827,1520599030751409,9962,37,0
8828,1520599030761424,9962,37,0
8829,1520599030771438,9962,37,0
8830,1520599030781453,9962,37,0
8831,1520599030791468,9962,37,0
8832,1520599030801483,9948,51,0
8833,1520599030811498,9962,37,0
8834,1520599030821513,9962,37,0
8835,1520599030831527,9962,37,0
8836,1520599030841542,9962,37,0
8837,1520599030851557,9962,37,0
8838,1520599030861572,9962,37,0
8839,1520599030871587,9962,37,0
8840,1520599030881601,9962,37,0
8841,1520599030891616,9962,37,0
8842,1520599030901631,9962,37,0
8843,1520599030911646,9962,37,0
8844,1520599030921660,9962,37,0
8845,1520599030931675,9950,49,0
8846,1520599030941690,9962,37,0
8847,1520599030951704,9962,37,0
8848,1520599030961719,9962,37,0
8849,1520599030971734,9962,37,0
8850,1520599030981749,9962,37,0
8851,1520599030991763,9962,37,0
8852,1520599031001778,9962,37,0
8853,1520599031011793,9963,37,0
8854,1520599031021807,9962,37,0
8855,1520599031031822,9963,36,0
8856,1520599031041837,9962,37,0
8857,1520599031051851,9963,36,0
8858,1520599031061866,9962,37,0
8859,1520599031071881,9962,37,0
8860,1520599031081895,9962,37,0
8861,1520599031091910,9962,37,0
8862,1520599031101925,9963,36,0
8863,1520599031111940,9962,37,0
8864,1520599031121954,9963,36,0
8865,1520599031131969,9962,37,0
8866,1520599031141984,9962,37,0
8867,1520599031151999,9962,37,0
8868,1520599031162013,9962,37,0
8869,1520599031172028,9962,37,0
8870,1520599031182043,9962,37,0
8871,1520599031192057,9962,37,0
8872,1520599031202072,9962,37,0
8873,1520599031212087,9963,36,0
8874,1520599031222102,9962,37,0
8875,1520599031232116,9962,37,0
8876,1520599031242131,9963,36,0
8877,1520599031252146,9963,36,0
8878,1520599031262161,9963,37,0
8879,1520599031272176,9962,37,0
8880,1520599031282191,9963,36,0
8881,1520599031292205,9963,36,0
8882,1520599031302220,9962,37,0
8883,1520599031312235,9962,37,0
8884,1520599031322250,9962,37,0
8885,1520599031332264,9962,37,0
8886,1520599031342279,9962,37,0
8887,1520599031352294,9962,37,0
8888,1520599031362309,9963,36,0
8889,1520599031372323,9962,37,0
8890,1520599031382338,9962,37,0
8891,1520599031392353,9962,37,0
8892,1520599031402368,9963,36,0
8893,1520599031412382,9962,37,0
8894,1520599031422397,9962,37,0
8895,1520599031432412,9961,38,0
8896,1520599031442427,9963,36,0
8897,1520599031452441,9962,37,0
8898,1520599031462456,9961,38,0
8899,1520599031472470,9963,36,0
8900,1520599031482485,9962,37,0
8901,1520599031492500,9962,37,0
8902,1520599031502514,9962,37,0
8903,1520599031512529,9962,37,0
8904,1520599031522543,9962,37,0
8905,1520599031532558,9963,36,0
8906,1520599031542573,9962,37,0
8907,1520599031552587,9962,37,0
8908,1520599031562602,9962,37,0
8909,1520599031572617,9962,37,0
8910,1520599031582631,9962,37,0
8911,1520599031592646,9962,37,0
8912,1520599031602660,9962,37,0
8913,1520599031612675,9962,37,0
8914,1520599031622690,9962,37,0
8915,1520599031632705,9962,37,0
8916,1520599031642720,9962,37,0
8917,1520599031652735,9962,37,0
8918,1520599031662749,9963,36,0
8919,1520599031672764,9963,36,0
8920,1520599031682779,9962,37,0
8921,1520599031692793,9963,36,0
8922,1520599031702808,9962,37,0
8923,1520599031712823,9962,37,0
8924,1520599031722837,9962,37,0
8925,1520599031732852,9963,36,0
8926,1520599031742867,9963,36,0
8927,1520599031752882,9962,37,0
8928,1520599031762896,9962,37,0
8929,1520599031772911,9962,37,0
8930,1520599031782926,9963,36,0
8931,1520599031792940,9962,37,0
8932,1520599031802955,9962,37,0
8933,1520599031812970,9963,36,0
8934,1520599031822984,9962,37,0
8935,1520599031832999,9963,36,0
8936,1520599031843013,9962,37,0
8937,1520599031853028,9962,37,0
8938,1520599031863043,9962,37,0
8939,1520599031873057,9962,37,0
8940,1520599031883072,9962,37,0
8941,1520599031893087,9963,36,0
8942,1520599031903102,9962,37,0
8943,1520599031913116,9962,37,0
8944,1520599031923131,9954,45,0
8945,1520599031933147,9962,37,0
8946,1520599031943162,9963,36,0
8947,1520599031953177,9962,37,0
8948,1520599031963192,9963,36,0
8949,1520599031973207,9962,37,0
8950,1520599031983221,9962,37,0
8951,1520599031993236,9962,37,0
8952,1520599032003251,9962,37,0
8953,1520599032013265,9962,37,0
8954,1520599032023280,9962,37,0
8955,1520599032033295,9962,37,0
8956,1520599032043309,9963,36,0
8957,1520599032053324,9962,37,0
8958,1520599032063339,9962,37,0
8959,1520599032073354,9962,37,0
8960,1520599032083369,9950,49,0
8961,1520599032093384,9962,37,0
8962,1520599032103398,9962,37,0
8963,1520599032113413,9962,37,0
8964,1520599032123427,9963,36,0
8965,1520599032133442,9962,37,0
8966,1520599032143457,9963,36,0
8967,1520599032153472,9962,37,0
8968,1520599032163486,9963,36,0
8969,1520599032173501,9962,37,0
8970,1520599032183515,9963,36,0
8971,1520599032193530,9962,38,0
8972,1520599032203545,9963,36,0
8973,1520599032213559,9962,37,0
8974,1520599032223574,9962,37,0
8975,1520599032233588,9962,37,0
8976,1520599032243603,9962,37,0
8977,1520599032253618,9963,36,0
8978,1520599032263633,9962,37,0
8979,1520599032273647,9962,37,0
8980,1520599032283662,9962,37,0
8981,1520599032293677,9962,37,0
8982,1520599032303691,9962,37,0
8983,1520599032313706,9962,37,0
8984,1520599032323720,9963,36,0
8985,1520599032333735,9962,37,0
8986,1520599032343750,9963,36,0
8987,1520599032353764,9962,37,0
8988,1520599032363778,9962,37,0
8989,1520599032373793,9962,37,0
8990,1520599032383808,9963,36,0
8991,1520599032393822,9963,36,0
8992,1520599032403837,9962,37,0
8993,1520599032413852,9962,37,0
8994,1520599032423866,9960,39,0
8995,1520599032433881,9962,37,0
8996,1520599032443895,9961,38,0
8997,1520599032453910,9962,37,0
8998,1520599032463925,9962,37,0
8999,1520599032473939,9962,37,0
9000,1520599032483954,9962,37,0
9001,1520599032493969,9963,36,0
9002,1520599032503983,9962,37,0
9003,1520599032513998,9962,37,0
9004,1520599032524012,9963,36,0
9005,1520599032534027,9962,37,0
9006,1520599032544041,9962,37,0
9007,1520599032554056,9962,37,0
9008,1520599032564071,9962,37,0
9009,1520599032574085,9962,37,0
9010,1520599032584100,9962,37,0
9011,1520599032594115,9963,36,0
9012,1520599032604129,9962,37,0
9013,1520599032614144,9962,37,0
9014,1520599032624159,9962,37,0
9015,1520599032634174,9962,37,0
9016,1520599032644189,9962,37,0
9017,1520599032654204,9962,37,0
9018,1520599032664218,9962,37,0
9019,1520599032674233,9962,37,0
9020,1520599032684247,9963,36,0
9021,1520599032694262,9962,37,0
9022,1520599032704277,9962,37,0
9023,1520599032714291,9962,37,0
9024,1520599032724306,9962,37,0
9025,1520599032734321,9962,37,0
9026,1520599032744336,9962,37,0
9027,1520599032754350,9962,37,0
9028,1520599032764365,9962,37,0
9029,1520599032774380,9962,37,0
9030,1520599032784395,9962,37,0
9031,1520599032794409,9963,36,0
9032,1520599032804424,9962,37,0
9033,1520599032814439,9962,37,0
9034,1520599032824453,9962,37,0
9035,1520599032834468,9962,37,0
9036,1520599032844483,9962,37,0
9037,1520599032854497,9962,37,0
9038,1520599032864512,9962,37,0
9039,1520599032874527,9962,37,0
9040,1520599032884541,9962,37,0
9041,1520599032894556,9962,37,0
9042,1520599032904571,9962,37,0
9043,1520599032914586,9962,37,0
9044,1520599032924600,9963,36,0
9045,1520599032934615,9962,37,0
9046,1520599032944630,9962,37,0
9047,1520599032954644,9963,36,0
9048,1520599032964659,9962,37,0
9049,1520599032974674,9962,37,0
9050,1520599032984688,9962,37,0
9051,1520599032994703,9963,36,0
9052,1520599033004718,9962,37,0
9053,1520599033014733,9962,37,0
9054,1520599033024747,9962,37,0
9055,1520599033034762,9961,38,0
9056,1520599033044776,9962,37,0
9057,1520599033054791,9962,37,0
9058,1520599033064806,9962,37,0
9059,1520599033074820,9963,36,0
9060,1520599033084835,9963,36,0
9061,1520599033094850,9962,37,0
9062,1520599033104864,9962,37,0
9063,1520599033114879,9963,36,0
9064,1520599033124893,9962,37,0
9065,1520599033134908,9962,37,0
9066,1520599033144922,9962,37,0
9067,1520599033154937,9962,37,0
9068,1520599033164952,9962,37,0
9069,1520599033174966,9962,37,0
9070,1520599033184981,9962,37,0
9071,1520599033194996,9963,36,0
9072,1520599033205011,9963,36,0
9073,1520599033215025,9962,37,0
9074,1520599033225040,9962,37,0
9075,1520599033235054,9962,37,0
9076,1520599033245069,9963,36,0
9077,1520599033255083,9963,36,0
9078,1520599033265098,9963,36,0
9079,1520599033275113,9953,46,0
9080,1520599033285127,9962,37,0
9081,1520599033295142,9958,41,0
9082,1520599033305157,9962,37,0
9083,1520599033315171,9962,37,0
9084,1520599033325186,9962,37,0
9085,1520599033335201,9962,37,0
9086,1520599033345216,9962,37,0
9087,1520599033355230,9963,36,0
9088,1520599033365245,9949,50,0
9089,1520599033375260,9962,37,0
9090,1520599033385275,9962,37,0
9091,1520599033395289,9962,37,0
9092,1520599033405304,9962,37,0
9093,1520599033415319,9962,37,0
9094,1520599033425334,9963,36,0
9095,1520599033435348,9963,36,0
9096,1520599033445363,9961,38,0
9097,1520599033455378,9963,36,0
9098,1520599033465393,9962,37,0
9099,1520599033475408,9963,36,0
9100,1520599033485422,9962,37,0
9101,1520599033495437,9962,37,0
9102,1520599033505452,9962,37,0
9103,1520599033515466,9962,37,0
9104,1520599033525481,9962,37,0
9105,1520599033535496,9962,37,0
9106,1520599033545511,9962,37,0
9107,1520599033555525,9962,37,0
9108,1520599033565540,9962,37,0
9109,1520599033575555,9962,37,0
9110,1520599033585570,9962,37,0
9111,1520599033595584,9962,37,0
9112,1520599033605599,9962,37,0
9113,1520599033615614,9962,37,0
9114,1520599033625630,9962,37,0
9115,1520599033635645,9962,37,0
9116,1520599033645659,9962,37,0
9117,1520599033655674,9962,37,0
9118,1520599033665689,9962,37,0
9119,1520599033675703,9962,37,0
9120,1520599033685718,9962,37,0
9121,1520599033695733,9962,37,0
9122,1520599033705747,9962,37,0
9123,1520599033715762,9962,37,0
9124,1520599033725777,9962,37,0
9125,1520599033735791,9962,37,0
9126,1520599033745806,9962,37,0
9127,1520599033755820,9962,37,0
9128,1520599033765835,9962,37,0
9129,1520599033775850,9962,37,0
9130,1520599033785864,9962,37,0
9131,1520599033795879,9962,37,0
9132,1520599033805894,9963,36,0
9133,1520599033815909,9963,36,0
9134,1520599033825923,9962,37,0
9135,1520599033835938,9962,37,0
9136,1520599033845953,9962,37,0
9137,1520599033855968,9963,37,0
9138,1520599033865983,9963,37,0
9139,1520599033875997,9963,36,0
9140,1520599033886012,9962,37,0
9141,1520599033896027,9962,37,0
9142,1520599033906041,9963,36,0
9143,1520599033916056,9962,37,0
9144,1520599033926071,9962,37,0
9145,1520599033936085,9962,37,0
9146,1520599033946100,9962,37,0
9147,1520599033956115,9963,36,0
9148,1520599033966129,9962,37,0
9149,1520599033976144,9963,37,0
9150,1520599033986159,9962,37,0
9151,1520599033996174,9963,36,0
9152,1520599034006188,9962,37,0
9153,1520599034016203,9963,36,0
9154,1520599034026218,9962,37,0
9155,1520599034036232,9962,37,0
9156,1520599034046247,9962,37,0
9157,1520599034056262,9962,37,0
9158,1520599034066277,9962,37,0
9159,1520599034076291,9962,37,0
9160,1520599034086306,9962,37,0
9161,1520599034096321,9962,37,0
9162,1520599034106336,9962,37,0
9163,1520599034116350,9962,37,0
9164,1520599034126365,9962,37,0
9165,1520599034136380,9962,37,0
9166,1520599034146394,9962,37,0
9167,1520599034156409,9962,37,0
9168,1520599034166424,9963,36,0
9169,1520599034176439,9963,36,0
9170,1520599034186453,9962,37,0
9171,1520599034196468,9962,37,0
9172,1520599034206483,9962,37,0
9173,1520599034216498,9963,36,0
9174,1520599034226512,9962,37,0
9175,1520599034236527,9963,36,0
9176,1520599034246542,9962,37,0
9177,1520599034256557,9962,37,0
9178,1520599034266571,9962,37,0
9179,1520599034276586,9962,37,0
9180,1520599034286601,9962,37,0
9181,1520599034296615,9962,37,0
9182,1520599034306630,9962,37,0
9183,1520599034316645,9962,37,0
9184,1520599034326660,9963,36,0
9185,1520599034336675,9963,36,0
9186,1520599034346690,9961,38,0
9187,1520599034356705,9962,37,0
9188,1520599034366720,9962,37,0
9189,1520599034376735,9962,37,0
9190,1520599034386750,9962,37,0
9191,1520599034396764,9962,37,0
9192,1520599034406779,9962,37,0
9193,1520599034416794,9962,37,0
9194,1520599034426809,9962,37,0
9195,1520599034436824,9961,38,0
9196,1520599034446838,9962,37,0
9197,1520599034456853,9962,37,0
9198,1520599034466868,9962,37,0
9199,1520599034476882,9962,37,0
9200,1520599034486897,9962,37,0
9201,1520599034496912,9962,37,0
9202,1520599034506926,9963,36,0
9203,1520599034516941,9962,37,0
9204,1520599034526956,9962,37,0
9205,1520599034536970,9962,37,0
9206,1520599034546985,9962,37,0
9207,1520599034557000,9963,36,0
9208,1520599034567014,9962,37,0
9209,1520599034577029,9962,37,0
9210,1520599034587044,9962,37,0
9211,1520599034597058,9962,37,0
9212,1520599034607073,9963,36,0
9213,1520599034617088,9962,37,0
9214,1520599034627103,9962,37,0
9215,1520599034637117,9962,37,0
9216,1520599034647132,9941,58,0
9217,1520599034657148,9962,37,0
9218,1520599034667162,9962,37,0
9219,1520599034677177,9962,37,0
9220,1520599034687192,9962,37,0
9221,1520599034697206,9962,37,0
9222,1520599034707220,9962,37,0
9223,1520599034717235,9962,37,0
9224,1520599034727250,9963,36,0
9225,1520599034737264,9962,37,0
9226,1520599034747279,9962,37,0
9227,1520599034757294,9963,36,0
9228,1520599034767308,9962,37,0
9229,1520599034777323,9962,37,0
9230,1520599034787338,9962,37,0
9231,1520599034797352,9962,37,0
9232,1520599034807367,9962,37,0
9233,1520599034817382,9962,37,0
9234,1520599034827396,9962,37,0
9235,1520599034837411,9962,37,0
9236,1520599034847426,9962,37,0
9237,1520599034857440,9962,37,0
9238,1520599034867455,9962,37,0
9239,1520599034877470,9963,36,0
9240,1520599034887485,9962,37,0
9241,1520599034897499,9963,36,0
9242,1520599034907514,9963,36,0
9243,1520599034917529,9962,37,0
9244,1520599034927543,9962,37,0
9245,1520599034937558,9962,37,0
9246,1520599034947573,9962,37,0
9247,1520599034957587,9962,37,0
9248,1520599034967602,9962,37,0
9249,1520599034977617,9962,37,0
9250,1520599034987631,9962,37,0
9251,1520599034997646,9963,36,0
9252,1520599035007660,9962,37,0
9253,1520599035017675,9963,37,0
9254,1520599035027689,9962,37,0
9255,1520599035037704,9962,37,0
9256,1520599035047719,9962,37,0
9257,1520599035057734,9962,37,0
9258,1520599035067748,9962,37,0
9259,1520599035077763,9962,37,0
9260,1520599035087778,9963,36,0
9261,1520599035097792,9962,37,0
9262,1520599035107807,9962,37,0
9263,1520599035117822,9962,37,0
9264,1520599035127837,9962,37,0
9265,1520599035137852,9962,37,0
9266,1520599035147867,9962,37,0
9267,1520599035157881,9963,36,0
9268,1520599035167896,9962,37,0
9269,1520599035177911,9962,37,0
9270,1520599035187926,9962,37,0
9271,1520599035197941,9963,36,0
9272,1520599035207955,9962,37,0
9273,1520599035217970,9962,37,0
9274,1520599035227985,9963,36,0
9275,1520599035238000,9962,37,0
9276,1520599035248015,9963,36,0
9277,1520599035258029,9962,37,0
9278,1520599035268044,9962,37,0
9279,1520599035278059,9962,37,0
9280,1520599035288074,9962,37,0
9281,1520599035298089,9962,37,0
9282,1520599035308104,9962,37,0
9283,1520599035318118,9962,37,0
9284,1520599035328133,9962,37,0
9285,1520599035338148,9962,37,0
9286,1520599035348163,9962,37,0
9287,1520599035358178,9962,37,0
9288,1520599035368192,9962,37,0
9289,1520599035378207,9962,37,0
9290,1520599035388221,9962,37,0
9291,1520599035398236,9962,37,0
9292,1520599035408251,9962,37,0
9293,1520599035418266,9962,37,0
9294,1520599035428280,9962,37,0
9295,1520599035438295,9962,37,0
9296,1520599035448310,9963,37,0
9297,1520599035458325,9962,37,0
9298,1520599035468340,9962,37,0
9299,1520599035478354,9962,37,0
9300,1520599035488369,9963,36,0
9301,1520599035498384,9962,37,0
9302,1520599035508399,9962,37,0
9303,1520599035518413,9962,37,0
9304,1520599035528428,9962,37,0
9305,1520599035538443,9963,36,0
9306,1520599035548457,9962,37,0
9307,1520599035558472,9963,36,0
9308,1520599035568487,9962,37,0
9309,1520599035578501,9962,37,0
9310,1520599035588516,9962,37,0
9311,1520599035598531,9962,37,0
9312,1520599035608546,9962,37,0
9313,1520599035618561,9963,36,0
9314,1520599035628576,9962,37,0
9315,1520599035638591,9963,36,0
9316,1520599035648606,9963,36,0
9317,1520599035658621,9962,37,0
9318,1520599035668635,9962,37,0
9319,1520599035678650,9962,37,0
9320,1520599035688665,9963,36,0
9321,1520599035698679,9962,37,0
9322,1520599035708694,9963,37,0
9323,1520599035718709,9962,37,0
9324,1520599035728723,9962,37,0
9325,1520599035738738,9962,37,0
9326,1520599035748753,9963,36,0
9327,1520599035758767,9963,36,0
9328,1520599035768782,9962,37,0
9329,1520599035778797,9962,37,0
9330,1520599035788811,9963,36,0
9331,1520599035798826,9962,37,0
9332,1520599035808841,9962,37,0
9333,1520599035818855,9962,37,0
9334,1520599035828870,9962,37,0
9335,1520599035838884,9962,37,0
9336,1520599035848899,9962,37,0
9337,1520599035858914,9962,37,0
9338,1520599035868929,9962,37,0
9339,1520599035878943,9962,37,0
9340,1520599035888958,9962,37,0
9341,1520599035898973,9962,37,0
9342,1520599035908987,9962,37,0
9343,1520599035919002,9963,36,0
9344,1520599035929017,9950,49,0
9345,1520599035939032,9963,36,0
9346,1520599035949046,9962,37,0
9347,1520599035959061,9962,37,0
9348,1520599035969075,9962,37,0
9349,1520599035979090,9962,37,0
9350,1520599035989105,9962,37,0
9351,1520599035999119,9955,44,0
9352,1520599036009141,9962,37,0
9353,1520599036019156,9962,37,0
9354,1520599036029171,9962,37,0
9355,1520599036039185,9963,36,0
9356,1520599036049200,9962,37,0
9357,1520599036059215,9950,49,0
9358,1520599036069230,9962,37,0
9359,1520599036079244,9963,37,0
9360,1520599036089259,9962,37,0
9361,1520599036099274,9962,37,0
9362,1520599036109288,9962,37,0
9363,1520599036119303,9963,36,0
9364,1520599036129318,9962,37,0
9365,1520599036139332,9963,36,0
9366,1520599036149347,9962,37,0
9367,1520599036159362,9963,37,0
9368,1520599036169376,9963,36,0
9369,1520599036179391,9962,37,0
9370,1520599036189406,9962,37,0
9371,1520599036199421,9962,37,0
9372,1520599036209435,9962,37,0
9373,1520599036219450,9962,37,0
9374,1520599036229465,9962,37,0
9375,1520599036239480,9962,37,0
9376,1520599036249495,9962,37,0
9377,1520599036259510,9962,37,0
9378,1520599036269525,9962,37,0
9379,1520599036279539,9963,37,0
9380,1520599036289554,9962,37,0
9381,1520599036299569,9963,36,0
9382,1520599036309584,9962,37,0
9383,1520599036319599,9962,37,0
9384,1520599036329613,9962,37,0
9385,1520599036339628,9962,37,0
9386,1520599036349643,9962,37,0
9387,1520599036359658,9962,37,0
9388,1520599036369673,9962,37,0
9389,1520599036379687,9962,37,0
9390,1520599036389702,9962,37,0
9391,1520599036399717,9963,36,0
9392,1520599036409732,9962,37,0
9393,1520599036419747,9962,37,0
9394,1520599036429762,9962,37,0
9395,1520599036439777,9962,37,0
9396,1520599036449792,9961,38,0
9397,1520599036459806,9962,37,0
9398,1520599036469821,9962,37,0
9399,1520599036479836,9962,37,0
9400,1520599036489850,9962,37,0
9401,1520599036499865,9962,37,0
9402,1520599036509880,9963,36,0
9403,1520599036519895,9962,37,0
9404,1520599036529910,9962,37,0
9405,1520599036539925,9962,37,0
9406,1520599036549940,9962,37,0
9407,1520599036559954,9962,37,0
9408,1520599036569969,9962,37,0
9409,1520599036579984,9963,36,0
9410,1520599036589999,9962,37,0
9411,1520599036600014,9963,36,0
9412,1520599036610028,9962,37,0
9413,1520599036620044,9962,37,0
9414,1520599036630059,9963,36,0
9415,1520599036640074,9962,37,0
9416,1520599036650088,9962,37,0
9417,1520599036660103,9962,37,0
9418,1520599036670117,9963,36,0
9419,1520599036680132,9962,37,0
9420,1520599036690147,9963,36,0
9421,1520599036700162,9963,37,0
9422,1520599036710176,9962,37,0
9423,1520599036720191,9963,36,0
9424,1520599036730206,9962,37,0
9425,1520599036740221,9962,37,0
9426,1520599036750236,9962,37,0
9427,1520599036760250,9963,36,0
9428,1520599036770265,9962,37,0
9429,1520599036780279,9962,37,0
9430,1520599036790294,9962,37,0
9431,1520599036800309,9961,38,0
9432,1520599036810323,9962,37,0
9433,1520599036820338,9962,37,0
9434,1520599036830352,9962,37,0
9435,1520599036840367,9962,37,0
9436,1520599036850382,9962,37,0
9437,1520599036860396,9962,37,0
9438,1520599036870411,9962,37,0
9439,1520599036880426,9962,37,0
9440,1520599036890440,9962,37,0
9441,1520599036900455,9963,36,0
9442,1520599036910469,9962,37,0
9443,1520599036920484,9963,36,0
9444,1520599036930498,9963,36,0
9445,1520599036940513,9963,36,0
9446,1520599036950528,9962,37,0
9447,1520599036960542,9962,37,0
9448,1520599036970557,9963,36,0
9449,1520599036980572,9962,37,0
9450,1520599036990586,9962,37,0
9451,1520599037000601,9963,36,0
9452,1520599037010616,9963,36,0
9453,1520599037020631,9963,36,0
9454,1520599037030645,9963,36,0
9455,1520599037040660,9963,36,0
9456,1520599037050674,9963,36,0
9457,1520599037060689,9962,37,0
9458,1520599037070703,9963,36,0
9459,1520599037080718,9963,36,0
9460,1520599037090733,9962,37,0
9461,1520599037100747,9962,37,0
9462,1520599037110762,9962,37,0
9463,1520599037120777,9962,37,0
9464,1520599037130791,9963,37,0
9465,1520599037140806,9962,37,0
9466,1520599037150821,9962,37,0
9467,1520599037160835,9962,37,0
9468,1520599037170850,9962,37,0
9469,1520599037180864,9962,37,0
9470,1520599037190879,9963,36,0
9471,1520599037200894,9962,37,0
9472,1520599037210909,9949,50,0
9473,1520599037220924,9962,37,0
9474,1520599037230938,9962,37,0
9475,1520599037240953,9962,37,0
9476,1520599037250968,9962,37,0
9477,1520599037260983,9962,37,0
9478,1520599037270997,9962,37,0
9479,1520599037281012,9962,37,0
9480,1520599037291027,9962,37,0
9481,1520599037301042,9963,36,0
9482,1520599037311056,9962,37,0
9483,1520599037321071,9962,37,0
9484,1520599037331086,9963,36,0
9485,1520599037341101,9962,37,0
9486,1520599037351115,9953,46,0
9487,1520599037361130,9962,37,0
9488,1520599037371145,9954,45,0
9489,1520599037381160,9963,36,0
9490,1520599037391175,9962,37,0
9491,1520599037401189,9962,37,0
9492,1520599037411204,9961,38,0
9493,1520599037421219,9962,37,0
9494,1520599037431235,9962,37,0
9495,1520599037441250,9961,38,0
9496,1520599037451264,9962,37,0
9497,1520599037461279,9962,37,0
9498,1520599037471294,9962,37,0
9499,1520599037481308,9962,37,0
9500,1520599037491323,9962,37,0
9501,1520599037501338,9962,37,0
9502,1520599037511352,9963,36,0
9503,1520599037521367,9962,37,0
9504,1520599037531382,9963,36,0
9505,1520599037541397,9962,37,0
9506,1520599037551412,9962,37,0
9507,1520599037561426,9962,37,0
9508,1520599037571441,9962,37,0
9509,1520599037581456,9962,37,0
9510,1520599037591471,9961,38,0
9511,1520599037601485,9962,37,0
9512,1520599037611500,9962,37,0
9513,1520599037621515,9962,37,0
9514,1520599037631530,9963,36,0
9515,1520599037641545,9962,37,0
9516,1520599037651559,9962,37,0
9517,1520599037661574,9962,37,0
9518,1520599037671589,9962,37,0
9519,1520599037681604,9962,37,0
9520,1520599037691619,9962,37,0
9521,1520599037701633,9963,36,0
9522,1520599037711648,9962,37,0
9523,1520599037721663,9962,37,0
9524,1520599037731678,9962,37,0
9525,1520599037741692,9963,36,0
9526,1520599037751707,9962,37,0
9527,1520599037761722,9962,37,0
9528,1520599037771736,9962,37,0
9529,1520599037781751,9962,37,0
9530,1520599037791766,9962,37,0
9531,1520599037801780,9963,36,0
9532,1520599037811795,9963,36,0
9533,1520599037821810,9962,37,0
9534,1520599037831824,9962,37,0
9535,1520599037841839,9962,37,0
9536,1520599037851854,9962,37,0
9537,1520599037861868,9963,36,0
9538,1520599037871883,9962,37,0
9539,1520599037881898,9962,37,0
9540,1520599037891912,9962,37,0
9541,1520599037901927,9962,37,0
9542,1520599037911941,9963,36,0
9543,1520599037921956,9962,37,0
9544,1520599037931970,9962,37,0
9545,1520599037941985,9962,37,0
9546,1520599037952000,9962,37,0
9547,1520599037962014,9962,37,0
9548,1520599037972029,9962,37,0
9549,1520599037982044,9962,37,0
9550,1520599037992058,9962,37,0
9551,1520599038002073,9962,37,0
9552,1520599038012088,9962,37,0
9553,1520599038022103,9962,37,0
9554,1520599038032117,9963,36,0
9555,1520599038042132,9963,36,0
9556,1520599038052146,9963,36,0
9557,1520599038062161,9962,37,0
9558,1520599038072176,9962,37,0
9559,1520599038082190,9962,37,0
9560,1520599038092205,9962,37,0
9561,1520599038102220,9962,37,0
9562,1520599038112234,9962,37,0
9563,1520599038122249,9963,36,0
9564,1520599038132264,9963,36,0
9565,1520599038142278,9963,36,0
9566,1520599038152293,9962,37,0
9567,1520599038162307,9962,37,0
9568,1520599038172322,9963,36,0
9569,1520599038182337,9962,37,0
9570,1520599038192352,9962,37,0
9571,1520599038202367,9962,37,0
9572,1520599038212381,9962,37,0
9573,1520599038222396,9963,36,0
9574,1520599038232410,9962,37,0
9575,1520599038242425,9962,37,0
9576,1520599038252440,9962,37,0
9577,1520599038262454,9962,37,0
9578,1520599038272468,9962,37,0
9579,1520599038282483,9963,36,0
9580,1520599038292498,9962,37,0
9581,1520599038302512,9962,37,0
9582,1520599038312527,9963,36,0
9583,1520599038322541,9962,37,0
9584,1520599038332556,9962,37,0
9585,1520599038342571,9962,37,0
9586,1520599038352585,9962,37,0
9587,1520599038362600,9962,37,0
9588,1520599038372615,9962,37,0
9589,1520599038382629,9962,37,0
9590,1520599038392644,9962,37,0
9591,1520599038402658,9962,37,0
9592,1520599038412673,9963,37,0
9593,1520599038422689,9963,37,0
9594,1520599038432704,9962,37,0
9595,1520599038442718,9962,37,0
9596,1520599038452733,9963,36,0
9597,1520599038462748,9963,36,0
9598,1520599038472763,9962,37,0
9599,1520599038482777,9962,37,0
9600,1520599038492793,9948,51,0
9601,1520599038502807,9962,37,0
9602,1520599038512822,9962,37,0
9603,1520599038522837,9962,37,0
9604,1520599038532851,9963,36,0
9605,1520599038542866,9962,37,0
9606,1520599038552880,9962,37,0
9607,1520599038562895,9962,37,0
9608,1520599038572910,9962,37,0
9609,1520599038582924,9963,36,0
9610,1520599038592939,9962,37,0
9611,1520599038602953,9962,37,0
9612,1520599038612968,9963,36,0
9613,1520599038622984,9962,37,0
9614,1520599038632999,9962,37,0
9615,1520599038643014,9962,37,0
9616,1520599038653028,9962,37,0
9617,1520599038663043,9962,37,0
9618,1520599038673058,9963,36,0
9619,1520599038683073,9963,37,0
9620,1520599038693087,9962,37,0
9621,1520599038703102,9962,37,0
9622,1520599038713117,9962,37,0
9623,1520599038723132,9955,44,0
9624,1520599038733148,9962,37,0
9625,1520599038743163,9962,37,0
9626,1520599038753178,9962,37,0
9627,1520599038763192,9963,36,0
9628,1520599038773207,9962,37,0
9629,1520599038783222,9962,37,0
9630,1520599038793237,9962,37,0
9631,1520599038803251,9962,37,0
9632,1520599038813266,9962,37,0
9633,1520599038823281,9962,37,0
9634,1520599038833296,9962,37,0
9635,1520599038843311,9962,37,0
9636,1520599038853326,9962,37,0
9637,1520599038863340,9962,37,0
9638,1520599038873355,9963,36,0
9639,1520599038883370,9962,37,0
9640,1520599038893384,9962,37,0
9641,1520599038903399,9962,37,0
9642,1520599038913414,9963,36,0
9643,1520599038923428,9962,37,0
9644,1520599038933443,9962,37,0
9645,1520599038943458,9962,37,0
9646,1520599038953473,9962,37,0
9647,1520599038963487,9962,37,0
9648,1520599038973502,9962,37,0
9649,1520599038983516,9962,37,0
9650,1520599038993531,9962,37,0
9651,1520599039003546,9963,36,0
9652,1520599039013561,9962,37,0
9653,1520599039023576,9962,37,0
9654,1520599039033590,9962,37,0
9655,1520599039043605,9962,37,0
9656,1520599039053620,9962,37,0
9657,1520599039063634,9962,37,0
9658,1520599039073649,9963,36,0
9659,1520599039083664,9962,37,0
9660,1520599039093678,9962,37,0
9661,1520599039103693,9962,37,0
9662,1520599039113708,9962,37,0
9663,1520599039123722,9962,37,0
9664,1520599039133737,9962,37,0
9665,1520599039143751,9962,37,0
9666,1520599039153766,9962,37,0
9667,1520599039163781,9962,37,0
9668,1520599039173795,9962,37,0
9669,1520599039183810,9962,37,0
9670,1520599039193825,9962,37,0
9671,1520599039203839,9962,37,0
9672,1520599039213854,9962,37,0
9673,1520599039223869,9962,37,0
9674,1520599039233883,9961,38,0
9675,1520599039243898,9962,37,0
9676,1520599039253913,9962,37,0
9677,1520599039263928,9962,37,0
9678,1520599039273943,9962,37,0
9679,1520599039283957,9962,37,0
9680,1520599039293972,9962,37,0
9681,1520599039303987,9962,37,0
9682,1520599039314002,9962,37,0
9683,1520599039324016,9962,37,0
9684,1520599039334031,9962,37,0
9685,1520599039344046,9962,37,0
9686,1520599039354061,9962,37,0
9687,1520599039364076,9962,37,0
9688,1520599039374090,9962,37,0
9689,1520599039384105,9962,37,0
9690,1520599039394120,9962,37,0
9691,1520599039404134,9962,37,0
9692,1520599039414149,9962,37,0
9693,1520599039424163,9962,37,0
9694,1520599039434178,9962,37,0
9695,1520599039444192,9962,37,0
9696,1520599039454207,9962,37,0
9697,1520599039464222,9962,37,0
9698,1520599039474237,9962,37,0
9699,1520599039484251,9963,36,0
9700,1520599039494266,9962,37,0
9701,1520599039504280,9962,37,0
9702,1520599039514295,9961,38,0
9703,1520599039524309,9962,37,0
9704,1520599039534324,9963,36,0
9705,1520599039544339,9962,37,0
9706,1520599039554353,9962,37,0
9707,1520599039564368,9962,37,0
9708,1520599039574383,9962,37,0
9709,1520599039584397,9963,36,0
9710,1520599039594412,9962,37,0
9711,1520599039604427,9963,36,0
9712,1520599039614441,9962,37,0
9713,1520599039624457,9962,37,0
9714,1520599039634471,9962,37,0
9715,1520599039644486,9962,37,0
9716,1520599039654501,9962,37,0
9717,1520599039664515,9962,37,0
9718,1520599039674530,9962,37,0
9719,1520599039684544,9962,37,0
9720,1520599039694559,9962,37,0
9721,1520599039704574,9962,37,0
9722,1520599039714588,9963,36,0
9723,1520599039724603,9962,37,0
9724,1520599039734618,9962,37,0
9725,1520599039744632,9962,37,0
9726,1520599039754647,9962,37,0
9727,1520599039764662,9962,37,0
9728,1520599039774677,9949,50,0
9729,1520599039784691,9962,37,0
9730,1520599039794706,9963,36,0
9731,1520599039804721,9962,37,0
9732,1520599039814736,9962,37,0
9733,1520599039824750,9962,37,0
9734,1520599039834765,9962,37,0
9735,1520599039844780,9962,37,0
9736,1520599039854794,9962,37,0
9737,1520599039864809,9962,37,0
9738,1520599039874823,9962,37,0
9739,1520599039884838,9962,37,0
9740,1520599039894852,9962,37,0
9741,1520599039904867,9962,37,0
9742,1520599039914882,9962,37,0
9743,1520599039924897,9963,36,0
9744,1520599039934911,9962,37,0
9745,1520599039944926,9963,36,0
9746,1520599039954941,9962,37,0
9747,1520599039964955,9963,36,0
9748,1520599039974970,9963,36,0
9749,1520599039984985,9962,37,0
9750,1520599039994999,9962,37,0
9751,1520599040005014,9963,36,0
9752,1520599040015028,9962,37,0
9753,1520599040025043,9962,37,0
9754,1520599040035058,9962,37,0
9755,1520599040045072,9962,37,0
9756,1520599040055087,9962,37,0
9757,1520599040065102,9962,37,0
9758,1520599040075117,9948,51,0
9759,1520599040085132,9961,38,0
9760,1520599040095146,9955,44,0
9761,1520599040105161,9962,37,0
9762,1520599040115176,9962,37,0
9763,1520599040125190,9963,36,0
9764,1520599040135205,9963,36,0
9765,1520599040145220,9963,36,0
9766,1520599040155234,9962,37,0
9767,1520599040165249,9962,37,0
9768,1520599040175263,9962,37,0
9769,1520599040185278,9963,36,0
9770,1520599040195293,9962,37,0
9771,1520599040205307,9963,36,0
9772,1520599040215322,9962,37,0
9773,1520599040225336,9962,37,0
9774,1520599040235351,9962,37,0
9775,1520599040245366,9962,37,0
9776,1520599040255380,9963,36,0
9777,1520599040265395,9962,37,0
9778,1520599040275409,9961,38,0
9779,1520599040285424,9962,37,0
9780,1520599040295439,9963,36,0
9781,1520599040305453,9963,36,0
9782,1520599040315468,9963,36,0
9783,1520599040325483,9963,36,0
9784,1520599040335498,9963,36,0
9785,1520599040345512,9962,37,0
9786,1520599040355527,9962,37,0
9787,1520599040365542,9962,37,0
9788,1520599040375556,9962,37,0
9789,1520599040385571,9962,37,0
9790,1520599040395585,9962,37,0
9791,1520599040405601,9963,36,0
9792,1520599040415616,9961,38,0
9793,1520599040425630,9962,37,0
9794,1520599040435645,9962,37,0
9795,1520599040445659,9962,37,0
9796,1520599040455674,9963,36,0
9797,1520599040465689,9963,36,0
9798,1520599040475703,9962,37,0
9799,1520599040485718,9963,36,0
9800,1520599040495732,9962,37,0
9801,1520599040505747,9962,37,0
9802,1520599040515762,9962,37,0
9803,1520599040525776,9962,37,0
9804,1520599040535791,9962,37,0
9805,1520599040545806,9963,37,0
9806,1520599040555820,9962,37,0
9807,1520599040565835,9962,37,0
9808,1520599040575850,9962,37,0
9809,1520599040585864,9962,37,0
9810,1520599040595879,9962,37,0
9811,1520599040605893,9962,37,0
9812,1520599040615908,9962,37,0
9813,1520599040625923,9962,37,0
9814,1520599040635938,9963,36,0
9815,1520599040645953,9963,36,0
9816,1520599040655968,9963,36,0
9817,1520599040665983,9963,36,0
9818,1520599040675997,9962,37,0
9819,1520599040686012,9962,37,0
9820,1520599040696027,9962,37,0
9821,1520599040706041,9962,37,0
9822,1520599040716057,9963,36,0
9823,1520599040726071,9962,37,0
9824,1520599040736086,9962,37,0
9825,1520599040746101,9962,37,0
9826,1520599040756116,9962,37,0
9827,1520599040766130,9963,36,0
9828,1520599040776145,9962,37,0
9829,1520599040786160,9963,36,0
9830,1520599040796174,9962,37,0
9831,1520599040806189,9962,37,0
9832,1520599040816204,9963,36,0
9833,1520599040826219,9962,37,0
9834,1520599040836234,9963,36,0
9835,1520599040846248,9962,37,0
9836,1520599040856263,9963,36,0
9837,1520599040866277,9962,37,0
9838,1520599040876292,9962,37,0
9839,1520599040886307,9962,37,0
9840,1520599040896322,9962,37,0
9841,1520599040906337,9962,37,0
9842,1520599040916352,9962,37,0
9843,1520599040926367,9962,37,0
9844,1520599040936381,9963,37,0
9845,1520599040946396,9962,37,0
9846,1520599040956411,9962,37,0
9847,1520599040966425,9963,36,0
9848,1520599040976440,9963,36,0
9849,1520599040986455,9962,37,0
9850,1520599040996469,9962,37,0
9851,1520599041006484,9962,37,0
9852,1520599041016499,9962,37,0
9853,1520599041026513,9962,37,0
9854,1520599041036528,9962,37,0
9855,1520599041046543,9962,37,0
9856,1520599041056558,9948,51,0
9857,1520599041066573,9963,36,0
9858,1520599041076587,9962,37,0
9859,1520599041086602,9962,37,0
9860,1520599041096617,9962,37,0
9861,1520599041106632,9962,37,0
9862,1520599041116646,9963,36,0
9863,1520599041126661,9962,37,0
9864,1520599041136676,9963,36,0
9865,1520599041146690,9962,37,0
9866,1520599041156705,9963,36,0
9867,1520599041166720,9962,37,0
9868,1520599041176735,9962,37,0
9869,1520599041186750,9950,49,0
9870,1520599041196765,9963,36,0
9871,1520599041206780,9963,36,0
9872,1520599041216794,9962,37,0
9873,1520599041226809,9962,37,0
9874,1520599041236823,9962,37,0
9875,1520599041246838,9962,37,0
9876,1520599041256853,9962,37,0
9877,1520599041266868,9962,37,0
9878,1520599041276882,9963,36,0
9879,1520599041286897,9963,36,0
9880,1520599041296912,9963,36,0
9881,1520599041306927,9962,37,0
9882,1520599041316941,9963,36,0
9883,1520599041326956,9962,37,0
9884,1520599041336971,9962,37,0
9885,1520599041346986,9963,36,0
9886,1520599041357000,9962,37,0
9887,1520599041367015,9962,37,0
9888,1520599041377030,9962,37,0
9889,1520599041387044,9963,36,0
9890,1520599041397059,9963,37,0
9891,1520599041407074,9963,36,0
9892,1520599041417089,9963,36,0
9893,1520599041427104,9962,37,0
9894,1520599041437119,9962,37,0
9895,1520599041447134,9953,46,0
9896,1520599041457148,9962,37,0
9897,1520599041467163,9962,37,0
9898,1520599041477178,9962,37,0
9899,1520599041487192,9962,37,0
9900,1520599041497207,9962,37,0
9901,1520599041507222,9962,37,0
9902,1520599041517237,9962,37,0
9903,1520599041527251,9962,37,0
9904,1520599041537266,9962,37,0
9905,1520599041547281,9962,37,0
9906,1520599041557296,9962,37,0
9907,1520599041567311,9962,37,0
9908,1520599041577325,9962,37,0
9909,1520599041587340,9962,37,0
9910,1520599041597355,9962,37,0
9911,1520599041607369,9962,37,0
9912,1520599041617385,9962,37,0
9913,1520599041627400,9962,37,0
9914,1520599041637414,9962,37,0
9915,1520599041647429,9962,37,0
9916,1520599041657444,9962,37,0
9917,1520599041667459,9962,37,0
9918,1520599041677474,9962,37,0
9919,1520599041687488,9962,37,0
9920,1520599041697503,9962,37,0
9921,1520599041707518,9962,37,0
9922,1520599041717533,9962,37,0
9923,1520599041727548,9963,36,0
9924,1520599041737562,9962,37,0
9925,1520599041747577,9962,37,0
9926,1520599041757592,9962,37,0
9927,1520599041767606,9962,37,0
9928,1520599041777621,9962,37,0
9929,1520599041787636,9963,37,0
9930,1520599041797651,9962,37,0
9931,1520599041807665,9962,37,0
9932,1520599041817680,9962,37,0
9933,1520599041827695,9962,37,0
9934,1520599041837709,9962,37,0
9935,1520599041847724,9962,37,0
9936,1520599041857739,9962,37,0
9937,1520599041867754,9962,37,0
9938,1520599041877768,9962,37,0
9939,1520599041887784,9963,36,0
9940,1520599041897798,9962,37,0
9941,1520599041907813,9962,37,0
9942,1520599041917828,9962,37,0
9943,1520599041927843,9963,36,0
9944,1520599041937858,9963,36,0
9945,1520599041947872,9963,36,0
9946,1520599041957887,9962,37,0
9947,1520599041967902,9962,37,0
9948,1520599041977917,9962,37,0
9949,1520599041987931,9963,36,0
9950,1520599041997946,9963,36,0
9951,1520599042007961,9962,37,0
9952,1520599042017975,9962,37,0
9953,1520599042027990,9962,37,0
9954,1520599042038005,9963,36,0
9955,1520599042048019,9962,37,0
9956,1520599042058034,9962,37,0
9957,1520599042068049,9962,37,0
9958,1520599042078063,9963,36,0
9959,1520599042088078,9963,37,0
9960,1520599042098093,9962,37,0
9961,1520599042108107,9963,36,0
9962,1520599042118122,9962,37,0
9963,1520599042128137,9963,36,0
9964,1520599042138151,9963,36,0
9965,1520599042148166,9962,37,0
9966,1520599042158181,9962,37,0
9967,1520599042168196,9962,37,0
9968,1520599042178210,9962,37,0
9969,1520599042188225,9963,36,0
9970,1520599042198240,9962,37,0
9971,1520599042208254,9963,36,0
9972,1520599042218269,9962,37,0
9973,1520599042228283,9962,37,0
9974,1520599042238298,9962,37,0
9975,1520599042248312,9962,37,0
9976,1520599042258327,9963,36,0
9977,1520599042268342,9962,37,0
9978,1520599042278356,9963,36,0
9979,1520599042288371,9962,37,0
9980,1520599042298386,9963,36,0
9981,1520599042308400,9963,36,0
9982,1520599042318415,9963,36,0
9983,1520599042328429,9963,36,0
9984,1520599042338445,9949,50,0
9985,1520599042348459,9962,37,0
9986,1520599042358474,9962,37,0
9987,1520599042368489,9963,36,0
9988,1520599042378503,9963,36,0
9989,1520599042388518,9962,37,0
9990,1520599042398533,9962,37,0
9991,1520599042408547,9962,38,0
9992,1520599042418562,9963,36,0
9993,1520599042428577,9962,37,0
9994,1520599042438592,9962,37,0
9995,1520599042448606,9963,36,0
9996,1520599042458621,9962,37,0
9997,1520599042468636,9962,37,0
9998,1520599042478650,9963,36,0
9999,1520599042488665,9963,36,0
