index,time
0,1520598978886607
1,1520598978887582
2,1520598978888595
3,1520598978889610
4,1520598978890628
5,1520598978891638
6,1520598978892653
7,1520598978893667
8,1520598978894682
9,1520598978895696
10,1520598978896710
11,1520598978897724
12,1520598978898738
13,1520598978899752
14,1520598978900767
15,1520598978901781
16,1520598978902797
17,1520598978903810
18,1520598978904824
19,1520598978905838
20,1520598978906853
21,1520598978907867
22,1520598978908881
23,1520598978909896
24,1520598978910910
25,1520598978911924
26,1520598978912939
27,1520598978913953
28,1520598978914967
29,1520598978915981
30,1520598978916996
31,1520598978918010
32,1520598978919039
33,1520598978920040
34,1520598978921054
35,1520598978922069
36,1520598978923083
37,1520598978924097
38,1520598978925111
39,1520598978926126
40,1520598978927140
41,1520598978928154
42,1520598978929168
43,1520598978930182
44,1520598978931197
45,1520598978932211
46,1520598978933225
47,1520598978934239
48,1520598978935253
49,1520598978936268
50,1520598978937282
51,1520598978938296
52,1520598978939310
53,1520598978940324
54,1520598978941339
55,1520598978942353
56,1520598978943367
57,1520598978944381
58,1520598978945400
59,1520598978946414
60,1520598978947428
61,1520598978948443
62,1520598978949457
63,1520598978950471
64,1520598978951486
65,1520598978952500
66,1520598978953514
67,1520598978954528
68,1520598978955543
69,1520598978956557
70,1520598978957572
71,1520598978958586
72,1520598978959601
73,1520598978960614
74,1520598978961628
75,1520598978962643
76,1520598978963657
77,1520598978964671
78,1520598978965685
79,1520598978966699
80,1520598978967714
81,1520598978968728
82,1520598978969743
83,1520598978970757
84,1520598978971771
85,1520598978972785
86,1520598978973800
87,1520598978974814
88,1520598978975828
89,1520598978976843
90,1520598978977857
91,1520598978978871
92,1520598978979885
93,1520598978980900
94,1520598978981914
95,1520598978982929
96,1520598978983943
97,1520598978984957
98,1520598978985972
99,1520598978986986
100,1520598978988000
101,1520598978989014
102,1520598978990028
103,1520598978991043
104,1520598978992057
105,1520598978993072
106,1520598978994086
107,1520598978995100
108,1520598978996114
109,1520598978997128
110,1520598978998142
111,1520598978999157
112,1520598979000171
113,1520598979001186
114,1520598979002200
115,1520598979003214
116,1520598979004229
117,1520598979005243
118,1520598979006257
119,1520598979007271
120,1520598979008285
121,1520598979009300
122,1520598979010314
123,1520598979011328
124,1520598979012343
125,1520598979013357
126,1520598979014371
127,1520598979015386
128,1520598979016413
129,1520598979017416
130,1520598979018430
131,1520598979019444
132,1520598979020458
133,1520598979021473
134,1520598979022487
135,1520598979023501
136,1520598979024516
137,1520598979025530
138,1520598979026544
139,1520598979027559
140,1520598979028574
141,1520598979029588
142,1520598979030602
143,1520598979031615
144,1520598979032630
145,1520598979033644
146,1520598979034658
147,1520598979035673
148,1520598979036687
149,1520598979037701
150,1520598979038715
151,1520598979039730
152,1520598979040744
153,1520598979041758
154,1520598979042772
155,1520598979043786
156,1520598979044800
157,1520598979045815
158,1520598979046828
159,1520598979047843
160,1520598979048858
161,1520598979049872
162,1520598979050886
163,1520598979051900
164,1520598979052914
165,1520598979053928
166,1520598979054942
167,1520598979055957
168,1520598979056971
169,1520598979057985
170,1520598979058999
171,1520598979060014
172,1520598979061028
173,1520598979062042
174,1520598979063056
175,1520598979064071
176,1520598979065084
177,1520598979066099
178,1520598979067113
179,1520598979068127
180,1520598979069141
181,1520598979070156
182,1520598979071170
183,1520598979072184
184,1520598979073199
185,1520598979074213
186,1520598979075227
187,1520598979076241
188,1520598979077256
189,1520598979078271
190,1520598979079285
191,1520598979080299
192,1520598979081314
193,1520598979082328
194,1520598979083342
195,1520598979084357
196,1520598979085381
197,1520598979086385
198,1520598979087400
199,1520598979088414
200,1520598979089428
201,1520598979090442
202,1520598979091456
203,1520598979092471
204,1520598979093485
205,1520598979094499
206,1520598979095514
207,1520598979096528
208,1520598979097543
209,1520598979098557
210,1520598979099572
211,1520598979100586
212,1520598979101600
213,1520598979102615
214,1520598979103629
215,1520598979104644
216,1520598979105658
217,1520598979106672
218,1520598979107687
219,1520598979108701
220,1520598979109715
221,1520598979110729
222,1520598979111744
223,1520598979112758
224,1520598979113773
225,1520598979114787
226,1520598979115801
227,1520598979116816
228,1520598979117830
229,1520598979118845
230,1520598979119859
231,1520598979120874
232,1520598979121888
233,1520598979122902
234,1520598979123917
235,1520598979124930
236,1520598979125945
237,1520598979126959
238,1520598979127974
239,1520598979128988
240,1520598979130002
241,1520598979131017
242,1520598979132031
243,1520598979133045
244,1520598979134059
245,1520598979135073
246,1520598979136088
247,1520598979137102
248,1520598979138116
249,1520598979139130
250,1520598979140144
251,1520598979141158
252,1520598979142173
253,1520598979143187
254,1520598979144201
255,1520598979145216
256,1520598979146243
257,1520598979147246
258,1520598979148260
259,1520598979149274
260,1520598979150289
261,1520598979151303
262,1520598979152317
263,1520598979153331
264,1520598979154345
265,1520598979155360
266,1520598979156374
267,1520598979157397
268,1520598979158411
269,1520598979159425
270,1520598979160440
271,1520598979161453
272,1520598979162467
273,1520598979163482
274,1520598979164496
275,1520598979165510
276,1520598979166524
277,1520598979167538
278,1520598979168552
279,1520598979169566
280,1520598979170580
281,1520598979171595
282,1520598979172609
283,1520598979173623
284,1520598979174637
285,1520598979175652
286,1520598979176666
287,1520598979177680
288,1520598979178694
289,1520598979179708
290,1520598979180722
291,1520598979181737
292,1520598979182751
293,1520598979183765
294,1520598979184790
295,1520598979185794
296,1520598979186808
297,1520598979187822
298,1520598979188837
299,1520598979189851
300,1520598979190864
301,1520598979191879
302,1520598979192894
303,1520598979193907
304,1520598979194921
305,1520598979195936
306,1520598979196950
307,1520598979197964
308,1520598979198978
309,1520598979199992
310,1520598979201007
311,1520598979202021
312,1520598979203035
313,1520598979204049
314,1520598979205064
315,1520598979206078
316,1520598979207092
317,1520598979208106
318,1520598979209120
319,1520598979210135
320,1520598979211149
321,1520598979212164
322,1520598979213178
323,1520598979214192
324,1520598979215206
325,1520598979216220
326,1520598979217235
327,1520598979218248
328,1520598979219263
329,1520598979220277
330,1520598979221291
331,1520598979222305
332,1520598979223319
333,1520598979224334
334,1520598979225348
335,1520598979226362
336,1520598979227376
337,1520598979228390
338,1520598979229404
339,1520598979230418
340,1520598979231433
341,1520598979232447
342,1520598979233461
343,1520598979234475
344,1520598979235489
345,1520598979236504
346,1520598979237518
347,1520598979238532
348,1520598979239546
349,1520598979240561
350,1520598979241575
351,1520598979242589
352,1520598979243604
353,1520598979244618
354,1520598979245632
355,1520598979246646
356,1520598979247661
357,1520598979248675
358,1520598979249689
359,1520598979250704
360,1520598979251718
361,1520598979252732
362,1520598979253746
363,1520598979254760
364,1520598979255775
365,1520598979256789
366,1520598979257803
367,1520598979258817
368,1520598979259832
369,1520598979260846
370,1520598979261860
371,1520598979262874
372,1520598979263889
373,1520598979264903
374,1520598979265918
375,1520598979266931
376,1520598979267946
377,1520598979268960
378,1520598979269974
379,1520598979270988
380,1520598979272002
381,1520598979273016
382,1520598979274031
383,1520598979275045
384,1520598979276059
385,1520598979277074
386,1520598979278087
387,1520598979279102
388,1520598979280116
389,1520598979281130
390,1520598979282144
391,1520598979283158
392,1520598979284173
393,1520598979285187
394,1520598979286201
395,1520598979287215
396,1520598979288229
397,1520598979289243
398,1520598979290258
399,1520598979291272
400,1520598979292287
401,1520598979293301
402,1520598979294315
403,1520598979295329
404,1520598979296344
405,1520598979297358
406,1520598979298372
407,1520598979299386
408,1520598979300400
409,1520598979301414
410,1520598979302429
411,1520598979303443
412,1520598979304457
413,1520598979305471
414,1520598979306485
415,1520598979307499
416,1520598979308514
417,1520598979309528
418,1520598979310542
419,1520598979311556
420,1520598979312571
421,1520598979313585
422,1520598979314599
423,1520598979315614
424,1520598979316628
425,1520598979317642
426,1520598979318656
427,1520598979319671
428,1520598979320685
429,1520598979321699
430,1520598979322713
431,1520598979323727
432,1520598979324742
433,1520598979325756
434,1520598979326770
435,1520598979327784
436,1520598979328798
437,1520598979329812
438,1520598979330827
439,1520598979331841
440,1520598979332856
441,1520598979333870
442,1520598979334884
443,1520598979335898
444,1520598979336913
445,1520598979337927
446,1520598979338941
447,1520598979339955
448,1520598979340970
449,1520598979341984
450,1520598979342998
451,1520598979344012
452,1520598979345026
453,1520598979346041
454,1520598979347055
455,1520598979348069
456,1520598979349084
457,1520598979350098
458,1520598979351112
459,1520598979352126
460,1520598979353140
461,1520598979354154
462,1520598979355169
463,1520598979356183
464,1520598979357197
465,1520598979358212
466,1520598979359226
467,1520598979360240
468,1520598979361255
469,1520598979362269
470,1520598979363283
471,1520598979364297
472,1520598979365312
473,1520598979366326
474,1520598979367340
475,1520598979368354
476,1520598979369378
477,1520598979370383
478,1520598979371397
479,1520598979372411
480,1520598979373426
481,1520598979374440
482,1520598979375454
483,1520598979376468
484,1520598979377483
485,1520598979378497
486,1520598979379511
487,1520598979380525
488,1520598979381539
489,1520598979382553
490,1520598979383568
491,1520598979384582
492,1520598979385596
493,1520598979386611
494,1520598979387625
495,1520598979388639
496,1520598979389654
497,1520598979390668
498,1520598979391682
499,1520598979392696
500,1520598979393710
501,1520598979394725
502,1520598979395738
503,1520598979396753
504,1520598979397767
505,1520598979398781
506,1520598979399796
507,1520598979400810
508,1520598979401824
509,1520598979402839
510,1520598979403853
511,1520598979404867
512,1520598979405894
513,1520598979406897
514,1520598979407911
515,1520598979408925
516,1520598979409940
517,1520598979410954
518,1520598979411969
519,1520598979412983
520,1520598979413997
521,1520598979415011
522,1520598979416025
523,1520598979417039
524,1520598979418053
525,1520598979419067
526,1520598979420082
527,1520598979421096
528,1520598979422110
529,1520598979423124
530,1520598979424139
531,1520598979425153
532,1520598979426167
533,1520598979427181
534,1520598979428196
535,1520598979429210
536,1520598979430224
537,1520598979431238
538,1520598979432253
539,1520598979433267
540,1520598979434281
541,1520598979435295
542,1520598979436309
543,1520598979437323
544,1520598979438338
545,1520598979439352
546,1520598979440366
547,1520598979441387
548,1520598979442395
549,1520598979443409
550,1520598979444434
551,1520598979445438
552,1520598979446452
553,1520598979447466
554,1520598979448480
555,1520598979449495
556,1520598979450509
557,1520598979451523
558,1520598979452538
559,1520598979453552
560,1520598979454566
561,1520598979455580
562,1520598979456594
563,1520598979457609
564,1520598979458622
565,1520598979459637
566,1520598979460651
567,1520598979461665
568,1520598979462679
569,1520598979463693
570,1520598979464708
571,1520598979465722
572,1520598979466736
573,1520598979467751
574,1520598979468765
575,1520598979469779
576,1520598979470793
577,1520598979471808
578,1520598979472822
579,1520598979473840
580,1520598979474852
581,1520598979475866
582,1520598979476880
583,1520598979477894
584,1520598979478909
585,1520598979479923
586,1520598979480937
587,1520598979481951
588,1520598979482966
589,1520598979483980
590,1520598979484994
591,1520598979486008
592,1520598979487023
593,1520598979488037
594,1520598979489051
595,1520598979490066
596,1520598979491080
597,1520598979492094
598,1520598979493108
599,1520598979494122
600,1520598979495137
601,1520598979496151
602,1520598979497166
603,1520598979498180
604,1520598979499194
605,1520598979500208
606,1520598979501223
607,1520598979502237
608,1520598979503251
609,1520598979504265
610,1520598979505280
611,1520598979506294
612,1520598979507308
613,1520598979508322
614,1520598979509337
615,1520598979510350
616,1520598979511365
617,1520598979512379
618,1520598979513399
619,1520598979514413
620,1520598979515428
621,1520598979516442
622,1520598979517455
623,1520598979518470
624,1520598979519484
625,1520598979520499
626,1520598979521513
627,1520598979522527
628,1520598979523541
629,1520598979524556
630,1520598979525570
631,1520598979526584
632,1520598979527598
633,1520598979528612
634,1520598979529626
635,1520598979530641
636,1520598979531655
637,1520598979532670
638,1520598979533684
639,1520598979534698
640,1520598979535712
641,1520598979536726
642,1520598979537740
643,1520598979538755
644,1520598979539769
645,1520598979540783
646,1520598979541797
647,1520598979542811
648,1520598979543826
649,1520598979544840
650,1520598979545854
651,1520598979546868
652,1520598979547883
653,1520598979548898
654,1520598979549911
655,1520598979550926
656,1520598979551940
657,1520598979552954
658,1520598979553969
659,1520598979554982
660,1520598979555997
661,1520598979557011
662,1520598979558025
663,1520598979559039
664,1520598979560054
665,1520598979561068
666,1520598979562082
667,1520598979563096
668,1520598979564111
669,1520598979565125
670,1520598979566139
671,1520598979567153
672,1520598979568168
673,1520598979569182
674,1520598979570196
675,1520598979571210
676,1520598979572225
677,1520598979573239
678,1520598979574265
679,1520598979575268
680,1520598979576283
681,1520598979577297
682,1520598979578311
683,1520598979579325
684,1520598979580339
685,1520598979581354
686,1520598979582367
687,1520598979583382
688,1520598979584396
689,1520598979585410
690,1520598979586425
691,1520598979587439
692,1520598979588453
693,1520598979589467
694,1520598979590481
695,1520598979591496
696,1520598979592510
697,1520598979593524
698,1520598979594538
699,1520598979595553
700,1520598979596567
701,1520598979597581
702,1520598979598595
703,1520598979599609
704,1520598979600624
705,1520598979601638
706,1520598979602652
707,1520598979603666
708,1520598979604681
709,1520598979605695
710,1520598979606710
711,1520598979607724
712,1520598979608738
713,1520598979609752
714,1520598979610767
715,1520598979611781
716,1520598979612795
717,1520598979613809
718,1520598979614824
719,1520598979615838
720,1520598979616852
721,1520598979617866
722,1520598979618880
723,1520598979619895
724,1520598979620909
725,1520598979621923
726,1520598979622938
727,1520598979623952
728,1520598979624966
729,1520598979625980
730,1520598979626994
731,1520598979628009
732,1520598979629023
733,1520598979630037
734,1520598979631052
735,1520598979632066
736,1520598979633080
737,1520598979634094
738,1520598979635109
739,1520598979636123
740,1520598979637137
741,1520598979638151
742,1520598979639165
743,1520598979640180
744,1520598979641194
745,1520598979642210
746,1520598979643224
747,1520598979644239
748,1520598979645253
749,1520598979646267
750,1520598979647281
751,1520598979648295
752,1520598979649310
753,1520598979650324
754,1520598979651338
755,1520598979652353
756,1520598979653367
757,1520598979654381
758,1520598979655396
759,1520598979656410
760,1520598979657424
761,1520598979658439
762,1520598979659453
763,1520598979660467
764,1520598979661481
765,1520598979662496
766,1520598979663510
767,1520598979664524
768,1520598979665538
769,1520598979666553
770,1520598979667567
771,1520598979668581
772,1520598979669595
773,1520598979670609
774,1520598979671624
775,1520598979672637
776,1520598979673652
777,1520598979674666
778,1520598979675680
779,1520598979676695
780,1520598979677709
781,1520598979678723
782,1520598979679737
783,1520598979680752
784,1520598979681766
785,1520598979682780
786,1520598979683794
787,1520598979684808
788,1520598979685822
789,1520598979686837
790,1520598979687851
791,1520598979688866
792,1520598979689880
793,1520598979690893
794,1520598979691908
795,1520598979692922
796,1520598979693936
797,1520598979694951
798,1520598979695965
799,1520598979696979
800,1520598979697993
801,1520598979699007
802,1520598979700022
803,1520598979701036
804,1520598979702050
805,1520598979703065
806,1520598979704090
807,1520598979705094
808,1520598979706108
809,1520598979707123
810,1520598979708137
811,1520598979709151
812,1520598979710165
813,1520598979711179
814,1520598979712193
815,1520598979713208
816,1520598979714222
817,1520598979715235
818,1520598979716250
819,1520598979717265
820,1520598979718278
821,1520598979719293
822,1520598979720307
823,1520598979721321
824,1520598979722335
825,1520598979723350
826,1520598979724364
827,1520598979725386
828,1520598979726393
829,1520598979727407
830,1520598979728421
831,1520598979729435
832,1520598979730449
833,1520598979731464
834,1520598979732479
835,1520598979733493
836,1520598979734507
837,1520598979735521
838,1520598979736536
839,1520598979737550
840,1520598979738564
841,1520598979739579
842,1520598979740593
843,1520598979741607
844,1520598979742621
845,1520598979743636
846,1520598979744650
847,1520598979745664
848,1520598979746678
849,1520598979747693
850,1520598979748707
851,1520598979749721
852,1520598979750735
853,1520598979751750
854,1520598979752764
855,1520598979753778
856,1520598979754793
857,1520598979755807
858,1520598979756821
859,1520598979757835
860,1520598979758850
861,1520598979759864
862,1520598979760878
863,1520598979761892
864,1520598979762907
865,1520598979763921
866,1520598979764935
867,1520598979765949
868,1520598979766963
869,1520598979767978
870,1520598979768992
871,1520598979770006
872,1520598979771020
873,1520598979772034
874,1520598979773049
875,1520598979774063
876,1520598979775077
877,1520598979776091
878,1520598979777105
879,1520598979778119
880,1520598979779134
881,1520598979780148
882,1520598979781162
883,1520598979782176
884,1520598979783191
885,1520598979784205
886,1520598979785219
887,1520598979786233
888,1520598979787248
889,1520598979788262
890,1520598979789276
891,1520598979790290
892,1520598979791305
893,1520598979792319
894,1520598979793333
895,1520598979794347
896,1520598979795362
897,1520598979796376
898,1520598979797398
899,1520598979798412
900,1520598979799427
901,1520598979800441
902,1520598979801455
903,1520598979802470
904,1520598979803484
905,1520598979804499
906,1520598979805512
907,1520598979806527
908,1520598979807541
909,1520598979808556
910,1520598979809570
911,1520598979810584
912,1520598979811598
913,1520598979812613
914,1520598979813627
915,1520598979814642
916,1520598979815656
917,1520598979816670
918,1520598979817684
919,1520598979818698
920,1520598979819712
921,1520598979820727
922,1520598979821741
923,1520598979822755
924,1520598979823769
925,1520598979824784
926,1520598979825798
927,1520598979826812
928,1520598979827826
929,1520598979828840
930,1520598979829855
931,1520598979830869
932,1520598979831883
933,1520598979832897
934,1520598979833911
935,1520598979834925
936,1520598979835940
937,1520598979836954
938,1520598979837968
939,1520598979838982
940,1520598979839997
941,1520598979841011
942,1520598979842025
943,1520598979843039
944,1520598979844054
945,1520598979845067
946,1520598979846082
947,1520598979847096
948,1520598979848111
949,1520598979849125
950,1520598979850139
951,1520598979851153
952,1520598979852168
953,1520598979853182
954,1520598979854196
955,1520598979855210
956,1520598979856224
957,1520598979857239
958,1520598979858253
959,1520598979859267
960,1520598979860282
961,1520598979861296
962,1520598979862310
963,1520598979863324
964,1520598979864338
965,1520598979865353
966,1520598979866367
967,1520598979867380
968,1520598979868395
969,1520598979869409
970,1520598979870424
971,1520598979871438
972,1520598979872452
973,1520598979873467
974,1520598979874481
975,1520598979875495
976,1520598979876510
977,1520598979877524
978,1520598979878538
979,1520598979879553
980,1520598979880567
981,1520598979881581
982,1520598979882595
983,1520598979883610
984,1520598979884624
985,1520598979885638
986,1520598979886653
987,1520598979887667
988,1520598979888681
989,1520598979889695
990,1520598979890710
991,1520598979891724
992,1520598979892738
993,1520598979893752
994,1520598979894766
995,1520598979895781
996,1520598979896795
997,1520598979897810
998,1520598979898823
999,1520598979899838
1000,1520598979900852
1001,1520598979901866
1002,1520598979902881
1003,1520598979903895
1004,1520598979904909
1005,1520598979905923
1006,1520598979906938
1007,1520598979907952
1008,1520598979908966
1009,1520598979909980
1010,1520598979910995
1011,1520598979912009
1012,1520598979913023
1013,1520598979914037
1014,1520598979915051
1015,1520598979916066
1016,1520598979917080
1017,1520598979918094
1018,1520598979919108
1019,1520598979920122
1020,1520598979921136
1021,1520598979922150
1022,1520598979923165
1023,1520598979924178
1024,1520598979925205
1025,1520598979926208
1026,1520598979927222
1027,1520598979928236
1028,1520598979929251
1029,1520598979930265
1030,1520598979931279
1031,1520598979932293
1032,1520598979933308
1033,1520598979934322
1034,1520598979935337
1035,1520598979936351
1036,1520598979937365
1037,1520598979938379
1038,1520598979939393
1039,1520598979940408
1040,1520598979941422
1041,1520598979942436
1042,1520598979943451
1043,1520598979944465
1044,1520598979945479
1045,1520598979946494
1046,1520598979947508
1047,1520598979948522
1048,1520598979949536
1049,1520598979950551
1050,1520598979951565
1051,1520598979952579
1052,1520598979953593
1053,1520598979954608
1054,1520598979955622
1055,1520598979956637
1056,1520598979957651
1057,1520598979958665
1058,1520598979959679
1059,1520598979960694
1060,1520598979961708
1061,1520598979962722
1062,1520598979963747
1063,1520598979964752
1064,1520598979965766
1065,1520598979966781
1066,1520598979967795
1067,1520598979968809
1068,1520598979969823
1069,1520598979970838
1070,1520598979971852
1071,1520598979972866
1072,1520598979973880
1073,1520598979974894
1074,1520598979975909
1075,1520598979976923
1076,1520598979977936
1077,1520598979978951
1078,1520598979979965
1079,1520598979980979
1080,1520598979981994
1081,1520598979983008
1082,1520598979984022
1083,1520598979985036
1084,1520598979986050
1085,1520598979987064
1086,1520598979988079
1087,1520598979989093
1088,1520598979990107
1089,1520598979991121
1090,1520598979992136
1091,1520598979993150
1092,1520598979994164
1093,1520598979995179
1094,1520598979996192
1095,1520598979997207
1096,1520598979998222
1097,1520598979999235
1098,1520598980000250
1099,1520598980001264
1100,1520598980002278
1101,1520598980003293
1102,1520598980004307
1103,1520598980005321
1104,1520598980006335
1105,1520598980007349
1106,1520598980008363
1107,1520598980009385
1108,1520598980010392
1109,1520598980011406
1110,1520598980012420
1111,1520598980013434
1112,1520598980014448
1113,1520598980015463
1114,1520598980016477
1115,1520598980017491
1116,1520598980018505
1117,1520598980019520
1118,1520598980020534
1119,1520598980021548
1120,1520598980022562
1121,1520598980023577
1122,1520598980024591
1123,1520598980025605
1124,1520598980026619
1125,1520598980027634
1126,1520598980028648
1127,1520598980029662
1128,1520598980030676
1129,1520598980031691
1130,1520598980032705
1131,1520598980033719
1132,1520598980034734
1133,1520598980035748
1134,1520598980036763
1135,1520598980037776
1136,1520598980038791
1137,1520598980039805
1138,1520598980040819
1139,1520598980041833
1140,1520598980042847
1141,1520598980043862
1142,1520598980044876
1143,1520598980045890
1144,1520598980046904
1145,1520598980047918
1146,1520598980048932
1147,1520598980049946
1148,1520598980050961
1149,1520598980051975
1150,1520598980052989
1151,1520598980054003
1152,1520598980055017
1153,1520598980056032
1154,1520598980057046
1155,1520598980058059
1156,1520598980059074
1157,1520598980060088
1158,1520598980061102
1159,1520598980062116
1160,1520598980063131
1161,1520598980064145
1162,1520598980065159
1163,1520598980066173
1164,1520598980067187
1165,1520598980068202
1166,1520598980069216
1167,1520598980070230
1168,1520598980071244
1169,1520598980072259
1170,1520598980073273
1171,1520598980074287
1172,1520598980075302
1173,1520598980076316
1174,1520598980077330
1175,1520598980078344
1176,1520598980079358
1177,1520598980080372
1178,1520598980081395
1179,1520598980082410
1180,1520598980083424
1181,1520598980084438
1182,1520598980085452
1183,1520598980086467
1184,1520598980087481
1185,1520598980088495
1186,1520598980089509
1187,1520598980090523
1188,1520598980091537
1189,1520598980092551
1190,1520598980093577
1191,1520598980094581
1192,1520598980095596
1193,1520598980096610
1194,1520598980097624
1195,1520598980098639
1196,1520598980099653
1197,1520598980100667
1198,1520598980101681
1199,1520598980102695
1200,1520598980103710
1201,1520598980104724
1202,1520598980105738
1203,1520598980106753
1204,1520598980107767
1205,1520598980108781
1206,1520598980109795
1207,1520598980110810
1208,1520598980111824
1209,1520598980112838
1210,1520598980113852
1211,1520598980114866
1212,1520598980115881
1213,1520598980116895
1214,1520598980117909
1215,1520598980118923
1216,1520598980119938
1217,1520598980120952
1218,1520598980121966
1219,1520598980122980
1220,1520598980123994
1221,1520598980125009
1222,1520598980126023
1223,1520598980127037
1224,1520598980128052
1225,1520598980129066
1226,1520598980130080
1227,1520598980131094
1228,1520598980132109
1229,1520598980133123
1230,1520598980134138
1231,1520598980135152
1232,1520598980136166
1233,1520598980137180
1234,1520598980138194
1235,1520598980139208
1236,1520598980140223
1237,1520598980141237
1238,1520598980142251
1239,1520598980143266
1240,1520598980144280
1241,1520598980145294
1242,1520598980146308
1243,1520598980147323
1244,1520598980148337
1245,1520598980149351
1246,1520598980150365
1247,1520598980151379
1248,1520598980152394
1249,1520598980153408
1250,1520598980154422
1251,1520598980155437
1252,1520598980156452
1253,1520598980157466
1254,1520598980158480
1255,1520598980159494
1256,1520598980160509
1257,1520598980161523
1258,1520598980162538
1259,1520598980163552
1260,1520598980164566
1261,1520598980165580
1262,1520598980166594
1263,1520598980167609
1264,1520598980168623
1265,1520598980169637
1266,1520598980170651
1267,1520598980171665
1268,1520598980172680
1269,1520598980173694
1270,1520598980174708
1271,1520598980175723
1272,1520598980176737
1273,1520598980177751
1274,1520598980178766
1275,1520598980179780
1276,1520598980180794
1277,1520598980181808
1278,1520598980182822
1279,1520598980183837
1280,1520598980184851
1281,1520598980185865
1282,1520598980186880
1283,1520598980187894
1284,1520598980188908
1285,1520598980189923
1286,1520598980190938
1287,1520598980191951
1288,1520598980192966
1289,1520598980193980
1290,1520598980194994
1291,1520598980196009
1292,1520598980197024
1293,1520598980198038
1294,1520598980199052
1295,1520598980200066
1296,1520598980201081
1297,1520598980202095
1298,1520598980203109
1299,1520598980204123
1300,1520598980205138
1301,1520598980206152
1302,1520598980207166
1303,1520598980208181
1304,1520598980209195
1305,1520598980210209
1306,1520598980211223
1307,1520598980212238
1308,1520598980213252
1309,1520598980214266
1310,1520598980215280
1311,1520598980216295
1312,1520598980217309
1313,1520598980218323
1314,1520598980219338
1315,1520598980220352
1316,1520598980221366
1317,1520598980222381
1318,1520598980223406
1319,1520598980224410
1320,1520598980225424
1321,1520598980226438
1322,1520598980227453
1323,1520598980228467
1324,1520598980229482
1325,1520598980230496
1326,1520598980231510
1327,1520598980232524
1328,1520598980233539
1329,1520598980234553
1330,1520598980235567
1331,1520598980236581
1332,1520598980237596
1333,1520598980238610
1334,1520598980239625
1335,1520598980240639
1336,1520598980241653
1337,1520598980242668
1338,1520598980243682
1339,1520598980244696
1340,1520598980245710
1341,1520598980246725
1342,1520598980247739
1343,1520598980248753
1344,1520598980249767
1345,1520598980250781
1346,1520598980251796
1347,1520598980252811
1348,1520598980253825
1349,1520598980254839
1350,1520598980255853
1351,1520598980256868
1352,1520598980257882
1353,1520598980258896
1354,1520598980259911
1355,1520598980260925
1356,1520598980261939
1357,1520598980262953
1358,1520598980263968
1359,1520598980264982
1360,1520598980265996
1361,1520598980267010
1362,1520598980268025
1363,1520598980269038
1364,1520598980270053
1365,1520598980271067
1366,1520598980272081
1367,1520598980273096
1368,1520598980274110
1369,1520598980275124
1370,1520598980276139
1371,1520598980277153
1372,1520598980278167
1373,1520598980279181
1374,1520598980280196
1375,1520598980281210
1376,1520598980282224
1377,1520598980283239
1378,1520598980284253
1379,1520598980285267
1380,1520598980286282
1381,1520598980287296
1382,1520598980288311
1383,1520598980289325
1384,1520598980290339
1385,1520598980291353
1386,1520598980292368
1387,1520598980293391
1388,1520598980294397
1389,1520598980295411
1390,1520598980296426
1391,1520598980297440
1392,1520598980298454
1393,1520598980299469
1394,1520598980300483
1395,1520598980301497
1396,1520598980302511
1397,1520598980303526
1398,1520598980304540
1399,1520598980305554
1400,1520598980306569
1401,1520598980307583
1402,1520598980308597
1403,1520598980309611
1404,1520598980310625
1405,1520598980311640
1406,1520598980312654
1407,1520598980313669
1408,1520598980314683
1409,1520598980315697
1410,1520598980316712
1411,1520598980317726
1412,1520598980318740
1413,1520598980319754
1414,1520598980320768
1415,1520598980321783
1416,1520598980322797
1417,1520598980323811
1418,1520598980324825
1419,1520598980325839
1420,1520598980326854
1421,1520598980327868
1422,1520598980328883
1423,1520598980329897
1424,1520598980330911
1425,1520598980331925
1426,1520598980332939
1427,1520598980333954
1428,1520598980334968
1429,1520598980335983
1430,1520598980336996
1431,1520598980338011
1432,1520598980339025
1433,1520598980340039
1434,1520598980341053
1435,1520598980342067
1436,1520598980343082
1437,1520598980344096
1438,1520598980345110
1439,1520598980346124
1440,1520598980347139
1441,1520598980348153
1442,1520598980349167
1443,1520598980350181
1444,1520598980351196
1445,1520598980352210
1446,1520598980353236
1447,1520598980354239
1448,1520598980355254
1449,1520598980356268
1450,1520598980357282
1451,1520598980358297
1452,1520598980359311
1453,1520598980360325
1454,1520598980361340
1455,1520598980362353
1456,1520598980363367
1457,1520598980364381
1458,1520598980365400
1459,1520598980366414
1460,1520598980367428
1461,1520598980368443
1462,1520598980369457
1463,1520598980370472
1464,1520598980371485
1465,1520598980372500
1466,1520598980373514
1467,1520598980374528
1468,1520598980375542
1469,1520598980376556
1470,1520598980377571
1471,1520598980378585
1472,1520598980379599
1473,1520598980380613
1474,1520598980381627
1475,1520598980382641
1476,1520598980383655
1477,1520598980384669
1478,1520598980385683
1479,1520598980386697
1480,1520598980387711
1481,1520598980388726
1482,1520598980389740
1483,1520598980390754
1484,1520598980391768
1485,1520598980392782
1486,1520598980393796
1487,1520598980394810
1488,1520598980395825
1489,1520598980396839
1490,1520598980397853
1491,1520598980398868
1492,1520598980399881
1493,1520598980400896
1494,1520598980401910
1495,1520598980402924
1496,1520598980403938
1497,1520598980404953
1498,1520598980405966
1499,1520598980406980
1500,1520598980407995
1501,1520598980409009
1502,1520598980410023
1503,1520598980411037
1504,1520598980412052
1505,1520598980413066
1506,1520598980414080
1507,1520598980415095
1508,1520598980416109
1509,1520598980417123
1510,1520598980418137
1511,1520598980419151
1512,1520598980420165
1513,1520598980421180
1514,1520598980422193
1515,1520598980423208
1516,1520598980424222
1517,1520598980425236
1518,1520598980426250
1519,1520598980427265
1520,1520598980428279
1521,1520598980429293
1522,1520598980430307
1523,1520598980431321
1524,1520598980432336
1525,1520598980433350
1526,1520598980434369
1527,1520598980435381
1528,1520598980436395
1529,1520598980437409
1530,1520598980438423
1531,1520598980439438
1532,1520598980440452
1533,1520598980441466
1534,1520598980442480
1535,1520598980443495
1536,1520598980444509
1537,1520598980445522
1538,1520598980446537
1539,1520598980447551
1540,1520598980448566
1541,1520598980449580
1542,1520598980450593
1543,1520598980451608
1544,1520598980452622
1545,1520598980453636
1546,1520598980454650
1547,1520598980455665
1548,1520598980456679
1549,1520598980457693
1550,1520598980458707
1551,1520598980459721
1552,1520598980460736
1553,1520598980461749
1554,1520598980462764
1555,1520598980463778
1556,1520598980464793
1557,1520598980465806
1558,1520598980466820
1559,1520598980467835
1560,1520598980468849
1561,1520598980469863
1562,1520598980470878
1563,1520598980471892
1564,1520598980472906
1565,1520598980473920
1566,1520598980474934
1567,1520598980475949
1568,1520598980476963
1569,1520598980477977
1570,1520598980478991
1571,1520598980480005
1572,1520598980481020
1573,1520598980482033
1574,1520598980483060
1575,1520598980484063
1576,1520598980485077
1577,1520598980486091
1578,1520598980487106
1579,1520598980488120
1580,1520598980489135
1581,1520598980490149
1582,1520598980491163
1583,1520598980492178
1584,1520598980493192
1585,1520598980494206
1586,1520598980495220
1587,1520598980496234
1588,1520598980497249
1589,1520598980498263
1590,1520598980499277
1591,1520598980500291
1592,1520598980501306
1593,1520598980502319
1594,1520598980503334
1595,1520598980504348
1596,1520598980505362
1597,1520598980506376
1598,1520598980507391
1599,1520598980508405
1600,1520598980509419
1601,1520598980510433
1602,1520598980511448
1603,1520598980512462
1604,1520598980513476
1605,1520598980514490
1606,1520598980515504
1607,1520598980516519
1608,1520598980517533
1609,1520598980518547
1610,1520598980519561
1611,1520598980520576
1612,1520598980521590
1613,1520598980522605
1614,1520598980523619
1615,1520598980524633
1616,1520598980525647
1617,1520598980526661
1618,1520598980527676
1619,1520598980528690
1620,1520598980529704
1621,1520598980530719
1622,1520598980531733
1623,1520598980532747
1624,1520598980533761
1625,1520598980534775
1626,1520598980535790
1627,1520598980536804
1628,1520598980537818
1629,1520598980538833
1630,1520598980539847
1631,1520598980540861
1632,1520598980541875
1633,1520598980542889
1634,1520598980543904
1635,1520598980544918
1636,1520598980545932
1637,1520598980546946
1638,1520598980547961
1639,1520598980548975
1640,1520598980549989
1641,1520598980551003
1642,1520598980552018
1643,1520598980553032
1644,1520598980554046
1645,1520598980555061
1646,1520598980556075
1647,1520598980557089
1648,1520598980558104
1649,1520598980559118
1650,1520598980560132
1651,1520598980561147
1652,1520598980562161
1653,1520598980563175
1654,1520598980564190
1655,1520598980565204
1656,1520598980566218
1657,1520598980567233
1658,1520598980568247
1659,1520598980569262
1660,1520598980570276
1661,1520598980571290
1662,1520598980572304
1663,1520598980573318
1664,1520598980574332
1665,1520598980575347
1666,1520598980576361
1667,1520598980577384
1668,1520598980578389
1669,1520598980579404
1670,1520598980580418
1671,1520598980581432
1672,1520598980582447
1673,1520598980583461
1674,1520598980584475
1675,1520598980585489
1676,1520598980586503
1677,1520598980587518
1678,1520598980588532
1679,1520598980589546
1680,1520598980590561
1681,1520598980591575
1682,1520598980592589
1683,1520598980593603
1684,1520598980594617
1685,1520598980595631
1686,1520598980596645
1687,1520598980597659
1688,1520598980598674
1689,1520598980599688
1690,1520598980600703
1691,1520598980601716
1692,1520598980602731
1693,1520598980603745
1694,1520598980604759
1695,1520598980605773
1696,1520598980606788
1697,1520598980607802
1698,1520598980608817
1699,1520598980609830
1700,1520598980610845
1701,1520598980611859
1702,1520598980612901
1703,1520598980613889
1704,1520598980614903
1705,1520598980615917
1706,1520598980616931
1707,1520598980617945
1708,1520598980618960
1709,1520598980619974
1710,1520598980620989
1711,1520598980622002
1712,1520598980623017
1713,1520598980624031
1714,1520598980625045
1715,1520598980626059
1716,1520598980627073
1717,1520598980628087
1718,1520598980629102
1719,1520598980630116
1720,1520598980631130
1721,1520598980632144
1722,1520598980633158
1723,1520598980634172
1724,1520598980635187
1725,1520598980636202
1726,1520598980637216
1727,1520598980638230
1728,1520598980639244
1729,1520598980640258
1730,1520598980641273
1731,1520598980642288
1732,1520598980643302
1733,1520598980644317
1734,1520598980645331
1735,1520598980646345
1736,1520598980647359
1737,1520598980648373
1738,1520598980649396
1739,1520598980650410
1740,1520598980651424
1741,1520598980652438
1742,1520598980653453
1743,1520598980654467
1744,1520598980655481
1745,1520598980656496
1746,1520598980657509
1747,1520598980658524
1748,1520598980659538
1749,1520598980660552
1750,1520598980661566
1751,1520598980662581
1752,1520598980663595
1753,1520598980664609
1754,1520598980665623
1755,1520598980666638
1756,1520598980667652
1757,1520598980668666
1758,1520598980669680
1759,1520598980670695
1760,1520598980671709
1761,1520598980672724
1762,1520598980673737
1763,1520598980674752
1764,1520598980675766
1765,1520598980676780
1766,1520598980677795
1767,1520598980678809
1768,1520598980679823
1769,1520598980680838
1770,1520598980681852
1771,1520598980682866
1772,1520598980683880
1773,1520598980684895
1774,1520598980685909
1775,1520598980686923
1776,1520598980687938
1777,1520598980688952
1778,1520598980689966
1779,1520598980690981
1780,1520598980691995
1781,1520598980693010
1782,1520598980694024
1783,1520598980695038
1784,1520598980696052
1785,1520598980697067
1786,1520598980698081
1787,1520598980699095
1788,1520598980700109
1789,1520598980701124
1790,1520598980702138
1791,1520598980703153
1792,1520598980704167
1793,1520598980705181
1794,1520598980706196
1795,1520598980707210
1796,1520598980708224
1797,1520598980709239
1798,1520598980710252
1799,1520598980711267
1800,1520598980712281
1801,1520598980713295
1802,1520598980714309
1803,1520598980715323
1804,1520598980716338
1805,1520598980717352
1806,1520598980718366
1807,1520598980719380
1808,1520598980720394
1809,1520598980721409
1810,1520598980722423
1811,1520598980723437
1812,1520598980724451
1813,1520598980725466
1814,1520598980726480
1815,1520598980727494
1816,1520598980728508
1817,1520598980729522
1818,1520598980730536
1819,1520598980731551
1820,1520598980732565
1821,1520598980733579
1822,1520598980734593
1823,1520598980735608
1824,1520598980736622
1825,1520598980737636
1826,1520598980738650
1827,1520598980739665
1828,1520598980740679
1829,1520598980741693
1830,1520598980742719
1831,1520598980743723
1832,1520598980744737
1833,1520598980745751
1834,1520598980746766
1835,1520598980747780
1836,1520598980748795
1837,1520598980749809
1838,1520598980750824
1839,1520598980751838
1840,1520598980752852
1841,1520598980753866
1842,1520598980754881
1843,1520598980755895
1844,1520598980756909
1845,1520598980757923
1846,1520598980758938
1847,1520598980759952
1848,1520598980760966
1849,1520598980761980
1850,1520598980762994
1851,1520598980764008
1852,1520598980765023
1853,1520598980766037
1854,1520598980767052
1855,1520598980768066
1856,1520598980769080
1857,1520598980770094
1858,1520598980771109
1859,1520598980772123
1860,1520598980773137
1861,1520598980774151
1862,1520598980775166
1863,1520598980776179
1864,1520598980777194
1865,1520598980778208
1866,1520598980779222
1867,1520598980780236
1868,1520598980781250
1869,1520598980782265
1870,1520598980783279
1871,1520598980784293
1872,1520598980785308
1873,1520598980786321
1874,1520598980787336
1875,1520598980788350
1876,1520598980789365
1877,1520598980790379
1878,1520598980791393
1879,1520598980792407
1880,1520598980793422
1881,1520598980794436
1882,1520598980795450
1883,1520598980796464
1884,1520598980797479
1885,1520598980798493
1886,1520598980799508
1887,1520598980800522
1888,1520598980801536
1889,1520598980802550
1890,1520598980803564
1891,1520598980804579
1892,1520598980805593
1893,1520598980806607
1894,1520598980807621
1895,1520598980808635
1896,1520598980809650
1897,1520598980810664
1898,1520598980811678
1899,1520598980812692
1900,1520598980813707
1901,1520598980814721
1902,1520598980815735
1903,1520598980816749
1904,1520598980817763
1905,1520598980818777
1906,1520598980819791
1907,1520598980820806
1908,1520598980821820
1909,1520598980822834
1910,1520598980823848
1911,1520598980824863
1912,1520598980825877
1913,1520598980826891
1914,1520598980827906
1915,1520598980828920
1916,1520598980829934
1917,1520598980830949
1918,1520598980831963
1919,1520598980832977
1920,1520598980833992
1921,1520598980835006
1922,1520598980836020
1923,1520598980837034
1924,1520598980838048
1925,1520598980839062
1926,1520598980840077
1927,1520598980841091
1928,1520598980842105
1929,1520598980843120
1930,1520598980844134
1931,1520598980845148
1932,1520598980846162
1933,1520598980847176
1934,1520598980848191
1935,1520598980849205
1936,1520598980850219
1937,1520598980851233
1938,1520598980852248
1939,1520598980853262
1940,1520598980854276
1941,1520598980855290
1942,1520598980856305
1943,1520598980857319
1944,1520598980858333
1945,1520598980859348
1946,1520598980860362
1947,1520598980861385
1948,1520598980862400
1949,1520598980863414
1950,1520598980864428
1951,1520598980865443
1952,1520598980866457
1953,1520598980867471
1954,1520598980868485
1955,1520598980869500
1956,1520598980870514
1957,1520598980871528
1958,1520598980872542
1959,1520598980873557
1960,1520598980874570
1961,1520598980875585
1962,1520598980876599
1963,1520598980877614
1964,1520598980878627
1965,1520598980879641
1966,1520598980880656
1967,1520598980881670
1968,1520598980882684
1969,1520598980883699
1970,1520598980884713
1971,1520598980885727
1972,1520598980886741
1973,1520598980887756
1974,1520598980888770
1975,1520598980889784
1976,1520598980890799
1977,1520598980891813
1978,1520598980892827
1979,1520598980893841
1980,1520598980894856
1981,1520598980895870
1982,1520598980896885
1983,1520598980897899
1984,1520598980898913
1985,1520598980899928
1986,1520598980900942
1987,1520598980901956
1988,1520598980902970
1989,1520598980903985
1990,1520598980904999
1991,1520598980906013
1992,1520598980907027
1993,1520598980908042
1994,1520598980909056
1995,1520598980910071
1996,1520598980911085
1997,1520598980912099
1998,1520598980913114
1999,1520598980914128
2000,1520598980915142
2001,1520598980916156
2002,1520598980917170
2003,1520598980918185
2004,1520598980919199
2005,1520598980920213
2006,1520598980921227
2007,1520598980922242
2008,1520598980923256
2009,1520598980924270
2010,1520598980925285
2011,1520598980926299
2012,1520598980927313
2013,1520598980928328
2014,1520598980929342
2015,1520598980930356
2016,1520598980931370
2017,1520598980932385
2018,1520598980933402
2019,1520598980934416
2020,1520598980935431
2021,1520598980936445
2022,1520598980937459
2023,1520598980938473
2024,1520598980939488
2025,1520598980940502
2026,1520598980941516
2027,1520598980942531
2028,1520598980943545
2029,1520598980944559
2030,1520598980945573
2031,1520598980946587
2032,1520598980947602
2033,1520598980948617
2034,1520598980949631
2035,1520598980950645
2036,1520598980951660
2037,1520598980952674
2038,1520598980953688
2039,1520598980954702
2040,1520598980955716
2041,1520598980956730
2042,1520598980957744
2043,1520598980958758
2044,1520598980959773
2045,1520598980960787
2046,1520598980961802
2047,1520598980962816
2048,1520598980963850
2049,1520598980964847
2050,1520598980965860
2051,1520598980966874
2052,1520598980967888
2053,1520598980968903
2054,1520598980969917
2055,1520598980970931
2056,1520598980971946
2057,1520598980972960
2058,1520598980973974
2059,1520598980974988
2060,1520598980976003
2061,1520598980977017
2062,1520598980978031
2063,1520598980979046
2064,1520598980980060
2065,1520598980981074
2066,1520598980982088
2067,1520598980983103
2068,1520598980984118
2069,1520598980985132
2070,1520598980986146
2071,1520598980987160
2072,1520598980988175
2073,1520598980989189
2074,1520598980990203
2075,1520598980991217
2076,1520598980992232
2077,1520598980993246
2078,1520598980994260
2079,1520598980995274
2080,1520598980996289
2081,1520598980997303
2082,1520598980998317
2083,1520598980999331
2084,1520598981000345
2085,1520598981001359
2086,1520598981002385
2087,1520598981003389
2088,1520598981004403
2089,1520598981005418
2090,1520598981006432
2091,1520598981007446
2092,1520598981008460
2093,1520598981009475
2094,1520598981010489
2095,1520598981011503
2096,1520598981012517
2097,1520598981013531
2098,1520598981014545
2099,1520598981015559
2100,1520598981016573
2101,1520598981017587
2102,1520598981018601
2103,1520598981019615
2104,1520598981020630
2105,1520598981021644
2106,1520598981022658
2107,1520598981023672
2108,1520598981024687
2109,1520598981025701
2110,1520598981026715
2111,1520598981027729
2112,1520598981028744
2113,1520598981029758
2114,1520598981030772
2115,1520598981031786
2116,1520598981032801
2117,1520598981033815
2118,1520598981034829
2119,1520598981035843
2120,1520598981036857
2121,1520598981037871
2122,1520598981038886
2123,1520598981039900
2124,1520598981040914
2125,1520598981041929
2126,1520598981042942
2127,1520598981043957
2128,1520598981044971
2129,1520598981045986
2130,1520598981046999
2131,1520598981048014
2132,1520598981049028
2133,1520598981050042
2134,1520598981051057
2135,1520598981052071
2136,1520598981053085
2137,1520598981054100
2138,1520598981055113
2139,1520598981056128
2140,1520598981057142
2141,1520598981058156
2142,1520598981059171
2143,1520598981060185
2144,1520598981061199
2145,1520598981062213
2146,1520598981063228
2147,1520598981064241
2148,1520598981065256
2149,1520598981066270
2150,1520598981067284
2151,1520598981068298
2152,1520598981069312
2153,1520598981070327
2154,1520598981071342
2155,1520598981072355
2156,1520598981073379
2157,1520598981074384
2158,1520598981075398
2159,1520598981076413
2160,1520598981077426
2161,1520598981078441
2162,1520598981079455
2163,1520598981080469
2164,1520598981081484
2165,1520598981082498
2166,1520598981083512
2167,1520598981084527
2168,1520598981085540
2169,1520598981086555
2170,1520598981087569
2171,1520598981088583
2172,1520598981089597
2173,1520598981090611
2174,1520598981091626
2175,1520598981092640
2176,1520598981093654
2177,1520598981094668
2178,1520598981095683
2179,1520598981096697
2180,1520598981097711
2181,1520598981098726
2182,1520598981099740
2183,1520598981100754
2184,1520598981101768
2185,1520598981102783
2186,1520598981103797
2187,1520598981104811
2188,1520598981105825
2189,1520598981106840
2190,1520598981107854
2191,1520598981108868
2192,1520598981109882
2193,1520598981110896
2194,1520598981111910
2195,1520598981112925
2196,1520598981113939
2197,1520598981114953
2198,1520598981115968
2199,1520598981116982
2200,1520598981117996
2201,1520598981119011
2202,1520598981120025
2203,1520598981121039
2204,1520598981122053
2205,1520598981123067
2206,1520598981124082
2207,1520598981125096
2208,1520598981126111
2209,1520598981127125
2210,1520598981128139
2211,1520598981129154
2212,1520598981130168
2213,1520598981131182
2214,1520598981132207
2215,1520598981133211
2216,1520598981134225
2217,1520598981135240
2218,1520598981136254
2219,1520598981137269
2220,1520598981138283
2221,1520598981139297
2222,1520598981140311
2223,1520598981141326
2224,1520598981142340
2225,1520598981143354
2226,1520598981144368
2227,1520598981145392
2228,1520598981146398
2229,1520598981147412
2230,1520598981148426
2231,1520598981149440
2232,1520598981150455
2233,1520598981151470
2234,1520598981152484
2235,1520598981153498
2236,1520598981154512
2237,1520598981155527
2238,1520598981156541
2239,1520598981157555
2240,1520598981158570
2241,1520598981159584
2242,1520598981160598
2243,1520598981161612
2244,1520598981162627
2245,1520598981163641
2246,1520598981164656
2247,1520598981165670
2248,1520598981166684
2249,1520598981167699
2250,1520598981168713
2251,1520598981169727
2252,1520598981170741
2253,1520598981171756
2254,1520598981172770
2255,1520598981173785
2256,1520598981174798
2257,1520598981175813
2258,1520598981176827
2259,1520598981177841
2260,1520598981178855
2261,1520598981179870
2262,1520598981180884
2263,1520598981181898
2264,1520598981182912
2265,1520598981183927
2266,1520598981184941
2267,1520598981185955
2268,1520598981186969
2269,1520598981187983
2270,1520598981188998
2271,1520598981190012
2272,1520598981191026
2273,1520598981192040
2274,1520598981193055
2275,1520598981194069
2276,1520598981195083
2277,1520598981196097
2278,1520598981197111
2279,1520598981198126
2280,1520598981199140
2281,1520598981200154
2282,1520598981201169
2283,1520598981202182
2284,1520598981203196
2285,1520598981204210
2286,1520598981205225
2287,1520598981206239
2288,1520598981207253
2289,1520598981208267
2290,1520598981209282
2291,1520598981210295
2292,1520598981211310
2293,1520598981212324
2294,1520598981213338
2295,1520598981214352
2296,1520598981215367
2297,1520598981216381
2298,1520598981217399
2299,1520598981218414
2300,1520598981219428
2301,1520598981220443
2302,1520598981221457
2303,1520598981222471
2304,1520598981223485
2305,1520598981224500
2306,1520598981225514
2307,1520598981226528
2308,1520598981227542
2309,1520598981228557
2310,1520598981229570
2311,1520598981230585
2312,1520598981231599
2313,1520598981232613
2314,1520598981233628
2315,1520598981234642
2316,1520598981235656
2317,1520598981236671
2318,1520598981237685
2319,1520598981238699
2320,1520598981239713
2321,1520598981240727
2322,1520598981241742
2323,1520598981242756
2324,1520598981243770
2325,1520598981244785
2326,1520598981245798
2327,1520598981246812
2328,1520598981247827
2329,1520598981248841
2330,1520598981249855
2331,1520598981250869
2332,1520598981251884
2333,1520598981252898
2334,1520598981253912
2335,1520598981254926
2336,1520598981255940
2337,1520598981256955
2338,1520598981257969
2339,1520598981258983
2340,1520598981259997
2341,1520598981261011
2342,1520598981262037
2343,1520598981263041
2344,1520598981264055
2345,1520598981265069
2346,1520598981266083
2347,1520598981267098
2348,1520598981268112
2349,1520598981269126
2350,1520598981270140
2351,1520598981271155
2352,1520598981272169
2353,1520598981273183
2354,1520598981274197
2355,1520598981275211
2356,1520598981276226
2357,1520598981277240
2358,1520598981278254
2359,1520598981279269
2360,1520598981280283
2361,1520598981281298
2362,1520598981282312
2363,1520598981283326
2364,1520598981284341
2365,1520598981285355
2366,1520598981286369
2367,1520598981287383
2368,1520598981288397
2369,1520598981289411
2370,1520598981290426
2371,1520598981291440
2372,1520598981292455
2373,1520598981293469
2374,1520598981294483
2375,1520598981295497
2376,1520598981296512
2377,1520598981297526
2378,1520598981298540
2379,1520598981299554
2380,1520598981300569
2381,1520598981301583
2382,1520598981302597
2383,1520598981303612
2384,1520598981304626
2385,1520598981305640
2386,1520598981306654
2387,1520598981307669
2388,1520598981308684
2389,1520598981309698
2390,1520598981310712
2391,1520598981311727
2392,1520598981312741
2393,1520598981313755
2394,1520598981314770
2395,1520598981315784
2396,1520598981316799
2397,1520598981317813
2398,1520598981318827
2399,1520598981319841
2400,1520598981320856
2401,1520598981321870
2402,1520598981322884
2403,1520598981323898
2404,1520598981324913
2405,1520598981325927
2406,1520598981326941
2407,1520598981327956
2408,1520598981328970
2409,1520598981329984
2410,1520598981330998
2411,1520598981332012
2412,1520598981333027
2413,1520598981334041
2414,1520598981335055
2415,1520598981336070
2416,1520598981337084
2417,1520598981338098
2418,1520598981339112
2419,1520598981340127
2420,1520598981341142
2421,1520598981342155
2422,1520598981343170
2423,1520598981344184
2424,1520598981345199
2425,1520598981346213
2426,1520598981347227
2427,1520598981348241
2428,1520598981349255
2429,1520598981350270
2430,1520598981351284
2431,1520598981352298
2432,1520598981353313
2433,1520598981354327
2434,1520598981355341
2435,1520598981356355
2436,1520598981357379
2437,1520598981358383
2438,1520598981359398
2439,1520598981360413
2440,1520598981361427
2441,1520598981362441
2442,1520598981363456
2443,1520598981364470
2444,1520598981365484
2445,1520598981366498
2446,1520598981367513
2447,1520598981368527
2448,1520598981369542
2449,1520598981370555
2450,1520598981371570
2451,1520598981372584
2452,1520598981373598
2453,1520598981374613
2454,1520598981375627
2455,1520598981376642
2456,1520598981377656
2457,1520598981378670
2458,1520598981379684
2459,1520598981380699
2460,1520598981381713
2461,1520598981382727
2462,1520598981383741
2463,1520598981384755
2464,1520598981385770
2465,1520598981386784
2466,1520598981387798
2467,1520598981388813
2468,1520598981389826
2469,1520598981390841
2470,1520598981391866
2471,1520598981392870
2472,1520598981393885
2473,1520598981394899
2474,1520598981395913
2475,1520598981396928
2476,1520598981397942
2477,1520598981398956
2478,1520598981399970
2479,1520598981400985
2480,1520598981401999
2481,1520598981403013
2482,1520598981404028
2483,1520598981405042
2484,1520598981406056
2485,1520598981407070
2486,1520598981408084
2487,1520598981409098
2488,1520598981410112
2489,1520598981411127
2490,1520598981412141
2491,1520598981413155
2492,1520598981414169
2493,1520598981415184
2494,1520598981416198
2495,1520598981417212
2496,1520598981418227
2497,1520598981419241
2498,1520598981420255
2499,1520598981421270
2500,1520598981422284
2501,1520598981423298
2502,1520598981424312
2503,1520598981425326
2504,1520598981426343
2505,1520598981427355
2506,1520598981428370
2507,1520598981429392
2508,1520598981430398
2509,1520598981431413
2510,1520598981432427
2511,1520598981433442
2512,1520598981434456
2513,1520598981435470
2514,1520598981436485
2515,1520598981437499
2516,1520598981438513
2517,1520598981439527
2518,1520598981440541
2519,1520598981441555
2520,1520598981442569
2521,1520598981443584
2522,1520598981444598
2523,1520598981445612
2524,1520598981446627
2525,1520598981447641
2526,1520598981448655
2527,1520598981449669
2528,1520598981450683
2529,1520598981451697
2530,1520598981452712
2531,1520598981453726
2532,1520598981454740
2533,1520598981455754
2534,1520598981456769
2535,1520598981457785
2536,1520598981458798
2537,1520598981459813
2538,1520598981460827
2539,1520598981461842
2540,1520598981462856
2541,1520598981463870
2542,1520598981464885
2543,1520598981465899
2544,1520598981466913
2545,1520598981467928
2546,1520598981468942
2547,1520598981469956
2548,1520598981470970
2549,1520598981471985
2550,1520598981472999
2551,1520598981474013
2552,1520598981475027
2553,1520598981476042
2554,1520598981477056
2555,1520598981478071
2556,1520598981479085
2557,1520598981480099
2558,1520598981481114
2559,1520598981482127
2560,1520598981483142
2561,1520598981484156
2562,1520598981485170
2563,1520598981486184
2564,1520598981487198
2565,1520598981488213
2566,1520598981489227
2567,1520598981490241
2568,1520598981491256
2569,1520598981492271
2570,1520598981493285
2571,1520598981494299
2572,1520598981495314
2573,1520598981496329
2574,1520598981497343
2575,1520598981498357
2576,1520598981499371
2577,1520598981500386
2578,1520598981501402
2579,1520598981502416
2580,1520598981503431
2581,1520598981504446
2582,1520598981505459
2583,1520598981506474
2584,1520598981507489
2585,1520598981508503
2586,1520598981509517
2587,1520598981510531
2588,1520598981511546
2589,1520598981512560
2590,1520598981513574
2591,1520598981514588
2592,1520598981515603
2593,1520598981516617
2594,1520598981517631
2595,1520598981518645
2596,1520598981519660
2597,1520598981520675
2598,1520598981521700
2599,1520598981522704
2600,1520598981523718
2601,1520598981524733
2602,1520598981525747
2603,1520598981526762
2604,1520598981527776
2605,1520598981528791
2606,1520598981529804
2607,1520598981530818
2608,1520598981531833
2609,1520598981532847
2610,1520598981533861
2611,1520598981534875
2612,1520598981535890
2613,1520598981536904
2614,1520598981537919
2615,1520598981538933
2616,1520598981539947
2617,1520598981540961
2618,1520598981541975
2619,1520598981542989
2620,1520598981544004
2621,1520598981545018
2622,1520598981546033
2623,1520598981547046
2624,1520598981548061
2625,1520598981549075
2626,1520598981550089
2627,1520598981551104
2628,1520598981552118
2629,1520598981553132
2630,1520598981554146
2631,1520598981555161
2632,1520598981556175
2633,1520598981557190
2634,1520598981558204
2635,1520598981559218
2636,1520598981560232
2637,1520598981561246
2638,1520598981562261
2639,1520598981563275
2640,1520598981564290
2641,1520598981565304
2642,1520598981566319
2643,1520598981567333
2644,1520598981568348
2645,1520598981569363
2646,1520598981570376
2647,1520598981571391
2648,1520598981572405
2649,1520598981573420
2650,1520598981574434
2651,1520598981575448
2652,1520598981576463
2653,1520598981577477
2654,1520598981578491
2655,1520598981579505
2656,1520598981580519
2657,1520598981581533
2658,1520598981582548
2659,1520598981583563
2660,1520598981584577
2661,1520598981585591
2662,1520598981586606
2663,1520598981587620
2664,1520598981588635
2665,1520598981589648
2666,1520598981590662
2667,1520598981591677
2668,1520598981592692
2669,1520598981593706
2670,1520598981594719
2671,1520598981595734
2672,1520598981596748
2673,1520598981597762
2674,1520598981598776
2675,1520598981599791
2676,1520598981600806
2677,1520598981601819
2678,1520598981602833
2679,1520598981603848
2680,1520598981604862
2681,1520598981605876
2682,1520598981606890
2683,1520598981607905
2684,1520598981608920
2685,1520598981609934
2686,1520598981610948
2687,1520598981611962
2688,1520598981612977
2689,1520598981613990
2690,1520598981615005
2691,1520598981616019
2692,1520598981617033
2693,1520598981618048
2694,1520598981619062
2695,1520598981620076
2696,1520598981621091
2697,1520598981622105
2698,1520598981623119
2699,1520598981624134
2700,1520598981625148
2701,1520598981626162
2702,1520598981627176
2703,1520598981628191
2704,1520598981629205
2705,1520598981630219
2706,1520598981631233
2707,1520598981632248
2708,1520598981633261
2709,1520598981634276
2710,1520598981635290
2711,1520598981636304
2712,1520598981637319
2713,1520598981638333
2714,1520598981639348
2715,1520598981640363
2716,1520598981641386
2717,1520598981642406
2718,1520598981643420
2719,1520598981644434
2720,1520598981645449
2721,1520598981646463
2722,1520598981647477
2723,1520598981648492
2724,1520598981649506
2725,1520598981650520
2726,1520598981651546
2727,1520598981652550
2728,1520598981653564
2729,1520598981654579
2730,1520598981655593
2731,1520598981656607
2732,1520598981657621
2733,1520598981658636
2734,1520598981659650
2735,1520598981660665
2736,1520598981661679
2737,1520598981662693
2738,1520598981663707
2739,1520598981664721
2740,1520598981665736
2741,1520598981666750
2742,1520598981667764
2743,1520598981668779
2744,1520598981669793
2745,1520598981670808
2746,1520598981671822
2747,1520598981672835
2748,1520598981673850
2749,1520598981674864
2750,1520598981675879
2751,1520598981676893
2752,1520598981677907
2753,1520598981678921
2754,1520598981679936
2755,1520598981680950
2756,1520598981681964
2757,1520598981682978
2758,1520598981683993
2759,1520598981685007
2760,1520598981686021
2761,1520598981687036
2762,1520598981688050
2763,1520598981689064
2764,1520598981690079
2765,1520598981691092
2766,1520598981692106
2767,1520598981693121
2768,1520598981694135
2769,1520598981695149
2770,1520598981696164
2771,1520598981697178
2772,1520598981698192
2773,1520598981699207
2774,1520598981700221
2775,1520598981701235
2776,1520598981702249
2777,1520598981703264
2778,1520598981704278
2779,1520598981705293
2780,1520598981706307
2781,1520598981707321
2782,1520598981708336
2783,1520598981709350
2784,1520598981710364
2785,1520598981711379
2786,1520598981712393
2787,1520598981713407
2788,1520598981714422
2789,1520598981715436
2790,1520598981716451
2791,1520598981717465
2792,1520598981718479
2793,1520598981719493
2794,1520598981720508
2795,1520598981721522
2796,1520598981722536
2797,1520598981723550
2798,1520598981724565
2799,1520598981725579
2800,1520598981726593
2801,1520598981727607
2802,1520598981728622
2803,1520598981729636
2804,1520598981730650
2805,1520598981731665
2806,1520598981732679
2807,1520598981733693
2808,1520598981734707
2809,1520598981735722
2810,1520598981736736
2811,1520598981737751
2812,1520598981738765
2813,1520598981739779
2814,1520598981740794
2815,1520598981741808
2816,1520598981742822
2817,1520598981743836
2818,1520598981744851
2819,1520598981745865
2820,1520598981746879
2821,1520598981747894
2822,1520598981748908
2823,1520598981749922
2824,1520598981750937
2825,1520598981751952
2826,1520598981752966
2827,1520598981753980
2828,1520598981754994
2829,1520598981756009
2830,1520598981757023
2831,1520598981758037
2832,1520598981759052
2833,1520598981760066
2834,1520598981761081
2835,1520598981762094
2836,1520598981763109
2837,1520598981764124
2838,1520598981765138
2839,1520598981766152
2840,1520598981767167
2841,1520598981768181
2842,1520598981769195
2843,1520598981770210
2844,1520598981771224
2845,1520598981772238
2846,1520598981773252
2847,1520598981774267
2848,1520598981775281
2849,1520598981776295
2850,1520598981777310
2851,1520598981778324
2852,1520598981779338
2853,1520598981780352
2854,1520598981781385
2855,1520598981782382
2856,1520598981783396
2857,1520598981784410
2858,1520598981785425
2859,1520598981786440
2860,1520598981787454
2861,1520598981788468
2862,1520598981789482
2863,1520598981790496
2864,1520598981791510
2865,1520598981792524
2866,1520598981793538
2867,1520598981794553
2868,1520598981795567
2869,1520598981796581
2870,1520598981797596
2871,1520598981798610
2872,1520598981799624
2873,1520598981800638
2874,1520598981801653
2875,1520598981802667
2876,1520598981803681
2877,1520598981804695
2878,1520598981805709
2879,1520598981806724
2880,1520598981807738
2881,1520598981808752
2882,1520598981809766
2883,1520598981810780
2884,1520598981811795
2885,1520598981812809
2886,1520598981813823
2887,1520598981814837
2888,1520598981815851
2889,1520598981816865
2890,1520598981817880
2891,1520598981818893
2892,1520598981819908
2893,1520598981820922
2894,1520598981821937
2895,1520598981822951
2896,1520598981823965
2897,1520598981824979
2898,1520598981825993
2899,1520598981827008
2900,1520598981828022
2901,1520598981829036
2902,1520598981830050
2903,1520598981831064
2904,1520598981832078
2905,1520598981833093
2906,1520598981834107
2907,1520598981835121
2908,1520598981836135
2909,1520598981837149
2910,1520598981838164
2911,1520598981839178
2912,1520598981840192
2913,1520598981841206
2914,1520598981842220
2915,1520598981843235
2916,1520598981844249
2917,1520598981845263
2918,1520598981846277
2919,1520598981847292
2920,1520598981848306
2921,1520598981849320
2922,1520598981850334
2923,1520598981851348
2924,1520598981852363
2925,1520598981853386
2926,1520598981854400
2927,1520598981855414
2928,1520598981856428
2929,1520598981857443
2930,1520598981858457
2931,1520598981859471
2932,1520598981860486
2933,1520598981861500
2934,1520598981862513
2935,1520598981863528
2936,1520598981864543
2937,1520598981865556
2938,1520598981866571
2939,1520598981867585
2940,1520598981868599
2941,1520598981869613
2942,1520598981870627
2943,1520598981871642
2944,1520598981872656
2945,1520598981873670
2946,1520598981874685
2947,1520598981875699
2948,1520598981876713
2949,1520598981877727
2950,1520598981878741
2951,1520598981879756
2952,1520598981880770
2953,1520598981881785
2954,1520598981882798
2955,1520598981883813
2956,1520598981884827
2957,1520598981885841
2958,1520598981886855
2959,1520598981887869
2960,1520598981888884
2961,1520598981889898
2962,1520598981890912
2963,1520598981891926
2964,1520598981892940
2965,1520598981893955
2966,1520598981894969
2967,1520598981895983
2968,1520598981896997
2969,1520598981898011
2970,1520598981899025
2971,1520598981900040
2972,1520598981901054
2973,1520598981902068
2974,1520598981903083
2975,1520598981904097
2976,1520598981905111
2977,1520598981906125
2978,1520598981907139
2979,1520598981908153
2980,1520598981909167
2981,1520598981910182
2982,1520598981911208
2983,1520598981912211
2984,1520598981913226
2985,1520598981914240
2986,1520598981915254
2987,1520598981916268
2988,1520598981917282
2989,1520598981918297
2990,1520598981919311
2991,1520598981920325
2992,1520598981921340
2993,1520598981922354
2994,1520598981923368
2995,1520598981924382
2996,1520598981925401
2997,1520598981926415
2998,1520598981927430
2999,1520598981928444
3000,1520598981929458
3001,1520598981930473
3002,1520598981931487
3003,1520598981932502
3004,1520598981933516
3005,1520598981934529
3006,1520598981935544
3007,1520598981936559
3008,1520598981937573
3009,1520598981938587
3010,1520598981939601
3011,1520598981940616
3012,1520598981941629
3013,1520598981942644
3014,1520598981943658
3015,1520598981944672
3016,1520598981945686
3017,1520598981946700
3018,1520598981947714
3019,1520598981948729
3020,1520598981949743
3021,1520598981950757
3022,1520598981951771
3023,1520598981952786
3024,1520598981953800
3025,1520598981954814
3026,1520598981955829
3027,1520598981956843
3028,1520598981957857
3029,1520598981958871
3030,1520598981959885
3031,1520598981960900
3032,1520598981961914
3033,1520598981962928
3034,1520598981963942
3035,1520598981964957
3036,1520598981965971
3037,1520598981966985
3038,1520598981967999
3039,1520598981969014
3040,1520598981970028
3041,1520598981971042
3042,1520598981972057
3043,1520598981973071
3044,1520598981974085
3045,1520598981975099
3046,1520598981976113
3047,1520598981977128
3048,1520598981978142
3049,1520598981979156
3050,1520598981980171
3051,1520598981981185
3052,1520598981982199
3053,1520598981983213
3054,1520598981984228
3055,1520598981985242
3056,1520598981986256
3057,1520598981987271
3058,1520598981988285
3059,1520598981989299
3060,1520598981990313
3061,1520598981991327
3062,1520598981992342
3063,1520598981993356
3064,1520598981994371
3065,1520598981995384
3066,1520598981996398
3067,1520598981997413
3068,1520598981998427
3069,1520598981999441
3070,1520598982000456
3071,1520598982001469
3072,1520598982002484
3073,1520598982003498
3074,1520598982004513
3075,1520598982005527
3076,1520598982006541
3077,1520598982007555
3078,1520598982008570
3079,1520598982009583
3080,1520598982010598
3081,1520598982011612
3082,1520598982012626
3083,1520598982013641
3084,1520598982014655
3085,1520598982015670
3086,1520598982016683
3087,1520598982017698
3088,1520598982018712
3089,1520598982019726
3090,1520598982020741
3091,1520598982021755
3092,1520598982022769
3093,1520598982023783
3094,1520598982024797
3095,1520598982025811
3096,1520598982026825
3097,1520598982027840
3098,1520598982028854
3099,1520598982029868
3100,1520598982030882
3101,1520598982031897
3102,1520598982032911
3103,1520598982033925
3104,1520598982034939
3105,1520598982035954
3106,1520598982036968
3107,1520598982037982
3108,1520598982038996
3109,1520598982040011
3110,1520598982041036
3111,1520598982042040
3112,1520598982043054
3113,1520598982044069
3114,1520598982045083
3115,1520598982046098
3116,1520598982047112
3117,1520598982048127
3118,1520598982049141
3119,1520598982050155
3120,1520598982051169
3121,1520598982052183
3122,1520598982053198
3123,1520598982054212
3124,1520598982055226
3125,1520598982056240
3126,1520598982057255
3127,1520598982058269
3128,1520598982059283
3129,1520598982060297
3130,1520598982061311
3131,1520598982062326
3132,1520598982063339
3133,1520598982064353
3134,1520598982065378
3135,1520598982066382
3136,1520598982067396
3137,1520598982068411
3138,1520598982069425
3139,1520598982070439
3140,1520598982071453
3141,1520598982072468
3142,1520598982073482
3143,1520598982074496
3144,1520598982075510
3145,1520598982076525
3146,1520598982077539
3147,1520598982078553
3148,1520598982079567
3149,1520598982080581
3150,1520598982081596
3151,1520598982082610
3152,1520598982083624
3153,1520598982084639
3154,1520598982085653
3155,1520598982086667
3156,1520598982087682
3157,1520598982088696
3158,1520598982089710
3159,1520598982090724
3160,1520598982091738
3161,1520598982092753
3162,1520598982093767
3163,1520598982094781
3164,1520598982095795
3165,1520598982096810
3166,1520598982097824
3167,1520598982098838
3168,1520598982099853
3169,1520598982100867
3170,1520598982101881
3171,1520598982102895
3172,1520598982103909
3173,1520598982104923
3174,1520598982105938
3175,1520598982106952
3176,1520598982107966
3177,1520598982108981
3178,1520598982109995
3179,1520598982111009
3180,1520598982112023
3181,1520598982113038
3182,1520598982114052
3183,1520598982115066
3184,1520598982116081
3185,1520598982117095
3186,1520598982118109
3187,1520598982119124
3188,1520598982120138
3189,1520598982121152
3190,1520598982122167
3191,1520598982123181
3192,1520598982124196
3193,1520598982125210
3194,1520598982126224
3195,1520598982127238
3196,1520598982128253
3197,1520598982129267
3198,1520598982130282
3199,1520598982131296
3200,1520598982132310
3201,1520598982133325
3202,1520598982134339
3203,1520598982135353
3204,1520598982136368
3205,1520598982137391
3206,1520598982138397
3207,1520598982139411
3208,1520598982140426
3209,1520598982141440
3210,1520598982142454
3211,1520598982143469
3212,1520598982144483
3213,1520598982145497
3214,1520598982146511
3215,1520598982147525
3216,1520598982148540
3217,1520598982149554
3218,1520598982150568
3219,1520598982151581
3220,1520598982152596
3221,1520598982153610
3222,1520598982154624
3223,1520598982155639
3224,1520598982156653
3225,1520598982157667
3226,1520598982158681
3227,1520598982159696
3228,1520598982160710
3229,1520598982161725
3230,1520598982162739
3231,1520598982163753
3232,1520598982164768
3233,1520598982165782
3234,1520598982166796
3235,1520598982167810
3236,1520598982168824
3237,1520598982169838
3238,1520598982170865
3239,1520598982171868
3240,1520598982172883
3241,1520598982173897
3242,1520598982174911
3243,1520598982175925
3244,1520598982176939
3245,1520598982177954
3246,1520598982178967
3247,1520598982179982
3248,1520598982180996
3249,1520598982182010
3250,1520598982183025
3251,1520598982184038
3252,1520598982185053
3253,1520598982186067
3254,1520598982187082
3255,1520598982188096
3256,1520598982189110
3257,1520598982190125
3258,1520598982191139
3259,1520598982192153
3260,1520598982193168
3261,1520598982194182
3262,1520598982195196
3263,1520598982196210
3264,1520598982197224
3265,1520598982198238
3266,1520598982199253
3267,1520598982200267
3268,1520598982201281
3269,1520598982202295
3270,1520598982203310
3271,1520598982204324
3272,1520598982205339
3273,1520598982206352
3274,1520598982207367
3275,1520598982208381
3276,1520598982209400
3277,1520598982210415
3278,1520598982211429
3279,1520598982212443
3280,1520598982213457
3281,1520598982214471
3282,1520598982215486
3283,1520598982216501
3284,1520598982217515
3285,1520598982218528
3286,1520598982219543
3287,1520598982220557
3288,1520598982221572
3289,1520598982222586
3290,1520598982223600
3291,1520598982224615
3292,1520598982225629
3293,1520598982226643
3294,1520598982227658
3295,1520598982228672
3296,1520598982229686
3297,1520598982230700
3298,1520598982231715
3299,1520598982232729
3300,1520598982233743
3301,1520598982234757
3302,1520598982235772
3303,1520598982236786
3304,1520598982237800
3305,1520598982238815
3306,1520598982239829
3307,1520598982240843
3308,1520598982241857
3309,1520598982242871
3310,1520598982243885
3311,1520598982244900
3312,1520598982245914
3313,1520598982246928
3314,1520598982247942
3315,1520598982248956
3316,1520598982249970
3317,1520598982250985
3318,1520598982251999
3319,1520598982253013
3320,1520598982254028
3321,1520598982255041
3322,1520598982256056
3323,1520598982257071
3324,1520598982258085
3325,1520598982259099
3326,1520598982260113
3327,1520598982261127
3328,1520598982262142
3329,1520598982263156
3330,1520598982264170
3331,1520598982265185
3332,1520598982266199
3333,1520598982267213
3334,1520598982268228
3335,1520598982269242
3336,1520598982270256
3337,1520598982271270
3338,1520598982272285
3339,1520598982273299
3340,1520598982274313
3341,1520598982275327
3342,1520598982276342
3343,1520598982277356
3344,1520598982278370
3345,1520598982279384
3346,1520598982280399
3347,1520598982281413
3348,1520598982282427
3349,1520598982283441
3350,1520598982284455
3351,1520598982285470
3352,1520598982286484
3353,1520598982287498
3354,1520598982288513
3355,1520598982289527
3356,1520598982290541
3357,1520598982291555
3358,1520598982292569
3359,1520598982293583
3360,1520598982294597
3361,1520598982295612
3362,1520598982296626
3363,1520598982297640
3364,1520598982298655
3365,1520598982299669
3366,1520598982300694
3367,1520598982301698
3368,1520598982302712
3369,1520598982303727
3370,1520598982304741
3371,1520598982305755
3372,1520598982306770
3373,1520598982307783
3374,1520598982308797
3375,1520598982309811
3376,1520598982310825
3377,1520598982311840
3378,1520598982312854
3379,1520598982313868
3380,1520598982314882
3381,1520598982315897
3382,1520598982316911
3383,1520598982317925
3384,1520598982318939
3385,1520598982319954
3386,1520598982320968
3387,1520598982321982
3388,1520598982322996
3389,1520598982324011
3390,1520598982325025
3391,1520598982326039
3392,1520598982327053
3393,1520598982328067
3394,1520598982329082
3395,1520598982330096
3396,1520598982331110
3397,1520598982332124
3398,1520598982333139
3399,1520598982334153
3400,1520598982335167
3401,1520598982336181
3402,1520598982337195
3403,1520598982338209
3404,1520598982339224
3405,1520598982340239
3406,1520598982341252
3407,1520598982342267
3408,1520598982343281
3409,1520598982344295
3410,1520598982345309
3411,1520598982346324
3412,1520598982347338
3413,1520598982348352
3414,1520598982349367
3415,1520598982350381
3416,1520598982351395
3417,1520598982352409
3418,1520598982353423
3419,1520598982354437
3420,1520598982355452
3421,1520598982356466
3422,1520598982357480
3423,1520598982358494
3424,1520598982359509
3425,1520598982360523
3426,1520598982361537
3427,1520598982362551
3428,1520598982363566
3429,1520598982364580
3430,1520598982365594
3431,1520598982366608
3432,1520598982367623
3433,1520598982368637
3434,1520598982369651
3435,1520598982370665
3436,1520598982371679
3437,1520598982372694
3438,1520598982373708
3439,1520598982374722
3440,1520598982375736
3441,1520598982376750
3442,1520598982377765
3443,1520598982378779
3444,1520598982379794
3445,1520598982380807
3446,1520598982381822
3447,1520598982382836
3448,1520598982383850
3449,1520598982384864
3450,1520598982385878
3451,1520598982386892
3452,1520598982387907
3453,1520598982388922
3454,1520598982389936
3455,1520598982390950
3456,1520598982391964
3457,1520598982392978
3458,1520598982393993
3459,1520598982395007
3460,1520598982396021
3461,1520598982397035
3462,1520598982398049
3463,1520598982399064
3464,1520598982400078
3465,1520598982401092
3466,1520598982402106
3467,1520598982403120
3468,1520598982404135
3469,1520598982405149
3470,1520598982406163
3471,1520598982407177
3472,1520598982408192
3473,1520598982409206
3474,1520598982410220
3475,1520598982411234
3476,1520598982412249
3477,1520598982413263
3478,1520598982414277
3479,1520598982415291
3480,1520598982416306
3481,1520598982417320
3482,1520598982418336
3483,1520598982419349
3484,1520598982420363
3485,1520598982421385
3486,1520598982422400
3487,1520598982423414
3488,1520598982424429
3489,1520598982425442
3490,1520598982426456
3491,1520598982427471
3492,1520598982428485
3493,1520598982429499
3494,1520598982430525
3495,1520598982431529
3496,1520598982432543
3497,1520598982433558
3498,1520598982434572
3499,1520598982435586
3500,1520598982436601
3501,1520598982437615
3502,1520598982438629
3503,1520598982439644
3504,1520598982440658
3505,1520598982441673
3506,1520598982442687
3507,1520598982443701
3508,1520598982444716
3509,1520598982445730
3510,1520598982446744
3511,1520598982447758
3512,1520598982448772
3513,1520598982449786
3514,1520598982450800
3515,1520598982451815
3516,1520598982452829
3517,1520598982453843
3518,1520598982454857
3519,1520598982455872
3520,1520598982456886
3521,1520598982457900
3522,1520598982458914
3523,1520598982459928
3524,1520598982460942
3525,1520598982461957
3526,1520598982462971
3527,1520598982463985
3528,1520598982464999
3529,1520598982466014
3530,1520598982467028
3531,1520598982468042
3532,1520598982469056
3533,1520598982470070
3534,1520598982471084
3535,1520598982472099
3536,1520598982473113
3537,1520598982474127
3538,1520598982475141
3539,1520598982476156
3540,1520598982477170
3541,1520598982478185
3542,1520598982479198
3543,1520598982480213
3544,1520598982481227
3545,1520598982482243
3546,1520598982483256
3547,1520598982484270
3548,1520598982485284
3549,1520598982486299
3550,1520598982487313
3551,1520598982488327
3552,1520598982489342
3553,1520598982490356
3554,1520598982491370
3555,1520598982492384
3556,1520598982493401
3557,1520598982494416
3558,1520598982495430
3559,1520598982496445
3560,1520598982497458
3561,1520598982498473
3562,1520598982499487
3563,1520598982500502
3564,1520598982501515
3565,1520598982502530
3566,1520598982503545
3567,1520598982504559
3568,1520598982505573
3569,1520598982506587
3570,1520598982507602
3571,1520598982508616
3572,1520598982509630
3573,1520598982510644
3574,1520598982511658
3575,1520598982512673
3576,1520598982513687
3577,1520598982514702
3578,1520598982515716
3579,1520598982516731
3580,1520598982517744
3581,1520598982518758
3582,1520598982519773
3583,1520598982520787
3584,1520598982521801
3585,1520598982522816
3586,1520598982523830
3587,1520598982524844
3588,1520598982525858
3589,1520598982526873
3590,1520598982527888
3591,1520598982528902
3592,1520598982529916
3593,1520598982530930
3594,1520598982531945
3595,1520598982532959
3596,1520598982533973
3597,1520598982534987
3598,1520598982536002
3599,1520598982537016
3600,1520598982538030
3601,1520598982539044
3602,1520598982540059
3603,1520598982541073
3604,1520598982542086
3605,1520598982543101
3606,1520598982544116
3607,1520598982545130
3608,1520598982546144
3609,1520598982547159
3610,1520598982548173
3611,1520598982549187
3612,1520598982550202
3613,1520598982551216
3614,1520598982552230
3615,1520598982553245
3616,1520598982554259
3617,1520598982555273
3618,1520598982556288
3619,1520598982557302
3620,1520598982558316
3621,1520598982559331
3622,1520598982560372
3623,1520598982561361
3624,1520598982562375
3625,1520598982563389
3626,1520598982564404
3627,1520598982565418
3628,1520598982566432
3629,1520598982567446
3630,1520598982568461
3631,1520598982569474
3632,1520598982570488
3633,1520598982571503
3634,1520598982572518
3635,1520598982573532
3636,1520598982574547
3637,1520598982575560
3638,1520598982576575
3639,1520598982577589
3640,1520598982578603
3641,1520598982579617
3642,1520598982580632
3643,1520598982581646
3644,1520598982582661
3645,1520598982583675
3646,1520598982584689
3647,1520598982585704
3648,1520598982586718
3649,1520598982587732
3650,1520598982588747
3651,1520598982589760
3652,1520598982590775
3653,1520598982591789
3654,1520598982592803
3655,1520598982593817
3656,1520598982594832
3657,1520598982595845
3658,1520598982596860
3659,1520598982597874
3660,1520598982598888
3661,1520598982599903
3662,1520598982600917
3663,1520598982601931
3664,1520598982602945
3665,1520598982603960
3666,1520598982604974
3667,1520598982605988
3668,1520598982607003
3669,1520598982608017
3670,1520598982609031
3671,1520598982610045
3672,1520598982611060
3673,1520598982612074
3674,1520598982613089
3675,1520598982614103
3676,1520598982615117
3677,1520598982616132
3678,1520598982617145
3679,1520598982618160
3680,1520598982619173
3681,1520598982620188
3682,1520598982621202
3683,1520598982622216
3684,1520598982623231
3685,1520598982624245
3686,1520598982625259
3687,1520598982626274
3688,1520598982627288
3689,1520598982628302
3690,1520598982629317
3691,1520598982630331
3692,1520598982631345
3693,1520598982632360
3694,1520598982633383
3695,1520598982634388
3696,1520598982635402
3697,1520598982636417
3698,1520598982637431
3699,1520598982638445
3700,1520598982639460
3701,1520598982640474
3702,1520598982641489
3703,1520598982642504
3704,1520598982643518
3705,1520598982644532
3706,1520598982645546
3707,1520598982646561
3708,1520598982647575
3709,1520598982648590
3710,1520598982649604
3711,1520598982650618
3712,1520598982651633
3713,1520598982652647
3714,1520598982653661
3715,1520598982654675
3716,1520598982655690
3717,1520598982656704
3718,1520598982657718
3719,1520598982658733
3720,1520598982659747
3721,1520598982660761
3722,1520598982661776
3723,1520598982662790
3724,1520598982663804
3725,1520598982664819
3726,1520598982665833
3727,1520598982666847
3728,1520598982667861
3729,1520598982668876
3730,1520598982669890
3731,1520598982670904
3732,1520598982671918
3733,1520598982672933
3734,1520598982673947
3735,1520598982674961
3736,1520598982675976
3737,1520598982676990
3738,1520598982678004
3739,1520598982679018
3740,1520598982680033
3741,1520598982681047
3742,1520598982682061
3743,1520598982683076
3744,1520598982684090
3745,1520598982685105
3746,1520598982686119
3747,1520598982687133
3748,1520598982688148
3749,1520598982689162
3750,1520598982690187
3751,1520598982691192
3752,1520598982692206
3753,1520598982693220
3754,1520598982694234
3755,1520598982695248
3756,1520598982696263
3757,1520598982697278
3758,1520598982698292
3759,1520598982699306
3760,1520598982700321
3761,1520598982701335
3762,1520598982702349
3763,1520598982703363
3764,1520598982704378
3765,1520598982705398
3766,1520598982706412
3767,1520598982707426
3768,1520598982708441
3769,1520598982709455
3770,1520598982710469
3771,1520598982711483
3772,1520598982712498
3773,1520598982713512
3774,1520598982714526
3775,1520598982715540
3776,1520598982716554
3777,1520598982717569
3778,1520598982718583
3779,1520598982719597
3780,1520598982720612
3781,1520598982721626
3782,1520598982722641
3783,1520598982723655
3784,1520598982724670
3785,1520598982725684
3786,1520598982726698
3787,1520598982727712
3788,1520598982728727
3789,1520598982729741
3790,1520598982730756
3791,1520598982731770
3792,1520598982732784
3793,1520598982733798
3794,1520598982734813
3795,1520598982735827
3796,1520598982736842
3797,1520598982737856
3798,1520598982738870
3799,1520598982739884
3800,1520598982740899
3801,1520598982741913
3802,1520598982742927
3803,1520598982743941
3804,1520598982744956
3805,1520598982745970
3806,1520598982746985
3807,1520598982747999
3808,1520598982749013
3809,1520598982750027
3810,1520598982751042
3811,1520598982752056
3812,1520598982753070
3813,1520598982754084
3814,1520598982755099
3815,1520598982756113
3816,1520598982757128
3817,1520598982758141
3818,1520598982759156
3819,1520598982760170
3820,1520598982761184
3821,1520598982762199
3822,1520598982763213
3823,1520598982764228
3824,1520598982765242
3825,1520598982766256
3826,1520598982767271
3827,1520598982768284
3828,1520598982769299
3829,1520598982770313
3830,1520598982771328
3831,1520598982772342
3832,1520598982773356
3833,1520598982774369
3834,1520598982775384
3835,1520598982776399
3836,1520598982777413
3837,1520598982778427
3838,1520598982779442
3839,1520598982780456
3840,1520598982781470
3841,1520598982782485
3842,1520598982783499
3843,1520598982784513
3844,1520598982785528
3845,1520598982786542
3846,1520598982787556
3847,1520598982788571
3848,1520598982789585
3849,1520598982790600
3850,1520598982791614
3851,1520598982792628
3852,1520598982793642
3853,1520598982794657
3854,1520598982795671
3855,1520598982796686
3856,1520598982797699
3857,1520598982798714
3858,1520598982799728
3859,1520598982800742
3860,1520598982801757
3861,1520598982802771
3862,1520598982803785
3863,1520598982804800
3864,1520598982805814
3865,1520598982806828
3866,1520598982807843
3867,1520598982808857
3868,1520598982809871
3869,1520598982810886
3870,1520598982811900
3871,1520598982812914
3872,1520598982813928
3873,1520598982814942
3874,1520598982815957
3875,1520598982816971
3876,1520598982817985
3877,1520598982819000
3878,1520598982820025
3879,1520598982821029
3880,1520598982822043
3881,1520598982823057
3882,1520598982824072
3883,1520598982825086
3884,1520598982826101
3885,1520598982827115
3886,1520598982828129
3887,1520598982829144
3888,1520598982830158
3889,1520598982831172
3890,1520598982832186
3891,1520598982833201
3892,1520598982834215
3893,1520598982835229
3894,1520598982836243
3895,1520598982837257
3896,1520598982838271
3897,1520598982839286
3898,1520598982840300
3899,1520598982841314
3900,1520598982842328
3901,1520598982843342
3902,1520598982844357
3903,1520598982845380
3904,1520598982846385
3905,1520598982847399
3906,1520598982848413
3907,1520598982849428
3908,1520598982850442
3909,1520598982851456
3910,1520598982852470
3911,1520598982853484
3912,1520598982854499
3913,1520598982855513
3914,1520598982856527
3915,1520598982857541
3916,1520598982858555
3917,1520598982859570
3918,1520598982860584
3919,1520598982861599
3920,1520598982862613
3921,1520598982863627
3922,1520598982864642
3923,1520598982865656
3924,1520598982866670
3925,1520598982867685
3926,1520598982868699
3927,1520598982869713
3928,1520598982870727
3929,1520598982871741
3930,1520598982872756
3931,1520598982873770
3932,1520598982874785
3933,1520598982875799
3934,1520598982876813
3935,1520598982877827
3936,1520598982878842
3937,1520598982879856
3938,1520598982880870
3939,1520598982881884
3940,1520598982882898
3941,1520598982883912
3942,1520598982884927
3943,1520598982885941
3944,1520598982886955
3945,1520598982887969
3946,1520598982888984
3947,1520598982889998
3948,1520598982891012
3949,1520598982892026
3950,1520598982893041
3951,1520598982894054
3952,1520598982895069
3953,1520598982896083
3954,1520598982897097
3955,1520598982898111
3956,1520598982899126
3957,1520598982900140
3958,1520598982901154
3959,1520598982902168
3960,1520598982903182
3961,1520598982904196
3962,1520598982905211
3963,1520598982906225
3964,1520598982907239
3965,1520598982908254
3966,1520598982909268
3967,1520598982910282
3968,1520598982911296
3969,1520598982912311
3970,1520598982913325
3971,1520598982914339
3972,1520598982915353
3973,1520598982916367
3974,1520598982917390
3975,1520598982918396
3976,1520598982919410
3977,1520598982920425
3978,1520598982921439
3979,1520598982922453
3980,1520598982923468
3981,1520598982924482
3982,1520598982925496
3983,1520598982926510
3984,1520598982927525
3985,1520598982928539
3986,1520598982929553
3987,1520598982930568
3988,1520598982931582
3989,1520598982932596
3990,1520598982933610
3991,1520598982934625
3992,1520598982935639
3993,1520598982936653
3994,1520598982937667
3995,1520598982938682
3996,1520598982939696
3997,1520598982940711
3998,1520598982941725
3999,1520598982942739
4000,1520598982943754
4001,1520598982944768
4002,1520598982945782
4003,1520598982946796
4004,1520598982947811
4005,1520598982948825
4006,1520598982949840
4007,1520598982950854
4008,1520598982951868
4009,1520598982952882
4010,1520598982953896
4011,1520598982954911
4012,1520598982955925
4013,1520598982956939
4014,1520598982957953
4015,1520598982958967
4016,1520598982959981
4017,1520598982960996
4018,1520598982962010
4019,1520598982963024
4020,1520598982964039
4021,1520598982965053
4022,1520598982966067
4023,1520598982967081
4024,1520598982968096
4025,1520598982969110
4026,1520598982970124
4027,1520598982971138
4028,1520598982972153
4029,1520598982973167
4030,1520598982974181
4031,1520598982975195
4032,1520598982976210
4033,1520598982977224
4034,1520598982978238
4035,1520598982979252
4036,1520598982980267
4037,1520598982981281
4038,1520598982982295
4039,1520598982983309
4040,1520598982984324
4041,1520598982985338
4042,1520598982986352
4043,1520598982987367
4044,1520598982988381
4045,1520598982989400
4046,1520598982990414
4047,1520598982991428
4048,1520598982992442
4049,1520598982993457
4050,1520598982994471
4051,1520598982995485
4052,1520598982996499
4053,1520598982997513
4054,1520598982998527
4055,1520598982999541
4056,1520598983000556
4057,1520598983001570
4058,1520598983002585
4059,1520598983003599
4060,1520598983004614
4061,1520598983005628
4062,1520598983006642
4063,1520598983007657
4064,1520598983008671
4065,1520598983009685
4066,1520598983010699
4067,1520598983011714
4068,1520598983012727
4069,1520598983013742
4070,1520598983014756
4071,1520598983015770
4072,1520598983016784
4073,1520598983017798
4074,1520598983018813
4075,1520598983019828
4076,1520598983020842
4077,1520598983021856
4078,1520598983022870
4079,1520598983023885
4080,1520598983024898
4081,1520598983025913
4082,1520598983026927
4083,1520598983027941
4084,1520598983028956
4085,1520598983029970
4086,1520598983030984
4087,1520598983031998
4088,1520598983033012
4089,1520598983034026
4090,1520598983035040
4091,1520598983036055
4092,1520598983037069
4093,1520598983038083
4094,1520598983039097
4095,1520598983040112
4096,1520598983041586
4097,1520598983042148
4098,1520598983043161
4099,1520598983044176
4100,1520598983045190
4101,1520598983046206
4102,1520598983047219
4103,1520598983048234
4104,1520598983049248
4105,1520598983050264
4106,1520598983051278
4107,1520598983052292
4108,1520598983053307
4109,1520598983054322
4110,1520598983055335
4111,1520598983056350
4112,1520598983057365
4113,1520598983058378
4114,1520598983059393
4115,1520598983060407
4116,1520598983061421
4117,1520598983062436
4118,1520598983063450
4119,1520598983064464
4120,1520598983065478
4121,1520598983066493
4122,1520598983067507
4123,1520598983068521
4124,1520598983069535
4125,1520598983070549
4126,1520598983071564
4127,1520598983072578
4128,1520598983073592
4129,1520598983074607
4130,1520598983075621
4131,1520598983076635
4132,1520598983077650
4133,1520598983078664
4134,1520598983079678
4135,1520598983080692
4136,1520598983081706
4137,1520598983082720
4138,1520598983083735
4139,1520598983084749
4140,1520598983085763
4141,1520598983086777
4142,1520598983087792
4143,1520598983088806
4144,1520598983089820
4145,1520598983090835
4146,1520598983091849
4147,1520598983092863
4148,1520598983093877
4149,1520598983094892
4150,1520598983095906
4151,1520598983096920
4152,1520598983097934
4153,1520598983098948
4154,1520598983099962
4155,1520598983100977
4156,1520598983101991
4157,1520598983103006
4158,1520598983104019
4159,1520598983105034
4160,1520598983106048
4161,1520598983107063
4162,1520598983108077
4163,1520598983109091
4164,1520598983110105
4165,1520598983111119
4166,1520598983112134
4167,1520598983113148
4168,1520598983114162
4169,1520598983115177
4170,1520598983116191
4171,1520598983117205
4172,1520598983118219
4173,1520598983119234
4174,1520598983120248
4175,1520598983121262
4176,1520598983122276
4177,1520598983123290
4178,1520598983124304
4179,1520598983125318
4180,1520598983126333
4181,1520598983127347
4182,1520598983128362
4183,1520598983129385
4184,1520598983130390
4185,1520598983131405
4186,1520598983132419
4187,1520598983133433
4188,1520598983134447
4189,1520598983135461
4190,1520598983136475
4191,1520598983137490
4192,1520598983138504
4193,1520598983139518
4194,1520598983140533
4195,1520598983141546
4196,1520598983142561
4197,1520598983143575
4198,1520598983144589
4199,1520598983145604
4200,1520598983146618
4201,1520598983147632
4202,1520598983148647
4203,1520598983149661
4204,1520598983150675
4205,1520598983151689
4206,1520598983152703
4207,1520598983153718
4208,1520598983154732
4209,1520598983155746
4210,1520598983156760
4211,1520598983157775
4212,1520598983158788
4213,1520598983159803
4214,1520598983160817
4215,1520598983161831
4216,1520598983162845
4217,1520598983163860
4218,1520598983164875
4219,1520598983165888
4220,1520598983166903
4221,1520598983167917
4222,1520598983168931
4223,1520598983169958
4224,1520598983170961
4225,1520598983171975
4226,1520598983172989
4227,1520598983174004
4228,1520598983175018
4229,1520598983176032
4230,1520598983177046
4231,1520598983178061
4232,1520598983179075
4233,1520598983180089
4234,1520598983181103
4235,1520598983182117
4236,1520598983183132
4237,1520598983184146
4238,1520598983185160
4239,1520598983186174
4240,1520598983187188
4241,1520598983188203
4242,1520598983189217
4243,1520598983190231
4244,1520598983191245
4245,1520598983192260
4246,1520598983193274
4247,1520598983194288
4248,1520598983195303
4249,1520598983196317
4250,1520598983197331
4251,1520598983198345
4252,1520598983199360
4253,1520598983200374
4254,1520598983201397
4255,1520598983202411
4256,1520598983203425
4257,1520598983204440
4258,1520598983205454
4259,1520598983206468
4260,1520598983207482
4261,1520598983208497
4262,1520598983209511
4263,1520598983210525
4264,1520598983211540
4265,1520598983212554
4266,1520598983213568
4267,1520598983214582
4268,1520598983215597
4269,1520598983216611
4270,1520598983217625
4271,1520598983218639
4272,1520598983219654
4273,1520598983220668
4274,1520598983221682
4275,1520598983222697
4276,1520598983223711
4277,1520598983224725
4278,1520598983225739
4279,1520598983226753
4280,1520598983227768
4281,1520598983228782
4282,1520598983229796
4283,1520598983230810
4284,1520598983231824
4285,1520598983232839
4286,1520598983233853
4287,1520598983234867
4288,1520598983235881
4289,1520598983236895
4290,1520598983237909
4291,1520598983238923
4292,1520598983239938
4293,1520598983240952
4294,1520598983241966
4295,1520598983242980
4296,1520598983243994
4297,1520598983245009
4298,1520598983246023
4299,1520598983247037
4300,1520598983248052
4301,1520598983249066
4302,1520598983250080
4303,1520598983251095
4304,1520598983252108
4305,1520598983253123
4306,1520598983254137
4307,1520598983255151
4308,1520598983256165
4309,1520598983257180
4310,1520598983258194
4311,1520598983259208
4312,1520598983260223
4313,1520598983261236
4314,1520598983262250
4315,1520598983263265
4316,1520598983264279
4317,1520598983265294
4318,1520598983266308
4319,1520598983267322
4320,1520598983268336
4321,1520598983269351
4322,1520598983270364
4323,1520598983271379
4324,1520598983272393
4325,1520598983273407
4326,1520598983274421
4327,1520598983275436
4328,1520598983276450
4329,1520598983277464
4330,1520598983278478
4331,1520598983279493
4332,1520598983280507
4333,1520598983281521
4334,1520598983282536
4335,1520598983283550
4336,1520598983284564
4337,1520598983285578
4338,1520598983286592
4339,1520598983287607
4340,1520598983288622
4341,1520598983289635
4342,1520598983290650
4343,1520598983291665
4344,1520598983292679
4345,1520598983293693
4346,1520598983294707
4347,1520598983295721
4348,1520598983296736
4349,1520598983297750
4350,1520598983298765
4351,1520598983299790
4352,1520598983300794
4353,1520598983301808
4354,1520598983302822
4355,1520598983303836
4356,1520598983304850
4357,1520598983305865
4358,1520598983306879
4359,1520598983307893
4360,1520598983308908
4361,1520598983309921
4362,1520598983310936
4363,1520598983311950
4364,1520598983312965
4365,1520598983313979
4366,1520598983314993
4367,1520598983316007
4368,1520598983317021
4369,1520598983318035
4370,1520598983319049
4371,1520598983320064
4372,1520598983321078
4373,1520598983322092
4374,1520598983323106
4375,1520598983324121
4376,1520598983325135
4377,1520598983326149
4378,1520598983327163
4379,1520598983328178
4380,1520598983329192
4381,1520598983330206
4382,1520598983331220
4383,1520598983332234
4384,1520598983333249
4385,1520598983334263
4386,1520598983335277
4387,1520598983336291
4388,1520598983337306
4389,1520598983338320
4390,1520598983339334
4391,1520598983340348
4392,1520598983341362
4393,1520598983342376
4394,1520598983343391
4395,1520598983344405
4396,1520598983345419
4397,1520598983346433
4398,1520598983347448
4399,1520598983348462
4400,1520598983349476
4401,1520598983350490
4402,1520598983351505
4403,1520598983352519
4404,1520598983353533
4405,1520598983354547
4406,1520598983355562
4407,1520598983356576
4408,1520598983357590
4409,1520598983358605
4410,1520598983359619
4411,1520598983360633
4412,1520598983361647
4413,1520598983362662
4414,1520598983363676
4415,1520598983364690
4416,1520598983365705
4417,1520598983366719
4418,1520598983367733
4419,1520598983368748
4420,1520598983369762
4421,1520598983370776
4422,1520598983371790
4423,1520598983372804
4424,1520598983373818
4425,1520598983374832
4426,1520598983375847
4427,1520598983376861
4428,1520598983377875
4429,1520598983378890
4430,1520598983379904
4431,1520598983380918
4432,1520598983381932
4433,1520598983382946
4434,1520598983383961
4435,1520598983384975
4436,1520598983385989
4437,1520598983387004
4438,1520598983388017
4439,1520598983389032
4440,1520598983390046
4441,1520598983391060
4442,1520598983392074
4443,1520598983393089
4444,1520598983394103
4445,1520598983395117
4446,1520598983396131
4447,1520598983397145
4448,1520598983398160
4449,1520598983399174
4450,1520598983400188
4451,1520598983401203
4452,1520598983402217
4453,1520598983403231
4454,1520598983404245
4455,1520598983405259
4456,1520598983406273
4457,1520598983407287
4458,1520598983408302
4459,1520598983409316
4460,1520598983410330
4461,1520598983411344
4462,1520598983412358
4463,1520598983413382
4464,1520598983414386
4465,1520598983415401
4466,1520598983416415
4467,1520598983417430
4468,1520598983418444
4469,1520598983419458
4470,1520598983420472
4471,1520598983421486
4472,1520598983422500
4473,1520598983423515
4474,1520598983424529
4475,1520598983425543
4476,1520598983426557
4477,1520598983427571
4478,1520598983428585
4479,1520598983429611
4480,1520598983430615
4481,1520598983431629
4482,1520598983432643
4483,1520598983433657
4484,1520598983434671
4485,1520598983435685
4486,1520598983436699
4487,1520598983437714
4488,1520598983438727
4489,1520598983439742
4490,1520598983440756
4491,1520598983441774
4492,1520598983442786
4493,1520598983443801
4494,1520598983444815
4495,1520598983445829
4496,1520598983446844
4497,1520598983447858
4498,1520598983448872
4499,1520598983449886
4500,1520598983450900
4501,1520598983451915
4502,1520598983452929
4503,1520598983453943
4504,1520598983454957
4505,1520598983455972
4506,1520598983456987
4507,1520598983458000
4508,1520598983459014
4509,1520598983460029
4510,1520598983461044
4511,1520598983462057
4512,1520598983463073
4513,1520598983464086
4514,1520598983465100
4515,1520598983466114
4516,1520598983467128
4517,1520598983468143
4518,1520598983469157
4519,1520598983470171
4520,1520598983471186
4521,1520598983472199
4522,1520598983473214
4523,1520598983474228
4524,1520598983475242
4525,1520598983476256
4526,1520598983477271
4527,1520598983478285
4528,1520598983479300
4529,1520598983480314
4530,1520598983481328
4531,1520598983482342
4532,1520598983483356
4533,1520598983484371
4534,1520598983485394
4535,1520598983486409
4536,1520598983487423
4537,1520598983488437
4538,1520598983489451
4539,1520598983490465
4540,1520598983491479
4541,1520598983492494
4542,1520598983493508
4543,1520598983494522
4544,1520598983495537
4545,1520598983496551
4546,1520598983497565
4547,1520598983498579
4548,1520598983499594
4549,1520598983500608
4550,1520598983501622
4551,1520598983502636
4552,1520598983503650
4553,1520598983504665
4554,1520598983505678
4555,1520598983506692
4556,1520598983507707
4557,1520598983508721
4558,1520598983509735
4559,1520598983510749
4560,1520598983511763
4561,1520598983512778
4562,1520598983513792
4563,1520598983514806
4564,1520598983515821
4565,1520598983516835
4566,1520598983517849
4567,1520598983518863
4568,1520598983519877
4569,1520598983520892
4570,1520598983521906
4571,1520598983522920
4572,1520598983523934
4573,1520598983524949
4574,1520598983525963
4575,1520598983526977
4576,1520598983527992
4577,1520598983529006
4578,1520598983530020
4579,1520598983531034
4580,1520598983532049
4581,1520598983533063
4582,1520598983534076
4583,1520598983535091
4584,1520598983536105
4585,1520598983537120
4586,1520598983538134
4587,1520598983539148
4588,1520598983540162
4589,1520598983541177
4590,1520598983542191
4591,1520598983543205
4592,1520598983544219
4593,1520598983545234
4594,1520598983546247
4595,1520598983547262
4596,1520598983548276
4597,1520598983549290
4598,1520598983550304
4599,1520598983551319
4600,1520598983552333
4601,1520598983553347
4602,1520598983554362
4603,1520598983555375
4604,1520598983556390
4605,1520598983557405
4606,1520598983558419
4607,1520598983559445
4608,1520598983560449
4609,1520598983561463
4610,1520598983562478
4611,1520598983563492
4612,1520598983564507
4613,1520598983565521
4614,1520598983566535
4615,1520598983567550
4616,1520598983568564
4617,1520598983569578
4618,1520598983570593
4619,1520598983571607
4620,1520598983572622
4621,1520598983573635
4622,1520598983574650
4623,1520598983575664
4624,1520598983576679
4625,1520598983577693
4626,1520598983578708
4627,1520598983579722
4628,1520598983580736
4629,1520598983581750
4630,1520598983582765
4631,1520598983583779
4632,1520598983584793
4633,1520598983585807
4634,1520598983586822
4635,1520598983587836
4636,1520598983588850
4637,1520598983589864
4638,1520598983590878
4639,1520598983591893
4640,1520598983592907
4641,1520598983593921
4642,1520598983594936
4643,1520598983595949
4644,1520598983596964
4645,1520598983597978
4646,1520598983598992
4647,1520598983600007
4648,1520598983601021
4649,1520598983602035
4650,1520598983603049
4651,1520598983604064
4652,1520598983605078
4653,1520598983606092
4654,1520598983607106
4655,1520598983608121
4656,1520598983609135
4657,1520598983610149
4658,1520598983611163
4659,1520598983612178
4660,1520598983613192
4661,1520598983614206
4662,1520598983615220
4663,1520598983616235
4664,1520598983617249
4665,1520598983618263
4666,1520598983619277
4667,1520598983620292
4668,1520598983621306
4669,1520598983622320
4670,1520598983623335
4671,1520598983624349
4672,1520598983625363
4673,1520598983626377
4674,1520598983627391
4675,1520598983628406
4676,1520598983629420
4677,1520598983630434
4678,1520598983631448
4679,1520598983632463
4680,1520598983633477
4681,1520598983634491
4682,1520598983635505
4683,1520598983636520
4684,1520598983637534
4685,1520598983638548
4686,1520598983639563
4687,1520598983640577
4688,1520598983641591
4689,1520598983642606
4690,1520598983643621
4691,1520598983644635
4692,1520598983645649
4693,1520598983646664
4694,1520598983647678
4695,1520598983648692
4696,1520598983649706
4697,1520598983650721
4698,1520598983651735
4699,1520598983652749
4700,1520598983653763
4701,1520598983654777
4702,1520598983655791
4703,1520598983656805
4704,1520598983657820
4705,1520598983658834
4706,1520598983659849
4707,1520598983660863
4708,1520598983661877
4709,1520598983662891
4710,1520598983663906
4711,1520598983664920
4712,1520598983665934
4713,1520598983666948
4714,1520598983667962
4715,1520598983668977
4716,1520598983669991
4717,1520598983671006
4718,1520598983672020
4719,1520598983673034
4720,1520598983674048
4721,1520598983675063
4722,1520598983676077
4723,1520598983677091
4724,1520598983678106
4725,1520598983679119
4726,1520598983680134
4727,1520598983681149
4728,1520598983682162
4729,1520598983683177
4730,1520598983684190
4731,1520598983685205
4732,1520598983686219
4733,1520598983687233
4734,1520598983688248
4735,1520598983689273
4736,1520598983690277
4737,1520598983691291
4738,1520598983692306
4739,1520598983693320
4740,1520598983694334
4741,1520598983695348
4742,1520598983696362
4743,1520598983697387
4744,1520598983698400
4745,1520598983699414
4746,1520598983700428
4747,1520598983701443
4748,1520598983702457
4749,1520598983703471
4750,1520598983704486
4751,1520598983705500
4752,1520598983706514
4753,1520598983707528
4754,1520598983708543
4755,1520598983709557
4756,1520598983710571
4757,1520598983711586
4758,1520598983712600
4759,1520598983713614
4760,1520598983714628
4761,1520598983715643
4762,1520598983716657
4763,1520598983717672
4764,1520598983718685
4765,1520598983719700
4766,1520598983720714
4767,1520598983721728
4768,1520598983722742
4769,1520598983723756
4770,1520598983724771
4771,1520598983725785
4772,1520598983726799
4773,1520598983727814
4774,1520598983728828
4775,1520598983729842
4776,1520598983730856
4777,1520598983731871
4778,1520598983732885
4779,1520598983733899
4780,1520598983734913
4781,1520598983735927
4782,1520598983736942
4783,1520598983737956
4784,1520598983738970
4785,1520598983739985
4786,1520598983740999
4787,1520598983742013
4788,1520598983743027
4789,1520598983744041
4790,1520598983745056
4791,1520598983746070
4792,1520598983747084
4793,1520598983748099
4794,1520598983749113
4795,1520598983750127
4796,1520598983751142
4797,1520598983752156
4798,1520598983753170
4799,1520598983754184
4800,1520598983755199
4801,1520598983756213
4802,1520598983757228
4803,1520598983758241
4804,1520598983759255
4805,1520598983760270
4806,1520598983761284
4807,1520598983762298
4808,1520598983763312
4809,1520598983764327
4810,1520598983765341
4811,1520598983766355
4812,1520598983767370
4813,1520598983768384
4814,1520598983769401
4815,1520598983770415
4816,1520598983771429
4817,1520598983772444
4818,1520598983773458
4819,1520598983774472
4820,1520598983775486
4821,1520598983776501
4822,1520598983777515
4823,1520598983778529
4824,1520598983779543
4825,1520598983780557
4826,1520598983781571
4827,1520598983782586
4828,1520598983783600
4829,1520598983784614
4830,1520598983785628
4831,1520598983786643
4832,1520598983787657
4833,1520598983788671
4834,1520598983789685
4835,1520598983790700
4836,1520598983791714
4837,1520598983792728
4838,1520598983793743
4839,1520598983794757
4840,1520598983795771
4841,1520598983796785
4842,1520598983797799
4843,1520598983798813
4844,1520598983799828
4845,1520598983800842
4846,1520598983801856
4847,1520598983802871
4848,1520598983803885
4849,1520598983804899
4850,1520598983805913
4851,1520598983806927
4852,1520598983807942
4853,1520598983808956
4854,1520598983809970
4855,1520598983810984
4856,1520598983811999
4857,1520598983813013
4858,1520598983814027
4859,1520598983815042
4860,1520598983816056
4861,1520598983817070
4862,1520598983818085
4863,1520598983819110
4864,1520598983820114
4865,1520598983821128
4866,1520598983822143
4867,1520598983823157
4868,1520598983824172
4869,1520598983825186
4870,1520598983826200
4871,1520598983827214
4872,1520598983828229
4873,1520598983829243
4874,1520598983830257
4875,1520598983831271
4876,1520598983832286
4877,1520598983833300
4878,1520598983834314
4879,1520598983835328
4880,1520598983836343
4881,1520598983837357
4882,1520598983838371
4883,1520598983839385
4884,1520598983840400
4885,1520598983841414
4886,1520598983842428
4887,1520598983843442
4888,1520598983844457
4889,1520598983845471
4890,1520598983846485
4891,1520598983847500
4892,1520598983848514
4893,1520598983849528
4894,1520598983850543
4895,1520598983851557
4896,1520598983852571
4897,1520598983853585
4898,1520598983854599
4899,1520598983855613
4900,1520598983856628
4901,1520598983857642
4902,1520598983858656
4903,1520598983859670
4904,1520598983860684
4905,1520598983861699
4906,1520598983862713
4907,1520598983863727
4908,1520598983864741
4909,1520598983865755
4910,1520598983866769
4911,1520598983867783
4912,1520598983868798
4913,1520598983869812
4914,1520598983870826
4915,1520598983871839
4916,1520598983872854
4917,1520598983873868
4918,1520598983874883
4919,1520598983875897
4920,1520598983876911
4921,1520598983877925
4922,1520598983878939
4923,1520598983879953
4924,1520598983880968
4925,1520598983881982
4926,1520598983882996
4927,1520598983884010
4928,1520598983885024
4929,1520598983886039
4930,1520598983887053
4931,1520598983888067
4932,1520598983889081
4933,1520598983890095
4934,1520598983891109
4935,1520598983892124
4936,1520598983893138
4937,1520598983894152
4938,1520598983895165
4939,1520598983896180
4940,1520598983897194
4941,1520598983898209
4942,1520598983899223
4943,1520598983900237
4944,1520598983901252
4945,1520598983902265
4946,1520598983903279
4947,1520598983904294
4948,1520598983905308
4949,1520598983906322
4950,1520598983907336
4951,1520598983908350
4952,1520598983909365
4953,1520598983910379
4954,1520598983911393
4955,1520598983912408
4956,1520598983913421
4957,1520598983914436
4958,1520598983915450
4959,1520598983916464
4960,1520598983917478
4961,1520598983918492
4962,1520598983919506
4963,1520598983920521
4964,1520598983921535
4965,1520598983922549
4966,1520598983923563
4967,1520598983924577
4968,1520598983925591
4969,1520598983926606
4970,1520598983927620
4971,1520598983928634
4972,1520598983929648
4973,1520598983930662
4974,1520598983931676
4975,1520598983932690
4976,1520598983933705
4977,1520598983934719
4978,1520598983935733
4979,1520598983936747
4980,1520598983937761
4981,1520598983938775
4982,1520598983939790
4983,1520598983940804
4984,1520598983941818
4985,1520598983942832
4986,1520598983943846
4987,1520598983944860
4988,1520598983945875
4989,1520598983946889
4990,1520598983947903
4991,1520598983948929
4992,1520598983949932
4993,1520598983950947
4994,1520598983951961
4995,1520598983952975
4996,1520598983953990
4997,1520598983955004
4998,1520598983956019
4999,1520598983957032
5000,1520598983958046
5001,1520598983959061
5002,1520598983960075
5003,1520598983961089
5004,1520598983962103
5005,1520598983963118
5006,1520598983964131
5007,1520598983965146
5008,1520598983966160
5009,1520598983967174
5010,1520598983968189
5011,1520598983969203
5012,1520598983970217
5013,1520598983971231
5014,1520598983972245
5015,1520598983973260
5016,1520598983974274
5017,1520598983975287
5018,1520598983976302
5019,1520598983977316
5020,1520598983978330
5021,1520598983979344
5022,1520598983980358
5023,1520598983981382
5024,1520598983982386
5025,1520598983983401
5026,1520598983984415
5027,1520598983985429
5028,1520598983986443
5029,1520598983987457
5030,1520598983988471
5031,1520598983989486
5032,1520598983990500
5033,1520598983991514
5034,1520598983992528
5035,1520598983993542
5036,1520598983994556
5037,1520598983995570
5038,1520598983996585
5039,1520598983997599
5040,1520598983998613
5041,1520598983999628
5042,1520598984000642
5043,1520598984001656
5044,1520598984002670
5045,1520598984003684
5046,1520598984004698
5047,1520598984005713
5048,1520598984006727
5049,1520598984007741
5050,1520598984008756
5051,1520598984009769
5052,1520598984010784
5053,1520598984011798
5054,1520598984012812
5055,1520598984013827
5056,1520598984014841
5057,1520598984015855
5058,1520598984016869
5059,1520598984017883
5060,1520598984018897
5061,1520598984019912
5062,1520598984020927
5063,1520598984021940
5064,1520598984022955
5065,1520598984023969
5066,1520598984024983
5067,1520598984025998
5068,1520598984027011
5069,1520598984028026
5070,1520598984029040
5071,1520598984030054
5072,1520598984031069
5073,1520598984032083
5074,1520598984033097
5075,1520598984034111
5076,1520598984035125
5077,1520598984036140
5078,1520598984037154
5079,1520598984038168
5080,1520598984039182
5081,1520598984040196
5082,1520598984041210
5083,1520598984042224
5084,1520598984043239
5085,1520598984044253
5086,1520598984045267
5087,1520598984046281
5088,1520598984047295
5089,1520598984048310
5090,1520598984049324
5091,1520598984050338
5092,1520598984051353
5093,1520598984052367
5094,1520598984053386
5095,1520598984054396
5096,1520598984055410
5097,1520598984056424
5098,1520598984057438
5099,1520598984058452
5100,1520598984059466
5101,1520598984060481
5102,1520598984061495
5103,1520598984062509
5104,1520598984063524
5105,1520598984064538
5106,1520598984065552
5107,1520598984066566
5108,1520598984067581
5109,1520598984068594
5110,1520598984069609
5111,1520598984070623
5112,1520598984071637
5113,1520598984072652
5114,1520598984073665
5115,1520598984074680
5116,1520598984075694
5117,1520598984076708
5118,1520598984077722
5119,1520598984078747
5120,1520598984079752
5121,1520598984080766
5122,1520598984081780
5123,1520598984082794
5124,1520598984083809
5125,1520598984084823
5126,1520598984085837
5127,1520598984086851
5128,1520598984087865
5129,1520598984088880
5130,1520598984089893
5131,1520598984090908
5132,1520598984091922
5133,1520598984092936
5134,1520598984093950
5135,1520598984094965
5136,1520598984095979
5137,1520598984096993
5138,1520598984098007
5139,1520598984099022
5140,1520598984100036
5141,1520598984101050
5142,1520598984102064
5143,1520598984103079
5144,1520598984104093
5145,1520598984105108
5146,1520598984106122
5147,1520598984107136
5148,1520598984108150
5149,1520598984109164
5150,1520598984110179
5151,1520598984111193
5152,1520598984112207
5153,1520598984113221
5154,1520598984114236
5155,1520598984115249
5156,1520598984116264
5157,1520598984117278
5158,1520598984118292
5159,1520598984119306
5160,1520598984120321
5161,1520598984121335
5162,1520598984122349
5163,1520598984123363
5164,1520598984124377
5165,1520598984125397
5166,1520598984126412
5167,1520598984127426
5168,1520598984128440
5169,1520598984129454
5170,1520598984130469
5171,1520598984131482
5172,1520598984132496
5173,1520598984133511
5174,1520598984134525
5175,1520598984135539
5176,1520598984136554
5177,1520598984137568
5178,1520598984138581
5179,1520598984139596
5180,1520598984140610
5181,1520598984141624
5182,1520598984142638
5183,1520598984143653
5184,1520598984144667
5185,1520598984145681
5186,1520598984146695
5187,1520598984147709
5188,1520598984148724
5189,1520598984149738
5190,1520598984150752
5191,1520598984151766
5192,1520598984152781
5193,1520598984153795
5194,1520598984154809
5195,1520598984155823
5196,1520598984156838
5197,1520598984157852
5198,1520598984158866
5199,1520598984159881
5200,1520598984160895
5201,1520598984161909
5202,1520598984162923
5203,1520598984163937
5204,1520598984164951
5205,1520598984165966
5206,1520598984166980
5207,1520598984167994
5208,1520598984169008
5209,1520598984170022
5210,1520598984171037
5211,1520598984172050
5212,1520598984173065
5213,1520598984174079
5214,1520598984175093
5215,1520598984176107
5216,1520598984177122
5217,1520598984178136
5218,1520598984179149
5219,1520598984180164
5220,1520598984181178
5221,1520598984182192
5222,1520598984183206
5223,1520598984184221
5224,1520598984185235
5225,1520598984186249
5226,1520598984187264
5227,1520598984188278
5228,1520598984189292
5229,1520598984190306
5230,1520598984191320
5231,1520598984192334
5232,1520598984193349
5233,1520598984194363
5234,1520598984195377
5235,1520598984196392
5236,1520598984197406
5237,1520598984198420
5238,1520598984199434
5239,1520598984200448
5240,1520598984201462
5241,1520598984202477
5242,1520598984203491
5243,1520598984204505
5244,1520598984205519
5245,1520598984206533
5246,1520598984207548
5247,1520598984208572
5248,1520598984209577
5249,1520598984210591
5250,1520598984211605
5251,1520598984212619
5252,1520598984213633
5253,1520598984214647
5254,1520598984215662
5255,1520598984216676
5256,1520598984217690
5257,1520598984218704
5258,1520598984219718
5259,1520598984220733
5260,1520598984221747
5261,1520598984222761
5262,1520598984223775
5263,1520598984224790
5264,1520598984225804
5265,1520598984226818
5266,1520598984227832
5267,1520598984228847
5268,1520598984229861
5269,1520598984230875
5270,1520598984231890
5271,1520598984232904
5272,1520598984233918
5273,1520598984234932
5274,1520598984235946
5275,1520598984236960
5276,1520598984237974
5277,1520598984238989
5278,1520598984240003
5279,1520598984241017
5280,1520598984242032
5281,1520598984243045
5282,1520598984244060
5283,1520598984245074
5284,1520598984246088
5285,1520598984247102
5286,1520598984248116
5287,1520598984249131
5288,1520598984250145
5289,1520598984251159
5290,1520598984252173
5291,1520598984253188
5292,1520598984254202
5293,1520598984255216
5294,1520598984256230
5295,1520598984257245
5296,1520598984258259
5297,1520598984259273
5298,1520598984260287
5299,1520598984261301
5300,1520598984262315
5301,1520598984263330
5302,1520598984264344
5303,1520598984265358
5304,1520598984266372
5305,1520598984267386
5306,1520598984268400
5307,1520598984269414
5308,1520598984270428
5309,1520598984271443
5310,1520598984272457
5311,1520598984273471
5312,1520598984274486
5313,1520598984275499
5314,1520598984276514
5315,1520598984277528
5316,1520598984278542
5317,1520598984279557
5318,1520598984280571
5319,1520598984281585
5320,1520598984282599
5321,1520598984283613
5322,1520598984284627
5323,1520598984285641
5324,1520598984286656
5325,1520598984287670
5326,1520598984288684
5327,1520598984289698
5328,1520598984290712
5329,1520598984291727
5330,1520598984292741
5331,1520598984293755
5332,1520598984294769
5333,1520598984295783
5334,1520598984296797
5335,1520598984297811
5336,1520598984298826
5337,1520598984299840
5338,1520598984300854
5339,1520598984301868
5340,1520598984302882
5341,1520598984303896
5342,1520598984304911
5343,1520598984305925
5344,1520598984306938
5345,1520598984307953
5346,1520598984308967
5347,1520598984309981
5348,1520598984310996
5349,1520598984312010
5350,1520598984313024
5351,1520598984314038
5352,1520598984315052
5353,1520598984316067
5354,1520598984317081
5355,1520598984318095
5356,1520598984319109
5357,1520598984320123
5358,1520598984321137
5359,1520598984322152
5360,1520598984323166
5361,1520598984324180
5362,1520598984325194
5363,1520598984326208
5364,1520598984327223
5365,1520598984328237
5366,1520598984329251
5367,1520598984330265
5368,1520598984331279
5369,1520598984332294
5370,1520598984333308
5371,1520598984334322
5372,1520598984335336
5373,1520598984336351
5374,1520598984337365
5375,1520598984338405
5376,1520598984339395
5377,1520598984340409
5378,1520598984341423
5379,1520598984342438
5380,1520598984343452
5381,1520598984344466
5382,1520598984345480
5383,1520598984346495
5384,1520598984347509
5385,1520598984348523
5386,1520598984349537
5387,1520598984350552
5388,1520598984351566
5389,1520598984352580
5390,1520598984353594
5391,1520598984354608
5392,1520598984355622
5393,1520598984356637
5394,1520598984357650
5395,1520598984358664
5396,1520598984359679
5397,1520598984360693
5398,1520598984361707
5399,1520598984362721
5400,1520598984363735
5401,1520598984364749
5402,1520598984365764
5403,1520598984366778
5404,1520598984367792
5405,1520598984368806
5406,1520598984369821
5407,1520598984370834
5408,1520598984371849
5409,1520598984372863
5410,1520598984373877
5411,1520598984374892
5412,1520598984375906
5413,1520598984376920
5414,1520598984377934
5415,1520598984378948
5416,1520598984379962
5417,1520598984380977
5418,1520598984381991
5419,1520598984383005
5420,1520598984384019
5421,1520598984385033
5422,1520598984386047
5423,1520598984387062
5424,1520598984388076
5425,1520598984389090
5426,1520598984390104
5427,1520598984391119
5428,1520598984392133
5429,1520598984393147
5430,1520598984394161
5431,1520598984395175
5432,1520598984396190
5433,1520598984397204
5434,1520598984398218
5435,1520598984399233
5436,1520598984400247
5437,1520598984401261
5438,1520598984402275
5439,1520598984403289
5440,1520598984404304
5441,1520598984405318
5442,1520598984406332
5443,1520598984407346
5444,1520598984408360
5445,1520598984409384
5446,1520598984410389
5447,1520598984411403
5448,1520598984412418
5449,1520598984413432
5450,1520598984414446
5451,1520598984415460
5452,1520598984416475
5453,1520598984417489
5454,1520598984418503
5455,1520598984419517
5456,1520598984420532
5457,1520598984421546
5458,1520598984422560
5459,1520598984423574
5460,1520598984424588
5461,1520598984425602
5462,1520598984426616
5463,1520598984427631
5464,1520598984428645
5465,1520598984429659
5466,1520598984430673
5467,1520598984431688
5468,1520598984432702
5469,1520598984433719
5470,1520598984434732
5471,1520598984435746
5472,1520598984436761
5473,1520598984437774
5474,1520598984438789
5475,1520598984439803
5476,1520598984440817
5477,1520598984441831
5478,1520598984442845
5479,1520598984443859
5480,1520598984444874
5481,1520598984445888
5482,1520598984446902
5483,1520598984447917
5484,1520598984448931
5485,1520598984449945
5486,1520598984450959
5487,1520598984451974
5488,1520598984452988
5489,1520598984454002
5490,1520598984455017
5491,1520598984456031
5492,1520598984457046
5493,1520598984458059
5494,1520598984459074
5495,1520598984460089
5496,1520598984461103
5497,1520598984462117
5498,1520598984463131
5499,1520598984464145
5500,1520598984465159
5501,1520598984466174
5502,1520598984467188
5503,1520598984468215
5504,1520598984469218
5505,1520598984470232
5506,1520598984471246
5507,1520598984472261
5508,1520598984473275
5509,1520598984474289
5510,1520598984475303
5511,1520598984476318
5512,1520598984477332
5513,1520598984478346
5514,1520598984479361
5515,1520598984480375
5516,1520598984481397
5517,1520598984482411
5518,1520598984483426
5519,1520598984484440
5520,1520598984485454
5521,1520598984486468
5522,1520598984487483
5523,1520598984488497
5524,1520598984489511
5525,1520598984490526
5526,1520598984491540
5527,1520598984492555
5528,1520598984493568
5529,1520598984494582
5530,1520598984495597
5531,1520598984496611
5532,1520598984497625
5533,1520598984498640
5534,1520598984499654
5535,1520598984500669
5536,1520598984501683
5537,1520598984502697
5538,1520598984503711
5539,1520598984504726
5540,1520598984505740
5541,1520598984506754
5542,1520598984507768
5543,1520598984508782
5544,1520598984509797
5545,1520598984510811
5546,1520598984511825
5547,1520598984512840
5548,1520598984513853
5549,1520598984514868
5550,1520598984515882
5551,1520598984516897
5552,1520598984517910
5553,1520598984518925
5554,1520598984519939
5555,1520598984520954
5556,1520598984521968
5557,1520598984522982
5558,1520598984523996
5559,1520598984525011
5560,1520598984526024
5561,1520598984527039
5562,1520598984528054
5563,1520598984529068
5564,1520598984530082
5565,1520598984531096
5566,1520598984532111
5567,1520598984533125
5568,1520598984534139
5569,1520598984535154
5570,1520598984536168
5571,1520598984537182
5572,1520598984538196
5573,1520598984539210
5574,1520598984540225
5575,1520598984541239
5576,1520598984542253
5577,1520598984543268
5578,1520598984544282
5579,1520598984545296
5580,1520598984546310
5581,1520598984547324
5582,1520598984548339
5583,1520598984549353
5584,1520598984550367
5585,1520598984551382
5586,1520598984552396
5587,1520598984553410
5588,1520598984554424
5589,1520598984555439
5590,1520598984556453
5591,1520598984557467
5592,1520598984558481
5593,1520598984559496
5594,1520598984560510
5595,1520598984561524
5596,1520598984562538
5597,1520598984563553
5598,1520598984564567
5599,1520598984565581
5600,1520598984566595
5601,1520598984567609
5602,1520598984568623
5603,1520598984569637
5604,1520598984570651
5605,1520598984571666
5606,1520598984572680
5607,1520598984573694
5608,1520598984574708
5609,1520598984575723
5610,1520598984576737
5611,1520598984577751
5612,1520598984578765
5613,1520598984579779
5614,1520598984580794
5615,1520598984581808
5616,1520598984582822
5617,1520598984583837
5618,1520598984584851
5619,1520598984585865
5620,1520598984586879
5621,1520598984587893
5622,1520598984588907
5623,1520598984589922
5624,1520598984590936
5625,1520598984591950
5626,1520598984592964
5627,1520598984593978
5628,1520598984594993
5629,1520598984596007
5630,1520598984597021
5631,1520598984598046
5632,1520598984599051
5633,1520598984600065
5634,1520598984601080
5635,1520598984602094
5636,1520598984603108
5637,1520598984604122
5638,1520598984605136
5639,1520598984606151
5640,1520598984607165
5641,1520598984608179
5642,1520598984609194
5643,1520598984610208
5644,1520598984611222
5645,1520598984612236
5646,1520598984613250
5647,1520598984614264
5648,1520598984615278
5649,1520598984616292
5650,1520598984617307
5651,1520598984618321
5652,1520598984619335
5653,1520598984620350
5654,1520598984621364
5655,1520598984622378
5656,1520598984623392
5657,1520598984624407
5658,1520598984625420
5659,1520598984626434
5660,1520598984627449
5661,1520598984628463
5662,1520598984629477
5663,1520598984630491
5664,1520598984631506
5665,1520598984632519
5666,1520598984633534
5667,1520598984634548
5668,1520598984635562
5669,1520598984636577
5670,1520598984637591
5671,1520598984638605
5672,1520598984639620
5673,1520598984640633
5674,1520598984641649
5675,1520598984642663
5676,1520598984643678
5677,1520598984644692
5678,1520598984645706
5679,1520598984646720
5680,1520598984647735
5681,1520598984648749
5682,1520598984649763
5683,1520598984650778
5684,1520598984651792
5685,1520598984652807
5686,1520598984653821
5687,1520598984654835
5688,1520598984655850
5689,1520598984656864
5690,1520598984657878
5691,1520598984658893
5692,1520598984659907
5693,1520598984660921
5694,1520598984661935
5695,1520598984662949
5696,1520598984663964
5697,1520598984664978
5698,1520598984665992
5699,1520598984667006
5700,1520598984668020
5701,1520598984669035
5702,1520598984670049
5703,1520598984671063
5704,1520598984672077
5705,1520598984673092
5706,1520598984674105
5707,1520598984675120
5708,1520598984676134
5709,1520598984677148
5710,1520598984678163
5711,1520598984679176
5712,1520598984680191
5713,1520598984681205
5714,1520598984682220
5715,1520598984683234
5716,1520598984684248
5717,1520598984685263
5718,1520598984686276
5719,1520598984687290
5720,1520598984688305
5721,1520598984689319
5722,1520598984690333
5723,1520598984691347
5724,1520598984692362
5725,1520598984693385
5726,1520598984694399
5727,1520598984695414
5728,1520598984696428
5729,1520598984697442
5730,1520598984698457
5731,1520598984699470
5732,1520598984700485
5733,1520598984701499
5734,1520598984702513
5735,1520598984703527
5736,1520598984704541
5737,1520598984705555
5738,1520598984706570
5739,1520598984707584
5740,1520598984708599
5741,1520598984709613
5742,1520598984710627
5743,1520598984711641
5744,1520598984712656
5745,1520598984713670
5746,1520598984714684
5747,1520598984715699
5748,1520598984716713
5749,1520598984717727
5750,1520598984718741
5751,1520598984719755
5752,1520598984720770
5753,1520598984721784
5754,1520598984722798
5755,1520598984723813
5756,1520598984724827
5757,1520598984725841
5758,1520598984726855
5759,1520598984727880
5760,1520598984728885
5761,1520598984729899
5762,1520598984730914
5763,1520598984731928
5764,1520598984732943
5765,1520598984733956
5766,1520598984734971
5767,1520598984735985
5768,1520598984736999
5769,1520598984738013
5770,1520598984739028
5771,1520598984740042
5772,1520598984741056
5773,1520598984742070
5774,1520598984743084
5775,1520598984744099
5776,1520598984745113
5777,1520598984746127
5778,1520598984747142
5779,1520598984748156
5780,1520598984749171
5781,1520598984750184
5782,1520598984751199
5783,1520598984752213
5784,1520598984753227
5785,1520598984754241
5786,1520598984755256
5787,1520598984756270
5788,1520598984757284
5789,1520598984758298
5790,1520598984759312
5791,1520598984760326
5792,1520598984761341
5793,1520598984762355
5794,1520598984763369
5795,1520598984764383
5796,1520598984765401
5797,1520598984766415
5798,1520598984767429
5799,1520598984768443
5800,1520598984769457
5801,1520598984770472
5802,1520598984771486
5803,1520598984772500
5804,1520598984773514
5805,1520598984774529
5806,1520598984775543
5807,1520598984776557
5808,1520598984777571
5809,1520598984778585
5810,1520598984779600
5811,1520598984780614
5812,1520598984781628
5813,1520598984782642
5814,1520598984783656
5815,1520598984784671
5816,1520598984785685
5817,1520598984786699
5818,1520598984787713
5819,1520598984788728
5820,1520598984789742
5821,1520598984790756
5822,1520598984791770
5823,1520598984792784
5824,1520598984793798
5825,1520598984794813
5826,1520598984795827
5827,1520598984796841
5828,1520598984797855
5829,1520598984798869
5830,1520598984799883
5831,1520598984800898
5832,1520598984801912
5833,1520598984802926
5834,1520598984803941
5835,1520598984804955
5836,1520598984805969
5837,1520598984806983
5838,1520598984807998
5839,1520598984809012
5840,1520598984810025
5841,1520598984811040
5842,1520598984812054
5843,1520598984813068
5844,1520598984814082
5845,1520598984815096
5846,1520598984816110
5847,1520598984817125
5848,1520598984818139
5849,1520598984819152
5850,1520598984820167
5851,1520598984821182
5852,1520598984822195
5853,1520598984823210
5854,1520598984824224
5855,1520598984825238
5856,1520598984826252
5857,1520598984827267
5858,1520598984828281
5859,1520598984829295
5860,1520598984830309
5861,1520598984831323
5862,1520598984832337
5863,1520598984833352
5864,1520598984834366
5865,1520598984835380
5866,1520598984836394
5867,1520598984837409
5868,1520598984838423
5869,1520598984839437
5870,1520598984840451
5871,1520598984841465
5872,1520598984842480
5873,1520598984843494
5874,1520598984844508
5875,1520598984845522
5876,1520598984846536
5877,1520598984847550
5878,1520598984848565
5879,1520598984849579
5880,1520598984850593
5881,1520598984851607
5882,1520598984852622
5883,1520598984853636
5884,1520598984854650
5885,1520598984855665
5886,1520598984856679
5887,1520598984857704
5888,1520598984858708
5889,1520598984859722
5890,1520598984860736
5891,1520598984861750
5892,1520598984862765
5893,1520598984863779
5894,1520598984864793
5895,1520598984865807
5896,1520598984866821
5897,1520598984867835
5898,1520598984868850
5899,1520598984869864
5900,1520598984870878
5901,1520598984871892
5902,1520598984872906
5903,1520598984873921
5904,1520598984874935
5905,1520598984875949
5906,1520598984876963
5907,1520598984877978
5908,1520598984878992
5909,1520598984880006
5910,1520598984881020
5911,1520598984882035
5912,1520598984883048
5913,1520598984884062
5914,1520598984885077
5915,1520598984886091
5916,1520598984887104
5917,1520598984888119
5918,1520598984889133
5919,1520598984890147
5920,1520598984891162
5921,1520598984892176
5922,1520598984893190
5923,1520598984894204
5924,1520598984895218
5925,1520598984896232
5926,1520598984897246
5927,1520598984898261
5928,1520598984899275
5929,1520598984900289
5930,1520598984901303
5931,1520598984902317
5932,1520598984903331
5933,1520598984904346
5934,1520598984905360
5935,1520598984906374
5936,1520598984907388
5937,1520598984908403
5938,1520598984909417
5939,1520598984910431
5940,1520598984911445
5941,1520598984912459
5942,1520598984913473
5943,1520598984914487
5944,1520598984915501
5945,1520598984916515
5946,1520598984917530
5947,1520598984918544
5948,1520598984919558
5949,1520598984920572
5950,1520598984921586
5951,1520598984922600
5952,1520598984923614
5953,1520598984924629
5954,1520598984925643
5955,1520598984926657
5956,1520598984927671
5957,1520598984928685
5958,1520598984929700
5959,1520598984930714
5960,1520598984931728
5961,1520598984932742
5962,1520598984933756
5963,1520598984934770
5964,1520598984935785
5965,1520598984936799
5966,1520598984937813
5967,1520598984938827
5968,1520598984939841
5969,1520598984940856
5970,1520598984941869
5971,1520598984942884
5972,1520598984943898
5973,1520598984944912
5974,1520598984945926
5975,1520598984946939
5976,1520598984947954
5977,1520598984948968
5978,1520598984949982
5979,1520598984950996
5980,1520598984952010
5981,1520598984953025
5982,1520598984954039
5983,1520598984955053
5984,1520598984956067
5985,1520598984957082
5986,1520598984958096
5987,1520598984959110
5988,1520598984960124
5989,1520598984961138
5990,1520598984962152
5991,1520598984963167
5992,1520598984964181
5993,1520598984965195
5994,1520598984966209
5995,1520598984967224
5996,1520598984968238
5997,1520598984969252
5998,1520598984970267
5999,1520598984971281
6000,1520598984972295
6001,1520598984973310
6002,1520598984974323
6003,1520598984975338
6004,1520598984976352
6005,1520598984977366
6006,1520598984978380
6007,1520598984979394
6008,1520598984980408
6009,1520598984981423
6010,1520598984982437
6011,1520598984983451
6012,1520598984984466
6013,1520598984985479
6014,1520598984986493
6015,1520598984987520
6016,1520598984988523
6017,1520598984989537
6018,1520598984990551
6019,1520598984991566
6020,1520598984992580
6021,1520598984993594
6022,1520598984994609
6023,1520598984995623
6024,1520598984996637
6025,1520598984997651
6026,1520598984998665
6027,1520598984999679
6028,1520598985000693
6029,1520598985001708
6030,1520598985002721
6031,1520598985003736
6032,1520598985004750
6033,1520598985005764
6034,1520598985006778
6035,1520598985007793
6036,1520598985008807
6037,1520598985009821
6038,1520598985010835
6039,1520598985011850
6040,1520598985012864
6041,1520598985013878
6042,1520598985014892
6043,1520598985015906
6044,1520598985016920
6045,1520598985017934
6046,1520598985018948
6047,1520598985019963
6048,1520598985020977
6049,1520598985021991
6050,1520598985023005
6051,1520598985024019
6052,1520598985025033
6053,1520598985026048
6054,1520598985027062
6055,1520598985028076
6056,1520598985029091
6057,1520598985030105
6058,1520598985031119
6059,1520598985032133
6060,1520598985033147
6061,1520598985034161
6062,1520598985035176
6063,1520598985036190
6064,1520598985037205
6065,1520598985038219
6066,1520598985039233
6067,1520598985040247
6068,1520598985041262
6069,1520598985042275
6070,1520598985043290
6071,1520598985044304
6072,1520598985045319
6073,1520598985046332
6074,1520598985047346
6075,1520598985048361
6076,1520598985049384
6077,1520598985050389
6078,1520598985051403
6079,1520598985052418
6080,1520598985053432
6081,1520598985054446
6082,1520598985055460
6083,1520598985056474
6084,1520598985057489
6085,1520598985058503
6086,1520598985059517
6087,1520598985060531
6088,1520598985061545
6089,1520598985062559
6090,1520598985063573
6091,1520598985064587
6092,1520598985065602
6093,1520598985066616
6094,1520598985067630
6095,1520598985068644
6096,1520598985069658
6097,1520598985070672
6098,1520598985071686
6099,1520598985072701
6100,1520598985073715
6101,1520598985074729
6102,1520598985075743
6103,1520598985076757
6104,1520598985077772
6105,1520598985078786
6106,1520598985079801
6107,1520598985080815
6108,1520598985081829
6109,1520598985082843
6110,1520598985083857
6111,1520598985084871
6112,1520598985085885
6113,1520598985086899
6114,1520598985087913
6115,1520598985088928
6116,1520598985089941
6117,1520598985090956
6118,1520598985091969
6119,1520598985092984
6120,1520598985093997
6121,1520598985095012
6122,1520598985096026
6123,1520598985097041
6124,1520598985098055
6125,1520598985099068
6126,1520598985100083
6127,1520598985101097
6128,1520598985102111
6129,1520598985103125
6130,1520598985104139
6131,1520598985105153
6132,1520598985106168
6133,1520598985107182
6134,1520598985108197
6135,1520598985109210
6136,1520598985110224
6137,1520598985111238
6138,1520598985112253
6139,1520598985113267
6140,1520598985114280
6141,1520598985115294
6142,1520598985116309
6143,1520598985117334
6144,1520598985118338
6145,1520598985119353
6146,1520598985120367
6147,1520598985121387
6148,1520598985122396
6149,1520598985123410
6150,1520598985124424
6151,1520598985125439
6152,1520598985126453
6153,1520598985127467
6154,1520598985128481
6155,1520598985129496
6156,1520598985130510
6157,1520598985131524
6158,1520598985132538
6159,1520598985133552
6160,1520598985134566
6161,1520598985135580
6162,1520598985136595
6163,1520598985137609
6164,1520598985138624
6165,1520598985139638
6166,1520598985140652
6167,1520598985141667
6168,1520598985142681
6169,1520598985143695
6170,1520598985144709
6171,1520598985145723
6172,1520598985146738
6173,1520598985147752
6174,1520598985148766
6175,1520598985149780
6176,1520598985150795
6177,1520598985151809
6178,1520598985152823
6179,1520598985153837
6180,1520598985154851
6181,1520598985155866
6182,1520598985156880
6183,1520598985157894
6184,1520598985158908
6185,1520598985159922
6186,1520598985160937
6187,1520598985161950
6188,1520598985162965
6189,1520598985163979
6190,1520598985164993
6191,1520598985166008
6192,1520598985167022
6193,1520598985168036
6194,1520598985169050
6195,1520598985170065
6196,1520598985171078
6197,1520598985172093
6198,1520598985173107
6199,1520598985174121
6200,1520598985175136
6201,1520598985176149
6202,1520598985177164
6203,1520598985178178
6204,1520598985179192
6205,1520598985180207
6206,1520598985181221
6207,1520598985182235
6208,1520598985183249
6209,1520598985184263
6210,1520598985185278
6211,1520598985186292
6212,1520598985187306
6213,1520598985188321
6214,1520598985189334
6215,1520598985190349
6216,1520598985191362
6217,1520598985192377
6218,1520598985193397
6219,1520598985194411
6220,1520598985195425
6221,1520598985196439
6222,1520598985197453
6223,1520598985198468
6224,1520598985199482
6225,1520598985200496
6226,1520598985201511
6227,1520598985202525
6228,1520598985203539
6229,1520598985204553
6230,1520598985205567
6231,1520598985206581
6232,1520598985207595
6233,1520598985208610
6234,1520598985209624
6235,1520598985210638
6236,1520598985211652
6237,1520598985212667
6238,1520598985213680
6239,1520598985214695
6240,1520598985215709
6241,1520598985216723
6242,1520598985217738
6243,1520598985218751
6244,1520598985219766
6245,1520598985220780
6246,1520598985221794
6247,1520598985222808
6248,1520598985223822
6249,1520598985224837
6250,1520598985225851
6251,1520598985226865
6252,1520598985227879
6253,1520598985228893
6254,1520598985229907
6255,1520598985230922
6256,1520598985231936
6257,1520598985232950
6258,1520598985233964
6259,1520598985234979
6260,1520598985235993
6261,1520598985237007
6262,1520598985238021
6263,1520598985239035
6264,1520598985240050
6265,1520598985241064
6266,1520598985242078
6267,1520598985243093
6268,1520598985244107
6269,1520598985245121
6270,1520598985246135
6271,1520598985247161
6272,1520598985248165
6273,1520598985249179
6274,1520598985250193
6275,1520598985251207
6276,1520598985252221
6277,1520598985253236
6278,1520598985254250
6279,1520598985255264
6280,1520598985256278
6281,1520598985257292
6282,1520598985258307
6283,1520598985259321
6284,1520598985260335
6285,1520598985261350
6286,1520598985262364
6287,1520598985263378
6288,1520598985264392
6289,1520598985265406
6290,1520598985266420
6291,1520598985267435
6292,1520598985268449
6293,1520598985269463
6294,1520598985270477
6295,1520598985271492
6296,1520598985272506
6297,1520598985273520
6298,1520598985274534
6299,1520598985275548
6300,1520598985276563
6301,1520598985277577
6302,1520598985278591
6303,1520598985279605
6304,1520598985280619
6305,1520598985281633
6306,1520598985282647
6307,1520598985283662
6308,1520598985284676
6309,1520598985285690
6310,1520598985286704
6311,1520598985287718
6312,1520598985288733
6313,1520598985289747
6314,1520598985290761
6315,1520598985291776
6316,1520598985292790
6317,1520598985293805
6318,1520598985294818
6319,1520598985295832
6320,1520598985296846
6321,1520598985297861
6322,1520598985298875
6323,1520598985299889
6324,1520598985300903
6325,1520598985301917
6326,1520598985302931
6327,1520598985303946
6328,1520598985304960
6329,1520598985305974
6330,1520598985306989
6331,1520598985308003
6332,1520598985309017
6333,1520598985310031
6334,1520598985311046
6335,1520598985312060
6336,1520598985313074
6337,1520598985314088
6338,1520598985315102
6339,1520598985316116
6340,1520598985317130
6341,1520598985318145
6342,1520598985319159
6343,1520598985320173
6344,1520598985321187
6345,1520598985322201
6346,1520598985323216
6347,1520598985324230
6348,1520598985325244
6349,1520598985326259
6350,1520598985327273
6351,1520598985328287
6352,1520598985329301
6353,1520598985330315
6354,1520598985331329
6355,1520598985332343
6356,1520598985333358
6357,1520598985334372
6358,1520598985335386
6359,1520598985336400
6360,1520598985337414
6361,1520598985338429
6362,1520598985339443
6363,1520598985340457
6364,1520598985341471
6365,1520598985342485
6366,1520598985343500
6367,1520598985344514
6368,1520598985345528
6369,1520598985346542
6370,1520598985347557
6371,1520598985348571
6372,1520598985349585
6373,1520598985350599
6374,1520598985351613
6375,1520598985352628
6376,1520598985353642
6377,1520598985354656
6378,1520598985355671
6379,1520598985356685
6380,1520598985357699
6381,1520598985358713
6382,1520598985359728
6383,1520598985360742
6384,1520598985361756
6385,1520598985362770
6386,1520598985363784
6387,1520598985364798
6388,1520598985365813
6389,1520598985366827
6390,1520598985367842
6391,1520598985368855
6392,1520598985369870
6393,1520598985370884
6394,1520598985371898
6395,1520598985372913
6396,1520598985373927
6397,1520598985374941
6398,1520598985375955
6399,1520598985376980
6400,1520598985377984
6401,1520598985378998
6402,1520598985380013
6403,1520598985381027
6404,1520598985382041
6405,1520598985383055
6406,1520598985384069
6407,1520598985385084
6408,1520598985386098
6409,1520598985387112
6410,1520598985388126
6411,1520598985389140
6412,1520598985390155
6413,1520598985391169
6414,1520598985392183
6415,1520598985393197
6416,1520598985394211
6417,1520598985395225
6418,1520598985396240
6419,1520598985397254
6420,1520598985398268
6421,1520598985399282
6422,1520598985400296
6423,1520598985401310
6424,1520598985402325
6425,1520598985403339
6426,1520598985404353
6427,1520598985405376
6428,1520598985406381
6429,1520598985407396
6430,1520598985408410
6431,1520598985409424
6432,1520598985410438
6433,1520598985411453
6434,1520598985412467
6435,1520598985413481
6436,1520598985414495
6437,1520598985415509
6438,1520598985416524
6439,1520598985417537
6440,1520598985418551
6441,1520598985419566
6442,1520598985420580
6443,1520598985421595
6444,1520598985422608
6445,1520598985423623
6446,1520598985424637
6447,1520598985425652
6448,1520598985426665
6449,1520598985427679
6450,1520598985428694
6451,1520598985429708
6452,1520598985430722
6453,1520598985431736
6454,1520598985432750
6455,1520598985433765
6456,1520598985434778
6457,1520598985435793
6458,1520598985436807
6459,1520598985437821
6460,1520598985438835
6461,1520598985439850
6462,1520598985440864
6463,1520598985441878
6464,1520598985442893
6465,1520598985443907
6466,1520598985444921
6467,1520598985445935
6468,1520598985446949
6469,1520598985447963
6470,1520598985448978
6471,1520598985449991
6472,1520598985451005
6473,1520598985452019
6474,1520598985453034
6475,1520598985454048
6476,1520598985455062
6477,1520598985456076
6478,1520598985457091
6479,1520598985458107
6480,1520598985459120
6481,1520598985460134
6482,1520598985461149
6483,1520598985462163
6484,1520598985463177
6485,1520598985464191
6486,1520598985465206
6487,1520598985466219
6488,1520598985467233
6489,1520598985468248
6490,1520598985469262
6491,1520598985470276
6492,1520598985471291
6493,1520598985472305
6494,1520598985473318
6495,1520598985474332
6496,1520598985475346
6497,1520598985476361
6498,1520598985477384
6499,1520598985478389
6500,1520598985479404
6501,1520598985480418
6502,1520598985481432
6503,1520598985482446
6504,1520598985483461
6505,1520598985484475
6506,1520598985485489
6507,1520598985486504
6508,1520598985487518
6509,1520598985488532
6510,1520598985489546
6511,1520598985490560
6512,1520598985491574
6513,1520598985492589
6514,1520598985493602
6515,1520598985494617
6516,1520598985495631
6517,1520598985496645
6518,1520598985497659
6519,1520598985498673
6520,1520598985499687
6521,1520598985500701
6522,1520598985501716
6523,1520598985502730
6524,1520598985503744
6525,1520598985504758
6526,1520598985505772
6527,1520598985506798
6528,1520598985507802
6529,1520598985508815
6530,1520598985509830
6531,1520598985510844
6532,1520598985511859
6533,1520598985512873
6534,1520598985513887
6535,1520598985514901
6536,1520598985515915
6537,1520598985516929
6538,1520598985517944
6539,1520598985518958
6540,1520598985519973
6541,1520598985520987
6542,1520598985522001
6543,1520598985523015
6544,1520598985524029
6545,1520598985525043
6546,1520598985526058
6547,1520598985527072
6548,1520598985528087
6549,1520598985529101
6550,1520598985530115
6551,1520598985531129
6552,1520598985532143
6553,1520598985533157
6554,1520598985534171
6555,1520598985535186
6556,1520598985536200
6557,1520598985537214
6558,1520598985538228
6559,1520598985539242
6560,1520598985540256
6561,1520598985541270
6562,1520598985542285
6563,1520598985543300
6564,1520598985544314
6565,1520598985545328
6566,1520598985546342
6567,1520598985547356
6568,1520598985548370
6569,1520598985549393
6570,1520598985550399
6571,1520598985551414
6572,1520598985552428
6573,1520598985553442
6574,1520598985554456
6575,1520598985555471
6576,1520598985556485
6577,1520598985557499
6578,1520598985558514
6579,1520598985559527
6580,1520598985560542
6581,1520598985561556
6582,1520598985562571
6583,1520598985563585
6584,1520598985564600
6585,1520598985565613
6586,1520598985566628
6587,1520598985567642
6588,1520598985568657
6589,1520598985569671
6590,1520598985570685
6591,1520598985571700
6592,1520598985572714
6593,1520598985573728
6594,1520598985574742
6595,1520598985575756
6596,1520598985576771
6597,1520598985577785
6598,1520598985578799
6599,1520598985579813
6600,1520598985580828
6601,1520598985581842
6602,1520598985582856
6603,1520598985583870
6604,1520598985584884
6605,1520598985585899
6606,1520598985586913
6607,1520598985587927
6608,1520598985588941
6609,1520598985589956
6610,1520598985590970
6611,1520598985591984
6612,1520598985592999
6613,1520598985594013
6614,1520598985595027
6615,1520598985596042
6616,1520598985597056
6617,1520598985598070
6618,1520598985599085
6619,1520598985600099
6620,1520598985601113
6621,1520598985602127
6622,1520598985603142
6623,1520598985604156
6624,1520598985605170
6625,1520598985606184
6626,1520598985607199
6627,1520598985608213
6628,1520598985609228
6629,1520598985610241
6630,1520598985611256
6631,1520598985612271
6632,1520598985613285
6633,1520598985614299
6634,1520598985615313
6635,1520598985616328
6636,1520598985617342
6637,1520598985618356
6638,1520598985619370
6639,1520598985620385
6640,1520598985621402
6641,1520598985622416
6642,1520598985623430
6643,1520598985624445
6644,1520598985625459
6645,1520598985626473
6646,1520598985627487
6647,1520598985628502
6648,1520598985629516
6649,1520598985630530
6650,1520598985631544
6651,1520598985632559
6652,1520598985633573
6653,1520598985634587
6654,1520598985635602
6655,1520598985636627
6656,1520598985637631
6657,1520598985638645
6658,1520598985639659
6659,1520598985640674
6660,1520598985641689
6661,1520598985642704
6662,1520598985643717
6663,1520598985644732
6664,1520598985645746
6665,1520598985646760
6666,1520598985647774
6667,1520598985648789
6668,1520598985649803
6669,1520598985650817
6670,1520598985651832
6671,1520598985652846
6672,1520598985653860
6673,1520598985654874
6674,1520598985655889
6675,1520598985656903
6676,1520598985657917
6677,1520598985658931
6678,1520598985659946
6679,1520598985660960
6680,1520598985661974
6681,1520598985662988
6682,1520598985664003
6683,1520598985665017
6684,1520598985666031
6685,1520598985667046
6686,1520598985668060
6687,1520598985669074
6688,1520598985670088
6689,1520598985671102
6690,1520598985672116
6691,1520598985673131
6692,1520598985674145
6693,1520598985675159
6694,1520598985676174
6695,1520598985677188
6696,1520598985678201
6697,1520598985679216
6698,1520598985680230
6699,1520598985681244
6700,1520598985682258
6701,1520598985683272
6702,1520598985684287
6703,1520598985685301
6704,1520598985686315
6705,1520598985687330
6706,1520598985688344
6707,1520598985689358
6708,1520598985690372
6709,1520598985691386
6710,1520598985692401
6711,1520598985693415
6712,1520598985694429
6713,1520598985695443
6714,1520598985696457
6715,1520598985697472
6716,1520598985698485
6717,1520598985699500
6718,1520598985700514
6719,1520598985701528
6720,1520598985702543
6721,1520598985703557
6722,1520598985704571
6723,1520598985705585
6724,1520598985706599
6725,1520598985707614
6726,1520598985708628
6727,1520598985709642
6728,1520598985710656
6729,1520598985711671
6730,1520598985712685
6731,1520598985713699
6732,1520598985714713
6733,1520598985715727
6734,1520598985716742
6735,1520598985717755
6736,1520598985718769
6737,1520598985719784
6738,1520598985720798
6739,1520598985721812
6740,1520598985722826
6741,1520598985723841
6742,1520598985724855
6743,1520598985725869
6744,1520598985726883
6745,1520598985727897
6746,1520598985728912
6747,1520598985729926
6748,1520598985730940
6749,1520598985731955
6750,1520598985732969
6751,1520598985733983
6752,1520598985734997
6753,1520598985736012
6754,1520598985737026
6755,1520598985738039
6756,1520598985739054
6757,1520598985740068
6758,1520598985741083
6759,1520598985742096
6760,1520598985743111
6761,1520598985744125
6762,1520598985745140
6763,1520598985746153
6764,1520598985747167
6765,1520598985748182
6766,1520598985749196
6767,1520598985750210
6768,1520598985751225
6769,1520598985752239
6770,1520598985753253
6771,1520598985754267
6772,1520598985755281
6773,1520598985756296
6774,1520598985757311
6775,1520598985758324
6776,1520598985759339
6777,1520598985760353
6778,1520598985761367
6779,1520598985762381
6780,1520598985763396
6781,1520598985764410
6782,1520598985765424
6783,1520598985766450
6784,1520598985767454
6785,1520598985768469
6786,1520598985769482
6787,1520598985770497
6788,1520598985771511
6789,1520598985772525
6790,1520598985773539
6791,1520598985774553
6792,1520598985775568
6793,1520598985776582
6794,1520598985777596
6795,1520598985778610
6796,1520598985779625
6797,1520598985780639
6798,1520598985781653
6799,1520598985782667
6800,1520598985783682
6801,1520598985784696
6802,1520598985785710
6803,1520598985786724
6804,1520598985787738
6805,1520598985788753
6806,1520598985789767
6807,1520598985790781
6808,1520598985791795
6809,1520598985792810
6810,1520598985793824
6811,1520598985794837
6812,1520598985795852
6813,1520598985796866
6814,1520598985797880
6815,1520598985798895
6816,1520598985799909
6817,1520598985800923
6818,1520598985801937
6819,1520598985802951
6820,1520598985803966
6821,1520598985804980
6822,1520598985805994
6823,1520598985807008
6824,1520598985808023
6825,1520598985809037
6826,1520598985810051
6827,1520598985811065
6828,1520598985812080
6829,1520598985813095
6830,1520598985814108
6831,1520598985815123
6832,1520598985816137
6833,1520598985817151
6834,1520598985818165
6835,1520598985819179
6836,1520598985820194
6837,1520598985821208
6838,1520598985822222
6839,1520598985823237
6840,1520598985824250
6841,1520598985825265
6842,1520598985826279
6843,1520598985827293
6844,1520598985828307
6845,1520598985829322
6846,1520598985830336
6847,1520598985831350
6848,1520598985832365
6849,1520598985833386
6850,1520598985834393
6851,1520598985835407
6852,1520598985836422
6853,1520598985837436
6854,1520598985838450
6855,1520598985839464
6856,1520598985840478
6857,1520598985841493
6858,1520598985842507
6859,1520598985843521
6860,1520598985844535
6861,1520598985845549
6862,1520598985846564
6863,1520598985847578
6864,1520598985848592
6865,1520598985849606
6866,1520598985850620
6867,1520598985851634
6868,1520598985852649
6869,1520598985853663
6870,1520598985854678
6871,1520598985855691
6872,1520598985856706
6873,1520598985857720
6874,1520598985858734
6875,1520598985859748
6876,1520598985860763
6877,1520598985861777
6878,1520598985862790
6879,1520598985863805
6880,1520598985864819
6881,1520598985865833
6882,1520598985866848
6883,1520598985867862
6884,1520598985868876
6885,1520598985869891
6886,1520598985870904
6887,1520598985871919
6888,1520598985872933
6889,1520598985873947
6890,1520598985874961
6891,1520598985875975
6892,1520598985876990
6893,1520598985878004
6894,1520598985879017
6895,1520598985880032
6896,1520598985881046
6897,1520598985882061
6898,1520598985883075
6899,1520598985884089
6900,1520598985885103
6901,1520598985886118
6902,1520598985887132
6903,1520598985888146
6904,1520598985889160
6905,1520598985890175
6906,1520598985891189
6907,1520598985892203
6908,1520598985893217
6909,1520598985894231
6910,1520598985895246
6911,1520598985896271
6912,1520598985897276
6913,1520598985898290
6914,1520598985899304
6915,1520598985900318
6916,1520598985901333
6917,1520598985902347
6918,1520598985903361
6919,1520598985904376
6920,1520598985905398
6921,1520598985906412
6922,1520598985907426
6923,1520598985908440
6924,1520598985909455
6925,1520598985910469
6926,1520598985911483
6927,1520598985912498
6928,1520598985913512
6929,1520598985914526
6930,1520598985915540
6931,1520598985916555
6932,1520598985917569
6933,1520598985918583
6934,1520598985919598
6935,1520598985920611
6936,1520598985921625
6937,1520598985922640
6938,1520598985923655
6939,1520598985924669
6940,1520598985925683
6941,1520598985926697
6942,1520598985927712
6943,1520598985928726
6944,1520598985929740
6945,1520598985930754
6946,1520598985931768
6947,1520598985932782
6948,1520598985933796
6949,1520598985934811
6950,1520598985935825
6951,1520598985936839
6952,1520598985937853
6953,1520598985938868
6954,1520598985939882
6955,1520598985940896
6956,1520598985941910
6957,1520598985942924
6958,1520598985943938
6959,1520598985944953
6960,1520598985945967
6961,1520598985946981
6962,1520598985947995
6963,1520598985949009
6964,1520598985950023
6965,1520598985951037
6966,1520598985952052
6967,1520598985953066
6968,1520598985954081
6969,1520598985955095
6970,1520598985956109
6971,1520598985957123
6972,1520598985958137
6973,1520598985959151
6974,1520598985960166
6975,1520598985961180
6976,1520598985962194
6977,1520598985963208
6978,1520598985964223
6979,1520598985965237
6980,1520598985966251
6981,1520598985967266
6982,1520598985968280
6983,1520598985969294
6984,1520598985970308
6985,1520598985971322
6986,1520598985972337
6987,1520598985973351
6988,1520598985974366
6989,1520598985975379
6990,1520598985976394
6991,1520598985977408
6992,1520598985978423
6993,1520598985979437
6994,1520598985980451
6995,1520598985981465
6996,1520598985982479
6997,1520598985983493
6998,1520598985984508
6999,1520598985985522
7000,1520598985986536
7001,1520598985987550
7002,1520598985988565
7003,1520598985989579
7004,1520598985990593
7005,1520598985991607
7006,1520598985992621
7007,1520598985993635
7008,1520598985994649
7009,1520598985995663
7010,1520598985996678
7011,1520598985997692
7012,1520598985998706
7013,1520598985999721
7014,1520598986000735
7015,1520598986001749
7016,1520598986002764
7017,1520598986003778
7018,1520598986004793
7019,1520598986005806
7020,1520598986006821
7021,1520598986007835
7022,1520598986008849
7023,1520598986009864
7024,1520598986010877
7025,1520598986011892
7026,1520598986012906
7027,1520598986013920
7028,1520598986014934
7029,1520598986015948
7030,1520598986016963
7031,1520598986017977
7032,1520598986018991
7033,1520598986020005
7034,1520598986021019
7035,1520598986022034
7036,1520598986023048
7037,1520598986024062
7038,1520598986025077
7039,1520598986026102
7040,1520598986027106
7041,1520598986028120
7042,1520598986029135
7043,1520598986030149
7044,1520598986031163
7045,1520598986032177
7046,1520598986033191
7047,1520598986034205
7048,1520598986035220
7049,1520598986036233
7050,1520598986037248
7051,1520598986038262
7052,1520598986039276
7053,1520598986040291
7054,1520598986041304
7055,1520598986042319
7056,1520598986043333
7057,1520598986044348
7058,1520598986045362
7059,1520598986046376
7060,1520598986047390
7061,1520598986048404
7062,1520598986049418
7063,1520598986050432
7064,1520598986051446
7065,1520598986052461
7066,1520598986053475
7067,1520598986054489
7068,1520598986055503
7069,1520598986056518
7070,1520598986057532
7071,1520598986058546
7072,1520598986059561
7073,1520598986060575
7074,1520598986061589
7075,1520598986062603
7076,1520598986063618
7077,1520598986064632
7078,1520598986065646
7079,1520598986066661
7080,1520598986067674
7081,1520598986068689
7082,1520598986069703
7083,1520598986070717
7084,1520598986071731
7085,1520598986072745
7086,1520598986073759
7087,1520598986074773
7088,1520598986075788
7089,1520598986076802
7090,1520598986077816
7091,1520598986078830
7092,1520598986079844
7093,1520598986080858
7094,1520598986081872
7095,1520598986082886
7096,1520598986083900
7097,1520598986084915
7098,1520598986085929
7099,1520598986086943
7100,1520598986087956
7101,1520598986088971
7102,1520598986089985
7103,1520598986090999
7104,1520598986092013
7105,1520598986093027
7106,1520598986094042
7107,1520598986095056
7108,1520598986096070
7109,1520598986097084
7110,1520598986098098
7111,1520598986099113
7112,1520598986100127
7113,1520598986101141
7114,1520598986102155
7115,1520598986103169
7116,1520598986104183
7117,1520598986105198
7118,1520598986106212
7119,1520598986107226
7120,1520598986108240
7121,1520598986109255
7122,1520598986110269
7123,1520598986111283
7124,1520598986112297
7125,1520598986113311
7126,1520598986114326
7127,1520598986115339
7128,1520598986116353
7129,1520598986117376
7130,1520598986118382
7131,1520598986119396
7132,1520598986120410
7133,1520598986121424
7134,1520598986122439
7135,1520598986123453
7136,1520598986124467
7137,1520598986125481
7138,1520598986126495
7139,1520598986127509
7140,1520598986128523
7141,1520598986129537
7142,1520598986130551
7143,1520598986131565
7144,1520598986132580
7145,1520598986133594
7146,1520598986134608
7147,1520598986135622
7148,1520598986136637
7149,1520598986137650
7150,1520598986138665
7151,1520598986139679
7152,1520598986140693
7153,1520598986141707
7154,1520598986142722
7155,1520598986143735
7156,1520598986144750
7157,1520598986145764
7158,1520598986146779
7159,1520598986147793
7160,1520598986148807
7161,1520598986149821
7162,1520598986150836
7163,1520598986151850
7164,1520598986152864
7165,1520598986153878
7166,1520598986154892
7167,1520598986155918
7168,1520598986156922
7169,1520598986157936
7170,1520598986158950
7171,1520598986159965
7172,1520598986160980
7173,1520598986161994
7174,1520598986163008
7175,1520598986164022
7176,1520598986165036
7177,1520598986166051
7178,1520598986167065
7179,1520598986168079
7180,1520598986169093
7181,1520598986170107
7182,1520598986171122
7183,1520598986172136
7184,1520598986173150
7185,1520598986174164
7186,1520598986175178
7187,1520598986176192
7188,1520598986177207
7189,1520598986178221
7190,1520598986179235
7191,1520598986180249
7192,1520598986181264
7193,1520598986182278
7194,1520598986183292
7195,1520598986184306
7196,1520598986185320
7197,1520598986186334
7198,1520598986187348
7199,1520598986188363
7200,1520598986189386
7201,1520598986190400
7202,1520598986191414
7203,1520598986192428
7204,1520598986193442
7205,1520598986194456
7206,1520598986195470
7207,1520598986196485
7208,1520598986197499
7209,1520598986198513
7210,1520598986199527
7211,1520598986200541
7212,1520598986201556
7213,1520598986202570
7214,1520598986203584
7215,1520598986204598
7216,1520598986205612
7217,1520598986206626
7218,1520598986207641
7219,1520598986208655
7220,1520598986209669
7221,1520598986210683
7222,1520598986211698
7223,1520598986212712
7224,1520598986213726
7225,1520598986214740
7226,1520598986215754
7227,1520598986216768
7228,1520598986217782
7229,1520598986218796
7230,1520598986219810
7231,1520598986220825
7232,1520598986221839
7233,1520598986222853
7234,1520598986223867
7235,1520598986224881
7236,1520598986225895
7237,1520598986226910
7238,1520598986227924
7239,1520598986228938
7240,1520598986229952
7241,1520598986230966
7242,1520598986231981
7243,1520598986232995
7244,1520598986234009
7245,1520598986235024
7246,1520598986236038
7247,1520598986237052
7248,1520598986238066
7249,1520598986239080
7250,1520598986240095
7251,1520598986241109
7252,1520598986242123
7253,1520598986243137
7254,1520598986244151
7255,1520598986245166
7256,1520598986246179
7257,1520598986247193
7258,1520598986248208
7259,1520598986249222
7260,1520598986250236
7261,1520598986251250
7262,1520598986252264
7263,1520598986253278
7264,1520598986254293
7265,1520598986255307
7266,1520598986256321
7267,1520598986257336
7268,1520598986258350
7269,1520598986259364
7270,1520598986260378
7271,1520598986261398
7272,1520598986262412
7273,1520598986263427
7274,1520598986264442
7275,1520598986265455
7276,1520598986266470
7277,1520598986267484
7278,1520598986268498
7279,1520598986269512
7280,1520598986270526
7281,1520598986271541
7282,1520598986272556
7283,1520598986273570
7284,1520598986274584
7285,1520598986275598
7286,1520598986276613
7287,1520598986277627
7288,1520598986278641
7289,1520598986279655
7290,1520598986280670
7291,1520598986281684
7292,1520598986282698
7293,1520598986283712
7294,1520598986284727
7295,1520598986285766
7296,1520598986286756
7297,1520598986287771
7298,1520598986288785
7299,1520598986289799
7300,1520598986290814
7301,1520598986291828
7302,1520598986292842
7303,1520598986293856
7304,1520598986294871
7305,1520598986295885
7306,1520598986296899
7307,1520598986297913
7308,1520598986298928
7309,1520598986299942
7310,1520598986300957
7311,1520598986301970
7312,1520598986302984
7313,1520598986303999
7314,1520598986305013
7315,1520598986306027
7316,1520598986307041
7317,1520598986308056
7318,1520598986309070
7319,1520598986310084
7320,1520598986311099
7321,1520598986312113
7322,1520598986313127
7323,1520598986314142
7324,1520598986315156
7325,1520598986316170
7326,1520598986317185
7327,1520598986318199
7328,1520598986319213
7329,1520598986320228
7330,1520598986321242
7331,1520598986322256
7332,1520598986323270
7333,1520598986324284
7334,1520598986325299
7335,1520598986326313
7336,1520598986327327
7337,1520598986328341
7338,1520598986329356
7339,1520598986330370
7340,1520598986331385
7341,1520598986332400
7342,1520598986333414
7343,1520598986334428
7344,1520598986335442
7345,1520598986336456
7346,1520598986337471
7347,1520598986338485
7348,1520598986339499
7349,1520598986340513
7350,1520598986341528
7351,1520598986342542
7352,1520598986343557
7353,1520598986344571
7354,1520598986345585
7355,1520598986346600
7356,1520598986347614
7357,1520598986348628
7358,1520598986349642
7359,1520598986350657
7360,1520598986351671
7361,1520598986352685
7362,1520598986353700
7363,1520598986354714
7364,1520598986355728
7365,1520598986356742
7366,1520598986357756
7367,1520598986358771
7368,1520598986359785
7369,1520598986360799
7370,1520598986361814
7371,1520598986362828
7372,1520598986363842
7373,1520598986364856
7374,1520598986365870
7375,1520598986366884
7376,1520598986367899
7377,1520598986368913
7378,1520598986369927
7379,1520598986370942
7380,1520598986371956
7381,1520598986372971
7382,1520598986373985
7383,1520598986374999
7384,1520598986376014
7385,1520598986377028
7386,1520598986378042
7387,1520598986379056
7388,1520598986380071
7389,1520598986381085
7390,1520598986382099
7391,1520598986383113
7392,1520598986384128
7393,1520598986385141
7394,1520598986386156
7395,1520598986387170
7396,1520598986388184
7397,1520598986389199
7398,1520598986390213
7399,1520598986391227
7400,1520598986392241
7401,1520598986393256
7402,1520598986394270
7403,1520598986395284
7404,1520598986396298
7405,1520598986397312
7406,1520598986398326
7407,1520598986399341
7408,1520598986400355
7409,1520598986401378
7410,1520598986402383
7411,1520598986403397
7412,1520598986404412
7413,1520598986405426
7414,1520598986406440
7415,1520598986407455
7416,1520598986408469
7417,1520598986409483
7418,1520598986410497
7419,1520598986411511
7420,1520598986412526
7421,1520598986413540
7422,1520598986414554
7423,1520598986415581
7424,1520598986416584
7425,1520598986417600
7426,1520598986418613
7427,1520598986419628
7428,1520598986420642
7429,1520598986421656
7430,1520598986422670
7431,1520598986423684
7432,1520598986424699
7433,1520598986425713
7434,1520598986426727
7435,1520598986427742
7436,1520598986428756
7437,1520598986429770
7438,1520598986430784
7439,1520598986431798
7440,1520598986432813
7441,1520598986433827
7442,1520598986434841
7443,1520598986435855
7444,1520598986436870
7445,1520598986437884
7446,1520598986438898
7447,1520598986439912
7448,1520598986440926
7449,1520598986441941
7450,1520598986442954
7451,1520598986443969
7452,1520598986444983
7453,1520598986445997
7454,1520598986447011
7455,1520598986448025
7456,1520598986449040
7457,1520598986450054
7458,1520598986451068
7459,1520598986452082
7460,1520598986453096
7461,1520598986454110
7462,1520598986455124
7463,1520598986456139
7464,1520598986457153
7465,1520598986458167
7466,1520598986459181
7467,1520598986460196
7468,1520598986461210
7469,1520598986462224
7470,1520598986463238
7471,1520598986464252
7472,1520598986465267
7473,1520598986466281
7474,1520598986467295
7475,1520598986468310
7476,1520598986469324
7477,1520598986470338
7478,1520598986471353
7479,1520598986472367
7480,1520598986473386
7481,1520598986474396
7482,1520598986475410
7483,1520598986476425
7484,1520598986477439
7485,1520598986478453
7486,1520598986479467
7487,1520598986480481
7488,1520598986481497
7489,1520598986482510
7490,1520598986483525
7491,1520598986484539
7492,1520598986485554
7493,1520598986486568
7494,1520598986487583
7495,1520598986488596
7496,1520598986489611
7497,1520598986490625
7498,1520598986491640
7499,1520598986492654
7500,1520598986493668
7501,1520598986494683
7502,1520598986495697
7503,1520598986496711
7504,1520598986497725
7505,1520598986498740
7506,1520598986499754
7507,1520598986500768
7508,1520598986501782
7509,1520598986502797
7510,1520598986503811
7511,1520598986504826
7512,1520598986505840
7513,1520598986506854
7514,1520598986507868
7515,1520598986508883
7516,1520598986509896
7517,1520598986510911
7518,1520598986511926
7519,1520598986512940
7520,1520598986513954
7521,1520598986514969
7522,1520598986515983
7523,1520598986516997
7524,1520598986518011
7525,1520598986519025
7526,1520598986520040
7527,1520598986521054
7528,1520598986522068
7529,1520598986523082
7530,1520598986524097
7531,1520598986525111
7532,1520598986526125
7533,1520598986527139
7534,1520598986528153
7535,1520598986529167
7536,1520598986530181
7537,1520598986531196
7538,1520598986532210
7539,1520598986533224
7540,1520598986534239
7541,1520598986535253
7542,1520598986536267
7543,1520598986537281
7544,1520598986538295
7545,1520598986539310
7546,1520598986540323
7547,1520598986541338
7548,1520598986542352
7549,1520598986543366
7550,1520598986544380
7551,1520598986545411
7552,1520598986546415
7553,1520598986547429
7554,1520598986548444
7555,1520598986549458
7556,1520598986550472
7557,1520598986551487
7558,1520598986552501
7559,1520598986553515
7560,1520598986554529
7561,1520598986555544
7562,1520598986556558
7563,1520598986557572
7564,1520598986558586
7565,1520598986559600
7566,1520598986560615
7567,1520598986561629
7568,1520598986562643
7569,1520598986563658
7570,1520598986564672
7571,1520598986565686
7572,1520598986566700
7573,1520598986567714
7574,1520598986568729
7575,1520598986569743
7576,1520598986570757
7577,1520598986571772
7578,1520598986572786
7579,1520598986573800
7580,1520598986574815
7581,1520598986575829
7582,1520598986576843
7583,1520598986577857
7584,1520598986578871
7585,1520598986579886
7586,1520598986580900
7587,1520598986581914
7588,1520598986582928
7589,1520598986583942
7590,1520598986584957
7591,1520598986585971
7592,1520598986586985
7593,1520598986588000
7594,1520598986589014
7595,1520598986590027
7596,1520598986591042
7597,1520598986592057
7598,1520598986593070
7599,1520598986594085
7600,1520598986595099
7601,1520598986596113
7602,1520598986597128
7603,1520598986598142
7604,1520598986599156
7605,1520598986600171
7606,1520598986601186
7607,1520598986602199
7608,1520598986603214
7609,1520598986604228
7610,1520598986605242
7611,1520598986606256
7612,1520598986607271
7613,1520598986608285
7614,1520598986609300
7615,1520598986610313
7616,1520598986611328
7617,1520598986612343
7618,1520598986613357
7619,1520598986614371
7620,1520598986615385
7621,1520598986616399
7622,1520598986617413
7623,1520598986618427
7624,1520598986619442
7625,1520598986620456
7626,1520598986621470
7627,1520598986622485
7628,1520598986623499
7629,1520598986624513
7630,1520598986625527
7631,1520598986626541
7632,1520598986627556
7633,1520598986628569
7634,1520598986629583
7635,1520598986630598
7636,1520598986631612
7637,1520598986632626
7638,1520598986633640
7639,1520598986634655
7640,1520598986635669
7641,1520598986636683
7642,1520598986637697
7643,1520598986638712
7644,1520598986639726
7645,1520598986640740
7646,1520598986641755
7647,1520598986642770
7648,1520598986643784
7649,1520598986644798
7650,1520598986645812
7651,1520598986646827
7652,1520598986647841
7653,1520598986648856
7654,1520598986649869
7655,1520598986650884
7656,1520598986651898
7657,1520598986652913
7658,1520598986653927
7659,1520598986654941
7660,1520598986655956
7661,1520598986656970
7662,1520598986657984
7663,1520598986658998
7664,1520598986660013
7665,1520598986661027
7666,1520598986662041
7667,1520598986663055
7668,1520598986664070
7669,1520598986665084
7670,1520598986666098
7671,1520598986667112
7672,1520598986668127
7673,1520598986669141
7674,1520598986670155
7675,1520598986671169
7676,1520598986672184
7677,1520598986673198
7678,1520598986674212
7679,1520598986675238
7680,1520598986676242
7681,1520598986677256
7682,1520598986678270
7683,1520598986679285
7684,1520598986680299
7685,1520598986681314
7686,1520598986682327
7687,1520598986683341
7688,1520598986684356
7689,1520598986685379
7690,1520598986686384
7691,1520598986687398
7692,1520598986688413
7693,1520598986689427
7694,1520598986690442
7695,1520598986691456
7696,1520598986692470
7697,1520598986693484
7698,1520598986694498
7699,1520598986695512
7700,1520598986696527
7701,1520598986697541
7702,1520598986698555
7703,1520598986699570
7704,1520598986700584
7705,1520598986701598
7706,1520598986702612
7707,1520598986703626
7708,1520598986704641
7709,1520598986705655
7710,1520598986706669
7711,1520598986707684
7712,1520598986708698
7713,1520598986709712
7714,1520598986710726
7715,1520598986711740
7716,1520598986712755
7717,1520598986713769
7718,1520598986714783
7719,1520598986715797
7720,1520598986716812
7721,1520598986717825
7722,1520598986718840
7723,1520598986719854
7724,1520598986720868
7725,1520598986721882
7726,1520598986722896
7727,1520598986723911
7728,1520598986724925
7729,1520598986725939
7730,1520598986726953
7731,1520598986727968
7732,1520598986728982
7733,1520598986729996
7734,1520598986731010
7735,1520598986732025
7736,1520598986733039
7737,1520598986734053
7738,1520598986735068
7739,1520598986736082
7740,1520598986737097
7741,1520598986738110
7742,1520598986739125
7743,1520598986740139
7744,1520598986741154
7745,1520598986742168
7746,1520598986743182
7747,1520598986744197
7748,1520598986745211
7749,1520598986746225
7750,1520598986747239
7751,1520598986748253
7752,1520598986749268
7753,1520598986750282
7754,1520598986751296
7755,1520598986752311
7756,1520598986753325
7757,1520598986754339
7758,1520598986755354
7759,1520598986756368
7760,1520598986757390
7761,1520598986758397
7762,1520598986759411
7763,1520598986760426
7764,1520598986761440
7765,1520598986762454
7766,1520598986763469
7767,1520598986764483
7768,1520598986765497
7769,1520598986766512
7770,1520598986767526
7771,1520598986768540
7772,1520598986769554
7773,1520598986770568
7774,1520598986771583
7775,1520598986772597
7776,1520598986773611
7777,1520598986774626
7778,1520598986775640
7779,1520598986776655
7780,1520598986777668
7781,1520598986778683
7782,1520598986779698
7783,1520598986780712
7784,1520598986781726
7785,1520598986782741
7786,1520598986783755
7787,1520598986784769
7788,1520598986785783
7789,1520598986786798
7790,1520598986787812
7791,1520598986788826
7792,1520598986789840
7793,1520598986790854
7794,1520598986791869
7795,1520598986792883
7796,1520598986793897
7797,1520598986794912
7798,1520598986795927
7799,1520598986796941
7800,1520598986797955
7801,1520598986798969
7802,1520598986799984
7803,1520598986800998
7804,1520598986802012
7805,1520598986803026
7806,1520598986804040
7807,1520598986805066
7808,1520598986806070
7809,1520598986807084
7810,1520598986808098
7811,1520598986809112
7812,1520598986810127
7813,1520598986811141
7814,1520598986812155
7815,1520598986813170
7816,1520598986814184
7817,1520598986815197
7818,1520598986816212
7819,1520598986817226
7820,1520598986818241
7821,1520598986819255
7822,1520598986820269
7823,1520598986821283
7824,1520598986822298
7825,1520598986823312
7826,1520598986824326
7827,1520598986825340
7828,1520598986826354
7829,1520598986827369
7830,1520598986828383
7831,1520598986829401
7832,1520598986830416
7833,1520598986831430
7834,1520598986832444
7835,1520598986833458
7836,1520598986834473
7837,1520598986835487
7838,1520598986836501
7839,1520598986837515
7840,1520598986838529
7841,1520598986839544
7842,1520598986840558
7843,1520598986841572
7844,1520598986842586
7845,1520598986843600
7846,1520598986844614
7847,1520598986845628
7848,1520598986846643
7849,1520598986847657
7850,1520598986848671
7851,1520598986849685
7852,1520598986850699
7853,1520598986851713
7854,1520598986852727
7855,1520598986853742
7856,1520598986854756
7857,1520598986855770
7858,1520598986856784
7859,1520598986857799
7860,1520598986858813
7861,1520598986859827
7862,1520598986860841
7863,1520598986861855
7864,1520598986862870
7865,1520598986863884
7866,1520598986864898
7867,1520598986865912
7868,1520598986866926
7869,1520598986867940
7870,1520598986868955
7871,1520598986869969
7872,1520598986870983
7873,1520598986871998
7874,1520598986873012
7875,1520598986874026
7876,1520598986875040
7877,1520598986876054
7878,1520598986877069
7879,1520598986878083
7880,1520598986879097
7881,1520598986880111
7882,1520598986881125
7883,1520598986882139
7884,1520598986883153
7885,1520598986884168
7886,1520598986885182
7887,1520598986886197
7888,1520598986887211
7889,1520598986888225
7890,1520598986889239
7891,1520598986890253
7892,1520598986891267
7893,1520598986892282
7894,1520598986893296
7895,1520598986894310
7896,1520598986895324
7897,1520598986896339
7898,1520598986897353
7899,1520598986898367
7900,1520598986899381
7901,1520598986900396
7902,1520598986901409
7903,1520598986902424
7904,1520598986903438
7905,1520598986904453
7906,1520598986905467
7907,1520598986906481
7908,1520598986907496
7909,1520598986908510
7910,1520598986909524
7911,1520598986910538
7912,1520598986911552
7913,1520598986912567
7914,1520598986913581
7915,1520598986914595
7916,1520598986915610
7917,1520598986916624
7918,1520598986917638
7919,1520598986918652
7920,1520598986919667
7921,1520598986920681
7922,1520598986921695
7923,1520598986922710
7924,1520598986923724
7925,1520598986924738
7926,1520598986925752
7927,1520598986926766
7928,1520598986927780
7929,1520598986928795
7930,1520598986929809
7931,1520598986930823
7932,1520598986931837
7933,1520598986932852
7934,1520598986933866
7935,1520598986934891
7936,1520598986935896
7937,1520598986936910
7938,1520598986937924
7939,1520598986938939
7940,1520598986939953
7941,1520598986940968
7942,1520598986941982
7943,1520598986942996
7944,1520598986944010
7945,1520598986945024
7946,1520598986946038
7947,1520598986947052
7948,1520598986948067
7949,1520598986949081
7950,1520598986950095
7951,1520598986951110
7952,1520598986952124
7953,1520598986953138
7954,1520598986954152
7955,1520598986955166
7956,1520598986956180
7957,1520598986957195
7958,1520598986958209
7959,1520598986959223
7960,1520598986960237
7961,1520598986961251
7962,1520598986962266
7963,1520598986963280
7964,1520598986964294
7965,1520598986965309
7966,1520598986966322
7967,1520598986967337
7968,1520598986968351
7969,1520598986969366
7970,1520598986970380
7971,1520598986971394
7972,1520598986972408
7973,1520598986973422
7974,1520598986974436
7975,1520598986975450
7976,1520598986976465
7977,1520598986977479
7978,1520598986978493
7979,1520598986979508
7980,1520598986980522
7981,1520598986981536
7982,1520598986982551
7983,1520598986983565
7984,1520598986984579
7985,1520598986985593
7986,1520598986986607
7987,1520598986987621
7988,1520598986988636
7989,1520598986989650
7990,1520598986990664
7991,1520598986991678
7992,1520598986992692
7993,1520598986993707
7994,1520598986994721
7995,1520598986995735
7996,1520598986996750
7997,1520598986997763
7998,1520598986998778
7999,1520598986999792
8000,1520598987000806
8001,1520598987001821
8002,1520598987002834
8003,1520598987003849
8004,1520598987004863
8005,1520598987005877
8006,1520598987006891
8007,1520598987007905
8008,1520598987008919
8009,1520598987009934
8010,1520598987010948
8011,1520598987011963
8012,1520598987012977
8013,1520598987013991
8014,1520598987015005
8015,1520598987016019
8016,1520598987017034
8017,1520598987018048
8018,1520598987019062
8019,1520598987020076
8020,1520598987021091
8021,1520598987022105
8022,1520598987023119
8023,1520598987024133
8024,1520598987025148
8025,1520598987026162
8026,1520598987027176
8027,1520598987028190
8028,1520598987029205
8029,1520598987030219
8030,1520598987031233
8031,1520598987032247
8032,1520598987033262
8033,1520598987034276
8034,1520598987035290
8035,1520598987036305
8036,1520598987037319
8037,1520598987038333
8038,1520598987039347
8039,1520598987040362
8040,1520598987041385
8041,1520598987042390
8042,1520598987043405
8043,1520598987044419
8044,1520598987045433
8045,1520598987046447
8046,1520598987047462
8047,1520598987048476
8048,1520598987049490
8049,1520598987050504
8050,1520598987051518
8051,1520598987052532
8052,1520598987053547
8053,1520598987054561
8054,1520598987055575
8055,1520598987056589
8056,1520598987057603
8057,1520598987058617
8058,1520598987059632
8059,1520598987060646
8060,1520598987061660
8061,1520598987062674
8062,1520598987063688
8063,1520598987064713
8064,1520598987065717
8065,1520598987066731
8066,1520598987067745
8067,1520598987068760
8068,1520598987069773
8069,1520598987070788
8070,1520598987071802
8071,1520598987072816
8072,1520598987073830
8073,1520598987074844
8074,1520598987075858
8075,1520598987076872
8076,1520598987077886
8077,1520598987078900
8078,1520598987079915
8079,1520598987080929
8080,1520598987081943
8081,1520598987082957
8082,1520598987083971
8083,1520598987084986
8084,1520598987086000
8085,1520598987087014
8086,1520598987088028
8087,1520598987089042
8088,1520598987090056
8089,1520598987091070
8090,1520598987092085
8091,1520598987093099
8092,1520598987094113
8093,1520598987095127
8094,1520598987096141
8095,1520598987097155
8096,1520598987098169
8097,1520598987099182
8098,1520598987100196
8099,1520598987101211
8100,1520598987102225
8101,1520598987103240
8102,1520598987104253
8103,1520598987105268
8104,1520598987106282
8105,1520598987107296
8106,1520598987108310
8107,1520598987109325
8108,1520598987110339
8109,1520598987111352
8110,1520598987112367
8111,1520598987113387
8112,1520598987114396
8113,1520598987115410
8114,1520598987116424
8115,1520598987117438
8116,1520598987118452
8117,1520598987119466
8118,1520598987120480
8119,1520598987121495
8120,1520598987122509
8121,1520598987123523
8122,1520598987124537
8123,1520598987125551
8124,1520598987126566
8125,1520598987127580
8126,1520598987128594
8127,1520598987129608
8128,1520598987130622
8129,1520598987131637
8130,1520598987132651
8131,1520598987133665
8132,1520598987134679
8133,1520598987135694
8134,1520598987136708
8135,1520598987137722
8136,1520598987138736
8137,1520598987139750
8138,1520598987140764
8139,1520598987141779
8140,1520598987142793
8141,1520598987143807
8142,1520598987144821
8143,1520598987145835
8144,1520598987146849
8145,1520598987147864
8146,1520598987148878
8147,1520598987149892
8148,1520598987150906
8149,1520598987151920
8150,1520598987152934
8151,1520598987153948
8152,1520598987154962
8153,1520598987155976
8154,1520598987156991
8155,1520598987158005
8156,1520598987159019
8157,1520598987160033
8158,1520598987161048
8159,1520598987162062
8160,1520598987163075
8161,1520598987164090
8162,1520598987165104
8163,1520598987166118
8164,1520598987167132
8165,1520598987168146
8166,1520598987169161
8167,1520598987170175
8168,1520598987171189
8169,1520598987172203
8170,1520598987173217
8171,1520598987174231
8172,1520598987175246
8173,1520598987176259
8174,1520598987177274
8175,1520598987178288
8176,1520598987179302
8177,1520598987180316
8178,1520598987181331
8179,1520598987182344
8180,1520598987183358
8181,1520598987184373
8182,1520598987185395
8183,1520598987186409
8184,1520598987187423
8185,1520598987188438
8186,1520598987189452
8187,1520598987190466
8188,1520598987191480
8189,1520598987192495
8190,1520598987193509
8191,1520598987194534
8192,1520598987195644
8193,1520598987196556
8194,1520598987197572
8195,1520598987198586
8196,1520598987199600
8197,1520598987200615
8198,1520598987201630
8199,1520598987202643
8200,1520598987203657
8201,1520598987204672
8202,1520598987205687
8203,1520598987206701
8204,1520598987207715
8205,1520598987208729
8206,1520598987209744
8207,1520598987210758
8208,1520598987211772
8209,1520598987212786
8210,1520598987213801
8211,1520598987214815
8212,1520598987215829
8213,1520598987216843
8214,1520598987217857
8215,1520598987218871
8216,1520598987219886
8217,1520598987220900
8218,1520598987221914
8219,1520598987222928
8220,1520598987223942
8221,1520598987224957
8222,1520598987225971
8223,1520598987226985
8224,1520598987227999
8225,1520598987229013
8226,1520598987230027
8227,1520598987231041
8228,1520598987232055
8229,1520598987233069
8230,1520598987234084
8231,1520598987235098
8232,1520598987236112
8233,1520598987237126
8234,1520598987238140
8235,1520598987239154
8236,1520598987240169
8237,1520598987241183
8238,1520598987242197
8239,1520598987243211
8240,1520598987244225
8241,1520598987245240
8242,1520598987246254
8243,1520598987247268
8244,1520598987248282
8245,1520598987249296
8246,1520598987250310
8247,1520598987251324
8248,1520598987252339
8249,1520598987253353
8250,1520598987254367
8251,1520598987255381
8252,1520598987256395
8253,1520598987257409
8254,1520598987258424
8255,1520598987259438
8256,1520598987260452
8257,1520598987261466
8258,1520598987262480
8259,1520598987263494
8260,1520598987264508
8261,1520598987265522
8262,1520598987266536
8263,1520598987267551
8264,1520598987268565
8265,1520598987269579
8266,1520598987270593
8267,1520598987271607
8268,1520598987272621
8269,1520598987273635
8270,1520598987274650
8271,1520598987275664
8272,1520598987276678
8273,1520598987277692
8274,1520598987278706
8275,1520598987279720
8276,1520598987280735
8277,1520598987281748
8278,1520598987282763
8279,1520598987283776
8280,1520598987284791
8281,1520598987285805
8282,1520598987286819
8283,1520598987287833
8284,1520598987288848
8285,1520598987289861
8286,1520598987290876
8287,1520598987291890
8288,1520598987292904
8289,1520598987293918
8290,1520598987294932
8291,1520598987295946
8292,1520598987296961
8293,1520598987297975
8294,1520598987298989
8295,1520598987300003
8296,1520598987301018
8297,1520598987302032
8298,1520598987303046
8299,1520598987304060
8300,1520598987305074
8301,1520598987306088
8302,1520598987307102
8303,1520598987308117
8304,1520598987309131
8305,1520598987310145
8306,1520598987311159
8307,1520598987312173
8308,1520598987313187
8309,1520598987314201
8310,1520598987315216
8311,1520598987316230
8312,1520598987317244
8313,1520598987318258
8314,1520598987319272
8315,1520598987320287
8316,1520598987321301
8317,1520598987322315
8318,1520598987323329
8319,1520598987324356
8320,1520598987325359
8321,1520598987326372
8322,1520598987327387
8323,1520598987328400
8324,1520598987329415
8325,1520598987330429
8326,1520598987331443
8327,1520598987332458
8328,1520598987333471
8329,1520598987334485
8330,1520598987335500
8331,1520598987336514
8332,1520598987337528
8333,1520598987338542
8334,1520598987339556
8335,1520598987340570
8336,1520598987341585
8337,1520598987342599
8338,1520598987343613
8339,1520598987344627
8340,1520598987345641
8341,1520598987346655
8342,1520598987347670
8343,1520598987348684
8344,1520598987349698
8345,1520598987350712
8346,1520598987351726
8347,1520598987352740
8348,1520598987353754
8349,1520598987354769
8350,1520598987355783
8351,1520598987356797
8352,1520598987357811
8353,1520598987358826
8354,1520598987359840
8355,1520598987360854
8356,1520598987361867
8357,1520598987362882
8358,1520598987363896
8359,1520598987364911
8360,1520598987365925
8361,1520598987366939
8362,1520598987367954
8363,1520598987368968
8364,1520598987369982
8365,1520598987370997
8366,1520598987372011
8367,1520598987373025
8368,1520598987374039
8369,1520598987375053
8370,1520598987376067
8371,1520598987377082
8372,1520598987378096
8373,1520598987379109
8374,1520598987380124
8375,1520598987381138
8376,1520598987382152
8377,1520598987383167
8378,1520598987384181
8379,1520598987385195
8380,1520598987386209
8381,1520598987387224
8382,1520598987388238
8383,1520598987389252
8384,1520598987390266
8385,1520598987391281
8386,1520598987392295
8387,1520598987393309
8388,1520598987394323
8389,1520598987395338
8390,1520598987396353
8391,1520598987397367
8392,1520598987398381
8393,1520598987399395
8394,1520598987400409
8395,1520598987401423
8396,1520598987402438
8397,1520598987403452
8398,1520598987404466
8399,1520598987405480
8400,1520598987406495
8401,1520598987407508
8402,1520598987408523
8403,1520598987409537
8404,1520598987410551
8405,1520598987411565
8406,1520598987412580
8407,1520598987413594
8408,1520598987414608
8409,1520598987415622
8410,1520598987416637
8411,1520598987417651
8412,1520598987418664
8413,1520598987419679
8414,1520598987420694
8415,1520598987421708
8416,1520598987422722
8417,1520598987423736
8418,1520598987424750
8419,1520598987425764
8420,1520598987426779
8421,1520598987427793
8422,1520598987428807
8423,1520598987429821
8424,1520598987430836
8425,1520598987431850
8426,1520598987432864
8427,1520598987433878
8428,1520598987434893
8429,1520598987435907
8430,1520598987436921
8431,1520598987437935
8432,1520598987438950
8433,1520598987439964
8434,1520598987440978
8435,1520598987441996
8436,1520598987443008
8437,1520598987444023
8438,1520598987445037
8439,1520598987446051
8440,1520598987447065
8441,1520598987448080
8442,1520598987449093
8443,1520598987450108
8444,1520598987451123
8445,1520598987452137
8446,1520598987453151
8447,1520598987454177
8448,1520598987455181
8449,1520598987456195
8450,1520598987457209
8451,1520598987458223
8452,1520598987459238
8453,1520598987460252
8454,1520598987461266
8455,1520598987462281
8456,1520598987463295
8457,1520598987464310
8458,1520598987465324
8459,1520598987466338
8460,1520598987467352
8461,1520598987468366
8462,1520598987469386
8463,1520598987470395
8464,1520598987471409
8465,1520598987472424
8466,1520598987473437
8467,1520598987474452
8468,1520598987475466
8469,1520598987476480
8470,1520598987477494
8471,1520598987478508
8472,1520598987479523
8473,1520598987480537
8474,1520598987481551
8475,1520598987482565
8476,1520598987483580
8477,1520598987484594
8478,1520598987485608
8479,1520598987486623
8480,1520598987487637
8481,1520598987488652
8482,1520598987489665
8483,1520598987490679
8484,1520598987491694
8485,1520598987492708
8486,1520598987493722
8487,1520598987494736
8488,1520598987495751
8489,1520598987496765
8490,1520598987497780
8491,1520598987498794
8492,1520598987499809
8493,1520598987500822
8494,1520598987501836
8495,1520598987502851
8496,1520598987503866
8497,1520598987504880
8498,1520598987505893
8499,1520598987506908
8500,1520598987507922
8501,1520598987508936
8502,1520598987509950
8503,1520598987510964
8504,1520598987511978
8505,1520598987512993
8506,1520598987514007
8507,1520598987515021
8508,1520598987516036
8509,1520598987517050
8510,1520598987518064
8511,1520598987519078
8512,1520598987520092
8513,1520598987521107
8514,1520598987522121
8515,1520598987523135
8516,1520598987524150
8517,1520598987525164
8518,1520598987526178
8519,1520598987527192
8520,1520598987528207
8521,1520598987529221
8522,1520598987530235
8523,1520598987531250
8524,1520598987532264
8525,1520598987533278
8526,1520598987534292
8527,1520598987535306
8528,1520598987536321
8529,1520598987537335
8530,1520598987538349
8531,1520598987539364
8532,1520598987540378
8533,1520598987541398
8534,1520598987542412
8535,1520598987543427
8536,1520598987544441
8537,1520598987545455
8538,1520598987546469
8539,1520598987547484
8540,1520598987548498
8541,1520598987549512
8542,1520598987550526
8543,1520598987551541
8544,1520598987552555
8545,1520598987553569
8546,1520598987554583
8547,1520598987555598
8548,1520598987556612
8549,1520598987557626
8550,1520598987558641
8551,1520598987559655
8552,1520598987560669
8553,1520598987561683
8554,1520598987562698
8555,1520598987563712
8556,1520598987564726
8557,1520598987565740
8558,1520598987566755
8559,1520598987567769
8560,1520598987568783
8561,1520598987569797
8562,1520598987570812
8563,1520598987571826
8564,1520598987572841
8565,1520598987573854
8566,1520598987574869
8567,1520598987575883
8568,1520598987576897
8569,1520598987577911
8570,1520598987578926
8571,1520598987579940
8572,1520598987580955
8573,1520598987581969
8574,1520598987582983
8575,1520598987584021
8576,1520598987585012
8577,1520598987586027
8578,1520598987587041
8579,1520598987588055
8580,1520598987589070
8581,1520598987590084
8582,1520598987591098
8583,1520598987592112
8584,1520598987593127
8585,1520598987594141
8586,1520598987595155
8587,1520598987596170
8588,1520598987597184
8589,1520598987598198
8590,1520598987599214
8591,1520598987600227
8592,1520598987601242
8593,1520598987602256
8594,1520598987603270
8595,1520598987604285
8596,1520598987605299
8597,1520598987606313
8598,1520598987607328
8599,1520598987608342
8600,1520598987609356
8601,1520598987610370
8602,1520598987611384
8603,1520598987612399
8604,1520598987613413
8605,1520598987614427
8606,1520598987615442
8607,1520598987616456
8608,1520598987617470
8609,1520598987618485
8610,1520598987619499
8611,1520598987620513
8612,1520598987621527
8613,1520598987622542
8614,1520598987623556
8615,1520598987624571
8616,1520598987625585
8617,1520598987626599
8618,1520598987627613
8619,1520598987628628
8620,1520598987629641
8621,1520598987630656
8622,1520598987631671
8623,1520598987632685
8624,1520598987633699
8625,1520598987634714
8626,1520598987635728
8627,1520598987636742
8628,1520598987637756
8629,1520598987638771
8630,1520598987639785
8631,1520598987640800
8632,1520598987641815
8633,1520598987642829
8634,1520598987643844
8635,1520598987644858
8636,1520598987645872
8637,1520598987646887
8638,1520598987647901
8639,1520598987648915
8640,1520598987649930
8641,1520598987650943
8642,1520598987651958
8643,1520598987652972
8644,1520598987653986
8645,1520598987655001
8646,1520598987656015
8647,1520598987657029
8648,1520598987658043
8649,1520598987659058
8650,1520598987660072
8651,1520598987661086
8652,1520598987662101
8653,1520598987663115
8654,1520598987664129
8655,1520598987665144
8656,1520598987666157
8657,1520598987667172
8658,1520598987668186
8659,1520598987669201
8660,1520598987670215
8661,1520598987671229
8662,1520598987672243
8663,1520598987673258
8664,1520598987674272
8665,1520598987675286
8666,1520598987676301
8667,1520598987677315
8668,1520598987678329
8669,1520598987679343
8670,1520598987680357
8671,1520598987681381
8672,1520598987682386
8673,1520598987683400
8674,1520598987684414
8675,1520598987685428
8676,1520598987686443
8677,1520598987687457
8678,1520598987688471
8679,1520598987689486
8680,1520598987690500
8681,1520598987691514
8682,1520598987692529
8683,1520598987693543
8684,1520598987694558
8685,1520598987695572
8686,1520598987696586
8687,1520598987697600
8688,1520598987698615
8689,1520598987699629
8690,1520598987700643
8691,1520598987701658
8692,1520598987702672
8693,1520598987703687
8694,1520598987704701
8695,1520598987705715
8696,1520598987706730
8697,1520598987707744
8698,1520598987708758
8699,1520598987709772
8700,1520598987710787
8701,1520598987711801
8702,1520598987712815
8703,1520598987713841
8704,1520598987714844
8705,1520598987715859
8706,1520598987716873
8707,1520598987717887
8708,1520598987718901
8709,1520598987719915
8710,1520598987720930
8711,1520598987721944
8712,1520598987722959
8713,1520598987723973
8714,1520598987724988
8715,1520598987726002
8716,1520598987727016
8717,1520598987728030
8718,1520598987729045
8719,1520598987730058
8720,1520598987731073
8721,1520598987732088
8722,1520598987733102
8723,1520598987734115
8724,1520598987735130
8725,1520598987736144
8726,1520598987737158
8727,1520598987738172
8728,1520598987739187
8729,1520598987740202
8730,1520598987741216
8731,1520598987742230
8732,1520598987743245
8733,1520598987744259
8734,1520598987745273
8735,1520598987746288
8736,1520598987747302
8737,1520598987748317
8738,1520598987749331
8739,1520598987750345
8740,1520598987751360
8741,1520598987752374
8742,1520598987753397
8743,1520598987754411
8744,1520598987755425
8745,1520598987756439
8746,1520598987757453
8747,1520598987758468
8748,1520598987759482
8749,1520598987760496
8750,1520598987761510
8751,1520598987762525
8752,1520598987763539
8753,1520598987764554
8754,1520598987765568
8755,1520598987766582
8756,1520598987767597
8757,1520598987768611
8758,1520598987769625
8759,1520598987770639
8760,1520598987771653
8761,1520598987772668
8762,1520598987773682
8763,1520598987774696
8764,1520598987775710
8765,1520598987776725
8766,1520598987777739
8767,1520598987778753
8768,1520598987779768
8769,1520598987780782
8770,1520598987781796
8771,1520598987782811
8772,1520598987783825
8773,1520598987784840
8774,1520598987785854
8775,1520598987786868
8776,1520598987787882
8777,1520598987788897
8778,1520598987789911
8779,1520598987790925
8780,1520598987791940
8781,1520598987792954
8782,1520598987793968
8783,1520598987794983
8784,1520598987795997
8785,1520598987797011
8786,1520598987798025
8787,1520598987799040
8788,1520598987800054
8789,1520598987801068
8790,1520598987802082
8791,1520598987803097
8792,1520598987804111
8793,1520598987805126
8794,1520598987806140
8795,1520598987807154
8796,1520598987808169
8797,1520598987809183
8798,1520598987810197
8799,1520598987811212
8800,1520598987812226
8801,1520598987813240
8802,1520598987814254
8803,1520598987815269
8804,1520598987816284
8805,1520598987817298
8806,1520598987818312
8807,1520598987819326
8808,1520598987820341
8809,1520598987821355
8810,1520598987822369
8811,1520598987823384
8812,1520598987824398
8813,1520598987825412
8814,1520598987826426
8815,1520598987827441
8816,1520598987828455
8817,1520598987829469
8818,1520598987830484
8819,1520598987831498
8820,1520598987832512
8821,1520598987833526
8822,1520598987834541
8823,1520598987835555
8824,1520598987836570
8825,1520598987837584
8826,1520598987838598
8827,1520598987839612
8828,1520598987840627
8829,1520598987841641
8830,1520598987842655
8831,1520598987843681
8832,1520598987844685
8833,1520598987845699
8834,1520598987846713
8835,1520598987847728
8836,1520598987848742
8837,1520598987849756
8838,1520598987850770
8839,1520598987851785
8840,1520598987852799
8841,1520598987853814
8842,1520598987854828
8843,1520598987855842
8844,1520598987856856
8845,1520598987857870
8846,1520598987858885
8847,1520598987859899
8848,1520598987860913
8849,1520598987861927
8850,1520598987862942
8851,1520598987863956
8852,1520598987864971
8853,1520598987865985
8854,1520598987866999
8855,1520598987868013
8856,1520598987869028
8857,1520598987870042
8858,1520598987871056
8859,1520598987872071
8860,1520598987873085
8861,1520598987874099
8862,1520598987875113
8863,1520598987876128
8864,1520598987877142
8865,1520598987878156
8866,1520598987879171
8867,1520598987880185
8868,1520598987881200
8869,1520598987882214
8870,1520598987883228
8871,1520598987884243
8872,1520598987885257
8873,1520598987886271
8874,1520598987887286
8875,1520598987888299
8876,1520598987889314
8877,1520598987890329
8878,1520598987891343
8879,1520598987892357
8880,1520598987893381
8881,1520598987894385
8882,1520598987895400
8883,1520598987896414
8884,1520598987897428
8885,1520598987898442
8886,1520598987899457
8887,1520598987900471
8888,1520598987901486
8889,1520598987902500
8890,1520598987903514
8891,1520598987904529
8892,1520598987905543
8893,1520598987906557
8894,1520598987907571
8895,1520598987908586
8896,1520598987909600
8897,1520598987910614
8898,1520598987911629
8899,1520598987912644
8900,1520598987913658
8901,1520598987914672
8902,1520598987915686
8903,1520598987916701
8904,1520598987917715
8905,1520598987918730
8906,1520598987919744
8907,1520598987920758
8908,1520598987921772
8909,1520598987922787
8910,1520598987923801
8911,1520598987924816
8912,1520598987925830
8913,1520598987926844
8914,1520598987927859
8915,1520598987928873
8916,1520598987929887
8917,1520598987930901
8918,1520598987931915
8919,1520598987932930
8920,1520598987933944
8921,1520598987934959
8922,1520598987935973
8923,1520598987936987
8924,1520598987938001
8925,1520598987939015
8926,1520598987940029
8927,1520598987941044
8928,1520598987942059
8929,1520598987943072
8930,1520598987944087
8931,1520598987945101
8932,1520598987946116
8933,1520598987947129
8934,1520598987948144
8935,1520598987949158
8936,1520598987950172
8937,1520598987951186
8938,1520598987952201
8939,1520598987953216
8940,1520598987954230
8941,1520598987955244
8942,1520598987956259
8943,1520598987957273
8944,1520598987958287
8945,1520598987959301
8946,1520598987960315
8947,1520598987961329
8948,1520598987962343
8949,1520598987963358
8950,1520598987964372
8951,1520598987965394
8952,1520598987966409
8953,1520598987967423
8954,1520598987968438
8955,1520598987969452
8956,1520598987970466
8957,1520598987971481
8958,1520598987972495
8959,1520598987973521
8960,1520598987974524
8961,1520598987975539
8962,1520598987976553
8963,1520598987977567
8964,1520598987978582
8965,1520598987979596
8966,1520598987980611
8967,1520598987981625
8968,1520598987982639
8969,1520598987983654
8970,1520598987984668
8971,1520598987985682
8972,1520598987986696
8973,1520598987987710
8974,1520598987988724
8975,1520598987989739
8976,1520598987990753
8977,1520598987991768
8978,1520598987992782
8979,1520598987993796
8980,1520598987994811
8981,1520598987995825
8982,1520598987996840
8983,1520598987997854
8984,1520598987998868
8985,1520598987999882
8986,1520598988000897
8987,1520598988001911
8988,1520598988002925
8989,1520598988003939
8990,1520598988004953
8991,1520598988005968
8992,1520598988006982
8993,1520598988007996
8994,1520598988009011
8995,1520598988010024
8996,1520598988011039
8997,1520598988012053
8998,1520598988013068
8999,1520598988014082
9000,1520598988015096
9001,1520598988016110
9002,1520598988017125
9003,1520598988018139
9004,1520598988019153
9005,1520598988020168
9006,1520598988021182
9007,1520598988022196
9008,1520598988023211
9009,1520598988024224
9010,1520598988025239
9011,1520598988026253
9012,1520598988027268
9013,1520598988028282
9014,1520598988029296
9015,1520598988030311
9016,1520598988031325
9017,1520598988032339
9018,1520598988033353
9019,1520598988034368
9020,1520598988035382
9021,1520598988036396
9022,1520598988037410
9023,1520598988038425
9024,1520598988039439
9025,1520598988040453
9026,1520598988041467
9027,1520598988042481
9028,1520598988043496
9029,1520598988044510
9030,1520598988045524
9031,1520598988046538
9032,1520598988047553
9033,1520598988048567
9034,1520598988049581
9035,1520598988050596
9036,1520598988051610
9037,1520598988052624
9038,1520598988053638
9039,1520598988054653
9040,1520598988055667
9041,1520598988056681
9042,1520598988057696
9043,1520598988058710
9044,1520598988059724
9045,1520598988060739
9046,1520598988061753
9047,1520598988062767
9048,1520598988063781
9049,1520598988064795
9050,1520598988065810
9051,1520598988066824
9052,1520598988067839
9053,1520598988068853
9054,1520598988069867
9055,1520598988070882
9056,1520598988071896
9057,1520598988072910
9058,1520598988073924
9059,1520598988074939
9060,1520598988075953
9061,1520598988076967
9062,1520598988077981
9063,1520598988078995
9064,1520598988080009
9065,1520598988081023
9066,1520598988082037
9067,1520598988083052
9068,1520598988084066
9069,1520598988085080
9070,1520598988086095
9071,1520598988087108
9072,1520598988088123
9073,1520598988089138
9074,1520598988090152
9075,1520598988091166
9076,1520598988092180
9077,1520598988093195
9078,1520598988094209
9079,1520598988095224
9080,1520598988096238
9081,1520598988097253
9082,1520598988098267
9083,1520598988099281
9084,1520598988100296
9085,1520598988101310
9086,1520598988102324
9087,1520598988103350
9088,1520598988104355
9089,1520598988105378
9090,1520598988106383
9091,1520598988107397
9092,1520598988108411
9093,1520598988109426
9094,1520598988110440
9095,1520598988111454
9096,1520598988112469
9097,1520598988113483
9098,1520598988114498
9099,1520598988115512
9100,1520598988116527
9101,1520598988117541
9102,1520598988118555
9103,1520598988119569
9104,1520598988120583
9105,1520598988121597
9106,1520598988122612
9107,1520598988123627
9108,1520598988124641
9109,1520598988125655
9110,1520598988126669
9111,1520598988127684
9112,1520598988128697
9113,1520598988129711
9114,1520598988130726
9115,1520598988131740
9116,1520598988132754
9117,1520598988133768
9118,1520598988134783
9119,1520598988135798
9120,1520598988136812
9121,1520598988137826
9122,1520598988138840
9123,1520598988139854
9124,1520598988140868
9125,1520598988141883
9126,1520598988142897
9127,1520598988143911
9128,1520598988144926
9129,1520598988145940
9130,1520598988146954
9131,1520598988147969
9132,1520598988148983
9133,1520598988149997
9134,1520598988151011
9135,1520598988152026
9136,1520598988153040
9137,1520598988154054
9138,1520598988155068
9139,1520598988156083
9140,1520598988157097
9141,1520598988158111
9142,1520598988159125
9143,1520598988160140
9144,1520598988161154
9145,1520598988162169
9146,1520598988163182
9147,1520598988164197
9148,1520598988165212
9149,1520598988166226
9150,1520598988167240
9151,1520598988168254
9152,1520598988169269
9153,1520598988170283
9154,1520598988171297
9155,1520598988172312
9156,1520598988173326
9157,1520598988174340
9158,1520598988175354
9159,1520598988176368
9160,1520598988177391
9161,1520598988178398
9162,1520598988179412
9163,1520598988180426
9164,1520598988181441
9165,1520598988182455
9166,1520598988183469
9167,1520598988184484
9168,1520598988185498
9169,1520598988186512
9170,1520598988187527
9171,1520598988188541
9172,1520598988189555
9173,1520598988190570
9174,1520598988191584
9175,1520598988192598
9176,1520598988193612
9177,1520598988194626
9178,1520598988195640
9179,1520598988196655
9180,1520598988197669
9181,1520598988198683
9182,1520598988199698
9183,1520598988200712
9184,1520598988201726
9185,1520598988202741
9186,1520598988203755
9187,1520598988204769
9188,1520598988205783
9189,1520598988206798
9190,1520598988207812
9191,1520598988208827
9192,1520598988209841
9193,1520598988210856
9194,1520598988211869
9195,1520598988212884
9196,1520598988213898
9197,1520598988214912
9198,1520598988215927
9199,1520598988216942
9200,1520598988217955
9201,1520598988218970
9202,1520598988219985
9203,1520598988220998
9204,1520598988222013
9205,1520598988223027
9206,1520598988224041
9207,1520598988225056
9208,1520598988226070
9209,1520598988227084
9210,1520598988228099
9211,1520598988229113
9212,1520598988230127
9213,1520598988231142
9214,1520598988232156
9215,1520598988233181
9216,1520598988234185
9217,1520598988235200
9218,1520598988236214
9219,1520598988237228
9220,1520598988238243
9221,1520598988239257
9222,1520598988240272
9223,1520598988241286
9224,1520598988242300
9225,1520598988243314
9226,1520598988244329
9227,1520598988245343
9228,1520598988246357
9229,1520598988247372
9230,1520598988248386
9231,1520598988249402
9232,1520598988250416
9233,1520598988251430
9234,1520598988252445
9235,1520598988253459
9236,1520598988254473
9237,1520598988255488
9238,1520598988256502
9239,1520598988257516
9240,1520598988258530
9241,1520598988259545
9242,1520598988260559
9243,1520598988261573
9244,1520598988262588
9245,1520598988263602
9246,1520598988264617
9247,1520598988265631
9248,1520598988266645
9249,1520598988267659
9250,1520598988268674
9251,1520598988269688
9252,1520598988270702
9253,1520598988271717
9254,1520598988272731
9255,1520598988273745
9256,1520598988274760
9257,1520598988275774
9258,1520598988276788
9259,1520598988277802
9260,1520598988278817
9261,1520598988279831
9262,1520598988280845
9263,1520598988281859
9264,1520598988282874
9265,1520598988283888
9266,1520598988284903
9267,1520598988285917
9268,1520598988286931
9269,1520598988287945
9270,1520598988288960
9271,1520598988289974
9272,1520598988290988
9273,1520598988292002
9274,1520598988293017
9275,1520598988294031
9276,1520598988295045
9277,1520598988296059
9278,1520598988297074
9279,1520598988298088
9280,1520598988299103
9281,1520598988300117
9282,1520598988301131
9283,1520598988302146
9284,1520598988303160
9285,1520598988304174
9286,1520598988305188
9287,1520598988306203
9288,1520598988307217
9289,1520598988308231
9290,1520598988309246
9291,1520598988310260
9292,1520598988311274
9293,1520598988312288
9294,1520598988313303
9295,1520598988314317
9296,1520598988315331
9297,1520598988316346
9298,1520598988317360
9299,1520598988318374
9300,1520598988319389
9301,1520598988320403
9302,1520598988321418
9303,1520598988322432
9304,1520598988323447
9305,1520598988324461
9306,1520598988325475
9307,1520598988326490
9308,1520598988327504
9309,1520598988328518
9310,1520598988329532
9311,1520598988330546
9312,1520598988331561
9313,1520598988332575
9314,1520598988333589
9315,1520598988334603
9316,1520598988335618
9317,1520598988336632
9318,1520598988337647
9319,1520598988338661
9320,1520598988339675
9321,1520598988340690
9322,1520598988341704
9323,1520598988342718
9324,1520598988343733
9325,1520598988344747
9326,1520598988345762
9327,1520598988346776
9328,1520598988347790
9329,1520598988348804
9330,1520598988349818
9331,1520598988350833
9332,1520598988351847
9333,1520598988352861
9334,1520598988353875
9335,1520598988354890
9336,1520598988355904
9337,1520598988356919
9338,1520598988357933
9339,1520598988358947
9340,1520598988359961
9341,1520598988360976
9342,1520598988361990
9343,1520598988363016
9344,1520598988364019
9345,1520598988365034
9346,1520598988366048
9347,1520598988367062
9348,1520598988368077
9349,1520598988369091
9350,1520598988370106
9351,1520598988371120
9352,1520598988372135
9353,1520598988373149
9354,1520598988374163
9355,1520598988375177
9356,1520598988376192
9357,1520598988377206
9358,1520598988378220
9359,1520598988379235
9360,1520598988380249
9361,1520598988381263
9362,1520598988382278
9363,1520598988383292
9364,1520598988384306
9365,1520598988385321
9366,1520598988386335
9367,1520598988387349
9368,1520598988388364
9369,1520598988389385
9370,1520598988390393
9371,1520598988391407
9372,1520598988392421
9373,1520598988393436
9374,1520598988394450
9375,1520598988395464
9376,1520598988396479
9377,1520598988397493
9378,1520598988398508
9379,1520598988399522
9380,1520598988400537
9381,1520598988401551
9382,1520598988402565
9383,1520598988403580
9384,1520598988404594
9385,1520598988405608
9386,1520598988406622
9387,1520598988407636
9388,1520598988408651
9389,1520598988409665
9390,1520598988410679
9391,1520598988411693
9392,1520598988412708
9393,1520598988413722
9394,1520598988414736
9395,1520598988415750
9396,1520598988416765
9397,1520598988417779
9398,1520598988418793
9399,1520598988419808
9400,1520598988420823
9401,1520598988421837
9402,1520598988422851
9403,1520598988423865
9404,1520598988424879
9405,1520598988425893
9406,1520598988426908
9407,1520598988427922
9408,1520598988428937
9409,1520598988429951
9410,1520598988430965
9411,1520598988431979
9412,1520598988432993
9413,1520598988434011
9414,1520598988435023
9415,1520598988436038
9416,1520598988437052
9417,1520598988438066
9418,1520598988439080
9419,1520598988440095
9420,1520598988441109
9421,1520598988442123
9422,1520598988443138
9423,1520598988444152
9424,1520598988445166
9425,1520598988446181
9426,1520598988447195
9427,1520598988448209
9428,1520598988449224
9429,1520598988450238
9430,1520598988451252
9431,1520598988452267
9432,1520598988453282
9433,1520598988454295
9434,1520598988455310
9435,1520598988456325
9436,1520598988457339
9437,1520598988458353
9438,1520598988459367
9439,1520598988460381
9440,1520598988461400
9441,1520598988462414
9442,1520598988463429
9443,1520598988464443
9444,1520598988465458
9445,1520598988466472
9446,1520598988467487
9447,1520598988468501
9448,1520598988469515
9449,1520598988470529
9450,1520598988471544
9451,1520598988472558
9452,1520598988473572
9453,1520598988474587
9454,1520598988475601
9455,1520598988476616
9456,1520598988477629
9457,1520598988478644
9458,1520598988479658
9459,1520598988480673
9460,1520598988481687
9461,1520598988482701
9462,1520598988483715
9463,1520598988484730
9464,1520598988485744
9465,1520598988486758
9466,1520598988487773
9467,1520598988488786
9468,1520598988489800
9469,1520598988490815
9470,1520598988491829
9471,1520598988492856
9472,1520598988493858
9473,1520598988494873
9474,1520598988495887
9475,1520598988496902
9476,1520598988497915
9477,1520598988498930
9478,1520598988499944
9479,1520598988500958
9480,1520598988501973
9481,1520598988502987
9482,1520598988504002
9483,1520598988505016
9484,1520598988506030
9485,1520598988507045
9486,1520598988508059
9487,1520598988509074
9488,1520598988510088
9489,1520598988511102
9490,1520598988512116
9491,1520598988513131
9492,1520598988514145
9493,1520598988515159
9494,1520598988516174
9495,1520598988517188
9496,1520598988518202
9497,1520598988519217
9498,1520598988520231
9499,1520598988521245
9500,1520598988522260
9501,1520598988523274
9502,1520598988524289
9503,1520598988525303
9504,1520598988526317
9505,1520598988527332
9506,1520598988528346
9507,1520598988529360
9508,1520598988530375
9509,1520598988531389
9510,1520598988532404
9511,1520598988533418
9512,1520598988534432
9513,1520598988535446
9514,1520598988536461
9515,1520598988537475
9516,1520598988538489
9517,1520598988539504
9518,1520598988540517
9519,1520598988541531
9520,1520598988542546
9521,1520598988543560
9522,1520598988544574
9523,1520598988545588
9524,1520598988546603
9525,1520598988547618
9526,1520598988548632
9527,1520598988549646
9528,1520598988550660
9529,1520598988551674
9530,1520598988552689
9531,1520598988553703
9532,1520598988554717
9533,1520598988555732
9534,1520598988556746
9535,1520598988557760
9536,1520598988558775
9537,1520598988559789
9538,1520598988560803
9539,1520598988561817
9540,1520598988562832
9541,1520598988563846
9542,1520598988564861
9543,1520598988565875
9544,1520598988566889
9545,1520598988567904
9546,1520598988568918
9547,1520598988569932
9548,1520598988570946
9549,1520598988571961
9550,1520598988572975
9551,1520598988573989
9552,1520598988575004
9553,1520598988576019
9554,1520598988577033
9555,1520598988578047
9556,1520598988579061
9557,1520598988580076
9558,1520598988581091
9559,1520598988582104
9560,1520598988583119
9561,1520598988584133
9562,1520598988585147
9563,1520598988586161
9564,1520598988587175
9565,1520598988588190
9566,1520598988589204
9567,1520598988590218
9568,1520598988591232
9569,1520598988592247
9570,1520598988593262
9571,1520598988594275
9572,1520598988595290
9573,1520598988596304
9574,1520598988597318
9575,1520598988598332
9576,1520598988599347
9577,1520598988600361
9578,1520598988601385
9579,1520598988602390
9580,1520598988603404
9581,1520598988604419
9582,1520598988605433
9583,1520598988606447
9584,1520598988607461
9585,1520598988608476
9586,1520598988609490
9587,1520598988610504
9588,1520598988611519
9589,1520598988612533
9590,1520598988613547
9591,1520598988614562
9592,1520598988615576
9593,1520598988616591
9594,1520598988617605
9595,1520598988618619
9596,1520598988619634
9597,1520598988620648
9598,1520598988621662
9599,1520598988622689
9600,1520598988623692
9601,1520598988624706
9602,1520598988625720
9603,1520598988626735
9604,1520598988627749
9605,1520598988628764
9606,1520598988629778
9607,1520598988630793
9608,1520598988631807
9609,1520598988632822
9610,1520598988633835
9611,1520598988634850
9612,1520598988635865
9613,1520598988636879
9614,1520598988637892
9615,1520598988638908
9616,1520598988639922
9617,1520598988640936
9618,1520598988641951
9619,1520598988642966
9620,1520598988643980
9621,1520598988644995
9622,1520598988646009
9623,1520598988647023
9624,1520598988648038
9625,1520598988649052
9626,1520598988650066
9627,1520598988651081
9628,1520598988652096
9629,1520598988653110
9630,1520598988654124
9631,1520598988655138
9632,1520598988656153
9633,1520598988657167
9634,1520598988658181
9635,1520598988659195
9636,1520598988660210
9637,1520598988661224
9638,1520598988662238
9639,1520598988663253
9640,1520598988664267
9641,1520598988665282
9642,1520598988666295
9643,1520598988667310
9644,1520598988668325
9645,1520598988669339
9646,1520598988670353
9647,1520598988671368
9648,1520598988672382
9649,1520598988673401
9650,1520598988674416
9651,1520598988675430
9652,1520598988676444
9653,1520598988677459
9654,1520598988678473
9655,1520598988679487
9656,1520598988680501
9657,1520598988681515
9658,1520598988682529
9659,1520598988683544
9660,1520598988684558
9661,1520598988685573
9662,1520598988686587
9663,1520598988687601
9664,1520598988688615
9665,1520598988689629
9666,1520598988690644
9667,1520598988691658
9668,1520598988692673
9669,1520598988693687
9670,1520598988694701
9671,1520598988695716
9672,1520598988696730
9673,1520598988697744
9674,1520598988698759
9675,1520598988699774
9676,1520598988700788
9677,1520598988701802
9678,1520598988702816
9679,1520598988703830
9680,1520598988704845
9681,1520598988705859
9682,1520598988706873
9683,1520598988707888
9684,1520598988708902
9685,1520598988709916
9686,1520598988710931
9687,1520598988711945
9688,1520598988712960
9689,1520598988713974
9690,1520598988714988
9691,1520598988716002
9692,1520598988717017
9693,1520598988718031
9694,1520598988719046
9695,1520598988720060
9696,1520598988721074
9697,1520598988722088
9698,1520598988723102
9699,1520598988724117
9700,1520598988725131
9701,1520598988726145
9702,1520598988727160
9703,1520598988728174
9704,1520598988729189
9705,1520598988730202
9706,1520598988731218
9707,1520598988732232
9708,1520598988733246
9709,1520598988734260
9710,1520598988735274
9711,1520598988736289
9712,1520598988737303
9713,1520598988738317
9714,1520598988739332
9715,1520598988740346
9716,1520598988741360
9717,1520598988742374
9718,1520598988743389
9719,1520598988744403
9720,1520598988745417
9721,1520598988746431
9722,1520598988747446
9723,1520598988748460
9724,1520598988749474
9725,1520598988750488
9726,1520598988751502
9727,1520598988752528
9728,1520598988753531
9729,1520598988754546
9730,1520598988755560
9731,1520598988756574
9732,1520598988757588
9733,1520598988758602
9734,1520598988759616
9735,1520598988760631
9736,1520598988761645
9737,1520598988762659
9738,1520598988763673
9739,1520598988764688
9740,1520598988765702
9741,1520598988766716
9742,1520598988767730
9743,1520598988768745
9744,1520598988769759
9745,1520598988770773
9746,1520598988771788
9747,1520598988772802
9748,1520598988773816
9749,1520598988774830
9750,1520598988775845
9751,1520598988776859
9752,1520598988777873
9753,1520598988778888
9754,1520598988779902
9755,1520598988780917
9756,1520598988781930
9757,1520598988782945
9758,1520598988783959
9759,1520598988784973
9760,1520598988785988
9761,1520598988787002
9762,1520598988788016
9763,1520598988789031
9764,1520598988790045
9765,1520598988791059
9766,1520598988792073
9767,1520598988793088
9768,1520598988794102
9769,1520598988795116
9770,1520598988796130
9771,1520598988797144
9772,1520598988798158
9773,1520598988799173
9774,1520598988800187
9775,1520598988801202
9776,1520598988802215
9777,1520598988803230
9778,1520598988804244
9779,1520598988805259
9780,1520598988806272
9781,1520598988807287
9782,1520598988808301
9783,1520598988809315
9784,1520598988810329
9785,1520598988811344
9786,1520598988812358
9787,1520598988813381
9788,1520598988814386
9789,1520598988815400
9790,1520598988816415
9791,1520598988817429
9792,1520598988818444
9793,1520598988819458
9794,1520598988820473
9795,1520598988821487
9796,1520598988822501
9797,1520598988823515
9798,1520598988824530
9799,1520598988825543
9800,1520598988826558
9801,1520598988827572
9802,1520598988828586
9803,1520598988829601
9804,1520598988830615
9805,1520598988831629
9806,1520598988832644
9807,1520598988833658
9808,1520598988834672
9809,1520598988835686
9810,1520598988836700
9811,1520598988837715
9812,1520598988838729
9813,1520598988839744
9814,1520598988840759
9815,1520598988841773
9816,1520598988842787
9817,1520598988843801
9818,1520598988844815
9819,1520598988845830
9820,1520598988846844
9821,1520598988847858
9822,1520598988848873
9823,1520598988849887
9824,1520598988850900
9825,1520598988851915
9826,1520598988852930
9827,1520598988853944
9828,1520598988854958
9829,1520598988855972
9830,1520598988856987
9831,1520598988858001
9832,1520598988859015
9833,1520598988860030
9834,1520598988861044
9835,1520598988862058
9836,1520598988863072
9837,1520598988864087
9838,1520598988865101
9839,1520598988866115
9840,1520598988867130
9841,1520598988868144
9842,1520598988869158
9843,1520598988870173
9844,1520598988871187
9845,1520598988872202
9846,1520598988873216
9847,1520598988874230
9848,1520598988875244
9849,1520598988876258
9850,1520598988877273
9851,1520598988878287
9852,1520598988879301
9853,1520598988880316
9854,1520598988881330
9855,1520598988882356
9856,1520598988883360
9857,1520598988884374
9858,1520598988885397
9859,1520598988886411
9860,1520598988887425
9861,1520598988888439
9862,1520598988889453
9863,1520598988890468
9864,1520598988891482
9865,1520598988892496
9866,1520598988893511
9867,1520598988894524
9868,1520598988895539
9869,1520598988896554
9870,1520598988897568
9871,1520598988898582
9872,1520598988899597
9873,1520598988900611
9874,1520598988901625
9875,1520598988902640
9876,1520598988903654
9877,1520598988904669
9878,1520598988905682
9879,1520598988906697
9880,1520598988907711
9881,1520598988908725
9882,1520598988909739
9883,1520598988910753
9884,1520598988911768
9885,1520598988912782
9886,1520598988913797
9887,1520598988914812
9888,1520598988915826
9889,1520598988916840
9890,1520598988917854
9891,1520598988918869
9892,1520598988919883
9893,1520598988920897
9894,1520598988921911
9895,1520598988922926
9896,1520598988923940
9897,1520598988924954
9898,1520598988925968
9899,1520598988926982
9900,1520598988927997
9901,1520598988929011
9902,1520598988930025
9903,1520598988931039
9904,1520598988932054
9905,1520598988933068
9906,1520598988934082
9907,1520598988935096
9908,1520598988936111
9909,1520598988937125
9910,1520598988938140
9911,1520598988939153
9912,1520598988940168
9913,1520598988941182
9914,1520598988942196
9915,1520598988943211
9916,1520598988944225
9917,1520598988945240
9918,1520598988946254
9919,1520598988947268
9920,1520598988948282
9921,1520598988949297
9922,1520598988950310
9923,1520598988951324
9924,1520598988952339
9925,1520598988953353
9926,1520598988954367
9927,1520598988955381
9928,1520598988956396
9929,1520598988957410
9930,1520598988958424
9931,1520598988959439
9932,1520598988960453
9933,1520598988961467
9934,1520598988962482
9935,1520598988963496
9936,1520598988964510
9937,1520598988965524
9938,1520598988966539
9939,1520598988967553
9940,1520598988968567
9941,1520598988969581
9942,1520598988970595
9943,1520598988971610
9944,1520598988972624
9945,1520598988973638
9946,1520598988974652
9947,1520598988975667
9948,1520598988976681
9949,1520598988977695
9950,1520598988978710
9951,1520598988979724
9952,1520598988980738
9953,1520598988981752
9954,1520598988982766
9955,1520598988983781
9956,1520598988984795
9957,1520598988985809
9958,1520598988986823
9959,1520598988987837
9960,1520598988988852
9961,1520598988989866
9962,1520598988990881
9963,1520598988991895
9964,1520598988992909
9965,1520598988993923
9966,1520598988994937
9967,1520598988995952
9968,1520598988996966
9969,1520598988997980
9970,1520598988998994
9971,1520598989000008
9972,1520598989001023
9973,1520598989002037
9974,1520598989003051
9975,1520598989004065
9976,1520598989005080
9977,1520598989006094
9978,1520598989007108
9979,1520598989008122
9980,1520598989009136
9981,1520598989010151
9982,1520598989011165
9983,1520598989012191
9984,1520598989013195
9985,1520598989014209
9986,1520598989015223
9987,1520598989016238
9988,1520598989017252
9989,1520598989018266
9990,1520598989019280
9991,1520598989020294
9992,1520598989021309
9993,1520598989022323
9994,1520598989023337
9995,1520598989024352
9996,1520598989025366
9997,1520598989026380
9998,1520598989027394
